accession	organism	kingdom	length	tm_helix_start_leq_90
Q08999	Homo sapiens	Metazoa	1139	False
Q8BVM4	Mus musculus	Metazoa	459	False
Q14159	Homo sapiens	Metazoa	915	False
P00040	Schistocerca gregaria	Metazoa	108	False
P53804	Homo sapiens	Metazoa	2025	False
Q8R2Z3	Mus musculus	Metazoa	656	True
A6H8Y1	Homo sapiens	Metazoa	2624	False
Q9BWC9	Homo sapiens	Metazoa	280	False
Q9H840	Homo sapiens	Metazoa	131	False
P84025	Rattus norvegicus	Metazoa	425	False
Q12330	Saccharomyces cerevisiae (strain ATCC 204508 / S288c)	Fungi	94	False
Q90WN7	Xenopus laevis	Metazoa	977	False
Q13496	Homo sapiens	Metazoa	603	False
Q9NQW6	Homo sapiens	Metazoa	1124	False
P15543	Hordeum vulgare	Plants	132	False
Q6I5Q6	Oryza sativa subsp. japonica	Plants	491	False
Q6P1I6	Mus musculus	Metazoa	770	False
Q16576	Homo sapiens	Metazoa	425	False
E1JH25	Drosophila melanogaster	Metazoa	1876	False
Q8IV76	Homo sapiens	Metazoa	773	False
P08048	Homo sapiens	Metazoa	801	False
Q14997	Homo sapiens	Metazoa	1843	False
P28574	Mus musculus	Metazoa	160	False
Q01201	Homo sapiens	Metazoa	579	False
Q16822	Homo sapiens	Metazoa	640	False
Q9LXR8	Arabidopsis thaliana	Plants	318	False
Q9Y487	Homo sapiens	Metazoa	856	False
Q9GRZ3	Caenorhabditis elegans	Metazoa	1641	False
Q61214	Mus musculus	Metazoa	763	False
Q8BVN9	Mus musculus	Metazoa	434	False
Q9CPY0	Mus musculus	Metazoa	246	False
Q8GXF8	Arabidopsis thaliana	Plants	283	False
Q7PC88	Arabidopsis thaliana	Plants	1426	False
Q96JN0	Homo sapiens	Metazoa	433	False
Q49B93	Mus musculus	Metazoa	619	True
Q9BLG3	Dictyostelium discoideum	Other	431	True
Q94IG7	Spinacia oleracea	Plants	531	False
Q9NP92	Homo sapiens	Metazoa	439	False
Q9D2U9	Mus musculus	Metazoa	126	False
Q9LLY4	Brassica napus	Plants	344	False
O22870	Arabidopsis thaliana	Plants	223	False
Q08773	Saccharomyces cerevisiae (strain ATCC 204508 / S288c)	Fungi	1120	False
Q7TN99	Mus musculus	Metazoa	716	False
P25685	Homo sapiens	Metazoa	340	False
Q02953	Schizosaccharomyces pombe (strain 972 / ATCC 24843)	Fungi	609	False
P57071	Homo sapiens	Metazoa	1141	False
S5ZH89	Musa acuminata	Plants	286	True
P35398	Homo sapiens	Metazoa	523	False
Q6P2C8	Homo sapiens	Metazoa	311	False
Q9VEB4	Drosophila melanogaster	Metazoa	560	False
P0C1Z6	Homo sapiens	Metazoa	253	False
P93033	Arabidopsis thaliana	Plants	492	False
Q9UPV0	Homo sapiens	Metazoa	1460	False
Q01501	Dictyostelium discoideum	Other	275	False
Q56XM9	Arabidopsis thaliana	Plants	507	False
Q9NY99	Homo sapiens	Metazoa	539	False
Q03661	Saccharomyces cerevisiae (strain ATCC 204508 / S288c)	Fungi	1658	False
Q8VYE2	Arabidopsis thaliana	Plants	376	True
Q96CW1	Homo sapiens	Metazoa	435	False
Q9CR58	Mus musculus	Metazoa	291	True
P41743	Homo sapiens	Metazoa	596	False
P14164	Saccharomyces cerevisiae (strain ATCC 204508 / S288c)	Fungi	731	False
P23294	Canis lupus familiaris	Metazoa	277	True
P22224	Saccharomyces cerevisiae (strain ATCC 204508 / S288c)	Fungi	910	False
Q9Y4P9	Homo sapiens	Metazoa	236	False
P38279	Saccharomyces cerevisiae (strain ATCC 204508 / S288c)	Fungi	296	True
P00069	Guizotia abyssinica	Plants	111	False
Q9Y6J8	Homo sapiens	Metazoa	313	False
O82811	Arabidopsis thaliana	Plants	530	True
O00165	Homo sapiens	Metazoa	279	False
Q9NXW9	Homo sapiens	Metazoa	302	False
A8BFN4	Giardia intestinalis (strain ATCC 50803 / WB clone C6)	Other	1480	False
P21657	Saccharomyces cerevisiae (strain ATCC 204508 / S288c)	Fungi	970	False
P40474	Saccharomyces cerevisiae (strain ATCC 204508 / S288c)	Fungi	542	True
Q9SYX2	Arabidopsis thaliana	Plants	1029	False
Q3KR37	Homo sapiens	Metazoa	738	False
P63144	Rattus norvegicus	Metazoa	401	False
Q76M99	Rattus norvegicus	Metazoa	551	True
Q1EBV6	Arabidopsis thaliana	Plants	410	False
O23676	Arabidopsis thaliana	Plants	150	False
P34231	Saccharomyces cerevisiae (strain ATCC 204508 / S288c)	Fungi	750	False
P23193	Homo sapiens	Metazoa	301	False
Q38998	Arabidopsis thaliana	Plants	857	True
P46997	Saccharomyces cerevisiae (strain ATCC 204508 / S288c)	Fungi	583	False
Q8R456	Rattus norvegicus	Metazoa	474	True
Q9CR24	Mus musculus	Metazoa	210	False
Q8L8M9	Arabidopsis thaliana	Plants	442	False
P12689	Saccharomyces cerevisiae (strain ATCC 204508 / S288c)	Fungi	985	False
Q8IYB3	Homo sapiens	Metazoa	904	False
Q9VH08	Drosophila melanogaster	Metazoa	317	False
Q76FK4	Homo sapiens	Metazoa	1167	False
Q9UTG8	Schizosaccharomyces pombe (strain 972 / ATCC 24843)	Fungi	94	False
Q9WVH3	Mus musculus	Metazoa	505	False
Q0WNP7	Arabidopsis thaliana	Plants	463	False
P08183	Homo sapiens	Metazoa	1280	True
Q18885	Caenorhabditis elegans	Metazoa	161	False
Q9JHH9	Mus musculus	Metazoa	205	False
Q86WA9	Homo sapiens	Metazoa	606	True
Q5DTW7	Mus musculus	Metazoa	1521	False
Q9S814	Arabidopsis thaliana	Plants	1294	True
P08775	Mus musculus	Metazoa	1970	False
Q8IKT4	Plasmodium falciparum (isolate 3D7)	Other	162	False
A8CG34	Homo sapiens	Metazoa	1229	True
F4HUK6	Arabidopsis thaliana	Plants	556	False
Q04705	Saccharomyces cerevisiae (strain ATCC 204508 / S288c)	Fungi	352	True
P40507	Saccharomyces cerevisiae (strain ATCC 204508 / S288c)	Fungi	360	False
Q9P7U2	Schizosaccharomyces pombe (strain 972 / ATCC 24843)	Fungi	351	False
P46248	Arabidopsis thaliana	Plants	453	False
O15027	Homo sapiens	Metazoa	2357	False
Q50EK2	Pinus taeda	Plants	850	False
P30936	Rattus norvegicus	Metazoa	428	True
P43241	Mus musculus	Metazoa	311	False
E5FYH0	Ovis aries	Metazoa	1599	False
Q9ZUL5	Arabidopsis thaliana	Plants	763	False
P0C586	Oryza sativa subsp. indica	Plants	810	False
P49684	Rattus norvegicus	Metazoa	386	True
Q52LJ0	Homo sapiens	Metazoa	433	False
P13945	Homo sapiens	Metazoa	408	True
Q96NT5	Homo sapiens	Metazoa	459	True
Q8L3P4	Arabidopsis thaliana	Plants	654	False
Q9TVM2	Drosophila melanogaster	Metazoa	1063	False
Q2IBC5	Rattus norvegicus	Metazoa	162	False
Q6SPF0	Homo sapiens	Metazoa	538	False
Q8CGY8	Mus musculus	Metazoa	1046	False
Q9FJW6	Arabidopsis thaliana	Plants	798	False
Q8K2T1	Mus musculus	Metazoa	309	False
Q9VHB0	Drosophila melanogaster	Metazoa	874	False
Q9UI32	Homo sapiens	Metazoa	602	False
P00057	Ricinus communis	Plants	111	False
Q20745	Caenorhabditis elegans	Metazoa	1111	False
Q9UBL9	Homo sapiens	Metazoa	471	True
Q9MA17	Arabidopsis thaliana	Plants	371	False
Q15046	Homo sapiens	Metazoa	597	False
Q76NL8	Plasmodium falciparum (isolate 3D7)	Other	1193	False
Q05583	Saccharomyces cerevisiae (strain ATCC 204508 / S288c)	Fungi	330	False
Q09683	Schizosaccharomyces pombe (strain 972 / ATCC 24843)	Fungi	649	False
Q9BZJ4	Homo sapiens	Metazoa	359	True
Q96B49	Homo sapiens	Metazoa	74	False
P59649	Rattus norvegicus	Metazoa	80	True
Q9VPF9	Drosophila melanogaster	Metazoa	373	False
P14842	Rattus norvegicus	Metazoa	471	True
P12813	Mus musculus	Metazoa	601	False
P22002	Rattus norvegicus	Metazoa	2169	False
Q8BMA5	Mus musculus	Metazoa	1420	False
Q33862	Ascaris suum	Metazoa	645	False
P61981	Homo sapiens	Metazoa	247	False
Q8GVD0	Olea europaea	Plants	551	False
Q3KP66	Homo sapiens	Metazoa	663	False
P39013	Saccharomyces cerevisiae (strain ATCC 204508 / S288c)	Fungi	349	False
O74475	Schizosaccharomyces pombe (strain 972 / ATCC 24843)	Fungi	1955	False
Q8LFT2	Arabidopsis thaliana	Plants	780	False
O24474	Abies grandis	Plants	627	False
Q59H18	Homo sapiens	Metazoa	835	False
P26019	Drosophila melanogaster	Metazoa	1488	False
Q9BWM7	Homo sapiens	Metazoa	321	False
Q86XA0	Homo sapiens	Metazoa	190	False
A7VJC2	Rattus norvegicus	Metazoa	353	False
Q24167	Drosophila melanogaster	Metazoa	1507	False
A0A7J6K629	Toxoplasma gondii	Other	547	True
Q94KU6	Brassica campestris	Plants	319	False
Q9C7G6	Arabidopsis thaliana	Plants	256	False
P04271	Homo sapiens	Metazoa	92	False
P97480	Mus musculus	Metazoa	510	False
Q6AX31	Xenopus laevis	Metazoa	660	True
P41046	Drosophila melanogaster	Metazoa	550	False
O43614	Homo sapiens	Metazoa	444	True
O13915	Schizosaccharomyces pombe (strain 972 / ATCC 24843)	Fungi	265	False
P06508	Spinacia oleracea	Plants	92	False
Q8IZP1	Homo sapiens	Metazoa	549	False
P07992	Homo sapiens	Metazoa	297	False
Q8W4I6	Arabidopsis thaliana	Plants	660	False
Q8RW96	Arabidopsis thaliana	Plants	522	False
Q8VE11	Mus musculus	Metazoa	617	False
P09114	Nicotiana tabacum	Plants	664	False
Q7XII4	Oryza sativa subsp. japonica	Plants	316	False
P31269	Homo sapiens	Metazoa	272	False
Q61687	Mus musculus	Metazoa	2476	False
O13046	Xenopus laevis	Metazoa	1127	False
P20433	Saccharomyces cerevisiae (strain ATCC 204508 / S288c)	Fungi	221	False
Q8LIY8	Oryza sativa subsp. japonica	Plants	569	False
Q99MI9	Cricetulus longicaudatus	Metazoa	692	False
Q9BRT2	Homo sapiens	Metazoa	126	False
P38737	Saccharomyces cerevisiae (strain ATCC 204508 / S288c)	Fungi	1868	False
Q96D53	Homo sapiens	Metazoa	544	False
Q43088	Pisum sativum	Plants	489	False
Q8C131	Mus musculus	Metazoa	343	True
Q9Y6X9	Homo sapiens	Metazoa	1032	False
Q8NCG7	Homo sapiens	Metazoa	672	True
P16451	Saccharomyces cerevisiae (strain ATCC 204508 / S288c)	Fungi	410	False
Q8NB14	Homo sapiens	Metazoa	1042	False
O08785	Mus musculus	Metazoa	855	False
Q9NWQ9	Homo sapiens	Metazoa	140	False
P23116	Mus musculus	Metazoa	1344	False
Q5Z807	Oryza sativa subsp. japonica	Plants	390	False
Q12117	Saccharomyces cerevisiae (strain ATCC 204508 / S288c)	Fungi	320	True
Q8WXF8	Homo sapiens	Metazoa	326	False
Q7Z614	Homo sapiens	Metazoa	316	False
P24384	Saccharomyces cerevisiae (strain ATCC 204508 / S288c)	Fungi	1145	False
P40064	Saccharomyces cerevisiae (strain ATCC 204508 / S288c)	Fungi	1391	False
Q9C639	Arabidopsis thaliana	Plants	256	False
Q969H6	Homo sapiens	Metazoa	163	False
Q9C0U3	Schizosaccharomyces pombe (strain 972 / ATCC 24843)	Fungi	109	False
Q8VWG3	Arabidopsis thaliana	Plants	303	False
Q15831	Homo sapiens	Metazoa	433	False
Q9FUJ1	Arabidopsis thaliana	Plants	524	False
Q8BIK6	Mus musculus	Metazoa	829	True
P82917	Bos taurus	Metazoa	143	False
Q9BVC5	Homo sapiens	Metazoa	232	False
Q04759	Homo sapiens	Metazoa	706	False
P52920	Saccharomyces cerevisiae (strain ATCC 204508 / S288c)	Fungi	328	False
P38170	Saccharomyces cerevisiae (strain ATCC 204508 / S288c)	Fungi	754	False
Q03761	Saccharomyces cerevisiae (strain ATCC 204508 / S288c)	Fungi	539	False
P06802	Mus musculus	Metazoa	906	True
Q9SQ67	Papaver somniferum	Plants	321	False
P35991	Mus musculus	Metazoa	659	False
Q9FGK5	Arabidopsis thaliana	Plants	221	False
Q6PI77	Homo sapiens	Metazoa	547	False
Q8T0G4	Drosophila melanogaster	Metazoa	629	False
Q9BWF2	Homo sapiens	Metazoa	469	False
P21242	Saccharomyces cerevisiae (strain ATCC 204508 / S288c)	Fungi	288	False
Q14B80	Mus musculus	Metazoa	642	False
Q9BTV4	Homo sapiens	Metazoa	400	True
Q8TAX9	Homo sapiens	Metazoa	416	True
Q10CH5	Oryza sativa subsp. japonica	Plants	410	False
P40106	Saccharomyces cerevisiae (strain ATCC 204508 / S288c)	Fungi	250	False
P80471	Solanum tuberosum	Plants	326	False
A0PJW6	Homo sapiens	Metazoa	202	True
O65271	Arabidopsis thaliana	Plants	360	False
P53875	Saccharomyces cerevisiae (strain ATCC 204508 / S288c)	Fungi	158	False
Q9MZE0	Chlorocebus aethiops	Metazoa	282	False
P28072	Homo sapiens	Metazoa	239	False
Q9USQ4	Schizosaccharomyces pombe (strain 972 / ATCC 24843)	Fungi	396	False
Q9VBX1	Drosophila melanogaster	Metazoa	992	False
Q80U70	Mus musculus	Metazoa	741	False
Q5T3J3	Homo sapiens	Metazoa	769	False
P25584	Saccharomyces cerevisiae (strain ATCC 204508 / S288c)	Fungi	144	True
P0CT73	Schizosaccharomyces pombe (strain 972 / ATCC 24843)	Fungi	152	False
Q10SY9	Oryza sativa subsp. japonica	Plants	472	True
O93400	Xenopus laevis	Metazoa	375	False
Q06598	Saccharomyces cerevisiae (strain ATCC 204508 / S288c)	Fungi	404	True
Q8BMQ3	Mus musculus	Metazoa	1127	False
O43078	Schizosaccharomyces pombe (strain 972 / ATCC 24843)	Fungi	660	False
O60936	Homo sapiens	Metazoa	208	False
Q8N9F0	Homo sapiens	Metazoa	302	False
Q9H9B1	Homo sapiens	Metazoa	1298	False
Q8LRK8	Arabidopsis thaliana	Plants	682	False
P48039	Homo sapiens	Metazoa	350	True
P30713	Rattus norvegicus	Metazoa	244	False
Q9UHV9	Homo sapiens	Metazoa	154	False
Q8WVX9	Homo sapiens	Metazoa	515	False
Q94KE2	Arabidopsis thaliana	Plants	1550	False
Q9BY10	Homo sapiens	Metazoa	475	True
P54725	Homo sapiens	Metazoa	363	False
Q39134	Arabidopsis thaliana	Plants	476	True
Q12417	Saccharomyces cerevisiae (strain ATCC 204508 / S288c)	Fungi	451	False
P53082	Saccharomyces cerevisiae (strain ATCC 204508 / S288c)	Fungi	120	False
P42681	Homo sapiens	Metazoa	527	False
V5IRA3	Neurospora crassa (strain ATCC 24698 / 74-OR23-1A / CBS 708.71 / DSM 1257 / FGSC 987)	Fungi	95	False
Q6WQJ1	Mus musculus	Metazoa	1044	True
P63164	Rattus norvegicus	Metazoa	240	False
Q99LR1	Mus musculus	Metazoa	398	True
O13800	Schizosaccharomyces pombe (strain 972 / ATCC 24843)	Fungi	230	False
Q91YD9	Mus musculus	Metazoa	501	False
P02284	Patella granatina	Metazoa	122	False
P27793	Capnoides sempervirens	Plants	447	False
A8WFJ9	Caenorhabditis elegans	Metazoa	437	False
Q9V3Z1	Drosophila melanogaster	Metazoa	484	False
P62896	Ovis aries	Metazoa	105	False
Q6ZKC0	Oryza sativa subsp. japonica	Plants	256	False
Q7RTR0	Homo sapiens	Metazoa	991	False
O42666	Schizosaccharomyces pombe (strain 972 / ATCC 24843)	Fungi	243	False
Q92547	Homo sapiens	Metazoa	1522	False
P34886	Caenorhabditis elegans	Metazoa	724	False
Q8NEZ4	Homo sapiens	Metazoa	4911	False
P25705	Homo sapiens	Metazoa	553	False
Q9GZS1	Homo sapiens	Metazoa	419	False
Q60415	Cricetulus griseus	Metazoa	299	False
O59773	Schizosaccharomyces pombe (strain 972 / ATCC 24843)	Fungi	994	False
Q20057	Caenorhabditis elegans	Metazoa	113	False
P28715	Homo sapiens	Metazoa	1186	False
P56383	Mus musculus	Metazoa	146	True
P40923	Schizosaccharomyces pombe (strain 972 / ATCC 24843)	Fungi	201	False
Q60520	Mus musculus	Metazoa	1274	False
Q9CAQ2	Arabidopsis thaliana	Plants	114	False
C8V329	Emericella nidulans (strain FGSC A4 / ATCC 38163 / CBS 112.46 / NRRL 194 / M139)	Fungi	508	True
Q05728	Arabidopsis thaliana	Plants	389	False
Q9LS02	Arabidopsis thaliana	Plants	253	False
Q14644	Homo sapiens	Metazoa	834	False
Q09472	Homo sapiens	Metazoa	2414	False
P00053	Cannabis sativa	Plants	111	False
Q63450	Rattus norvegicus	Metazoa	374	False
Q8BGJ9	Mus musculus	Metazoa	220	False
Q0JEE2	Oryza sativa subsp. japonica	Plants	326	False
P31277	Homo sapiens	Metazoa	338	False
P46100	Homo sapiens	Metazoa	2492	False
Q9VDE4	Drosophila melanogaster	Metazoa	286	False
P39993	Saccharomyces cerevisiae (strain ATCC 204508 / S288c)	Fungi	1459	False
Q8VIJ6	Mus musculus	Metazoa	699	False
O14681	Homo sapiens	Metazoa	340	True
Q9SJH0	Arabidopsis thaliana	Plants	118	False
Q9SM23	Arabidopsis thaliana	Plants	338	True
P80724	Bos taurus	Metazoa	227	False
P07839	Chlamydomonas reinhardtii	Plants	126	False
Q9FDW1	Arabidopsis thaliana	Plants	305	False
Q5KS41	Arabidopsis thaliana	Plants	486	False
Q9VNX1	Drosophila melanogaster	Metazoa	885	False
Q1K8T6	Neurospora crassa (strain ATCC 24698 / 74-OR23-1A / CBS 708.71 / DSM 1257 / FGSC 987)	Fungi	384	False
P13631	Homo sapiens	Metazoa	454	False
Q9FN69	Arabidopsis thaliana	Plants	637	False
Q12050	Saccharomyces cerevisiae (strain ATCC 204508 / S288c)	Fungi	791	False
Q9BX63	Homo sapiens	Metazoa	1249	False
P39722	Saccharomyces cerevisiae (strain ATCC 204508 / S288c)	Fungi	662	False
Q9SM43	Spinacia oleracea	Plants	472	False
Q6IMN6	Homo sapiens	Metazoa	1127	False
Q969V5	Homo sapiens	Metazoa	352	True
G5ED29	Caenorhabditis elegans	Metazoa	959	False
P25105	Homo sapiens	Metazoa	342	True
Q15029	Homo sapiens	Metazoa	972	False
P27895	Saccharomyces cerevisiae (strain ATCC 204508 / S288c)	Fungi	1000	False
Q8K1N1	Mus musculus	Metazoa	776	False
P31327	Homo sapiens	Metazoa	1500	False
P40201	Mus musculus	Metazoa	1711	False
P41813	Saccharomyces cerevisiae (strain ATCC 204508 / S288c)	Fungi	862	False
P11638	Neurospora crassa (strain ATCC 24698 / 74-OR23-1A / CBS 708.71 / DSM 1257 / FGSC 987)	Fungi	816	False
Q5DTY9	Mus musculus	Metazoa	427	False
P19826	Caenorhabditis elegans	Metazoa	1090	False
Q8L7E9	Arabidopsis thaliana	Plants	421	False
P41772	Candida glabrata (strain ATCC 2001 / BCRC 20586 / JCM 3761 / NBRC 0622 / NRRL Y-65 / CBS 138)	Fungi	265	False
P38631	Saccharomyces cerevisiae (strain ATCC 204508 / S288c)	Fungi	1876	False
Q9H816	Homo sapiens	Metazoa	532	False
O64517	Arabidopsis thaliana	Plants	418	False
Q8UVQ4	Xenopus laevis	Metazoa	701	False
Q9NV70	Homo sapiens	Metazoa	894	False
Q9Y7L4	Schizosaccharomyces pombe (strain 972 / ATCC 24843)	Fungi	409	False
P22439	Bos taurus	Metazoa	501	False
O75106	Homo sapiens	Metazoa	756	True
Q5U2Z2	Rattus norvegicus	Metazoa	548	False
Q7LBR1	Homo sapiens	Metazoa	199	False
P61011	Homo sapiens	Metazoa	504	False
Q06078	Saccharomyces cerevisiae (strain ATCC 204508 / S288c)	Fungi	939	False
Q6IDA6	Arabidopsis thaliana	Plants	162	False
Q9LK94	Arabidopsis thaliana	Plants	488	True
P62822	Canis lupus familiaris	Metazoa	205	False
Q9BV38	Homo sapiens	Metazoa	432	False
B0G0Y8	Dictyostelium discoideum	Other	466	False
P32389	Saccharomyces cerevisiae (strain ATCC 204508 / S288c)	Fungi	672	False
Q9SB47	Arabidopsis thaliana	Plants	319	False
O75832	Homo sapiens	Metazoa	226	False
P13186	Saccharomyces cerevisiae (strain ATCC 204508 / S288c)	Fungi	1147	False
P00239	Dunaliella salina	Plants	95	False
P43311	Vitis vinifera	Plants	607	False
P40159	Saccharomyces cerevisiae (strain ATCC 204508 / S288c)	Fungi	199	False
Q642G4	Rattus norvegicus	Metazoa	376	False
Q61884	Mus musculus	Metazoa	491	False
Q92351	Schizosaccharomyces pombe (strain 972 / ATCC 24843)	Fungi	1208	False
F4IY03	Arabidopsis thaliana	Plants	332	False
O95751	Homo sapiens	Metazoa	146	False
Q8NI60	Homo sapiens	Metazoa	647	False
P16050	Homo sapiens	Metazoa	662	False
P59859	Polysiphonia urceolata	Other	172	False
P06730	Homo sapiens	Metazoa	217	False
P0C7R1	Arabidopsis thaliana	Plants	239	False
P02381	Saccharomyces cerevisiae (strain ATCC 204508 / S288c)	Fungi	398	False
Q8C8N2	Mus musculus	Metazoa	606	False
O95400	Homo sapiens	Metazoa	341	False
Q9VM92	Drosophila melanogaster	Metazoa	756	False
Q8IVW6	Homo sapiens	Metazoa	561	False
P0DPB6	Homo sapiens	Metazoa	133	False
Q42560	Arabidopsis thaliana	Plants	898	False
A0A075TRC0	Penicillium expansum	Fungi	1776	False
Q66HA5	Rattus norvegicus	Metazoa	941	False
Q99575	Homo sapiens	Metazoa	1024	False
Q08561	Saccharomyces cerevisiae (strain ATCC 204508 / S288c)	Fungi	116	False
P58234	Schizosaccharomyces pombe (strain 972 / ATCC 24843)	Fungi	144	False
Q9EPA7	Mus musculus	Metazoa	285	False
P51906	Mus musculus	Metazoa	523	True
P51960	Mus musculus	Metazoa	751	False
Q12144	Saccharomyces cerevisiae (strain ATCC 204508 / S288c)	Fungi	273	True
O94811	Homo sapiens	Metazoa	219	False
O70494	Mus musculus	Metazoa	783	False
P02314	Gallus gallus	Metazoa	90	False
P55265	Homo sapiens	Metazoa	1226	False
Q5EIC4	Rattus norvegicus	Metazoa	783	False
P26041	Mus musculus	Metazoa	577	False
P38824	Saccharomyces cerevisiae (strain ATCC 204508 / S288c)	Fungi	151	False
P34899	Pisum sativum	Plants	518	False
O43805	Homo sapiens	Metazoa	119	False
P20353	Drosophila melanogaster	Metazoa	355	False
P35191	Saccharomyces cerevisiae (strain ATCC 204508 / S288c)	Fungi	511	False
P49762	Drosophila melanogaster	Metazoa	832	False
Q7JM44	Caenorhabditis elegans	Metazoa	2242	False
G5EET6	Caenorhabditis elegans	Metazoa	818	False
P01116	Homo sapiens	Metazoa	189	False
P79114	Bos taurus	Metazoa	2052	False
Q6ZIV7	Oryza sativa subsp. japonica	Plants	284	False
A9UHW6	Homo sapiens	Metazoa	222	False
O94421	Schizosaccharomyces pombe (strain 972 / ATCC 24843)	Fungi	1680	False
P53102	Saccharomyces cerevisiae (strain ATCC 204508 / S288c)	Fungi	219	False
Q19691	Caenorhabditis elegans	Metazoa	423	False
Q21187	Caenorhabditis elegans	Metazoa	300	False
F1QN48	Danio rerio	Metazoa	379	False
P08970	Drosophila melanogaster	Metazoa	941	False
Q93W77	Arabidopsis thaliana	Plants	231	False
Q80UF7	Mus musculus	Metazoa	732	False
Q05048	Homo sapiens	Metazoa	431	False
Q53HL2	Homo sapiens	Metazoa	280	False
Q9BZB8	Homo sapiens	Metazoa	566	False
P38755	Saccharomyces cerevisiae (strain ATCC 204508 / S288c)	Fungi	437	False
Q9ULV4	Homo sapiens	Metazoa	474	False
P20449	Saccharomyces cerevisiae (strain ATCC 204508 / S288c)	Fungi	482	False
Q96IX5	Homo sapiens	Metazoa	58	True
Q62035	Mus musculus	Metazoa	341	True
Q12267	Saccharomyces cerevisiae (strain ATCC 204508 / S288c)	Fungi	1418	False
P40202	Saccharomyces cerevisiae (strain ATCC 204508 / S288c)	Fungi	249	False
P35525	Rattus norvegicus	Metazoa	907	False
P90971	Caenorhabditis elegans	Metazoa	346	False
Q9NXE8	Homo sapiens	Metazoa	425	False
Q5TAT6	Homo sapiens	Metazoa	717	True
Q9R0Q8	Mus musculus	Metazoa	214	True
Q0KI50	Drosophila melanogaster	Metazoa	1854	False
P28660	Mus musculus	Metazoa	1128	False
Q21433	Caenorhabditis elegans	Metazoa	546	True
Q0DJ33	Oryza sativa subsp. japonica	Plants	380	False
P06402	Marchantia polymorpha	Plants	353	True
P35232	Homo sapiens	Metazoa	272	False
Q99K48	Mus musculus	Metazoa	473	False
Q68CQ4	Homo sapiens	Metazoa	756	False
P0DKH5	Arabidopsis thaliana	Plants	1288	False
P01871	Homo sapiens	Metazoa	474	False
Q63092	Rattus norvegicus	Metazoa	504	False
Q9VFK6	Drosophila melanogaster	Metazoa	691	False
A0A1U8IPT1	Gossypium hirsutum	Plants	576	False
P70372	Mus musculus	Metazoa	326	False
Q8BGW8	Mus musculus	Metazoa	322	False
Q8VHV7	Rattus norvegicus	Metazoa	449	False
Q7Z7J5	Homo sapiens	Metazoa	298	False
Q9BVK8	Homo sapiens	Metazoa	224	True
P14854	Homo sapiens	Metazoa	86	False
P62079	Homo sapiens	Metazoa	268	True
O13974	Schizosaccharomyces pombe (strain 972 / ATCC 24843)	Fungi	329	False
Q99LW6	Mus musculus	Metazoa	179	False
A0A178WF56	Arabidopsis thaliana	Plants	71	True
P56975	Homo sapiens	Metazoa	720	False
Q9QVP9	Mus musculus	Metazoa	1009	False
Q9NTZ6	Homo sapiens	Metazoa	932	False
O95347	Homo sapiens	Metazoa	1197	False
Q7XI96	Oryza sativa subsp. japonica	Plants	298	False
Q8BKY8	Mus musculus	Metazoa	385	False
Q9U3D6	Caenorhabditis elegans	Metazoa	964	False
Q9BT23	Homo sapiens	Metazoa	127	False
O94396	Schizosaccharomyces pombe (strain 972 / ATCC 24843)	Fungi	534	False
Q03028	Saccharomyces cerevisiae (strain ATCC 204508 / S288c)	Fungi	310	True
Q3UUF8	Mus musculus	Metazoa	508	False
Q8TAQ2	Homo sapiens	Metazoa	1214	False
Q8IZV2	Homo sapiens	Metazoa	173	True
F4IS91	Arabidopsis thaliana	Plants	1340	False
P54727	Homo sapiens	Metazoa	409	False
Q9S7Z8	Arabidopsis thaliana	Plants	640	True
P46720	Rattus norvegicus	Metazoa	670	True
Q9FK60	Arabidopsis thaliana	Plants	164	False
Q8W4J8	Arabidopsis thaliana	Plants	267	False
Q9P6Q0	Schizosaccharomyces pombe (strain 972 / ATCC 24843)	Fungi	112	False
P70689	Mus musculus	Metazoa	261	True
P62827	Mus musculus	Metazoa	216	False
Q9M2K4	Arabidopsis thaliana	Plants	329	False
Q8MPP0	Drosophila melanogaster	Metazoa	245	False
Q9UMR2	Homo sapiens	Metazoa	479	False
P50080	Saccharomyces cerevisiae (strain ATCC 204508 / S288c)	Fungi	613	True
Q13685	Homo sapiens	Metazoa	434	False
P35816	Bos taurus	Metazoa	538	False
Q9FG37	Arabidopsis thaliana	Plants	838	False
P43122	Saccharomyces cerevisiae (strain ATCC 204508 / S288c)	Fungi	407	False
O74874	Schizosaccharomyces pombe (strain 972 / ATCC 24843)	Fungi	690	False
O74517	Schizosaccharomyces pombe (strain 972 / ATCC 24843)	Fungi	278	False
O77512	Bos taurus	Metazoa	295	False
Q5AK51	Candida albicans (strain SC5314 / ATCC MYA-2876)	Fungi	714	False
Q6NS52	Mus musculus	Metazoa	802	False
Q9HD36	Homo sapiens	Metazoa	204	False
Q9UTK5	Schizosaccharomyces pombe (strain 972 / ATCC 24843)	Fungi	1727	False
Q9UUH3	Schizosaccharomyces pombe (strain 972 / ATCC 24843)	Fungi	277	False
Q9GZV1	Homo sapiens	Metazoa	360	False
Q9Y289	Homo sapiens	Metazoa	635	True
Q9H8N7	Homo sapiens	Metazoa	513	False
P35551	Schizosaccharomyces pombe (strain 972 / ATCC 24843)	Fungi	305	False
P23291	Saccharomyces cerevisiae (strain ATCC 204508 / S288c)	Fungi	538	False
Q9LY66	Arabidopsis thaliana	Plants	346	False
P46489	Flaveria bidentis	Plants	453	False
Q86MD3	Caenorhabditis elegans	Metazoa	509	False
Q9VIF6	Drosophila melanogaster	Metazoa	507	False
Q9XZ34	Drosophila melanogaster	Metazoa	1416	False
Q15024	Homo sapiens	Metazoa	291	False
Q7K4V4	Drosophila melanogaster	Metazoa	244	False
Q9Z0Z7	Mus musculus	Metazoa	446	False
Q9CW03	Mus musculus	Metazoa	1217	False
P39112	Saccharomyces cerevisiae (strain ATCC 204508 / S288c)	Fungi	969	False
P25284	Neurospora crassa (strain ATCC 24698 / 74-OR23-1A / CBS 708.71 / DSM 1257 / FGSC 987)	Fungi	375	False
Q15654	Homo sapiens	Metazoa	476	False
P97306	Mus musculus	Metazoa	403	False
Q9DER5	Gallus gallus	Metazoa	2802	False
O95865	Homo sapiens	Metazoa	285	False
P62258	Homo sapiens	Metazoa	255	False
Q5BP74	Xenopus laevis	Metazoa	415	False
Q86UW1	Homo sapiens	Metazoa	340	True
Q9D8V0	Mus musculus	Metazoa	378	True
P53352	Gallus gallus	Metazoa	877	False
Q9FXI5	Arabidopsis thaliana	Plants	794	False
Q9XIN7	Arabidopsis thaliana	Plants	335	False
P50995	Homo sapiens	Metazoa	505	False
P61962	Homo sapiens	Metazoa	342	False
P34227	Saccharomyces cerevisiae (strain ATCC 204508 / S288c)	Fungi	261	False
Q84VQ1	Arabidopsis thaliana	Plants	283	False
Q8IV48	Homo sapiens	Metazoa	349	False
P00027	Squalus suckleyi	Metazoa	105	False
P16401	Homo sapiens	Metazoa	226	False
Q8C147	Mus musculus	Metazoa	2100	False
O35387	Mus musculus	Metazoa	280	False
P13469	Drosophila melanogaster	Metazoa	542	False
P51617	Homo sapiens	Metazoa	712	False
Q4U0S5	Danio rerio	Metazoa	503	False
Q6EIG7	Homo sapiens	Metazoa	209	True
Q6F3B4	Oryza sativa subsp. japonica	Plants	330	False
P00429	Bos taurus	Metazoa	86	False
Q7Z412	Homo sapiens	Metazoa	305	False
Q42029	Arabidopsis thaliana	Plants	263	False
Q63505	Rattus norvegicus	Metazoa	2148	False
Q9LS08	Arabidopsis thaliana	Plants	344	False
Q8WW12	Homo sapiens	Metazoa	178	False
A1Z6M6	Drosophila melanogaster	Metazoa	396	False
Q62414	Mus musculus	Metazoa	383	False
Q96SK2	Homo sapiens	Metazoa	561	True
Q61827	Mus musculus	Metazoa	156	False
P13264	Rattus norvegicus	Metazoa	674	False
O60097	Schizosaccharomyces pombe (strain 972 / ATCC 24843)	Fungi	526	False
Q66HF9	Rattus norvegicus	Metazoa	738	False
Q9Y261	Homo sapiens	Metazoa	457	False
O22823	Arabidopsis thaliana	Plants	91	False
Q9C9U5	Arabidopsis thaliana	Plants	1030	False
P61460	Mus musculus	Metazoa	1591	False
Q9UMX0	Homo sapiens	Metazoa	589	False
Q1PCQ8	Toxoplasma gondii (strain ATCC 50853 / GT1)	Other	427	True
O20250	Spinacia oleracea	Plants	741	False
Q8BLG0	Mus musculus	Metazoa	1010	False
P32519	Homo sapiens	Metazoa	619	False
Q9NY87	Homo sapiens	Metazoa	97	False
Q7RXU7	Neurospora crassa (strain ATCC 24698 / 74-OR23-1A / CBS 708.71 / DSM 1257 / FGSC 987)	Fungi	396	False
P67775	Homo sapiens	Metazoa	309	False
O43660	Homo sapiens	Metazoa	514	False
Q9LK57	Arabidopsis thaliana	Plants	394	False
Q5T481	Homo sapiens	Metazoa	1227	False
Q01401	Oryza sativa subsp. japonica	Plants	820	False
O82291	Arabidopsis thaliana	Plants	376	False
O43306	Homo sapiens	Metazoa	1168	False
Q94JV5	Arabidopsis thaliana	Plants	307	False
P33412	Saccharomyces cerevisiae (strain ATCC 204508 / S288c)	Fungi	323	False
Q9FHM4	Arabidopsis thaliana	Plants	707	False
P08865	Homo sapiens	Metazoa	295	False
P06007	Chlamydomonas reinhardtii	Plants	352	True
P26188	Saccharomyces cerevisiae (strain ATCC 204508 / S288c)	Fungi	188	False
A9YDN6	Pyricularia oryzae	Fungi	702	False
Q8N2W9	Homo sapiens	Metazoa	510	False
Q6ZV65	Homo sapiens	Metazoa	393	False
P58197	Rattus norvegicus	Metazoa	437	False
P63030	Mus musculus	Metazoa	109	True
P29197	Arabidopsis thaliana	Plants	577	False
P56765	Arabidopsis thaliana	Plants	488	False
Q9GS23	Trypanosoma brucei brucei	Other	584	False
P43594	Saccharomyces cerevisiae (strain ATCC 204508 / S288c)	Fungi	170	False
Q8VZL6	Arabidopsis thaliana	Plants	441	False
Q9NQ33	Homo sapiens	Metazoa	181	False
Q9H7E2	Homo sapiens	Metazoa	651	False
Q9GYI0	Caenorhabditis elegans	Metazoa	910	False
P47822	Saccharomyces cerevisiae (strain ATCC 204508 / S288c)	Fungi	140	False
Q9C9K2	Arabidopsis thaliana	Plants	134	False
Q00532	Homo sapiens	Metazoa	357	False
Q9XSZ4	Oryctolagus cuniculus	Metazoa	1079	False
Q9P0J0	Homo sapiens	Metazoa	144	True
P33282	Emericella nidulans (strain FGSC A4 / ATCC 38163 / CBS 112.46 / NRRL 194 / M139)	Fungi	301	False
P19525	Homo sapiens	Metazoa	551	False
P32851	Rattus norvegicus	Metazoa	288	False
Q13435	Homo sapiens	Metazoa	895	False
P32767	Saccharomyces cerevisiae (strain ATCC 204508 / S288c)	Fungi	1081	False
Q56Y74	Arabidopsis thaliana	Plants	663	False
O76031	Homo sapiens	Metazoa	633	False
Q26366	Drosophila melanogaster	Metazoa	453	False
Q91ZU6	Mus musculus	Metazoa	7393	False
Q9NAN2	Caenorhabditis elegans	Metazoa	309	False
Q39218	Arabidopsis thaliana	Plants	391	False
Q9BZJ7	Homo sapiens	Metazoa	368	True
P29418	Rattus norvegicus	Metazoa	51	False
Q8C196	Mus musculus	Metazoa	1500	False
Q9BQD7	Homo sapiens	Metazoa	235	True
Q8TDG4	Homo sapiens	Metazoa	1101	False
B5KM66	Mus musculus	Metazoa	88	False
Q05024	Saccharomyces cerevisiae (strain ATCC 204508 / S288c)	Fungi	226	False
P38996	Saccharomyces cerevisiae (strain ATCC 204508 / S288c)	Fungi	802	False
Q93ZM9	Arabidopsis thaliana	Plants	197	False
O95007	Homo sapiens	Metazoa	311	True
Q99788	Homo sapiens	Metazoa	373	True
Q06102	Saccharomyces cerevisiae (strain ATCC 204508 / S288c)	Fungi	208	False
P68097	Equus asinus	Metazoa	105	False
Q9HAF1	Homo sapiens	Metazoa	191	False
P56915	Homo sapiens	Metazoa	257	False
Q9NPJ1	Homo sapiens	Metazoa	570	False
Q00534	Homo sapiens	Metazoa	326	False
Q9NPC3	Homo sapiens	Metazoa	277	False
F4KGQ0	Arabidopsis thaliana	Plants	393	False
O70572	Mus musculus	Metazoa	419	False
Q9Y2U8	Homo sapiens	Metazoa	911	False
Q811U4	Mus musculus	Metazoa	741	False
Q9BUQ8	Homo sapiens	Metazoa	820	False
Q9ASP6	Arabidopsis thaliana	Plants	495	False
Q05021	Saccharomyces cerevisiae (strain ATCC 204508 / S288c)	Fungi	590	False
Q99N92	Mus musculus	Metazoa	148	False
P25696	Arabidopsis thaliana	Plants	444	False
Q924S7	Mus musculus	Metazoa	410	False
O88563	Rattus norvegicus	Metazoa	1522	True
P31378	Saccharomyces cerevisiae (strain ATCC 204508 / S288c)	Fungi	399	False
Q9HCE7	Homo sapiens	Metazoa	757	False
Q6PE84	Mus musculus	Metazoa	287	True
Q0VBL3	Mus musculus	Metazoa	962	False
Q8W234	Arabidopsis thaliana	Plants	877	False
P04038	Bos taurus	Metazoa	74	True
P19889	Drosophila melanogaster	Metazoa	317	False
Q09099	Chlorolobion braunii	Plants	89	False
P10599	Homo sapiens	Metazoa	105	False
Q9BSJ6	Homo sapiens	Metazoa	248	False
Q9LT47	Arabidopsis thaliana	Plants	369	False
P01129	Schizosaccharomyces pombe (strain 972 / ATCC 24843)	Fungi	767	False
Q5TAQ9	Homo sapiens	Metazoa	597	False
P02254	Salmo trutta	Metazoa	194	False
P04775	Rattus norvegicus	Metazoa	2005	False
P38783	Saccharomyces cerevisiae (strain ATCC 204508 / S288c)	Fungi	130	False
Q9UNY5	Homo sapiens	Metazoa	444	False
O42958	Schizosaccharomyces pombe (strain 972 / ATCC 24843)	Fungi	754	False
Q06002	Bos taurus	Metazoa	757	False
Q13405	Homo sapiens	Metazoa	166	False
Q9H4D5	Homo sapiens	Metazoa	531	False
O54709	Mus musculus	Metazoa	232	True
Q9SZR3	Arabidopsis thaliana	Plants	1017	False
Q84P54	Solanum lycopersicum	Plants	515	False
P00240	Dunaliella salina	Plants	95	False
Q9SA96	Arabidopsis thaliana	Plants	392	False
Q9D5U8	Mus musculus	Metazoa	673	False
Q32M45	Homo sapiens	Metazoa	955	False
Q8GUN2	Arabidopsis thaliana	Plants	147	False
P35220	Drosophila melanogaster	Metazoa	917	False
E2RDM9	Canis lupus familiaris	Metazoa	172	True
Q9LDD5	Arabidopsis thaliana	Plants	373	False
P0CJ43	Arabidopsis thaliana	Plants	589	False
P32585	Saccharomyces cerevisiae (strain ATCC 204508 / S288c)	Fungi	307	False
Q9LXD7	Arabidopsis thaliana	Plants	445	False
P40567	Saccharomyces cerevisiae (strain ATCC 204508 / S288c)	Fungi	111	False
Q8R326	Mus musculus	Metazoa	523	False
Q99PI5	Mus musculus	Metazoa	893	False
I6LAD1	Komagataella pastoris	Fungi	384	False
P49685	Homo sapiens	Metazoa	360	True
Q7TN37	Mus musculus	Metazoa	1213	False
P62128	Spinacia oleracea	Plants	123	False
Q9SQQ9	Arabidopsis thaliana	Plants	394	False
P48426	Homo sapiens	Metazoa	406	False
Q7TNV0	Mus musculus	Metazoa	380	False
Q02721	Saccharomyces cerevisiae (strain ATCC 204508 / S288c)	Fungi	264	False
P32835	Saccharomyces cerevisiae (strain ATCC 204508 / S288c)	Fungi	219	False
Q149B8	Mus musculus	Metazoa	807	False
P29803	Homo sapiens	Metazoa	388	False
Q9VX09	Drosophila melanogaster	Metazoa	607	False
Q8NHB8	Homo sapiens	Metazoa	316	True
Q6PCQ0	Mus musculus	Metazoa	778	False
P93184	Hordeum vulgare	Plants	936	False
Q7K0D8	Drosophila melanogaster	Metazoa	564	False
Q563C3	Xenopus laevis	Metazoa	269	False
Q9FKF4	Arabidopsis thaliana	Plants	307	False
Q9Z2C8	Mus musculus	Metazoa	360	False
Q9FJR9	Arabidopsis thaliana	Plants	735	False
Q15120	Homo sapiens	Metazoa	406	False
P16104	Homo sapiens	Metazoa	143	False
P47174	Saccharomyces cerevisiae (strain ATCC 204508 / S288c)	Fungi	117	False
Q8IHY1	Plasmodium falciparum (isolate 3D7)	Other	4226	False
P53217	Saccharomyces cerevisiae (strain ATCC 204508 / S288c)	Fungi	278	True
P35178	Saccharomyces cerevisiae (strain ATCC 204508 / S288c)	Fungi	278	False
O35826	Rattus norvegicus	Metazoa	722	False
P52901	Arabidopsis thaliana	Plants	389	False
Q3UZ45	Mus musculus	Metazoa	379	False
Q09176	Schizosaccharomyces pombe (strain 972 / ATCC 24843)	Fungi	216	False
P34257	Caenorhabditis elegans	Metazoa	329	False
Q99K90	Mus musculus	Metazoa	693	False
Q94FY7	Arabidopsis thaliana	Plants	488	False
A0A498JQK2	Malus domestica	Plants	214	False
Q00438	Rattus norvegicus	Metazoa	556	False
P25859	Arabidopsis thaliana	Plants	309	False
Q8W4D0	Arabidopsis thaliana	Plants	631	False
P05630	Bos taurus	Metazoa	168	False
O13281	Emericella nidulans	Fungi	1852	False
Q7Z6G8	Homo sapiens	Metazoa	1248	False
Q62209	Mus musculus	Metazoa	993	False
V6CLJ5	Caenorhabditis elegans	Metazoa	790	False
P21291	Homo sapiens	Metazoa	193	False
Q23064	Caenorhabditis elegans	Metazoa	1041	False
P04786	Saccharomyces cerevisiae (strain ATCC 204508 / S288c)	Fungi	769	False
Q04677	Candida tropicalis	Fungi	403	False
O62471	Caenorhabditis elegans	Metazoa	1592	False
P53083	Saccharomyces cerevisiae (strain ATCC 204508 / S288c)	Fungi	459	False
Q9WV93	Mus musculus	Metazoa	299	False
O15648	Trypanosoma brucei brucei	Other	487	False
Q9LS00	Arabidopsis thaliana	Plants	357	False
O94473	Schizosaccharomyces pombe (strain 972 / ATCC 24843)	Fungi	256	True
O01965	Caenorhabditis elegans	Metazoa	494	False
P00224	Spinacia oleracea	Plants	97	False
Q9NPE3	Homo sapiens	Metazoa	64	False
Q19537	Caenorhabditis elegans	Metazoa	655	False
P52655	Homo sapiens	Metazoa	376	False
Q15118	Homo sapiens	Metazoa	436	False
Q8GYJ3	Arabidopsis thaliana	Plants	289	False
P42232	Mus musculus	Metazoa	786	False
Q9BTA9	Homo sapiens	Metazoa	647	False
Q99678	Homo sapiens	Metazoa	358	True
Q9UNS2	Homo sapiens	Metazoa	423	False
Q9SAK4	Arabidopsis thaliana	Plants	528	False
Q923M1	Rattus norvegicus	Metazoa	233	False
Q9NU22	Homo sapiens	Metazoa	5596	False
Q86SX6	Homo sapiens	Metazoa	157	False
Q69XJ0	Oryza sativa subsp. japonica	Plants	295	False
Q9Y5K5	Homo sapiens	Metazoa	329	False
Q8K4P0	Mus musculus	Metazoa	1330	False
P07954	Homo sapiens	Metazoa	510	False
Q6PI48	Homo sapiens	Metazoa	645	False
Q7Z7L1	Homo sapiens	Metazoa	901	False
Q9M439	Arabidopsis thaliana	Plants	388	False
Q9Y4E1	Homo sapiens	Metazoa	1341	False
Q6XUX1	Mus musculus	Metazoa	927	False
Q9SJX7	Arabidopsis thaliana	Plants	433	False
P14936	Raphanus sativus	Plants	98	False
Q8VCM2	Mus musculus	Metazoa	349	False
P39744	Saccharomyces cerevisiae (strain ATCC 204508 / S288c)	Fungi	710	False
P23321	Arabidopsis thaliana	Plants	332	False
O49939	Spinacia oleracea	Plants	449	False
Q00194	Bos taurus	Metazoa	690	False
O23240	Arabidopsis thaliana	Plants	559	False
Q99471	Homo sapiens	Metazoa	154	False
Q93899	Caenorhabditis elegans	Metazoa	247	False
P0DI83	Homo sapiens	Metazoa	198	False
Q3TYA6	Mus musculus	Metazoa	858	False
Q9NPP4	Homo sapiens	Metazoa	1024	False
Q96330	Arabidopsis thaliana	Plants	336	False
Q3UHC2	Mus musculus	Metazoa	2014	False
Q587J8	Homo sapiens	Metazoa	217	False
P08044	Drosophila melanogaster	Metazoa	390	False
O80683	Arabidopsis thaliana	Plants	238	False
Q8TAD8	Homo sapiens	Metazoa	396	False
P49678	Arabidopsis thaliana	Plants	174	False
Q8TEC5	Homo sapiens	Metazoa	729	False
Q4KMQ2	Homo sapiens	Metazoa	910	False
Q01667	Arabidopsis thaliana	Plants	241	False
Q96AQ8	Homo sapiens	Metazoa	359	True
Q8TB36	Homo sapiens	Metazoa	358	False
P36120	Saccharomyces cerevisiae (strain ATCC 204508 / S288c)	Fungi	742	False
P61837	Arabidopsis thaliana	Plants	286	True
Q9P2W1	Homo sapiens	Metazoa	217	False
E9Q7G0	Mus musculus	Metazoa	2094	False
Q37304	Chlamydomonas reinhardtii	Plants	82	True
O88483	Rattus norvegicus	Metazoa	538	False
Q8BK35	Mus musculus	Metazoa	484	False
B2RW88	Mus musculus	Metazoa	366	False
P09342	Nicotiana tabacum	Plants	667	False
Q9NPI8	Homo sapiens	Metazoa	374	False
P55318	Homo sapiens	Metazoa	350	False
P51555	Entamoeba histolytica (strain ATCC 30459 / HM-1:IMSS / ABRM)	Other	436	False
Q6YUL8	Oryza sativa subsp. japonica	Plants	1035	False
Q8NFN8	Homo sapiens	Metazoa	814	True
Q9UP52	Homo sapiens	Metazoa	801	True
Q961D9	Drosophila melanogaster	Metazoa	1469	False
Q8IE47	Plasmodium falciparum (isolate 3D7)	Other	273	False
Q99MJ6	Mus musculus	Metazoa	498	False
Q9NZE8	Homo sapiens	Metazoa	188	False
Q8WWV3	Homo sapiens	Metazoa	396	False
Q9C106	Schizosaccharomyces pombe (strain 972 / ATCC 24843)	Fungi	591	False
Q54PQ4	Dictyostelium discoideum	Other	605	False
P31629	Homo sapiens	Metazoa	2446	False
Q9Z127	Mus musculus	Metazoa	512	True
P31646	Rattus norvegicus	Metazoa	602	True
Q6IQ49	Homo sapiens	Metazoa	451	False
G5EG44	Caenorhabditis elegans	Metazoa	281	False
H3K2Y6	Arabidopsis thaliana	Plants	2235	False
P82928	Bos taurus	Metazoa	189	False
F4JAU2	Arabidopsis thaliana	Plants	1697	False
P84148	Candida albicans	Fungi	181	False
P98175	Homo sapiens	Metazoa	930	False
Q7TNT2	Mus musculus	Metazoa	515	False
Q9Y2M5	Homo sapiens	Metazoa	609	False
P54310	Mus musculus	Metazoa	759	False
O13339	Schizosaccharomyces pombe (strain 972 / ATCC 24843)	Fungi	988	False
P03001	Xenopus laevis	Metazoa	366	False
Q9LGE3	Oryza sativa subsp. japonica	Plants	109	False
P91929	Drosophila melanogaster	Metazoa	407	False
P34078	Saccharomyces cerevisiae (strain ATCC 204508 / S288c)	Fungi	463	False
A0A509AJL3	Plasmodium berghei (strain Anka)	Other	1087	False
I0IUP4	Gallus gallus	Metazoa	1169	False
P14064	Saccharomyces cerevisiae (strain ATCC 204508 / S288c)	Fungi	554	False
Q80WB5	Mus musculus	Metazoa	209	False
P25635	Saccharomyces cerevisiae (strain ATCC 204508 / S288c)	Fungi	923	False
P38222	Saccharomyces cerevisiae (strain ATCC 204508 / S288c)	Fungi	552	False
P47902	Homo sapiens	Metazoa	265	False
P91399	Caenorhabditis elegans	Metazoa	926	False
P32453	Saccharomyces cerevisiae (strain ATCC 204508 / S288c)	Fungi	318	False
Q9NYW5	Homo sapiens	Metazoa	299	True
Q8IXW5	Homo sapiens	Metazoa	612	False
P23833	Saccharomyces cerevisiae (strain ATCC 204508 / S288c)	Fungi	295	True
P27344	Saccharomyces cerevisiae (strain ATCC 204508 / S288c)	Fungi	201	False
Q8GW78	Arabidopsis thaliana	Plants	241	False
Q9ZSA2	Arabidopsis thaliana	Plants	531	False
Q8WXG6	Homo sapiens	Metazoa	1647	False
Q08B36	Xenopus laevis	Metazoa	374	False
Q9XI46	Arabidopsis thaliana	Plants	159	True
P06700	Saccharomyces cerevisiae (strain ATCC 204508 / S288c)	Fungi	562	False
Q9ESM6	Mus musculus	Metazoa	539	True
Q8N695	Homo sapiens	Metazoa	610	True
Q8RV04	Arabidopsis thaliana	Plants	112	True
P56393	Mus musculus	Metazoa	80	True
Q9SYJ8	Arabidopsis thaliana	Plants	372	False
Q99677	Homo sapiens	Metazoa	370	True
Q96C86	Homo sapiens	Metazoa	337	False
P29172	Bos taurus	Metazoa	448	False
Q7TMY8	Mus musculus	Metazoa	4377	False
Q49B96	Homo sapiens	Metazoa	90	False
Q03707	Saccharomyces cerevisiae (strain ATCC 204508 / S288c)	Fungi	834	False
Q8L7S5	Arabidopsis thaliana	Plants	642	False
Q39204	Arabidopsis thaliana	Plants	623	False
Q9M024	Arabidopsis thaliana	Plants	415	False
Q9P0K7	Homo sapiens	Metazoa	980	False
Q62100	Mus musculus	Metazoa	101	False
P48987	Drosophila melanogaster	Metazoa	312	False
P15389	Rattus norvegicus	Metazoa	2019	False
Q08705	Gallus gallus	Metazoa	728	False
Q92993	Homo sapiens	Metazoa	513	False
Q9NWB6	Homo sapiens	Metazoa	273	False
O42601	Xenopus laevis	Metazoa	373	False
Q9LEK8	Digitalis lanata	Plants	118	False
Q9Y3E7	Homo sapiens	Metazoa	222	False
Q9QZS2	Mus musculus	Metazoa	194	False
O97240	Plasmodium falciparum (isolate 3D7)	Other	617	False
Q9M3K7	Spinacia oleracea	Plants	101	False
P48010	Schizosaccharomyces pombe (strain 972 / ATCC 24843)	Fungi	464	False
Q93356	Caenorhabditis elegans	Metazoa	278	False
Q9VHS8	Drosophila melanogaster	Metazoa	399	False
Q07098	Arabidopsis thaliana	Plants	306	False
Q9VQD4	Drosophila melanogaster	Metazoa	274	False
Q8VWJ1	Arabidopsis thaliana	Plants	393	False
P00877	Chlamydomonas reinhardtii	Plants	475	False
P82349	Mus musculus	Metazoa	320	True
Q8WWT9	Homo sapiens	Metazoa	602	True
Q3E705	Saccharomyces cerevisiae (strain ATCC 204508 / S288c)	Fungi	233	False
O14322	Schizosaccharomyces pombe (strain 972 / ATCC 24843)	Fungi	313	False
P56192	Homo sapiens	Metazoa	900	False
P33310	Saccharomyces cerevisiae (strain ATCC 204508 / S288c)	Fungi	695	False
D3U716	Petunia hybrida	Plants	394	False
Q0D3I7	Oryza sativa subsp. japonica	Plants	262	False
Q9SVT8	Arabidopsis thaliana	Plants	504	True
Q63398	Rattus norvegicus	Metazoa	584	False
O15160	Homo sapiens	Metazoa	346	False
Q9Y6G5	Homo sapiens	Metazoa	202	False
P62487	Homo sapiens	Metazoa	172	False
Q9VZ23	Drosophila melanogaster	Metazoa	216	False
Q96DX5	Homo sapiens	Metazoa	294	False
Q9UID6	Homo sapiens	Metazoa	485	False
Q794F9	Rattus norvegicus	Metazoa	527	True
Q9Y6G3	Homo sapiens	Metazoa	142	False
A9ZSY3	Bombyx mori	Metazoa	505	True
O95563	Homo sapiens	Metazoa	127	True
P22058	Drosophila melanogaster	Metazoa	355	False
P62266	Homo sapiens	Metazoa	143	False
P53727	Saccharomyces cerevisiae (strain ATCC 204508 / S288c)	Fungi	317	False
P80261	Solanum tuberosum	Plants	190	False
Q7SBV6	Neurospora crassa (strain ATCC 24698 / 74-OR23-1A / CBS 708.71 / DSM 1257 / FGSC 987)	Fungi	183	False
Q8WXX7	Homo sapiens	Metazoa	1259	False
Q9XF58	Zea mays	Plants	285	True
Q96QT4	Homo sapiens	Metazoa	1865	False
Q7XJR9	Arabidopsis thaliana	Plants	571	False
P53311	Saccharomyces cerevisiae (strain ATCC 204508 / S288c)	Fungi	146	True
Q04751	Saccharomyces cerevisiae (strain ATCC 204508 / S288c)	Fungi	285	False
P51795	Homo sapiens	Metazoa	816	False
P61236	Homo sapiens	Metazoa	119	False
P57052	Homo sapiens	Metazoa	281	False
O78749	Ovis aries	Metazoa	514	True
O80725	Arabidopsis thaliana	Plants	1286	True
Q84J70	Arabidopsis thaliana	Plants	223	False
Q9UGY1	Homo sapiens	Metazoa	213	False
Q9N5S3	Caenorhabditis elegans	Metazoa	365	False
Q9H3P2	Homo sapiens	Metazoa	528	False
Q08230	Saccharomyces cerevisiae (strain ATCC 204508 / S288c)	Fungi	162	False
Q93052	Homo sapiens	Metazoa	612	False
Q8CI52	Mus musculus	Metazoa	662	False
O62683	Canis lupus familiaris	Metazoa	898	False
Q9BSN7	Homo sapiens	Metazoa	226	True
P47910	Spinacia oleracea	Plants	101	False
G4N7S6	Pyricularia oryzae (strain 70-15 / ATCC MYA-4617 / FGSC 8958)	Fungi	468	False
P85845	Rattus norvegicus	Metazoa	493	False
Q9FDY4	Oryza sativa subsp. japonica	Plants	582	False
Q8NEY8	Homo sapiens	Metazoa	458	False
Q9LQF2	Arabidopsis thaliana	Plants	551	False
Q9VPH8	Drosophila melanogaster	Metazoa	489	False
P07900	Homo sapiens	Metazoa	732	False
P30937	Rattus norvegicus	Metazoa	384	True
Q3UHF7	Mus musculus	Metazoa	2430	False
Q5JS13	Homo sapiens	Metazoa	557	False
Q8N8Q9	Homo sapiens	Metazoa	360	True
E1JIT7	Drosophila melanogaster	Metazoa	1601	False
O46385	Bos taurus	Metazoa	2194	False
Q9UER7	Homo sapiens	Metazoa	740	False
O09044	Mus musculus	Metazoa	210	False
P97351	Mus musculus	Metazoa	264	False
Q9Z0W3	Mus musculus	Metazoa	1402	False
Q7XBS0	Oryza sativa subsp. japonica	Plants	721	True
Q8BMP4	Mus musculus	Metazoa	375	True
Q15849	Homo sapiens	Metazoa	920	False
Q09019	Homo sapiens	Metazoa	674	False
P57059	Homo sapiens	Metazoa	783	False
Q15257	Homo sapiens	Metazoa	358	False
Q9ULR3	Homo sapiens	Metazoa	514	False
O35426	Mus musculus	Metazoa	267	False
O73790	Gallus gallus	Metazoa	410	False
Q08237	Saccharomyces cerevisiae (strain ATCC 204508 / S288c)	Fungi	289	False
P04553	Homo sapiens	Metazoa	51	False
P23639	Saccharomyces cerevisiae (strain ATCC 204508 / S288c)	Fungi	250	False
Q9W3M3	Drosophila melanogaster	Metazoa	2219	False
H2KZB2	Caenorhabditis elegans	Metazoa	603	True
O14013	Schizosaccharomyces pombe (strain 972 / ATCC 24843)	Fungi	556	False
Q14140	Homo sapiens	Metazoa	314	False
Q6P9H5	Homo sapiens	Metazoa	292	False
Q9EQN9	Mus musculus	Metazoa	498	True
Q92922	Homo sapiens	Metazoa	1105	False
Q5FWH3	Mus musculus	Metazoa	603	False
Q9D4H9	Mus musculus	Metazoa	941	False
Q91ZW3	Mus musculus	Metazoa	1051	False
Q9R186	Rattus norvegicus	Metazoa	767	False
Q9BZL1	Homo sapiens	Metazoa	73	False
Q8VBU8	Mus musculus	Metazoa	548	False
P53895	Saccharomyces cerevisiae (strain ATCC 204508 / S288c)	Fungi	289	False
A0A078CGE6	Brassica napus	Plants	1299	False
P41829	Caenorhabditis elegans	Metazoa	619	False
P46736	Homo sapiens	Metazoa	316	False
Q64442	Mus musculus	Metazoa	357	False
P21826	Saccharomyces cerevisiae (strain ATCC 204508 / S288c)	Fungi	554	False
Q9LQU4	Arabidopsis thaliana	Plants	152	True
Q99359	Saccharomyces cerevisiae (strain ATCC 204508 / S288c)	Fungi	647	False
Q9D2Y4	Mus musculus	Metazoa	472	False
P33416	Saccharomyces cerevisiae (strain ATCC 204508 / S288c)	Fungi	811	False
Q9CQX8	Mus musculus	Metazoa	102	False
Q96FQ6	Homo sapiens	Metazoa	103	False
Q9UK41	Homo sapiens	Metazoa	221	False
Q9H0N0	Homo sapiens	Metazoa	254	False
P38825	Saccharomyces cerevisiae (strain ATCC 204508 / S288c)	Fungi	639	True
Q0ILQ6	Oryza sativa subsp. japonica	Plants	203	False
Q9CQ29	Mus musculus	Metazoa	239	False
P92919	Apium graveolens	Plants	264	False
Q9LMJ4	Arabidopsis thaliana	Plants	599	False
Q84TE6	Arabidopsis thaliana	Plants	324	False
P10105	Drosophila melanogaster	Metazoa	635	False
A9JTM7	Xenopus tropicalis	Metazoa	681	False
Q93W20	Arabidopsis thaliana	Plants	235	False
Q6NSJ5	Homo sapiens	Metazoa	796	True
Q92733	Homo sapiens	Metazoa	491	False
P53127	Saccharomyces cerevisiae (strain ATCC 204508 / S288c)	Fungi	1403	False
A0A0B5A051	Humulus lupulus	Plants	414	False
P33308	Saccharomyces cerevisiae (strain ATCC 204508 / S288c)	Fungi	149	False
Q9UHK6	Homo sapiens	Metazoa	382	False
Q96SW2	Homo sapiens	Metazoa	442	False
O88846	Rattus norvegicus	Metazoa	194	False
Q8BJ37	Mus musculus	Metazoa	609	False
P20434	Saccharomyces cerevisiae (strain ATCC 204508 / S288c)	Fungi	215	False
Q91ZW6	Rattus norvegicus	Metazoa	421	False
Q9Y2P7	Homo sapiens	Metazoa	627	False
Q13362	Homo sapiens	Metazoa	524	False
Q9NX47	Homo sapiens	Metazoa	278	False
P42838	Saccharomyces cerevisiae (strain ATCC 204508 / S288c)	Fungi	414	True
P43321	Saccharomyces cerevisiae (strain ATCC 204508 / S288c)	Fungi	101	False
O22210	Arabidopsis thaliana	Plants	248	False
P30557	Mus musculus	Metazoa	365	True
P21691	Saccharomyces cerevisiae (strain ATCC 204508 / S288c)	Fungi	654	False
P0CJ62	Xenopus laevis	Metazoa	239	False
P00242	Porphyra umbilicalis	Other	98	False
P17353	Spinacia oleracea	Plants	135	False
Q9P7G0	Schizosaccharomyces pombe (strain 972 / ATCC 24843)	Fungi	707	False
A0A1W2P872	Mus musculus	Metazoa	492	False
P32318	Saccharomyces cerevisiae (strain ATCC 204508 / S288c)	Fungi	326	False
Q9EPK8	Mus musculus	Metazoa	871	False
O94444	Schizosaccharomyces pombe (strain 972 / ATCC 24843)	Fungi	243	False
Q9WV02	Mus musculus	Metazoa	391	False
A0A178U9Y5	Arabidopsis thaliana	Plants	592	False
P15801	Saccharomyces cerevisiae (strain ATCC 204508 / S288c)	Fungi	1254	False
O15105	Homo sapiens	Metazoa	426	False
Q64163	Mus musculus	Metazoa	446	False
P29390	Zea mays	Plants	252	False
Q9NR55	Homo sapiens	Metazoa	127	False
Q7ZW57	Xenopus laevis	Metazoa	334	False
P00078	Crithidia fasciculata	Other	114	False
Q12036	Saccharomyces cerevisiae (strain ATCC 204508 / S288c)	Fungi	173	False
P16458	Sterkiella nova	Other	385	False
Q14119	Homo sapiens	Metazoa	521	False
Q92982	Homo sapiens	Metazoa	152	True
P09081	Drosophila melanogaster	Metazoa	494	False
A6QPQ5	Bos taurus	Metazoa	325	False
P37090	Rattus norvegicus	Metazoa	638	True
Q9BZH6	Homo sapiens	Metazoa	1224	False
P02533	Homo sapiens	Metazoa	472	False
P35571	Rattus norvegicus	Metazoa	727	False
P97521	Rattus norvegicus	Metazoa	301	True
Q04458	Saccharomyces cerevisiae (strain ATCC 204508 / S288c)	Fungi	532	False
Q9LX14	Arabidopsis thaliana	Plants	414	False
P41546	Saccharomyces cerevisiae (strain ATCC 204508 / S288c)	Fungi	238	False
O17894	Caenorhabditis elegans	Metazoa	335	False
P48751	Homo sapiens	Metazoa	1232	False
P17844	Homo sapiens	Metazoa	614	False
Q5GH67	Mus musculus	Metazoa	647	False
Q8K337	Mus musculus	Metazoa	993	False
Q9NYG8	Homo sapiens	Metazoa	393	True
Q6XQN6	Homo sapiens	Metazoa	538	False
Q9UHA3	Homo sapiens	Metazoa	163	False
P55863	Xenopus laevis	Metazoa	309	False
Q8C3P7	Mus musculus	Metazoa	580	False
Q4WLA8	Aspergillus fumigatus (strain ATCC MYA-4609 / CBS 101355 / FGSC A1100 / Af293)	Fungi	433	False
P10174	Saccharomyces cerevisiae (strain ATCC 204508 / S288c)	Fungi	60	True
E3VNM4	Arabidopsis thaliana	Plants	460	False
Q96B23	Homo sapiens	Metazoa	404	False
O13702	Schizosaccharomyces pombe (strain 972 / ATCC 24843)	Fungi	450	False
Q99615	Homo sapiens	Metazoa	494	False
Q13950	Homo sapiens	Metazoa	521	False
P17096	Homo sapiens	Metazoa	107	False
Q80T11	Mus musculus	Metazoa	461	False
Q8BQR4	Mus musculus	Metazoa	486	False
Q9FZ42	Arabidopsis thaliana	Plants	288	False
Q01453	Homo sapiens	Metazoa	160	True
A0AAR7	Lotus japonicus	Plants	518	False
Q9D067	Mus musculus	Metazoa	708	False
O15379	Homo sapiens	Metazoa	428	False
Q6Z1J6	Oryza sativa subsp. japonica	Plants	394	False
Q9H2G4	Homo sapiens	Metazoa	693	False
Q18711	Caenorhabditis elegans	Metazoa	235	False
Q86VZ1	Homo sapiens	Metazoa	359	True
Q9EPU7	Rattus norvegicus	Metazoa	560	False
Q96QA5	Homo sapiens	Metazoa	445	True
Q03933	Homo sapiens	Metazoa	536	False
O75648	Homo sapiens	Metazoa	421	False
Q9FN02	Arabidopsis thaliana	Plants	413	False
Q2TAL8	Homo sapiens	Metazoa	776	False
P40615	Rattus norvegicus	Metazoa	509	False
Q7TNJ2	Rattus norvegicus	Metazoa	2170	True
Q15438	Homo sapiens	Metazoa	398	False
Q8L748	Arabidopsis thaliana	Plants	1101	False
Q62651	Rattus norvegicus	Metazoa	327	False
Q9QY93	Mus musculus	Metazoa	170	False
Q9UPE1	Homo sapiens	Metazoa	567	False
E9Q236	Mus musculus	Metazoa	1325	False
Q8BUW1	Mus musculus	Metazoa	535	True
Q9R1K7	Mus musculus	Metazoa	455	False
P53564	Mus musculus	Metazoa	1515	False
O13852	Schizosaccharomyces pombe (strain 972 / ATCC 24843)	Fungi	249	False
Q94AR8	Arabidopsis thaliana	Plants	509	False
Q9NRA2	Homo sapiens	Metazoa	495	True
Q99986	Homo sapiens	Metazoa	396	False
O14980	Homo sapiens	Metazoa	1071	False
Q9ZR12	Arabidopsis thaliana	Plants	585	False
Q15329	Homo sapiens	Metazoa	346	False
Q96AB3	Homo sapiens	Metazoa	205	False
Q8RY73	Arabidopsis thaliana	Plants	544	False
Q13207	Homo sapiens	Metazoa	712	False
P53930	Saccharomyces cerevisiae (strain ATCC 204508 / S288c)	Fungi	226	False
Q9UGL1	Homo sapiens	Metazoa	1544	False
P68431	Homo sapiens	Metazoa	136	False
Q5BLX8	Rattus norvegicus	Metazoa	315	False
Q12457	Saccharomyces cerevisiae (strain ATCC 204508 / S288c)	Fungi	570	False
Q9QX11	Mus musculus	Metazoa	398	False
A8XJ98	Caenorhabditis briggsae	Metazoa	432	False
Q0WT24	Arabidopsis thaliana	Plants	373	False
Q64559	Rattus norvegicus	Metazoa	381	False
Q2M3X8	Mus musculus	Metazoa	580	False
A0AV96	Homo sapiens	Metazoa	593	False
G5EEN4	Caenorhabditis elegans	Metazoa	596	False
Q12349	Saccharomyces cerevisiae (strain ATCC 204508 / S288c)	Fungi	124	False
P25297	Saccharomyces cerevisiae (strain ATCC 204508 / S288c)	Fungi	587	True
Q9H7B4	Homo sapiens	Metazoa	428	False
O81836	Arabidopsis thaliana	Plants	314	False
Q32SG5	Zea mays	Plants	616	False
P11115	Neurospora crassa (strain ATCC 24698 / 74-OR23-1A / CBS 708.71 / DSM 1257 / FGSC 987)	Fungi	270	False
P46643	Arabidopsis thaliana	Plants	430	False
Q60766	Mus musculus	Metazoa	409	False
Q56R14	Xenopus laevis	Metazoa	1091	False
Q3E6R5	Saccharomyces cerevisiae (strain ATCC 204508 / S288c)	Fungi	114	True
O14275	Schizosaccharomyces pombe (strain 972 / ATCC 24843)	Fungi	931	False
P32904	Saccharomyces cerevisiae (strain ATCC 204508 / S288c)	Fungi	214	False
P23503	Saccharomyces cerevisiae (strain ATCC 204508 / S288c)	Fungi	491	False
O24370	Solanum tuberosum	Plants	899	False
Q9QZ48	Rattus norvegicus	Metazoa	569	False
P06400	Homo sapiens	Metazoa	928	False
P51790	Homo sapiens	Metazoa	818	False
Q09544	Caenorhabditis elegans	Metazoa	163	False
Q6AZZ1	Homo sapiens	Metazoa	485	False
Q9N658	Drosophila melanogaster	Metazoa	541	False
F4K3G5	Arabidopsis thaliana	Plants	1297	False
P53112	Saccharomyces cerevisiae (strain ATCC 204508 / S288c)	Fungi	341	False
Q70CQ1	Homo sapiens	Metazoa	688	False
Q9SRT9	Arabidopsis thaliana	Plants	357	False
P22449	Rattus norvegicus	Metazoa	474	False
Q66HL2	Rattus norvegicus	Metazoa	509	False
Q10LF7	Oryza sativa subsp. japonica	Plants	535	False
P05146	Spinacia oleracea	Plants	73	True
P08908	Homo sapiens	Metazoa	422	True
P18239	Saccharomyces cerevisiae (strain ATCC 204508 / S288c)	Fungi	318	True
P17926	Gallus gallus	Metazoa	439	False
P97838	Rattus norvegicus	Metazoa	977	False
Q8R4F0	Mus musculus	Metazoa	553	True
Q948T9	Solanum tuberosum	Plants	867	False
Q5BVD1	Homo sapiens	Metazoa	217	True
P0DKB8	Arabidopsis thaliana	Plants	326	False
P61073	Homo sapiens	Metazoa	352	True
P23771	Homo sapiens	Metazoa	443	False
Q02780	Mus musculus	Metazoa	532	False
Q8IAX8	Plasmodium falciparum (isolate 3D7)	Other	248	False
Q9NZI2	Homo sapiens	Metazoa	227	False
Q96NS1	Homo sapiens	Metazoa	127	False
P07272	Saccharomyces cerevisiae (strain ATCC 204508 / S288c)	Fungi	904	False
P32114	Mus musculus	Metazoa	414	False
P82277	Spinacia oleracea	Plants	260	False
P60588	Sus scrofa	Metazoa	285	True
Q9ESU6	Mus musculus	Metazoa	1400	False
Q9VU77	Drosophila melanogaster	Metazoa	316	False
Q8BN78	Mus musculus	Metazoa	671	False
Q9URQ3	Saccharomyces cerevisiae (strain ATCC 204508 / S288c)	Fungi	322	False
P97863	Mus musculus	Metazoa	570	False
Q93062	Homo sapiens	Metazoa	196	False
Q41058	Pisum sativum	Plants	922	False
F4KH86	Arabidopsis thaliana	Plants	400	False
Q9P2D0	Homo sapiens	Metazoa	1353	False
Q23272	Caenorhabditis elegans	Metazoa	488	False
Q09772	Schizosaccharomyces pombe (strain 972 / ATCC 24843)	Fungi	811	False
P60900	Homo sapiens	Metazoa	246	False
Q09719	Schizosaccharomyces pombe (strain 972 / ATCC 24843)	Fungi	848	False
O13978	Schizosaccharomyces pombe (strain 972 / ATCC 24843)	Fungi	184	False
P52172	Drosophila melanogaster	Metazoa	1264	False
Q9P0N8	Homo sapiens	Metazoa	246	False
Q09811	Schizosaccharomyces pombe (strain 972 / ATCC 24843)	Fungi	1328	False
Q54XY4	Dictyostelium discoideum	Other	1582	False
Q84KI6	Spinacia oleracea	Plants	482	False
Q06679	Saccharomyces cerevisiae (strain ATCC 204508 / S288c)	Fungi	776	False
Q9BWW7	Homo sapiens	Metazoa	348	False
B2CW77	Homo sapiens	Metazoa	178	False
B3LF48	Arabidopsis thaliana	Plants	546	False
O74547	Schizosaccharomyces pombe (strain 972 / ATCC 24843)	Fungi	422	False
P38920	Saccharomyces cerevisiae (strain ATCC 204508 / S288c)	Fungi	769	False
O13895	Schizosaccharomyces pombe (strain 972 / ATCC 24843)	Fungi	377	False
P41562	Rattus norvegicus	Metazoa	414	False
Q9ZT96	Arabidopsis thaliana	Plants	541	False
Q9NXZ1	Homo sapiens	Metazoa	904	False
P53905	Saccharomyces cerevisiae (strain ATCC 204508 / S288c)	Fungi	115	False
A0A2R8VHF7	Mus musculus	Metazoa	171	True
Q949G3	Nicotiana plumbaginifolia	Plants	1436	False
Q8NAN2	Homo sapiens	Metazoa	632	True
Q8NFH3	Homo sapiens	Metazoa	380	False
Q0WP44	Arabidopsis thaliana	Plants	1202	False
O00425	Homo sapiens	Metazoa	579	False
P50750	Homo sapiens	Metazoa	372	False
Q95QV8	Caenorhabditis elegans	Metazoa	408	False
Q00653	Homo sapiens	Metazoa	900	False
O88940	Mus musculus	Metazoa	201	False
O75570	Homo sapiens	Metazoa	445	False
Q9NPH0	Homo sapiens	Metazoa	428	False
Q9EPB4	Mus musculus	Metazoa	193	False
Q9ZTX9	Arabidopsis thaliana	Plants	788	False
Q0WUY1	Arabidopsis thaliana	Plants	534	False
O70343	Mus musculus	Metazoa	797	False
Q9FNE9	Arabidopsis thaliana	Plants	349	False
Q02738	Mus musculus	Metazoa	266	True
Q9FNM5	Arabidopsis thaliana	Plants	681	False
Q9C0K7	Homo sapiens	Metazoa	418	False
Q8N127	Homo sapiens	Metazoa	324	True
O14338	Schizosaccharomyces pombe (strain 972 / ATCC 24843)	Fungi	891	False
Q99873	Homo sapiens	Metazoa	371	False
P40024	Saccharomyces cerevisiae (strain ATCC 204508 / S288c)	Fungi	610	False
P29067	Rattus norvegicus	Metazoa	410	False
P68427	Pisum sativum	Plants	136	False
P53848	Saccharomyces cerevisiae (strain ATCC 204508 / S288c)	Fungi	824	False
Q93454	Caenorhabditis elegans	Metazoa	373	False
Q925N0	Mus musculus	Metazoa	342	False
Q8R560	Rattus norvegicus	Metazoa	319	False
P38225	Saccharomyces cerevisiae (strain ATCC 204508 / S288c)	Fungi	669	True
Q9P7K3	Schizosaccharomyces pombe (strain 972 / ATCC 24843)	Fungi	449	False
Q9V3V0	Drosophila melanogaster	Metazoa	258	False
Q9SSA8	Arabidopsis thaliana	Plants	358	False
Q195N6	Zea mays	Plants	426	False
Q9FIL1	Arabidopsis thaliana	Plants	489	False
Q1MTQ7	Schizosaccharomyces pombe (strain 972 / ATCC 24843)	Fungi	633	False
P40573	Saccharomyces cerevisiae (strain ATCC 204508 / S288c)	Fungi	187	False
P18434	Sus scrofa	Metazoa	290	True
Q95X44	Caenorhabditis elegans	Metazoa	226	False
Q3T0Y3	Bos taurus	Metazoa	296	False
Q9AYU1	Triphysaria versicolor	Plants	329	False
Q7TN78	Rattus norvegicus	Metazoa	580	False
P00298	Rumex obtusifolius	Plants	99	False
Q10331	Schizosaccharomyces pombe (strain 972 / ATCC 24843)	Fungi	813	False
Q7Z7H3	Homo sapiens	Metazoa	387	False
P06778	Saccharomyces cerevisiae (strain ATCC 204508 / S288c)	Fungi	471	False
Q9SLB7	Arabidopsis thaliana	Plants	245	False
Q13627	Homo sapiens	Metazoa	763	False
Q43715	Pisum sativum	Plants	809	False
O16850	Caenorhabditis elegans	Metazoa	541	False
Q9UI40	Homo sapiens	Metazoa	661	True
Q9FM19	Arabidopsis thaliana	Plants	286	False
Q10168	Schizosaccharomyces pombe (strain 972 / ATCC 24843)	Fungi	598	False
Q9Y586	Homo sapiens	Metazoa	359	False
Q9H5F2	Homo sapiens	Metazoa	150	False
Q01964	Komagataella pastoris	Fungi	461	True
Q8BVG4	Mus musculus	Metazoa	862	False
P24391	Neurospora crassa (strain ATCC 24698 / 74-OR23-1A / CBS 708.71 / DSM 1257 / FGSC 987)	Fungi	349	False
P13984	Homo sapiens	Metazoa	249	False
Q06055	Homo sapiens	Metazoa	141	True
O15226	Homo sapiens	Metazoa	690	False
P84996	Homo sapiens	Metazoa	626	False
Q9BWT3	Homo sapiens	Metazoa	736	False
Q13049	Homo sapiens	Metazoa	653	False
P50861	Saccharomyces cerevisiae (strain ATCC 204508 / S288c)	Fungi	169	False
Q06604	Saccharomyces cerevisiae (strain ATCC 204508 / S288c)	Fungi	576	False
Q8IZY5	Homo sapiens	Metazoa	108	False
B8NLZ3	Aspergillus flavus (strain ATCC 200026 / FGSC A1120 / IAM 13836 / NRRL 3357 / JCM 12722 / SRRC 167)	Fungi	570	False
O60870	Homo sapiens	Metazoa	393	False
P43023	Mus musculus	Metazoa	97	True
Q17604	Caenorhabditis elegans	Metazoa	161	False
P56564	Mus musculus	Metazoa	543	True
Q5T6S3	Homo sapiens	Metazoa	580	False
Q15393	Homo sapiens	Metazoa	1217	False
Q96CF2	Homo sapiens	Metazoa	233	False
Q8H103	Arabidopsis thaliana	Plants	613	False
Q9Y6B2	Homo sapiens	Metazoa	187	False
Q8R2H7	Rattus norvegicus	Metazoa	913	False
Q9NZG7	Homo sapiens	Metazoa	142	True
Q08920	Saccharomyces cerevisiae (strain ATCC 204508 / S288c)	Fungi	208	False
P49427	Homo sapiens	Metazoa	236	False
P46995	Saccharomyces cerevisiae (strain ATCC 204508 / S288c)	Fungi	733	False
Q8NI37	Homo sapiens	Metazoa	304	False
Q811I0	Mus musculus	Metazoa	324	False
Q6PI26	Homo sapiens	Metazoa	577	False
P38297	Saccharomyces cerevisiae (strain ATCC 204508 / S288c)	Fungi	855	False
Q9FMH6	Arabidopsis thaliana	Plants	155	False
Q8H112	Arabidopsis thaliana	Plants	324	False
Q3ULA2	Mus musculus	Metazoa	605	False
Q56B11	Rattus norvegicus	Metazoa	1130	False
O49629	Arabidopsis thaliana	Plants	310	False
P62826	Homo sapiens	Metazoa	216	False
Q7JRE4	Drosophila melanogaster	Metazoa	650	False
Q9C932	Arabidopsis thaliana	Plants	317	False
Q9WVJ0	Mus musculus	Metazoa	1095	False
P12686	Saccharomyces cerevisiae (strain ATCC 204508 / S288c)	Fungi	339	False
P51912	Mus musculus	Metazoa	553	True
Q99321	Saccharomyces cerevisiae (strain ATCC 204508 / S288c)	Fungi	188	False
Q8CDY7	Mus musculus	Metazoa	219	False
P38687	Saccharomyces cerevisiae (strain ATCC 204508 / S288c)	Fungi	599	False
P53192	Saccharomyces cerevisiae (strain ATCC 204508 / S288c)	Fungi	235	True
Q13639	Homo sapiens	Metazoa	388	True
Q6E434	Schizosaccharomyces pombe (strain 972 / ATCC 24843)	Fungi	485	False
P14737	Saccharomyces cerevisiae (strain ATCC 204508 / S288c)	Fungi	1309	False
Q9LYG9	Arabidopsis thaliana	Plants	734	False
Q9Y7J6	Schizosaccharomyces pombe (strain 972 / ATCC 24843)	Fungi	551	False
Q86WA8	Homo sapiens	Metazoa	852	False
Q9UKJ5	Homo sapiens	Metazoa	165	False
Q9W088	Drosophila melanogaster	Metazoa	431	False
Q8IJN7	Plasmodium falciparum (isolate 3D7)	Other	446	False
Q94FL6	Arabidopsis thaliana	Plants	436	False
Q8NET8	Homo sapiens	Metazoa	790	False
Q922S4	Mus musculus	Metazoa	939	False
Q9Y2M2	Homo sapiens	Metazoa	375	False
O22802	Arabidopsis thaliana	Plants	97	True
Q17895	Caenorhabditis elegans	Metazoa	249	False
Q93725	Caenorhabditis elegans	Metazoa	77	False
F4JZC2	Arabidopsis thaliana	Plants	680	False
Q9NSU2	Homo sapiens	Metazoa	314	False
Q9NVN8	Homo sapiens	Metazoa	582	False
P39956	Saccharomyces cerevisiae (strain ATCC 204508 / S288c)	Fungi	796	False
Q8IXJ6	Homo sapiens	Metazoa	389	False
P18412	Saccharomyces cerevisiae (strain ATCC 204508 / S288c)	Fungi	486	False
Q95ZS0	Caenorhabditis elegans	Metazoa	179	False
P08927	Pisum sativum	Plants	595	False
Q0WUA3	Arabidopsis thaliana	Plants	382	False
Q00775	Solanum tuberosum	Plants	607	False
Q9BXW9	Homo sapiens	Metazoa	1451	False
Q9LTB8	Arabidopsis thaliana	Plants	213	False
Q8N4E7	Homo sapiens	Metazoa	242	False
P33417	Saccharomyces cerevisiae (strain ATCC 204508 / S288c)	Fungi	597	False
O00443	Homo sapiens	Metazoa	1686	False
P06169	Saccharomyces cerevisiae (strain ATCC 204508 / S288c)	Fungi	563	False
P68099	Camelus dromedarius	Metazoa	105	False
Q9FJJ3	Arabidopsis thaliana	Plants	309	False
O74503	Schizosaccharomyces pombe (strain 972 / ATCC 24843)	Fungi	233	False
Q9TXI7	Caenorhabditis elegans	Metazoa	901	False
Q03558	Saccharomyces cerevisiae (strain ATCC 204508 / S288c)	Fungi	400	False
Q5PQX1	Rattus norvegicus	Metazoa	583	False
Q8LDU1	Arabidopsis thaliana	Plants	321	False
P08195	Homo sapiens	Metazoa	630	False
Q6UWZ7	Homo sapiens	Metazoa	409	False
Q9JI44	Mus musculus	Metazoa	468	False
Q9ZQ85	Arabidopsis thaliana	Plants	432	False
Q02204	Saccharomyces cerevisiae (strain ATCC 204508 / S288c)	Fungi	264	False
O14188	Schizosaccharomyces pombe (strain 972 / ATCC 24843)	Fungi	1489	False
P32419	Saccharomyces cerevisiae (strain ATCC 204508 / S288c)	Fungi	343	False
P40995	Schizosaccharomyces pombe (strain 972 / ATCC 24843)	Fungi	872	False
Q8TDN2	Homo sapiens	Metazoa	545	False
Q8BVE8	Mus musculus	Metazoa	1365	False
Q91VD1	Mus musculus	Metazoa	314	False
Q52KF3	Mus musculus	Metazoa	598	False
Q14524	Homo sapiens	Metazoa	2016	False
Q10252	Schizosaccharomyces pombe (strain 972 / ATCC 24843)	Fungi	358	True
Q9Y4U1	Homo sapiens	Metazoa	282	False
Q62668	Rattus norvegicus	Metazoa	929	False
P37382	Schizosaccharomyces pombe (strain 972 / ATCC 24843)	Fungi	297	False
Q9UM01	Homo sapiens	Metazoa	511	True
P23641	Saccharomyces cerevisiae (strain ATCC 204508 / S288c)	Fungi	311	True
Q8LCU7	Arabidopsis thaliana	Plants	375	False
Q9SII6	Arabidopsis thaliana	Plants	414	False
Q9JLR5	Mus musculus	Metazoa	209	False
Q42484	Arabidopsis thaliana	Plants	909	False
Q5SSW2	Mus musculus	Metazoa	1843	False
Q61048	Mus musculus	Metazoa	376	False
Q90578	Gallus gallus	Metazoa	464	False
Q92508	Homo sapiens	Metazoa	2521	True
P37210	Neurospora crassa (strain ATCC 24698 / 74-OR23-1A / CBS 708.71 / DSM 1257 / FGSC 987)	Fungi	137	False
Q9H503	Homo sapiens	Metazoa	90	False
Q9ST69	Spinacia oleracea	Plants	308	False
Q9Y237	Homo sapiens	Metazoa	131	False
Q6NLQ7	Arabidopsis thaliana	Plants	476	False
O88703	Mus musculus	Metazoa	863	False
Q99P30	Mus musculus	Metazoa	236	False
Q3U108	Mus musculus	Metazoa	590	False
O35973	Mus musculus	Metazoa	1291	False
Q9U221	Caenorhabditis elegans	Metazoa	282	False
F4J0D2	Arabidopsis thaliana	Plants	476	False
O93956	Emericella nidulans (strain FGSC A4 / ATCC 38163 / CBS 112.46 / NRRL 194 / M139)	Fungi	549	True
Q9WV06	Mus musculus	Metazoa	328	False
Q1MTQ9	Schizosaccharomyces pombe (strain 972 / ATCC 24843)	Fungi	180	False
Q96500	Arabidopsis thaliana	Plants	141	False
P47069	Saccharomyces cerevisiae (strain ATCC 204508 / S288c)	Fungi	682	False
Q91YE5	Mus musculus	Metazoa	1889	False
Q9NRP2	Homo sapiens	Metazoa	79	False
Q9LTS6	Arabidopsis thaliana	Plants	135	False
Q9Y535	Homo sapiens	Metazoa	204	False
O81852	Arabidopsis thaliana	Plants	916	False
Q562E7	Homo sapiens	Metazoa	1941	False
P29055	Saccharomyces cerevisiae (strain ATCC 204508 / S288c)	Fungi	345	False
Q9SMR4	Arabidopsis thaliana	Plants	214	False
Q9Y2U9	Homo sapiens	Metazoa	406	False
P29371	Homo sapiens	Metazoa	465	True
P32891	Saccharomyces cerevisiae (strain ATCC 204508 / S288c)	Fungi	587	False
Q96DU7	Homo sapiens	Metazoa	683	False
P40793	Drosophila melanogaster	Metazoa	191	False
P14652	Homo sapiens	Metazoa	356	False
Q01859	Oryza sativa subsp. japonica	Plants	552	False
Q8NHY2	Homo sapiens	Metazoa	731	False
Q01860	Homo sapiens	Metazoa	360	False
O74489	Schizosaccharomyces pombe (strain 972 / ATCC 24843)	Fungi	329	False
Q15911	Homo sapiens	Metazoa	3703	False
Q96T68	Homo sapiens	Metazoa	719	False
Q9HC98	Homo sapiens	Metazoa	313	False
Q9UL51	Homo sapiens	Metazoa	889	False
Q9NYK5	Homo sapiens	Metazoa	338	False
Q96RL1	Homo sapiens	Metazoa	719	False
Q96SD1	Homo sapiens	Metazoa	692	False
Q8IUG5	Homo sapiens	Metazoa	2567	False
P32445	Saccharomyces cerevisiae (strain ATCC 204508 / S288c)	Fungi	135	False
Q550D5	Dictyostelium discoideum	Other	872	False
O14654	Homo sapiens	Metazoa	1257	False
P61203	Rattus norvegicus	Metazoa	443	False
Q9Y6D6	Homo sapiens	Metazoa	1849	False
Q86V20	Homo sapiens	Metazoa	835	False
Q86XP1	Homo sapiens	Metazoa	1220	False
Q9H0G5	Homo sapiens	Metazoa	558	False
P53721	Saccharomyces cerevisiae (strain ATCC 204508 / S288c)	Fungi	224	True
Q9H9F9	Homo sapiens	Metazoa	607	False
Q08874	Mus musculus	Metazoa	526	False
Q811H0	Mus musculus	Metazoa	420	False
P21954	Saccharomyces cerevisiae (strain ATCC 204508 / S288c)	Fungi	428	False
Q06182	Schizosaccharomyces pombe (strain 972 / ATCC 24843)	Fungi	252	False
P27900	Arabidopsis thaliana	Plants	228	False
Q8BHK1	Mus musculus	Metazoa	323	True
Q9NXF7	Homo sapiens	Metazoa	216	False
Q3ZAV1	Rattus norvegicus	Metazoa	553	True
A0A286YD83	Mus musculus	Metazoa	63	True
Q9Y2G1	Homo sapiens	Metazoa	1151	False
Q9H611	Homo sapiens	Metazoa	641	False
Q9ZVD5	Arabidopsis thaliana	Plants	924	False
Q9H4A6	Homo sapiens	Metazoa	298	False
B0XMC1	Aspergillus fumigatus (strain CBS 144.89 / FGSC A1163 / CEA10)	Fungi	433	False
Q9H814	Homo sapiens	Metazoa	394	False
Q9Z0J4	Mus musculus	Metazoa	1429	False
P40053	Saccharomyces cerevisiae (strain ATCC 204508 / S288c)	Fungi	627	False
Q9LU85	Arabidopsis thaliana	Plants	242	False
F4HYD7	Arabidopsis thaliana	Plants	467	False
Q9VD44	Drosophila melanogaster	Metazoa	1364	False
Q5VNM3	Oryza sativa subsp. japonica	Plants	404	False
Q9Z265	Mus musculus	Metazoa	546	False
Q12514	Saccharomyces cerevisiae (strain ATCC 204508 / S288c)	Fungi	560	False
B0F481	Arabidopsis thaliana	Plants	833	False
Q84N48	Zea mays	Plants	611	False
P35732	Saccharomyces cerevisiae (strain ATCC 204508 / S288c)	Fungi	738	False
F1LYQ8	Rattus norvegicus	Metazoa	1049	False
H2KZZ2	Caenorhabditis elegans	Metazoa	524	False
Q99MQ3	Mus musculus	Metazoa	580	False
P26259	Zea mays	Plants	380	False
P38360	Saccharomyces cerevisiae (strain ATCC 204508 / S288c)	Fungi	1216	False
Q9M7Z1	Arabidopsis thaliana	Plants	483	False
P54622	Drosophila melanogaster	Metazoa	146	False
Q8N144	Homo sapiens	Metazoa	294	True
P18576	Rattus norvegicus	Metazoa	341	False
Q9BSA4	Homo sapiens	Metazoa	534	True
P35716	Homo sapiens	Metazoa	441	False
P05696	Rattus norvegicus	Metazoa	672	False
P48972	Mus musculus	Metazoa	704	False
P29965	Homo sapiens	Metazoa	261	True
Q10I26	Oryza sativa subsp. japonica	Plants	404	False
P80484	Amphidinium carterae	Other	370	False
Q14241	Homo sapiens	Metazoa	772	False
P63006	Mus musculus	Metazoa	406	False
M0RAU5	Rattus norvegicus	Metazoa	489	False
Q8CJ00	Mus musculus	Metazoa	444	False
Q10283	Schizosaccharomyces pombe (strain 972 / ATCC 24843)	Fungi	1053	True
O55102	Mus musculus	Metazoa	125	False
Q86VD7	Homo sapiens	Metazoa	318	True
Q61115	Mus musculus	Metazoa	1434	True
P19474	Homo sapiens	Metazoa	475	False
P82348	Mus musculus	Metazoa	291	True
A7XN92	Zea mays	Plants	842	False
Q64318	Mus musculus	Metazoa	1117	False
Q12986	Homo sapiens	Metazoa	1120	False
Q9ZV06	Arabidopsis thaliana	Plants	236	False
Q75HZ9	Oryza sativa subsp. japonica	Plants	403	False
O76616	Caenorhabditis elegans	Metazoa	307	False
P40387	Schizosaccharomyces pombe (strain 972 / ATCC 24843)	Fungi	513	False
Q558Z2	Dictyostelium discoideum	Other	905	False
P20823	Homo sapiens	Metazoa	631	False
O04121	Spinacia oleracea	Plants	439	False
O60318	Homo sapiens	Metazoa	1980	False
P32907	Saccharomyces cerevisiae (strain ATCC 204508 / S288c)	Fungi	282	True
Q12089	Saccharomyces cerevisiae (strain ATCC 204508 / S288c)	Fungi	606	False
Q38845	Arabidopsis thaliana	Plants	588	False
Q40406	Narcissus pseudonarcissus	Plants	570	False
Q03079	Saccharomyces cerevisiae (strain ATCC 204508 / S288c)	Fungi	207	False
P0C6S7	Rattus norvegicus	Metazoa	1260	False
Q9H4E7	Homo sapiens	Metazoa	631	False
O75943	Homo sapiens	Metazoa	681	False
Q8WVM7	Homo sapiens	Metazoa	1258	False
Q9H582	Homo sapiens	Metazoa	1327	False
Q9FDX9	Arabidopsis thaliana	Plants	98	False
Q9BUX1	Homo sapiens	Metazoa	222	False
Q9NPF8	Homo sapiens	Metazoa	381	False
P11448	Bryopsis maxima	Plants	88	False
Q5N829	Oryza sativa subsp. japonica	Plants	953	False
F4HVZ5	Arabidopsis thaliana	Plants	279	False
G5ECC7	Caenorhabditis elegans	Metazoa	1264	False
Q96L92	Homo sapiens	Metazoa	541	False
Q8K3Y3	Mus musculus	Metazoa	209	False
Q91904	Xenopus laevis	Metazoa	370	False
Q6NQE2	Arabidopsis thaliana	Plants	205	False
Q9FQ02	Arabidopsis thaliana	Plants	1012	False
Q6P1J9	Homo sapiens	Metazoa	531	False
P53219	Saccharomyces cerevisiae (strain ATCC 204508 / S288c)	Fungi	342	False
Q9C685	Arabidopsis thaliana	Plants	211	False
Q14CH7	Mus musculus	Metazoa	980	False
Q9BTV5	Homo sapiens	Metazoa	496	False
P33448	Saccharomyces cerevisiae (strain ATCC 204508 / S288c)	Fungi	61	True
Q9SB31	Arabidopsis thaliana	Plants	404	False
Q9S7C0	Arabidopsis thaliana	Plants	831	False
Q9C0C2	Homo sapiens	Metazoa	1729	False
Q7KRI2	Drosophila melanogaster	Metazoa	127	False
Q53JF7	Oryza sativa subsp. japonica	Plants	138	False
Q9Z2D8	Mus musculus	Metazoa	285	False
P0DJH7	Gallus gallus	Metazoa	80	False
O80669	Arabidopsis thaliana	Plants	141	False
Q99643	Homo sapiens	Metazoa	169	True
Q9LHA8	Arabidopsis thaliana	Plants	650	False
Q0WRY5	Arabidopsis thaliana	Plants	378	False
Q9VWN4	Drosophila melanogaster	Metazoa	1150	False
O74536	Schizosaccharomyces pombe (strain 972 / ATCC 24843)	Fungi	576	False
O94993	Homo sapiens	Metazoa	753	False
Q9P7J2	Schizosaccharomyces pombe (strain 972 / ATCC 24843)	Fungi	203	False
Q5SVQ0	Mus musculus	Metazoa	613	False
Q96BR5	Homo sapiens	Metazoa	231	False
Q8CFP6	Mus musculus	Metazoa	273	False
P18886	Rattus norvegicus	Metazoa	658	False
Q9M817	Arabidopsis thaliana	Plants	607	True
Q8K1Z6	Mus musculus	Metazoa	331	True
Q9XI90	Arabidopsis thaliana	Plants	514	False
P20290	Homo sapiens	Metazoa	206	False
P53784	Mus musculus	Metazoa	375	False
P00927	Saccharomyces cerevisiae (strain ATCC 204508 / S288c)	Fungi	576	False
Q10412	Schizosaccharomyces pombe (strain 972 / ATCC 24843)	Fungi	403	False
O35047	Mus musculus	Metazoa	217	False
P41438	Mus musculus	Metazoa	512	True
Q66JT0	Mus musculus	Metazoa	555	False
Q9Z0S4	Mus musculus	Metazoa	211	True
P59178	Mus musculus	Metazoa	703	False
P14693	Saccharomyces cerevisiae (strain ATCC 204508 / S288c)	Fungi	329	False
O95476	Homo sapiens	Metazoa	244	True
Q15286	Homo sapiens	Metazoa	201	False
P70445	Mus musculus	Metazoa	120	False
Q9VVK8	Drosophila melanogaster	Metazoa	594	False
Q80ZI2	Mus musculus	Metazoa	223	False
P36405	Homo sapiens	Metazoa	182	False
Q99258	Saccharomyces cerevisiae (strain ATCC 204508 / S288c)	Fungi	208	False
Q99ML9	Mus musculus	Metazoa	989	False
Q9VQI9	Drosophila melanogaster	Metazoa	1673	False
I1CS06	Rhizopus delemar (strain RA 99-880 / ATCC MYA-4621 / FGSC 9543 / NRRL 43880)	Fungi	317	True
Q93Y52	Chlamydomonas reinhardtii	Plants	280	False
F4K1R2	Arabidopsis thaliana	Plants	197	False
Q7SF85	Neurospora crassa (strain ATCC 24698 / 74-OR23-1A / CBS 708.71 / DSM 1257 / FGSC 987)	Fungi	113	False
Q15038	Homo sapiens	Metazoa	168	False
Q9UH77	Homo sapiens	Metazoa	587	False
Q9YNA8	Homo sapiens	Metazoa	666	False
Q9FX45	Arabidopsis thaliana	Plants	181	False
Q12906	Homo sapiens	Metazoa	894	False
Q03135	Homo sapiens	Metazoa	178	False
P62833	Bos taurus	Metazoa	184	False
Q93WX6	Arabidopsis thaliana	Plants	463	False
O00408	Homo sapiens	Metazoa	941	False
Q9BPZ2	Homo sapiens	Metazoa	258	False
P17157	Saccharomyces cerevisiae (strain ATCC 204508 / S288c)	Fungi	305	False
P46604	Arabidopsis thaliana	Plants	278	False
O14336	Schizosaccharomyces pombe (strain 972 / ATCC 24843)	Fungi	461	False
Q96S21	Homo sapiens	Metazoa	281	False
P25322	Mus musculus	Metazoa	295	False
Q9SL94	Arabidopsis thaliana	Plants	324	False
Q9CXV9	Mus musculus	Metazoa	237	False
P29590	Homo sapiens	Metazoa	882	False
Q8TEK3	Homo sapiens	Metazoa	1537	False
P07249	Saccharomyces cerevisiae (strain ATCC 204508 / S288c)	Fungi	177	False
Q19972	Caenorhabditis elegans	Metazoa	270	False
P0DJE0	Mus musculus	Metazoa	76	True
P09087	Drosophila melanogaster	Metazoa	493	False
P32628	Saccharomyces cerevisiae (strain ATCC 204508 / S288c)	Fungi	398	False
P38110	Saccharomyces cerevisiae (strain ATCC 204508 / S288c)	Fungi	2787	False
Q08278	Saccharomyces cerevisiae (strain ATCC 204508 / S288c)	Fungi	222	False
P93788	Solanum tuberosum	Plants	198	False
O88413	Mus musculus	Metazoa	460	False
Q9C9L4	Arabidopsis thaliana	Plants	285	False
Q64565	Rattus norvegicus	Metazoa	512	False
Q8WUU8	Homo sapiens	Metazoa	243	True
Q14103	Homo sapiens	Metazoa	355	False
Q64523	Mus musculus	Metazoa	129	False
Q8H1E8	Arabidopsis thaliana	Plants	710	False
Q07915	Saccharomyces cerevisiae (strain ATCC 204508 / S288c)	Fungi	199	False
M9RZ95	Dermatophagoides farinae	Metazoa	118	False
Q91WS2	Mus musculus	Metazoa	869	False
O14733	Homo sapiens	Metazoa	419	False
Q9BZF3	Homo sapiens	Metazoa	934	False
P48496	Spinacia oleracea	Plants	322	False
Q8GY82	Arabidopsis thaliana	Plants	351	False
Q93ZY2	Arabidopsis thaliana	Plants	548	False
P54783	Saccharomyces cerevisiae (strain ATCC 204508 / S288c)	Fungi	526	False
Q01167	Homo sapiens	Metazoa	660	False
Q9QZW9	Mus musculus	Metazoa	404	False
P27066	Glycine max	Plants	475	False
Q8TEZ7	Homo sapiens	Metazoa	354	True
P10690	Spinacia oleracea	Plants	140	False
P55087	Homo sapiens	Metazoa	323	True
Q9BY07	Homo sapiens	Metazoa	1137	False
Q1JRP2	Mus musculus	Metazoa	431	True
Q9LVM1	Arabidopsis thaliana	Plants	728	False
Q9LJD8	Arabidopsis thaliana	Plants	1368	False
Q9H205	Homo sapiens	Metazoa	316	True
P15315	Saccharomyces cerevisiae (strain ATCC 204508 / S288c)	Fungi	225	False
G3UYX5	Mus musculus	Metazoa	1258	False
Q9Y333	Homo sapiens	Metazoa	95	False
Q53FZ2	Homo sapiens	Metazoa	586	False
Q567V2	Homo sapiens	Metazoa	206	True
O14757	Homo sapiens	Metazoa	476	False
Q07157	Homo sapiens	Metazoa	1748	False
Q39102	Arabidopsis thaliana	Plants	716	False
Q75HE5	Oryza sativa subsp. japonica	Plants	316	False
Q99L88	Mus musculus	Metazoa	537	False
A8MQY1	Arabidopsis thaliana	Plants	473	False
P40481	Saccharomyces cerevisiae (strain ATCC 204508 / S288c)	Fungi	377	False
Q9UDY8	Homo sapiens	Metazoa	824	False
Q8BY35	Mus musculus	Metazoa	655	False
P84227	Bos taurus	Metazoa	136	False
Q9VPH0	Drosophila melanogaster	Metazoa	869	False
Q3E823	Saccharomyces cerevisiae (strain ATCC 204508 / S288c)	Fungi	68	False
E9Q9M8	Mus musculus	Metazoa	600	False
Q93442	Caenorhabditis elegans	Metazoa	2862	False
P48436	Homo sapiens	Metazoa	509	False
B2RWS6	Mus musculus	Metazoa	2412	False
Q9NZM4	Homo sapiens	Metazoa	1560	False
Q6DDT4	Xenopus laevis	Metazoa	517	False
Q7SBR3	Neurospora crassa (strain ATCC 24698 / 74-OR23-1A / CBS 708.71 / DSM 1257 / FGSC 987)	Fungi	86	False
Q9UH92	Homo sapiens	Metazoa	298	False
Q9LPZ4	Arabidopsis thaliana	Plants	204	False
Q8LBI1	Arabidopsis thaliana	Plants	301	False
Q12149	Saccharomyces cerevisiae (strain ATCC 204508 / S288c)	Fungi	733	False
Q03770	Saccharomyces cerevisiae (strain ATCC 204508 / S288c)	Fungi	852	False
Q99497	Homo sapiens	Metazoa	189	False
Q8L7W1	Arabidopsis thaliana	Plants	678	False
P0DP88	Danio rerio	Metazoa	75	True
Q5NCQ5	Mus musculus	Metazoa	438	False
Q6ZSM3	Homo sapiens	Metazoa	516	True
P62746	Mus musculus	Metazoa	196	False
Q02283	Arabidopsis thaliana	Plants	272	False
Q9STP8	Arabidopsis thaliana	Plants	354	True
Q0QF01	Sus scrofa	Metazoa	664	False
Q03776	Saccharomyces cerevisiae (strain ATCC 204508 / S288c)	Fungi	544	False
P10107	Mus musculus	Metazoa	346	False
Q9FFF4	Arabidopsis thaliana	Plants	477	False
A9YWR6	Medicago truncatula	Plants	727	False
P40318	Saccharomyces cerevisiae (strain ATCC 204508 / S288c)	Fungi	1319	False
P0C0A9	Rattus norvegicus	Metazoa	76	False
Q9UT12	Schizosaccharomyces pombe (strain 972 / ATCC 24843)	Fungi	225	False
Q9NWM0	Homo sapiens	Metazoa	555	False
Q60611	Mus musculus	Metazoa	764	False
P53004	Homo sapiens	Metazoa	296	False
P30301	Homo sapiens	Metazoa	263	True
P00059	Abutilon theophrasti	Plants	111	False
Q63918	Mus musculus	Metazoa	418	False
P83456	Gadus morhua	Metazoa	477	False
P53331	Saccharomyces cerevisiae (strain ATCC 204508 / S288c)	Fungi	553	False
P42645	Arabidopsis thaliana	Plants	268	False
O43681	Homo sapiens	Metazoa	348	False
Q08822	Saccharomyces cerevisiae (strain ATCC 204508 / S288c)	Fungi	631	False
Q62424	Mus musculus	Metazoa	386	False
Q8L7U5	Arabidopsis thaliana	Plants	881	False
Q31708	Arabidopsis thaliana	Plants	362	False
O60952	Dictyostelium discoideum	Other	199	False
P21957	Saccharomyces cerevisiae (strain ATCC 204508 / S288c)	Fungi	404	False
O23680	Arabidopsis thaliana	Plants	297	True
O08650	Mus musculus	Metazoa	554	True
Q15858	Homo sapiens	Metazoa	1988	False
P97343	Mus musculus	Metazoa	419	False
Q3ZCT1	Homo sapiens	Metazoa	412	False
Q39050	Arabidopsis thaliana	Plants	457	False
Q8TDN1	Homo sapiens	Metazoa	519	False
P15789	Cyanidium caldarium	Other	97	False
Q5JTZ9	Homo sapiens	Metazoa	985	False
Q92988	Homo sapiens	Metazoa	240	False
P83095	Bos taurus	Metazoa	556	False
Q64012	Mus musculus	Metazoa	312	False
Q9BW71	Homo sapiens	Metazoa	556	False
Q9N5R9	Caenorhabditis elegans	Metazoa	1030	False
Q9CR14	Mus musculus	Metazoa	375	False
P00035	Haematobia irritans	Metazoa	108	False
O95396	Homo sapiens	Metazoa	460	False
O60443	Homo sapiens	Metazoa	496	False
Q8H191	Arabidopsis thaliana	Plants	497	False
Q29455	Bos taurus	Metazoa	198	False
Q9SY97	Arabidopsis thaliana	Plants	273	False
P0DKB9	Arabidopsis thaliana	Plants	326	False
Q96T76	Homo sapiens	Metazoa	1030	False
A2BE28	Mus musculus	Metazoa	776	False
Q02772	Saccharomyces cerevisiae (strain ATCC 204508 / S288c)	Fungi	108	False
Q9UPZ9	Homo sapiens	Metazoa	632	False
Q05046	Cucurbita maxima	Plants	575	False
Q96MA6	Homo sapiens	Metazoa	479	False
P25708	Bos taurus	Metazoa	464	False
H2QII6	Pan troglodytes	Metazoa	3224	False
Q924N4	Mus musculus	Metazoa	1150	False
P70340	Mus musculus	Metazoa	465	False
P53859	Saccharomyces cerevisiae (strain ATCC 204508 / S288c)	Fungi	292	False
P55040	Homo sapiens	Metazoa	296	False
Q3UUI3	Mus musculus	Metazoa	230	False
Q10360	Schizosaccharomyces pombe (strain 972 / ATCC 24843)	Fungi	97	False
P99999	Homo sapiens	Metazoa	105	False
Q13155	Homo sapiens	Metazoa	320	False
P40089	Saccharomyces cerevisiae (strain ATCC 204508 / S288c)	Fungi	93	False
Q9N425	Caenorhabditis elegans	Metazoa	501	False
P35601	Mus musculus	Metazoa	1131	False
P17665	Mus musculus	Metazoa	63	True
Q13886	Homo sapiens	Metazoa	244	False
Q9SJF1	Arabidopsis thaliana	Plants	589	False
Q9R1P0	Mus musculus	Metazoa	261	False
P53032	Saccharomyces cerevisiae (strain ATCC 204508 / S288c)	Fungi	299	False
P11490	Arabidopsis thaliana	Plants	171	False
P56778	Arabidopsis thaliana	Plants	473	True
Q9FGB1	Arabidopsis thaliana	Plants	385	False
O88662	Mus musculus	Metazoa	172	True
P70120	Mus musculus	Metazoa	167	False
P19414	Saccharomyces cerevisiae (strain ATCC 204508 / S288c)	Fungi	778	False
P27450	Arabidopsis thaliana	Plants	419	False
Q4WGE2	Aspergillus fumigatus (strain ATCC MYA-4609 / CBS 101355 / FGSC A1100 / Af293)	Fungi	607	True
P23204	Mus musculus	Metazoa	468	False
Q21773	Caenorhabditis elegans	Metazoa	489	False
Q9QZN9	Rattus norvegicus	Metazoa	360	True
Q7TP54	Rattus norvegicus	Metazoa	1310	False
P51812	Homo sapiens	Metazoa	740	False
P00008	Oryctolagus cuniculus	Metazoa	105	False
O35245	Mus musculus	Metazoa	966	False
Q9FLD5	Arabidopsis thaliana	Plants	514	True
P13468	Drosophila melanogaster	Metazoa	463	False
Q8NEC5	Homo sapiens	Metazoa	780	False
Q9Y291	Homo sapiens	Metazoa	106	False
P52891	Saccharomyces cerevisiae (strain ATCC 204508 / S288c)	Fungi	726	False
O49290	Arabidopsis thaliana	Plants	339	False
Q9SRH6	Arabidopsis thaliana	Plants	285	False
Q8NAV1	Homo sapiens	Metazoa	312	False
P46781	Homo sapiens	Metazoa	194	False
O22921	Arabidopsis thaliana	Plants	393	False
Q8N3R9	Homo sapiens	Metazoa	675	False
O94276	Schizosaccharomyces pombe (strain 972 / ATCC 24843)	Fungi	215	False
P20265	Homo sapiens	Metazoa	443	False
P11943	Neurospora crassa (strain ATCC 24698 / 74-OR23-1A / CBS 708.71 / DSM 1257 / FGSC 987)	Fungi	134	False
P36993	Mus musculus	Metazoa	390	False
Q9Y508	Homo sapiens	Metazoa	228	False
Q9D666	Mus musculus	Metazoa	913	False
Q05892	Saccharomyces cerevisiae (strain ATCC 204508 / S288c)	Fungi	277	False
O60331	Homo sapiens	Metazoa	668	False
O49660	Arabidopsis thaliana	Plants	491	True
O08790	Mus musculus	Metazoa	351	True
Q8TF01	Homo sapiens	Metazoa	805	False
Q9U3V9	Drosophila melanogaster	Metazoa	2079	False
Q8GYY1	Arabidopsis thaliana	Plants	412	False
Q91YE8	Mus musculus	Metazoa	1087	False
Q9LQZ7	Arabidopsis thaliana	Plants	331	False
Q17RH7	Homo sapiens	Metazoa	139	False
P30559	Homo sapiens	Metazoa	389	True
Q9DAG4	Mus musculus	Metazoa	180	False
P19388	Homo sapiens	Metazoa	210	False
Q8S8P5	Arabidopsis thaliana	Plants	519	False
P09838	Mus musculus	Metazoa	510	False
Q0WNB1	Arabidopsis thaliana	Plants	243	False
Q61133	Mus musculus	Metazoa	244	False
A0A143ZZK9	Plasmodium falciparum (isolate 3D7)	Other	1264	False
P24349	Caenorhabditis elegans	Metazoa	1201	False
P34341	Caenorhabditis elegans	Metazoa	821	False
Q8W487	Arabidopsis thaliana	Plants	250	False
Q96FX8	Homo sapiens	Metazoa	193	True
P38175	Saccharomyces cerevisiae (strain ATCC 204508 / S288c)	Fungi	177	False
Q9UQB9	Homo sapiens	Metazoa	309	False
Q22799	Caenorhabditis elegans	Metazoa	89	False
Q9ZTZ7	Arabidopsis thaliana	Plants	1193	False
A0A0P0X9Z7	Oryza sativa subsp. japonica	Plants	1600	False
P20264	Homo sapiens	Metazoa	500	False
P07947	Homo sapiens	Metazoa	543	False
Q9FGW5	Arabidopsis thaliana	Plants	612	False
Q6PCD5	Homo sapiens	Metazoa	774	False
Q5JTC6	Homo sapiens	Metazoa	1135	False
Q58DV5	Bos taurus	Metazoa	161	False
Q9VLN1	Drosophila melanogaster	Metazoa	317	False
P87000	Neurospora crassa (strain ATCC 24698 / 74-OR23-1A / CBS 708.71 / DSM 1257 / FGSC 987)	Fungi	926	False
Q20977	Caenorhabditis elegans	Metazoa	567	False
P15207	Rattus norvegicus	Metazoa	902	False
Q9BUE6	Homo sapiens	Metazoa	129	False
Q9Y2F5	Homo sapiens	Metazoa	2266	False
Q8GYB1	Arabidopsis thaliana	Plants	285	False
A0A8I3PDQ1	Canis lupus familiaris	Metazoa	834	False
P20591	Homo sapiens	Metazoa	662	False
Q3V132	Mus musculus	Metazoa	320	True
C7AU21	Oryza sativa subsp. japonica	Plants	278	False
P42891	Bos taurus	Metazoa	754	True
Q12311	Saccharomyces cerevisiae (strain ATCC 204508 / S288c)	Fungi	748	False
Q6DRC5	Danio rerio	Metazoa	1014	False
Q9UTC0	Schizosaccharomyces pombe (strain 972 / ATCC 24843)	Fungi	50	False
Q7Z7K6	Homo sapiens	Metazoa	275	False
P62808	Bos taurus	Metazoa	126	False
P41146	Homo sapiens	Metazoa	370	True
P18625	Gallus gallus	Metazoa	323	False
Q9C9B9	Arabidopsis thaliana	Plants	643	False
Q03774	Saccharomyces cerevisiae (strain ATCC 204508 / S288c)	Fungi	444	False
Q9VKQ9	Drosophila melanogaster	Metazoa	134	False
P40065	Saccharomyces cerevisiae (strain ATCC 204508 / S288c)	Fungi	302	False
Q9WV31	Mus musculus	Metazoa	396	False
Q8VZQ4	Arabidopsis thaliana	Plants	536	False
Q06224	Saccharomyces cerevisiae (strain ATCC 204508 / S288c)	Fungi	779	False
P0C5Y9	Homo sapiens	Metazoa	115	False
Q9ERE4	Rattus norvegicus	Metazoa	298	False
P40002	Saccharomyces cerevisiae (strain ATCC 204508 / S288c)	Fungi	666	False
P06512	Spinacia oleracea	Plants	734	True
Q9CZX7	Mus musculus	Metazoa	257	False
O22914	Arabidopsis thaliana	Plants	124	False
P12683	Saccharomyces cerevisiae (strain ATCC 204508 / S288c)	Fungi	1054	True
P08235	Homo sapiens	Metazoa	984	False
Q9ZNX9	Arabidopsis thaliana	Plants	517	False
P34440	Caenorhabditis elegans	Metazoa	261	False
P24385	Homo sapiens	Metazoa	295	False
P50440	Homo sapiens	Metazoa	423	False
Q8RWV0	Arabidopsis thaliana	Plants	741	False
Q9M365	Arabidopsis thaliana	Plants	359	False
Q8L617	Arabidopsis thaliana	Plants	313	False
P38998	Saccharomyces cerevisiae (strain ATCC 204508 / S288c)	Fungi	373	False
P16243	Zea mays	Plants	636	False
O54751	Mus musculus	Metazoa	299	False
Q9S795	Arabidopsis thaliana	Plants	501	False
Q5ABU7	Candida albicans (strain SC5314 / ATCC MYA-2876)	Fungi	564	False
Q9H7V2	Homo sapiens	Metazoa	258	False
Q6PG16	Mus musculus	Metazoa	667	False
Q9SEL7	Arabidopsis thaliana	Plants	323	False
O88870	Mus musculus	Metazoa	551	True
Q56VL3	Homo sapiens	Metazoa	154	False
Q9GZZ0	Homo sapiens	Metazoa	328	False
Q93YN0	Arabidopsis thaliana	Plants	187	False
Q8LB10	Arabidopsis thaliana	Plants	305	False
P48664	Homo sapiens	Metazoa	564	True
Q9XGY4	Arabidopsis thaliana	Plants	77	False
Q6NPS8	Arabidopsis thaliana	Plants	623	False
Q04195	Saccharomyces cerevisiae (strain ATCC 204508 / S288c)	Fungi	904	False
P18870	Gallus gallus	Metazoa	314	False
Q709C8	Homo sapiens	Metazoa	3753	False
O74504	Schizosaccharomyces pombe (strain 972 / ATCC 24843)	Fungi	791	False
O35119	Rattus norvegicus	Metazoa	977	False
S7VVK4	Toxoplasma gondii (strain ATCC 50853 / GT1)	Other	4367	False
Q8VDS3	Mus musculus	Metazoa	158	False
O94258	Schizosaccharomyces pombe (strain 972 / ATCC 24843)	Fungi	978	False
W7MAT5	Gibberella moniliformis (strain M3125 / FGSC 7600)	Fungi	574	True
U4PCM1	Caenorhabditis elegans	Metazoa	809	False
P10962	Saccharomyces cerevisiae (strain ATCC 204508 / S288c)	Fungi	306	False
Q9BQ83	Homo sapiens	Metazoa	275	False
O21619	Ovis aries	Metazoa	261	True
Q9JM73	Mus musculus	Metazoa	504	False
P53739	Saccharomyces cerevisiae (strain ATCC 204508 / S288c)	Fungi	893	False
Q05084	Homo sapiens	Metazoa	483	False
Q9QWH1	Mus musculus	Metazoa	850	False
O94759	Homo sapiens	Metazoa	1503	False
Q02873	Saccharomyces cerevisiae (strain ATCC 204508 / S288c)	Fungi	248	False
Q5HYK3	Homo sapiens	Metazoa	327	False
P37208	Porphyridium purpureum	Other	172	False
Q8TAS1	Homo sapiens	Metazoa	419	False
O74563	Schizosaccharomyces pombe (strain 972 / ATCC 24843)	Fungi	680	False
B8XX90	Sus scrofa	Metazoa	378	True
Q9ZSD4	Arabidopsis thaliana	Plants	346	False
Q8IV63	Homo sapiens	Metazoa	474	False
P84234	Oncorhynchus mykiss	Metazoa	136	False
Q9H0E7	Homo sapiens	Metazoa	712	False
Q9LS03	Arabidopsis thaliana	Plants	254	False
P82922	Bos taurus	Metazoa	397	False
Q9ERS2	Mus musculus	Metazoa	144	True
Q6NKX1	Arabidopsis thaliana	Plants	476	False
O54968	Rattus norvegicus	Metazoa	604	False
Q04175	Saccharomyces cerevisiae (strain ATCC 204508 / S288c)	Fungi	944	False
Q99PP7	Mus musculus	Metazoa	1142	False
Q01080	Saccharomyces cerevisiae (strain ATCC 204508 / S288c)	Fungi	415	False
Q9W413	Drosophila melanogaster	Metazoa	544	False
Q61337	Mus musculus	Metazoa	204	False
Q96P69	Homo sapiens	Metazoa	363	True
Q15287	Homo sapiens	Metazoa	305	False
P49758	Homo sapiens	Metazoa	472	False
Q12511	Saccharomyces cerevisiae (strain ATCC 204508 / S288c)	Fungi	572	False
Q80Z96	Mus musculus	Metazoa	526	False
Q60754	Mus musculus	Metazoa	518	True
Q15797	Homo sapiens	Metazoa	465	False
Q5BJY9	Rattus norvegicus	Metazoa	423	False
Q9C5U1	Arabidopsis thaliana	Plants	1036	True
P22033	Homo sapiens	Metazoa	750	False
O15265	Homo sapiens	Metazoa	892	False
P48267	Chlamydomonas reinhardtii	Plants	168	False
Q16531	Homo sapiens	Metazoa	1140	False
P97447	Mus musculus	Metazoa	280	False
Q9NUS5	Homo sapiens	Metazoa	200	False
P26969	Pisum sativum	Plants	1057	False
Q9SCJ9	Arabidopsis thaliana	Plants	1067	False
Q6YSY5	Oryza sativa subsp. japonica	Plants	357	False
P41208	Homo sapiens	Metazoa	172	False
Q92681	Homo sapiens	Metazoa	617	False
Q7XA78	Arabidopsis thaliana	Plants	264	False
Q8NBZ0	Homo sapiens	Metazoa	244	False
O60174	Schizosaccharomyces pombe (strain 972 / ATCC 24843)	Fungi	582	False
O00764	Homo sapiens	Metazoa	312	False
Q9CY57	Mus musculus	Metazoa	249	False
Q1K528	Neurospora crassa (strain ATCC 24698 / 74-OR23-1A / CBS 708.71 / DSM 1257 / FGSC 987)	Fungi	82	True
Q61699	Mus musculus	Metazoa	858	False
Q7K4M4	Drosophila melanogaster	Metazoa	649	False
Q9WTR1	Mus musculus	Metazoa	756	False
Q8IM30	Plasmodium falciparum (isolate 3D7)	Other	608	False
Q920G2	Rattus norvegicus	Metazoa	337	False
Q8TDI0	Homo sapiens	Metazoa	1954	False
Q9Y3S2	Homo sapiens	Metazoa	320	False
Q63531	Rattus norvegicus	Metazoa	735	False
P06685	Rattus norvegicus	Metazoa	1023	True
Q06409	Saccharomyces cerevisiae (strain ATCC 204508 / S288c)	Fungi	1932	False
Q06344	Saccharomyces cerevisiae (strain ATCC 204508 / S288c)	Fungi	628	False
Q32SG6	Zea mays	Plants	964	False
Q6PD74	Homo sapiens	Metazoa	315	False
Q86HX0	Dictyostelium discoideum	Other	356	False
Q8TBZ0	Homo sapiens	Metazoa	833	False
Q8VH31	Mus musculus	Metazoa	287	False
P10412	Homo sapiens	Metazoa	219	False
Q94165	Caenorhabditis elegans	Metazoa	256	False
Q9ZNT7	Arabidopsis thaliana	Plants	286	True
Q920G9	Mus musculus	Metazoa	524	False
P22148	Saccharomyces cerevisiae (strain ATCC 204508 / S288c)	Fungi	382	False
Q9Y6X3	Homo sapiens	Metazoa	613	False
O78750	Ovis aries	Metazoa	227	True
A8DYY6	Drosophila melanogaster	Metazoa	616	False
P32521	Saccharomyces cerevisiae (strain ATCC 204508 / S288c)	Fungi	1480	False
P34283	Caenorhabditis elegans	Metazoa	442	False
P53041	Homo sapiens	Metazoa	499	False
P30419	Homo sapiens	Metazoa	496	False
Q3E906	Arabidopsis thaliana	Plants	450	False
Q8BIA4	Mus musculus	Metazoa	598	False
O94268	Schizosaccharomyces pombe (strain 972 / ATCC 24843)	Fungi	608	False
Q9FDX8	Oryza sativa subsp. japonica	Plants	395	False
P40917	Saccharomyces cerevisiae (strain ATCC 204508 / S288c)	Fungi	295	False
Q05519	Homo sapiens	Metazoa	484	False
P50896	Saccharomyces cerevisiae (strain ATCC 204508 / S288c)	Fungi	841	False
O17468	Drosophila melanogaster	Metazoa	1047	False
P49177	Arabidopsis thaliana	Plants	377	False
Q8H1S7	Arabidopsis thaliana	Plants	927	False
Q13183	Homo sapiens	Metazoa	592	True
P52758	Homo sapiens	Metazoa	137	False
Q92585	Homo sapiens	Metazoa	1016	False
Q12974	Homo sapiens	Metazoa	167	False
P08468	Saccharomyces cerevisiae (strain ATCC 204508 / S288c)	Fungi	800	False
Q6P8X9	Mus musculus	Metazoa	189	False
Q9T0A4	Arabidopsis thaliana	Plants	250	False
Q99675	Homo sapiens	Metazoa	332	False
Q18825	Caenorhabditis elegans	Metazoa	811	False
P0C016	Schizosaccharomyces pombe (strain 972 / ATCC 24843)	Fungi	150	False
Q8ISM1	Giardia intestinalis	Other	755	False
Q4L208	Rattus norvegicus	Metazoa	575	True
Q15785	Homo sapiens	Metazoa	309	False
Q9NS39	Homo sapiens	Metazoa	739	False
Q8GY89	Arabidopsis thaliana	Plants	125	False
P35637	Homo sapiens	Metazoa	526	False
P41910	Saccharomyces cerevisiae (strain ATCC 204508 / S288c)	Fungi	395	False
Q7XR46	Oryza sativa subsp. japonica	Plants	487	False
Q86XK2	Homo sapiens	Metazoa	927	False
Q15061	Homo sapiens	Metazoa	677	False
Q0WQF7	Arabidopsis thaliana	Plants	637	False
Q14331	Homo sapiens	Metazoa	258	False
Q5EAW4	Xenopus laevis	Metazoa	860	False
Q2KID9	Bos taurus	Metazoa	430	False
Q9FYL3	Arabidopsis thaliana	Plants	499	False
O95822	Homo sapiens	Metazoa	493	False
P09911	Pisum sativum	Plants	149	False
Q0D7I3	Oryza sativa subsp. japonica	Plants	509	False
P70336	Mus musculus	Metazoa	1388	False
Q9CU62	Mus musculus	Metazoa	1233	False
D3IUT5	Xenopus laevis	Metazoa	1985	False
P37199	Rattus norvegicus	Metazoa	1390	False
Q9UJU6	Homo sapiens	Metazoa	430	False
Q9ULG1	Homo sapiens	Metazoa	1556	False
O46550	Canis lupus familiaris	Metazoa	162	False
Q8VDK1	Mus musculus	Metazoa	323	False
O76039	Homo sapiens	Metazoa	960	False
Q9LYR2	Arabidopsis thaliana	Plants	274	False
P22438	Saccharomyces cerevisiae (strain ATCC 204508 / S288c)	Fungi	575	False
Q56YA5	Arabidopsis thaliana	Plants	401	False
P97769	Mus musculus	Metazoa	203	False
Q9NQS5	Homo sapiens	Metazoa	396	True
O20030	Chlamydomonas reinhardtii	Plants	197	True
Q9M651	Arabidopsis thaliana	Plants	545	False
P40344	Saccharomyces cerevisiae (strain ATCC 204508 / S288c)	Fungi	310	False
Q9BQ48	Homo sapiens	Metazoa	92	False
P38208	Saccharomyces cerevisiae (strain ATCC 204508 / S288c)	Fungi	133	False
Q9SAA2	Arabidopsis thaliana	Plants	271	False
P56288	Schizosaccharomyces pombe (strain 972 / ATCC 24843)	Fungi	458	False
P49790	Homo sapiens	Metazoa	1475	False
O49686	Arabidopsis thaliana	Plants	191	False
Q8VYU8	Arabidopsis thaliana	Plants	396	False
P26434	Rattus norvegicus	Metazoa	717	False
Q8ND71	Homo sapiens	Metazoa	665	False
Q9C5H5	Arabidopsis thaliana	Plants	716	False
O60447	Homo sapiens	Metazoa	810	False
O95983	Homo sapiens	Metazoa	291	False
Q9CWU5	Mus musculus	Metazoa	440	False
Q9LVA9	Arabidopsis thaliana	Plants	420	False
C4R826	Komagataella phaffii (strain GS115 / ATCC 20864)	Fungi	204	False
Q6IMP4	Mus musculus	Metazoa	677	True
P60763	Homo sapiens	Metazoa	192	False
Q10N20	Oryza sativa subsp. japonica	Plants	369	False
P32337	Saccharomyces cerevisiae (strain ATCC 204508 / S288c)	Fungi	1089	False
O13539	Saccharomyces cerevisiae (strain ATCC 204508 / S288c)	Fungi	261	False
P00226	Sambucus nigra	Plants	97	False
P38885	Saccharomyces cerevisiae (strain ATCC 204508 / S288c)	Fungi	310	False
O14497	Homo sapiens	Metazoa	2285	False
Q05921	Mus musculus	Metazoa	735	False
P41948	Saccharomyces cerevisiae (strain ATCC 204508 / S288c)	Fungi	499	True
P0CY11	Saccharomyces cerevisiae (strain ATCC 204508 / S288c)	Fungi	126	False
Q6B0I6	Homo sapiens	Metazoa	523	False
P25788	Homo sapiens	Metazoa	255	False
Q00056	Homo sapiens	Metazoa	320	False
P61457	Homo sapiens	Metazoa	104	False
Q63470	Rattus norvegicus	Metazoa	763	False
Q91XD2	Mus musculus	Metazoa	341	False
Q18321	Caenorhabditis elegans	Metazoa	482	True
O43918	Homo sapiens	Metazoa	545	False
A0A445AGS0	Arachis hypogaea	Plants	203	False
O22873	Arabidopsis thaliana	Plants	367	False
F4KFB3	Arabidopsis thaliana	Plants	598	False
H3BKT1	Mus musculus	Metazoa	185	False
O54714	Mus musculus	Metazoa	628	False
Q10586	Homo sapiens	Metazoa	325	False
Q9N1F5	Sus scrofa	Metazoa	241	False
M4IQQ5	Humulus lupulus	Plants	556	False
P33611	Mus musculus	Metazoa	600	False
Q9C9M6	Arabidopsis thaliana	Plants	196	False
Q9H6T0	Homo sapiens	Metazoa	727	False
O45923	Caenorhabditis elegans	Metazoa	410	False
Q6IRB1	Xenopus laevis	Metazoa	300	False
O08579	Mus musculus	Metazoa	259	False
P38909	Saccharomyces cerevisiae (strain ATCC 204508 / S288c)	Fungi	366	False
Q60974	Mus musculus	Metazoa	2453	False
O14015	Schizosaccharomyces pombe (strain 972 / ATCC 24843)	Fungi	150	False
P40012	Saccharomyces cerevisiae (strain ATCC 204508 / S288c)	Fungi	539	False
O74771	Schizosaccharomyces pombe (strain 972 / ATCC 24843)	Fungi	374	False
P09022	Mus musculus	Metazoa	331	False
Q71RC2	Homo sapiens	Metazoa	724	False
Q8N328	Homo sapiens	Metazoa	593	False
Q1MTR4	Schizosaccharomyces pombe (strain 972 / ATCC 24843)	Fungi	424	False
Q7SAJ1	Neurospora crassa (strain ATCC 24698 / 74-OR23-1A / CBS 708.71 / DSM 1257 / FGSC 987)	Fungi	236	False
Q9NPI9	Homo sapiens	Metazoa	418	True
Q9NPC2	Homo sapiens	Metazoa	374	True
Q22355	Caenorhabditis elegans	Metazoa	377	False
Q9FG74	Arabidopsis thaliana	Plants	498	False
Q5F1R6	Homo sapiens	Metazoa	531	False
P08680	Mus musculus	Metazoa	587	False
Q86YL5	Homo sapiens	Metazoa	185	False
G4N1S3	Pyricularia oryzae (strain 70-15 / ATCC MYA-4617 / FGSC 8958)	Fungi	241	False
Q8VDF2	Mus musculus	Metazoa	782	False
B8XA40	Solanum habrochaites	Plants	303	False
P18825	Homo sapiens	Metazoa	462	True
P47128	Saccharomyces cerevisiae (strain ATCC 204508 / S288c)	Fungi	113	False
O94850	Homo sapiens	Metazoa	711	False
Q9CPZ1	Mus musculus	Metazoa	294	False
Q86TC9	Homo sapiens	Metazoa	1320	False
Q2MJT0	Rattus norvegicus	Metazoa	495	False
Q9US14	Schizosaccharomyces pombe (strain 972 / ATCC 24843)	Fungi	268	False
Q13098	Homo sapiens	Metazoa	491	False
Q9D328	Mus musculus	Metazoa	167	True
Q96DI7	Homo sapiens	Metazoa	357	False
P53207	Saccharomyces cerevisiae (strain ATCC 204508 / S288c)	Fungi	620	False
P23611	Mus musculus	Metazoa	424	False
Q15172	Homo sapiens	Metazoa	486	False
P26769	Rattus norvegicus	Metazoa	1090	True
Q12753	Saccharomyces cerevisiae (strain ATCC 204508 / S288c)	Fungi	694	False
P51998	Saccharomyces cerevisiae (strain ATCC 204508 / S288c)	Fungi	286	False
Q5BJZ6	Rattus norvegicus	Metazoa	400	False
Q8BVN7	Mus musculus	Metazoa	312	True
Q9SU50	Arabidopsis thaliana	Plants	626	True
Q9P0N9	Homo sapiens	Metazoa	293	False
Q9NWT6	Homo sapiens	Metazoa	349	False
P30281	Homo sapiens	Metazoa	292	False
O95782	Homo sapiens	Metazoa	977	False
O88843	Mus musculus	Metazoa	199	False
P53669	Rattus norvegicus	Metazoa	647	False
Q13287	Homo sapiens	Metazoa	307	False
O43325	Homo sapiens	Metazoa	122	False
Q9W0G1	Drosophila melanogaster	Metazoa	548	False
P52594	Homo sapiens	Metazoa	562	False
Q99808	Homo sapiens	Metazoa	456	True
P39103	Saccharomyces cerevisiae (strain ATCC 204508 / S288c)	Fungi	70	True
P97520	Rattus norvegicus	Metazoa	352	True
A2AAJ9	Mus musculus	Metazoa	8886	False
P24704	Arabidopsis thaliana	Plants	152	False
O82357	Arabidopsis thaliana	Plants	347	False
O74740	Schizosaccharomyces pombe (strain 972 / ATCC 24843)	Fungi	797	False
P27338	Homo sapiens	Metazoa	520	False
Q04749	Saccharomyces cerevisiae (strain ATCC 204508 / S288c)	Fungi	426	False
Q674X7	Homo sapiens	Metazoa	775	False
Q9H1Z4	Homo sapiens	Metazoa	485	False
Q8IXH6	Homo sapiens	Metazoa	220	False
Q09028	Homo sapiens	Metazoa	425	False
O70258	Mus musculus	Metazoa	437	False
Q29RU1	Bos taurus	Metazoa	139	False
Q5FVH8	Rattus norvegicus	Metazoa	257	False
O43829	Homo sapiens	Metazoa	449	False
Q12734	Saccharomyces cerevisiae (strain ATCC 204508 / S288c)	Fungi	1121	False
Q336N8	Oryza sativa subsp. japonica	Plants	858	False
Q9UTE3	Schizosaccharomyces pombe (strain 972 / ATCC 24843)	Fungi	620	False
O22268	Arabidopsis thaliana	Plants	353	False
Q8N2Z9	Homo sapiens	Metazoa	138	False
P09038	Homo sapiens	Metazoa	288	False
A0FGR8	Homo sapiens	Metazoa	921	False
Q12375	Saccharomyces cerevisiae (strain ATCC 204508 / S288c)	Fungi	292	True
Q9U3F4	Caenorhabditis elegans	Metazoa	603	False
P81299	Caenorhabditis elegans	Metazoa	709	False
Q9P790	Schizosaccharomyces pombe (strain 972 / ATCC 24843)	Fungi	316	False
P47811	Mus musculus	Metazoa	360	False
P28570	Rattus norvegicus	Metazoa	635	True
Q61136	Mus musculus	Metazoa	1007	False
Q9FME2	Arabidopsis thaliana	Plants	460	False
P17341	Petroselinum crispum	Plants	97	False
O94423	Schizosaccharomyces pombe (strain 972 / ATCC 24843)	Fungi	421	False
P56772	Arabidopsis thaliana	Plants	196	False
P36607	Schizosaccharomyces pombe (strain 972 / ATCC 24843)	Fungi	1133	False
A0A0K2GUJ4	Dermatophagoides pteronyssinus	Metazoa	118	False
P32569	Saccharomyces cerevisiae (strain ATCC 204508 / S288c)	Fungi	687	False
Q9FMT1	Arabidopsis thaliana	Plants	409	False
Q7M759	Mus musculus	Metazoa	288	False
Q7Z602	Homo sapiens	Metazoa	305	True
P22681	Homo sapiens	Metazoa	906	False
P0CS90	Saccharomyces cerevisiae (strain ATCC 204508 / S288c)	Fungi	654	False
P03887	Bos taurus	Metazoa	318	True
Q63244	Rattus norvegicus	Metazoa	399	False
Q24143	Drosophila melanogaster	Metazoa	723	False
P00119	Euglena gracilis	Other	87	False
Q63344	Rattus norvegicus	Metazoa	489	True
Q76NW2	Dictyostelium discoideum	Other	108	False
P58281	Mus musculus	Metazoa	960	False
Q91XS8	Rattus norvegicus	Metazoa	371	False
Q1K7L7	Neurospora crassa (strain ATCC 24698 / 74-OR23-1A / CBS 708.71 / DSM 1257 / FGSC 987)	Fungi	219	False
P12852	Chlamydomonas reinhardtii	Plants	199	False
Q9Y6X4	Homo sapiens	Metazoa	670	False
Q06187	Homo sapiens	Metazoa	659	False
Q9LMA8	Arabidopsis thaliana	Plants	253	False
Q14566	Homo sapiens	Metazoa	821	False
P83582	Solanum nigrum	Plants	97	False
Q8RYD6	Arabidopsis thaliana	Plants	331	False
O48741	Arabidopsis thaliana	Plants	401	False
Q8VGS3	Mus musculus	Metazoa	310	True
Q06892	Saccharomyces cerevisiae (strain ATCC 204508 / S288c)	Fungi	414	False
Q9FX31	Arabidopsis thaliana	Plants	722	False
Q5HZG9	Mus musculus	Metazoa	337	False
B5DFN2	Rattus norvegicus	Metazoa	483	False
P49411	Homo sapiens	Metazoa	455	False
Q9V6Q2	Drosophila melanogaster	Metazoa	225	False
Q9SCX9	Arabidopsis thaliana	Plants	400	False
P92948	Arabidopsis thaliana	Plants	844	False
Q8NG98	Homo sapiens	Metazoa	312	True
P07895	Rattus norvegicus	Metazoa	222	False
P98200	Mus musculus	Metazoa	1148	True
P08287	Gallus gallus	Metazoa	225	False
P34221	Saccharomyces cerevisiae (strain ATCC 204508 / S288c)	Fungi	468	False
Q05466	Arabidopsis thaliana	Plants	284	False
Q03482	Saccharomyces cerevisiae (strain ATCC 204508 / S288c)	Fungi	75	False
Q925F4	Mus musculus	Metazoa	539	False
P98196	Homo sapiens	Metazoa	1134	True
P09118	Rattus norvegicus	Metazoa	303	False
P32493	Saccharomyces cerevisiae (strain ATCC 204508 / S288c)	Fungi	518	False
P07768	Oryctolagus cuniculus	Metazoa	1827	True
Q9LX99	Arabidopsis thaliana	Plants	1273	False
Q9US06	Schizosaccharomyces pombe (strain 972 / ATCC 24843)	Fungi	456	False
Q5U2Y1	Rattus norvegicus	Metazoa	979	False
Q07442	Saccharomyces cerevisiae (strain ATCC 204508 / S288c)	Fungi	638	False
Q15291	Homo sapiens	Metazoa	538	False
Q03702	Saccharomyces cerevisiae (strain ATCC 204508 / S288c)	Fungi	353	False
Q9WV92	Mus musculus	Metazoa	929	False
P00873	Chlamydomonas reinhardtii	Plants	185	False
P40553	Saccharomyces cerevisiae (strain ATCC 204508 / S288c)	Fungi	215	False
Q4KMQ1	Homo sapiens	Metazoa	711	False
Q62311	Mus musculus	Metazoa	678	False
Q13618	Homo sapiens	Metazoa	768	False
Q06149	Saccharomyces cerevisiae (strain ATCC 204508 / S288c)	Fungi	701	False
Q61321	Mus musculus	Metazoa	775	False
Q86WQ0	Homo sapiens	Metazoa	139	False
P42768	Homo sapiens	Metazoa	502	False
P60228	Homo sapiens	Metazoa	445	False
Q9FE46	Arabidopsis thaliana	Plants	214	False
Q8AVN9	Xenopus laevis	Metazoa	524	False
P01112	Homo sapiens	Metazoa	189	False
Q9Z2V5	Mus musculus	Metazoa	1149	False
Q07589	Saccharomyces cerevisiae (strain ATCC 204508 / S288c)	Fungi	356	False
Q05175	Rattus norvegicus	Metazoa	220	False
O22161	Arabidopsis thaliana	Plants	930	False
P00854	Saccharomyces cerevisiae (strain ATCC 204508 / S288c)	Fungi	259	True
Q54QQ1	Dictyostelium discoideum	Other	1387	False
P14316	Homo sapiens	Metazoa	349	False
Q04839	Saccharomyces cerevisiae (strain ATCC 204508 / S288c)	Fungi	188	False
Q9ULP0	Homo sapiens	Metazoa	352	False
Q9Y2Y4	Homo sapiens	Metazoa	487	False
Q53H80	Homo sapiens	Metazoa	203	False
Q14684	Homo sapiens	Metazoa	758	False
Q8IXI1	Homo sapiens	Metazoa	618	False
Q96LB1	Homo sapiens	Metazoa	330	True
Q04837	Homo sapiens	Metazoa	148	False
Q9QVC8	Rattus norvegicus	Metazoa	458	False
Q6IR42	Mus musculus	Metazoa	630	False
Q7SHB2	Neurospora crassa (strain ATCC 24698 / 74-OR23-1A / CBS 708.71 / DSM 1257 / FGSC 987)	Fungi	348	False
Q95RQ8	Drosophila melanogaster	Metazoa	683	False
Q8T0S6	Drosophila melanogaster	Metazoa	669	False
P09651	Homo sapiens	Metazoa	372	False
P92964	Arabidopsis thaliana	Plants	264	False
O81775	Arabidopsis thaliana	Plants	158	True
Q12056	Saccharomyces cerevisiae (strain ATCC 204508 / S288c)	Fungi	156	False
P20719	Homo sapiens	Metazoa	270	False
Q19LA2	Colocasia esculenta	Plants	84	False
Q94AC8	Arabidopsis thaliana	Plants	274	False
Q8IUR7	Homo sapiens	Metazoa	673	False
Q8LG77	Arabidopsis thaliana	Plants	374	False
P0DOY1	Mus musculus	Metazoa	740	False
P53111	Saccharomyces cerevisiae (strain ATCC 204508 / S288c)	Fungi	347	False
Q96K12	Homo sapiens	Metazoa	515	False
Q9FVC1	Arabidopsis thaliana	Plants	240	False
Q96266	Arabidopsis thaliana	Plants	263	False
Q9LU86	Arabidopsis thaliana	Plants	216	False
Q7S4Y4	Neurospora crassa (strain ATCC 24698 / 74-OR23-1A / CBS 708.71 / DSM 1257 / FGSC 987)	Fungi	90	False
Q945K7	Arabidopsis thaliana	Plants	374	False
G5EE56	Caenorhabditis elegans	Metazoa	533	False
Q8AWF5	Xenopus laevis	Metazoa	638	False
O43374	Homo sapiens	Metazoa	803	False
Q08422	Saccharomyces cerevisiae (strain ATCC 204508 / S288c)	Fungi	150	False
Q8BSM7	Mus musculus	Metazoa	564	True
Q8TCT0	Homo sapiens	Metazoa	537	False
Q9LMT2	Arabidopsis thaliana	Plants	713	False
Q3ED65	Arabidopsis thaliana	Plants	261	False
Q12462	Saccharomyces cerevisiae (strain ATCC 204508 / S288c)	Fungi	236	False
A0A120KVW2	Trypanosoma brucei brucei	Other	1136	False
E9PVD1	Mus musculus	Metazoa	701	False
A2AMT1	Mus musculus	Metazoa	669	False
Q60838	Mus musculus	Metazoa	736	False
Q9USY4	Schizosaccharomyces pombe (strain 972 / ATCC 24843)	Fungi	527	False
Q84N64	Arabidopsis thaliana	Plants	777	False
Q8W585	Arabidopsis thaliana	Plants	685	False
P30183	Arabidopsis thaliana	Plants	428	False
P25032	Triticum aestivum	Plants	354	False
Q07807	Saccharomyces cerevisiae (strain ATCC 204508 / S288c)	Fungi	879	False
P19536	Mus musculus	Metazoa	128	False
P00065	Arum maculatum	Plants	111	False
A0A2K3DZC4	Chlamydomonas reinhardtii	Plants	156	False
Q8IQG1	Drosophila melanogaster	Metazoa	566	False
P32524	Saccharomyces cerevisiae (strain ATCC 204508 / S288c)	Fungi	280	False
Q9UIA0	Homo sapiens	Metazoa	394	False
P43680	Mus musculus	Metazoa	377	False
P00405	Mus musculus	Metazoa	227	True
P70444	Mus musculus	Metazoa	195	False
Q9U7C9	Dictyostelium discoideum	Other	756	False
Q99297	Saccharomyces cerevisiae (strain ATCC 204508 / S288c)	Fungi	307	True
P00424	Saccharomyces cerevisiae (strain ATCC 204508 / S288c)	Fungi	153	True
P30876	Homo sapiens	Metazoa	1174	False
Q9H5V9	Homo sapiens	Metazoa	222	False
Q25C79	Rattus norvegicus	Metazoa	201	False
Q8BZT9	Mus musculus	Metazoa	430	False
Q22146	Caenorhabditis elegans	Metazoa	390	False
Q9Y5J6	Homo sapiens	Metazoa	103	False
Q6NLC1	Arabidopsis thaliana	Plants	706	True
P46983	Saccharomyces cerevisiae (strain ATCC 204508 / S288c)	Fungi	293	False
P83583	Solanum lyratum	Plants	97	False
A0A7U2MSD6	Aspergillus flavus (strain ATCC 200026 / FGSC A1120 / IAM 13836 / NRRL 3357 / JCM 12722 / SRRC 167)	Fungi	435	False
F4IAT8	Arabidopsis thaliana	Plants	326	False
P62683	Homo sapiens	Metazoa	666	False
Q12809	Homo sapiens	Metazoa	1159	False
Q8IH18	Drosophila melanogaster	Metazoa	1010	False
P33174	Mus musculus	Metazoa	1231	False
Q9LYY2	Arabidopsis thaliana	Plants	112	True
O75909	Homo sapiens	Metazoa	580	False
Q8NFU1	Homo sapiens	Metazoa	509	True
O15047	Homo sapiens	Metazoa	1707	False
P18410	Saccharomyces cerevisiae (strain ATCC 204508 / S288c)	Fungi	259	True
P23506	Mus musculus	Metazoa	227	False
Q1RMW2	Bos taurus	Metazoa	414	True
P00234	Equisetum telmateia	Plants	95	False
O75937	Homo sapiens	Metazoa	253	False
Q15631	Homo sapiens	Metazoa	228	False
P00395	Homo sapiens	Metazoa	513	True
Q9NQW7	Homo sapiens	Metazoa	623	False
P0CY15	Schizosaccharomyces pombe (strain 972 / ATCC 24843)	Fungi	42	False
D3K0R6	Bos taurus	Metazoa	1207	False
P83183	Eledone cirrhosa	Metazoa	84	False
Q3ZAS0	Mus musculus	Metazoa	814	False
U5NH37	Catharanthus roseus	Plants	482	False
D3ZNV2	Rattus norvegicus	Metazoa	288	False
Q8VE01	Mus musculus	Metazoa	188	False
O43172	Homo sapiens	Metazoa	522	False
P49793	Rattus norvegicus	Metazoa	1816	False
P32495	Saccharomyces cerevisiae (strain ATCC 204508 / S288c)	Fungi	156	False
P32833	Saccharomyces cerevisiae (strain ATCC 204508 / S288c)	Fungi	620	False
P0C0S7	Rattus norvegicus	Metazoa	128	False
O43813	Homo sapiens	Metazoa	399	False
Q9SK55	Arabidopsis thaliana	Plants	275	False
Q96L73	Homo sapiens	Metazoa	2696	False
Q04623	Saccharomyces cerevisiae (strain ATCC 204508 / S288c)	Fungi	453	False
P06002	Drosophila melanogaster	Metazoa	373	True
Q9QYK3	Rattus norvegicus	Metazoa	287	False
Q7Y0B9	Oryza sativa subsp. japonica	Plants	371	False
Q9HC16	Homo sapiens	Metazoa	384	False
O60829	Homo sapiens	Metazoa	102	False
P50085	Saccharomyces cerevisiae (strain ATCC 204508 / S288c)	Fungi	310	True
Q0VGT2	Mus musculus	Metazoa	1544	False
Q07436	Drosophila melanogaster	Metazoa	1427	False
P25024	Homo sapiens	Metazoa	350	True
P90838	Caenorhabditis elegans	Metazoa	505	False
Q9NZ63	Homo sapiens	Metazoa	289	False
F6TQD1	Mus musculus	Metazoa	307	False
Q62315	Mus musculus	Metazoa	1234	False
P40081	Saccharomyces cerevisiae (strain ATCC 204508 / S288c)	Fungi	178	False
Q18PF6	Takifugu rubripes	Metazoa	458	True
O74854	Schizosaccharomyces pombe (strain 972 / ATCC 24843)	Fungi	872	False
B1AL88	Homo sapiens	Metazoa	458	True
Q969Z3	Homo sapiens	Metazoa	335	False
P15145	Sus scrofa	Metazoa	963	True
G8GJ96	Salvia sclarea	Plants	784	False
P62960	Mus musculus	Metazoa	322	False
F4I1G5	Arabidopsis thaliana	Plants	226	True
Q03181	Homo sapiens	Metazoa	441	False
P55084	Homo sapiens	Metazoa	474	False
Q9NY37	Homo sapiens	Metazoa	505	True
P17898	Saccharomyces cerevisiae (strain ATCC 204508 / S288c)	Fungi	393	True
P18824	Drosophila melanogaster	Metazoa	843	False
P28074	Homo sapiens	Metazoa	263	False
P48007	Arabidopsis thaliana	Plants	208	False
Q9Y468	Homo sapiens	Metazoa	840	False
Q96FX2	Homo sapiens	Metazoa	82	False
Q8IUR6	Homo sapiens	Metazoa	639	False
Q07938	Saccharomyces cerevisiae (strain ATCC 204508 / S288c)	Fungi	337	False
P14905	Saccharomyces cerevisiae (strain ATCC 204508 / S288c)	Fungi	389	False
O02213	Caenorhabditis elegans	Metazoa	455	True
P48491	Arabidopsis thaliana	Plants	254	False
O95059	Homo sapiens	Metazoa	124	False
Q688T8	Oryza sativa subsp. japonica	Plants	519	False
P00507	Rattus norvegicus	Metazoa	430	False
Q5XID5	Rattus norvegicus	Metazoa	127	False
I3PB36	Petunia hybrida	Plants	570	False
P32902	Saccharomyces cerevisiae (strain ATCC 204508 / S288c)	Fungi	394	False
Q04083	Saccharomyces cerevisiae (strain ATCC 204508 / S288c)	Fungi	370	True
Q04982	Gallus gallus	Metazoa	766	False
O94279	Schizosaccharomyces pombe (strain 972 / ATCC 24843)	Fungi	172	False
P30729	Rattus norvegicus	Metazoa	387	True
Q13111	Homo sapiens	Metazoa	956	False
P0DJD3	Homo sapiens	Metazoa	496	False
P52923	Saccharomyces cerevisiae (strain ATCC 204508 / S288c)	Fungi	378	True
Q9LJL3	Arabidopsis thaliana	Plants	1080	False
P27695	Homo sapiens	Metazoa	318	False
Q9LW26	Arabidopsis thaliana	Plants	701	False
Q13114	Homo sapiens	Metazoa	568	False
Q8RXD3	Arabidopsis thaliana	Plants	310	False
Q03385	Mus musculus	Metazoa	852	False
Q9P6P2	Schizosaccharomyces pombe (strain 972 / ATCC 24843)	Fungi	265	False
Q49MI3	Homo sapiens	Metazoa	558	False
P25441	Saccharomyces cerevisiae (strain ATCC 204508 / S288c)	Fungi	422	False
Q5T653	Homo sapiens	Metazoa	305	False
Q21691	Caenorhabditis elegans	Metazoa	1057	False
Q12247	Saccharomyces cerevisiae (strain ATCC 204508 / S288c)	Fungi	151	False
Q9QXY4	Rattus norvegicus	Metazoa	580	False
P52789	Homo sapiens	Metazoa	917	False
Q69K55	Oryza sativa subsp. japonica	Plants	220	False
Q94JY0	Arabidopsis thaliana	Plants	330	False
Q04408	Saccharomyces cerevisiae (strain ATCC 204508 / S288c)	Fungi	483	False
O15504	Homo sapiens	Metazoa	423	False
Q9UBP0	Homo sapiens	Metazoa	616	False
Q96AC1	Homo sapiens	Metazoa	680	False
P35557	Homo sapiens	Metazoa	465	False
P53732	Saccharomyces cerevisiae (strain ATCC 204508 / S288c)	Fungi	153	False
Q28618	Oryctolagus cuniculus	Metazoa	324	False
O75004	Schizosaccharomyces pombe (strain 972 / ATCC 24843)	Fungi	501	False
P49703	Homo sapiens	Metazoa	201	False
Q8WXC6	Homo sapiens	Metazoa	57	False
Q4VBE8	Mus musculus	Metazoa	431	False
Q9SEI2	Arabidopsis thaliana	Plants	424	False
Q9H0F6	Homo sapiens	Metazoa	387	False
Q12406	Saccharomyces cerevisiae (strain ATCC 204508 / S288c)	Fungi	477	False
Q6P756	Rattus norvegicus	Metazoa	263	False
Q15475	Homo sapiens	Metazoa	284	False
P43254	Arabidopsis thaliana	Plants	675	False
Q8T8E5	Trypanosoma brucei brucei	Other	353	False
O55237	Mus musculus	Metazoa	195	True
Q9LR64	Arabidopsis thaliana	Plants	174	False
Q91WA1	Mus musculus	Metazoa	278	False
Q8TC92	Homo sapiens	Metazoa	643	False
P39927	Saccharomyces cerevisiae (strain ATCC 204508 / S288c)	Fungi	425	False
P40167	Saccharomyces cerevisiae (strain ATCC 204508 / S288c)	Fungi	298	False
Q8CCG4	Mus musculus	Metazoa	296	False
Q9EQJ4	Rattus norvegicus	Metazoa	579	False
Q9FFC7	Arabidopsis thaliana	Plants	978	False
Q06405	Saccharomyces cerevisiae (strain ATCC 204508 / S288c)	Fungi	101	False
Q55GF9	Dictyostelium discoideum	Other	1320	False
P29355	Caenorhabditis elegans	Metazoa	228	False
P70582	Rattus norvegicus	Metazoa	510	False
G5EBZ4	Caenorhabditis elegans	Metazoa	1829	False
Q9URT8	Schizosaccharomyces pombe (strain 972 / ATCC 24843)	Fungi	111	False
Q02784	Saccharomyces cerevisiae (strain ATCC 204508 / S288c)	Fungi	150	False
Q9C9K7	Arabidopsis thaliana	Plants	302	False
Q8W127	Hordeum vulgare	Plants	618	False
P12007	Rattus norvegicus	Metazoa	424	False
Q10167	Schizosaccharomyces pombe (strain 972 / ATCC 24843)	Fungi	73	False
O22286	Arabidopsis thaliana	Plants	408	False
P48527	Saccharomyces cerevisiae (strain ATCC 204508 / S288c)	Fungi	492	False
Q5TA50	Homo sapiens	Metazoa	214	False
Q1JQ99	Bos taurus	Metazoa	145	False
A0A0H5BMX5	Tulipa gesneriana	Plants	440	False
Q9HAN9	Homo sapiens	Metazoa	279	False
Q84VZ1	Arabidopsis thaliana	Plants	245	False
Q9ZW82	Arabidopsis thaliana	Plants	321	False
Q5XET5	Arabidopsis thaliana	Plants	511	False
U9W802	Neurospora crassa (strain ATCC 24698 / 74-OR23-1A / CBS 708.71 / DSM 1257 / FGSC 987)	Fungi	307	False
Q8N1G1	Homo sapiens	Metazoa	1221	False
P46778	Homo sapiens	Metazoa	160	False
Q96SI1	Homo sapiens	Metazoa	283	False
Q9WUL7	Mus musculus	Metazoa	182	False
Q9ASS6	Arabidopsis thaliana	Plants	259	False
P78369	Homo sapiens	Metazoa	228	True
Q6L4R7	Oryza sativa subsp. japonica	Plants	445	False
O94913	Homo sapiens	Metazoa	1555	False
P42842	Saccharomyces cerevisiae (strain ATCC 204508 / S288c)	Fungi	904	False
P00232	Phytolacca acinosa	Plants	98	False
Q9H063	Homo sapiens	Metazoa	256	False
Q9XIM0	Arabidopsis thaliana	Plants	203	False
P08037	Bos taurus	Metazoa	402	True
P63141	Mus musculus	Metazoa	499	False
P53778	Homo sapiens	Metazoa	367	False
P63115	Mus musculus	Metazoa	530	True
Q8WXI7	Homo sapiens	Metazoa	14507	False
Q94B60	Arabidopsis thaliana	Plants	292	False
P40166	Saccharomyces cerevisiae (strain ATCC 204508 / S288c)	Fungi	100	False
Q8VYF7	Arabidopsis thaliana	Plants	238	False
Q18412	Caenorhabditis elegans	Metazoa	309	False
O94244	Schizosaccharomyces pombe (strain 972 / ATCC 24843)	Fungi	430	False
Q5T4T6	Homo sapiens	Metazoa	812	False
Q99757	Homo sapiens	Metazoa	166	False
Q9LE82	Arabidopsis thaliana	Plants	535	False
Q9C8H3	Arabidopsis thaliana	Plants	776	False
Q6ASS9	Oryza sativa subsp. japonica	Plants	123	False
P62898	Rattus norvegicus	Metazoa	105	False
P62952	Homo sapiens	Metazoa	87	True
O15360	Homo sapiens	Metazoa	1455	False
Q94B35	Arabidopsis thaliana	Plants	466	False
Q5HZ36	Arabidopsis thaliana	Plants	398	False
O75110	Homo sapiens	Metazoa	1047	True
Q9SKN5	Arabidopsis thaliana	Plants	693	False
Q41811	Zea mays	Plants	103	False
Q39162	Arabidopsis thaliana	Plants	364	False
P57725	Mus musculus	Metazoa	372	False
Q6K8D9	Oryza sativa subsp. japonica	Plants	607	False
Q6SZW1	Homo sapiens	Metazoa	724	False
Q15049	Homo sapiens	Metazoa	377	True
P48486	Arabidopsis thaliana	Plants	322	False
P63007	Rattus norvegicus	Metazoa	406	False
Q12513	Saccharomyces cerevisiae (strain ATCC 204508 / S288c)	Fungi	150	False
Q9NUQ3	Homo sapiens	Metazoa	528	False
Q07508	Saccharomyces cerevisiae (strain ATCC 204508 / S288c)	Fungi	261	False
Q7Z2G1	Homo sapiens	Metazoa	153	False
P25304	Rattus norvegicus	Metazoa	1959	True
Q9VDW3	Drosophila melanogaster	Metazoa	1669	False
O13699	Schizosaccharomyces pombe (strain 972 / ATCC 24843)	Fungi	430	False
P53803	Homo sapiens	Metazoa	58	False
P42682	Mus musculus	Metazoa	527	False
Q3TN34	Mus musculus	Metazoa	1009	False
Q8BL80	Mus musculus	Metazoa	702	False
Q0JFZ0	Oryza sativa subsp. japonica	Plants	247	False
Q96NB2	Homo sapiens	Metazoa	322	False
P12354	Spinacia oleracea	Plants	125	False
O22781	Arabidopsis thaliana	Plants	651	False
Q8K2P7	Mus musculus	Metazoa	485	True
O94603	Schizosaccharomyces pombe (strain 972 / ATCC 24843)	Fungi	948	False
P80470	Spinacia oleracea	Plants	199	False
Q00757	Emericella nidulans (strain FGSC A4 / ATCC 38163 / CBS 112.46 / NRRL 194 / M139)	Fungi	916	False
Q9LKG8	Arabidopsis thaliana	Plants	451	False
O94704	Schizosaccharomyces pombe (strain 972 / ATCC 24843)	Fungi	168	False
Q09856	Schizosaccharomyces pombe (strain 972 / ATCC 24843)	Fungi	542	False
Q61767	Mus musculus	Metazoa	373	False
Q9NZI8	Homo sapiens	Metazoa	577	False
Q9NZV8	Homo sapiens	Metazoa	630	False
P00231	Phytolacca americana	Plants	98	False
P29066	Rattus norvegicus	Metazoa	418	False
P47025	Saccharomyces cerevisiae (strain ATCC 204508 / S288c)	Fungi	714	False
P69141	Strongylocentrotus purpuratus	Metazoa	124	False
Q9BQ39	Homo sapiens	Metazoa	737	False
Q06244	Saccharomyces cerevisiae (strain ATCC 204508 / S288c)	Fungi	254	False
D3ZKT0	Rattus norvegicus	Metazoa	337	False
A9T142	Physcomitrium patens	Plants	375	False
F4JWS8	Arabidopsis thaliana	Plants	122	False
Q9NQT5	Homo sapiens	Metazoa	275	False
Q9FHM5	Arabidopsis thaliana	Plants	419	False
P54733	Drosophila melanogaster	Metazoa	709	False
Q07812	Homo sapiens	Metazoa	192	False
Q9S7J7	Arabidopsis thaliana	Plants	265	False
Q9FYA6	Arabidopsis thaliana	Plants	415	False
Q14344	Homo sapiens	Metazoa	377	False
P53686	Saccharomyces cerevisiae (strain ATCC 204508 / S288c)	Fungi	357	False
O95977	Homo sapiens	Metazoa	384	True
Q8RXA7	Arabidopsis thaliana	Plants	1187	False
Q96MU7	Homo sapiens	Metazoa	727	False
Q69ZS8	Mus musculus	Metazoa	779	False
D3Z7H4	Mus musculus	Metazoa	322	True
Q7TNC4	Mus musculus	Metazoa	392	False
P0C2W1	Homo sapiens	Metazoa	286	False
P04264	Homo sapiens	Metazoa	644	False
Q63355	Rattus norvegicus	Metazoa	1044	False
P17676	Homo sapiens	Metazoa	345	False
P40035	Saccharomyces cerevisiae (strain ATCC 204508 / S288c)	Fungi	300	True
P10933	Pisum sativum	Plants	360	False
P54278	Homo sapiens	Metazoa	862	False
Q3U2U7	Mus musculus	Metazoa	461	False
P43355	Homo sapiens	Metazoa	309	False
P48678	Mus musculus	Metazoa	665	False
Q9BQC6	Homo sapiens	Metazoa	102	False
Q7Z6E9	Homo sapiens	Metazoa	1792	False
Q6AY17	Rattus norvegicus	Metazoa	288	False
P32245	Homo sapiens	Metazoa	332	True
Q9VFS6	Drosophila melanogaster	Metazoa	994	False
A0A0D1E3S6	Mycosarcoma maydis	Fungi	591	False
Q9US25	Schizosaccharomyces pombe (strain 972 / ATCC 24843)	Fungi	1373	False
P54748	Rattus norvegicus	Metazoa	844	False
Q9FH02	Arabidopsis thaliana	Plants	704	False
Q9ZWS6	Arabidopsis thaliana	Plants	186	False
Q7JWP6	Drosophila melanogaster	Metazoa	221	False
P50535	Drosophila melanogaster	Metazoa	1039	False
P9WEU4	Cryptococcus deuterogattii (strain R265)	Fungi	1542	False
Q9GZN1	Homo sapiens	Metazoa	396	False
O81223	Arabidopsis thaliana	Plants	222	False
P15173	Homo sapiens	Metazoa	224	False
Q06489	Saccharomyces cerevisiae (strain ATCC 204508 / S288c)	Fungi	411	False
Q9HEV5	Neurospora crassa (strain ATCC 24698 / 74-OR23-1A / CBS 708.71 / DSM 1257 / FGSC 987)	Fungi	426	False
Q08444	Saccharomyces cerevisiae (strain ATCC 204508 / S288c)	Fungi	459	False
P04817	Saccharomyces cerevisiae (strain ATCC 204508 / S288c)	Fungi	590	False
Q7JUX9	Drosophila melanogaster	Metazoa	446	False
P07891	Chlamydomonas reinhardtii	Plants	141	False
P45974	Homo sapiens	Metazoa	858	False
Q501F9	Arabidopsis thaliana	Plants	370	False
P50582	Schizosaccharomyces pombe (strain 972 / ATCC 24843)	Fungi	507	False
P36160	Saccharomyces cerevisiae (strain ATCC 204508 / S288c)	Fungi	344	False
Q06053	Saccharomyces cerevisiae (strain ATCC 204508 / S288c)	Fungi	668	False
Q10067	Schizosaccharomyces pombe (strain 972 / ATCC 24843)	Fungi	690	False
P52564	Homo sapiens	Metazoa	334	False
Q02223	Homo sapiens	Metazoa	184	True
Q9H4L7	Homo sapiens	Metazoa	1026	False
Q42533	Arabidopsis thaliana	Plants	280	False
Q969S8	Homo sapiens	Metazoa	669	False
Q99LM3	Mus musculus	Metazoa	459	False
Q96A54	Homo sapiens	Metazoa	375	False
P26956	Tetradesmus obliquus	Plants	145	False
Q14190	Homo sapiens	Metazoa	667	False
P32787	Saccharomyces cerevisiae (strain ATCC 204508 / S288c)	Fungi	269	False
P21728	Homo sapiens	Metazoa	446	True
Q0PGJ6	Arabidopsis thaliana	Plants	315	False
Q9LZB8	Arabidopsis thaliana	Plants	634	True
Q62018	Mus musculus	Metazoa	1173	False
Q9VCP1	Drosophila melanogaster	Metazoa	424	False
Q86U44	Homo sapiens	Metazoa	580	False
O35544	Mus musculus	Metazoa	561	True
Q94234	Caenorhabditis elegans	Metazoa	204	False
G5ED47	Caenorhabditis elegans	Metazoa	413	False
P09925	Mus musculus	Metazoa	306	True
P00061	Solanum tuberosum	Plants	111	False
Q9SXE9	Arabidopsis thaliana	Plants	152	False
Q99NB1	Mus musculus	Metazoa	682	False
Q60591	Mus musculus	Metazoa	927	False
P46937	Homo sapiens	Metazoa	504	False
Q9C6T1	Arabidopsis thaliana	Plants	505	False
Q920R6	Mus musculus	Metazoa	833	False
Q9Y3D2	Homo sapiens	Metazoa	182	False
Q9CZG9	Mus musculus	Metazoa	140	False
P24311	Homo sapiens	Metazoa	80	True
Q93086	Homo sapiens	Metazoa	444	True
E9P8D2	Saccharomyces cerevisiae	Fungi	229	False
P40543	Saccharomyces cerevisiae (strain ATCC 204508 / S288c)	Fungi	189	False
Q810H6	Rattus norvegicus	Metazoa	846	False
Q9V9V9	Drosophila melanogaster	Metazoa	200	False
Q8CG64	Mus musculus	Metazoa	494	True
Q04847	Saccharomyces cerevisiae (strain ATCC 204508 / S288c)	Fungi	553	False
Q9H3K2	Homo sapiens	Metazoa	345	True
Q14839	Homo sapiens	Metazoa	1912	False
K7WCI9	Solanum lycopersicum	Plants	290	False
Q5HYK7	Homo sapiens	Metazoa	790	False
Q9Y7X6	Schizosaccharomyces pombe (strain 972 / ATCC 24843)	Fungi	684	False
Q9NRC8	Homo sapiens	Metazoa	400	False
Q9DCX7	Mus musculus	Metazoa	243	True
Q9NRW3	Homo sapiens	Metazoa	190	False
Q9MYT8	Sus scrofa	Metazoa	71	False
Q8K2P2	Mus musculus	Metazoa	436	False
Q6Y5D8	Mus musculus	Metazoa	786	False
Q9UBF8	Homo sapiens	Metazoa	816	False
Q6IWH7	Homo sapiens	Metazoa	933	False
Q9STG9	Arabidopsis thaliana	Plants	561	False
P46408	Oryctolagus cuniculus	Metazoa	486	True
A5HNF6	Gallus gallus	Metazoa	299	False
Q13015	Homo sapiens	Metazoa	90	False
P63012	Rattus norvegicus	Metazoa	220	False
P56589	Homo sapiens	Metazoa	373	True
O43159	Homo sapiens	Metazoa	456	False
Q06507	Mus musculus	Metazoa	349	False
P24571	Cucurbita maxima	Plants	566	False
O43193	Homo sapiens	Metazoa	412	True
P24270	Mus musculus	Metazoa	527	False
P97305	Mus musculus	Metazoa	1075	False
P04040	Homo sapiens	Metazoa	527	False
A0A0G2JTY4	Rattus norvegicus	Metazoa	1076	False
P35288	Mus musculus	Metazoa	237	False
Q8CH19	Mus musculus	Metazoa	720	False
Q7XTK3	Oryza sativa subsp. japonica	Plants	435	False
P24928	Homo sapiens	Metazoa	1970	False
Q8TGV2	Exophiala dermatitidis	Fungi	1885	False
Q9C6K5	Arabidopsis thaliana	Plants	98	False
O89090	Mus musculus	Metazoa	784	False
Q5JTJ3	Homo sapiens	Metazoa	125	False
Q8GTS1	Arabidopsis thaliana	Plants	227	False
P09211	Homo sapiens	Metazoa	210	False
P15204	Xenopus laevis	Metazoa	418	False
Q9ZS51	Arabidopsis thaliana	Plants	190	True
Q99ML1	Mus musculus	Metazoa	193	False
Q3UU41	Mus musculus	Metazoa	150	True
Q07534	Saccharomyces cerevisiae (strain ATCC 204508 / S288c)	Fungi	307	True
Q9VVA8	Drosophila melanogaster	Metazoa	78	True
O14817	Homo sapiens	Metazoa	238	True
Q8CGP7	Mus musculus	Metazoa	130	False
Q9VVT2	Drosophila melanogaster	Metazoa	590	True
Q8N257	Homo sapiens	Metazoa	126	False
Q8K440	Mus musculus	Metazoa	1620	True
G5EDM4	Caenorhabditis elegans	Metazoa	467	False
Q9NW15	Homo sapiens	Metazoa	660	False
O36005	Griffithsia monilis	Other	164	False
U5PZT6	Hedychium coronarium	Plants	591	False
P52505	Bos taurus	Metazoa	156	False
Q04752	Bos taurus	Metazoa	461	False
Q93YZ7	Arabidopsis thaliana	Plants	491	False
Q3URR7	Mus musculus	Metazoa	782	False
Q8T053	Drosophila melanogaster	Metazoa	434	False
Q9UBZ4	Homo sapiens	Metazoa	518	False
P41696	Saccharomyces cerevisiae (strain ATCC 204508 / S288c)	Fungi	914	False
P48999	Mus musculus	Metazoa	674	False
Q9LYB4	Arabidopsis thaliana	Plants	173	False
O14519	Homo sapiens	Metazoa	115	False
P82921	Homo sapiens	Metazoa	87	False
Q92556	Homo sapiens	Metazoa	727	False
Q9VPM5	Drosophila melanogaster	Metazoa	539	False
Q9Z172	Mus musculus	Metazoa	110	False
Q8TDS7	Homo sapiens	Metazoa	321	True
Q9SN22	Arabidopsis thaliana	Plants	410	False
A1Z9X0	Drosophila melanogaster	Metazoa	606	False
Q6PFW1	Homo sapiens	Metazoa	1433	False
Q96S53	Homo sapiens	Metazoa	571	False
Q9NQH7	Homo sapiens	Metazoa	507	False
B6H3B2	Penicillium rubens (strain ATCC 28089 / DSM 1075 / NRRL 1951 / Wisconsin 54-1255)	Fungi	561	False
Q5TA31	Homo sapiens	Metazoa	235	False
P23615	Saccharomyces cerevisiae (strain ATCC 204508 / S288c)	Fungi	1451	False
Q8TEY5	Homo sapiens	Metazoa	395	False
Q96RK1	Homo sapiens	Metazoa	184	False
Q91550	Xenopus laevis	Metazoa	897	False
P35452	Homo sapiens	Metazoa	270	False
Q2YDI0	Bos taurus	Metazoa	192	False
Q84JW1	Arabidopsis thaliana	Plants	231	False
Q6P589	Homo sapiens	Metazoa	184	False
A0A8I3NFE2	Canis lupus familiaris	Metazoa	1264	False
Q8VYN6	Arabidopsis thaliana	Plants	537	False
P41252	Homo sapiens	Metazoa	1262	False
P23369	Saccharomyces cerevisiae (strain ATCC 204508 / S288c)	Fungi	157	False
Q923S6	Mus musculus	Metazoa	574	False
Q9HBH9	Homo sapiens	Metazoa	465	False
P40565	Saccharomyces cerevisiae (strain ATCC 204508 / S288c)	Fungi	148	False
Q08949	Saccharomyces cerevisiae (strain ATCC 204508 / S288c)	Fungi	612	False
Q9Y2Y9	Homo sapiens	Metazoa	288	False
Q5ALV2	Candida albicans (strain SC5314 / ATCC MYA-2876)	Fungi	1257	False
P23772	Mus musculus	Metazoa	443	False
O43715	Homo sapiens	Metazoa	76	False
Q14094	Homo sapiens	Metazoa	377	False
P24641	Bufo japonicus	Metazoa	40	False
P30989	Homo sapiens	Metazoa	418	True
Q9Y804	Schizosaccharomyces pombe (strain 972 / ATCC 24843)	Fungi	703	False
Q8JZR6	Mus musculus	Metazoa	1089	False
P04764	Rattus norvegicus	Metazoa	434	False
A0A0D1CRD0	Mycosarcoma maydis	Fungi	550	False
P19634	Homo sapiens	Metazoa	815	False
Q9QY16	Rattus norvegicus	Metazoa	483	False
G5EBX9	Caenorhabditis elegans	Metazoa	707	False
E5RQA1	Oryza sativa subsp. japonica	Plants	257	False
Q9FGQ6	Arabidopsis thaliana	Plants	329	False
G5EEG7	Caenorhabditis elegans	Metazoa	510	False
Q9SYM0	Arabidopsis thaliana	Plants	333	False
Q16206	Homo sapiens	Metazoa	610	False
P23443	Homo sapiens	Metazoa	525	False
Q9VIV2	Drosophila melanogaster	Metazoa	1062	False
Q8L7K9	Arabidopsis thaliana	Plants	607	False
P0C2B7	Bos taurus	Metazoa	124	False
Q8S8E7	Arabidopsis thaliana	Plants	218	False
Q9EP96	Mus musculus	Metazoa	670	True
P26017	Drosophila melanogaster	Metazoa	390	False
P56931	Mus musculus	Metazoa	443	False
Q12184	Saccharomyces cerevisiae (strain ATCC 204508 / S288c)	Fungi	172	False
Q6YUX0	Oryza sativa subsp. japonica	Plants	88	False
Q9FJY5	Arabidopsis thaliana	Plants	524	False
Q08601	Saccharomyces cerevisiae (strain ATCC 204508 / S288c)	Fungi	432	False
P32020	Mus musculus	Metazoa	547	False
P36010	Saccharomyces cerevisiae (strain ATCC 204508 / S288c)	Fungi	153	False
P42167	Homo sapiens	Metazoa	454	False
Q07980	Saccharomyces cerevisiae (strain ATCC 204508 / S288c)	Fungi	695	False
Q12393	Saccharomyces cerevisiae (strain ATCC 204508 / S288c)	Fungi	293	False
P11441	Homo sapiens	Metazoa	157	False
Q8LD98	Arabidopsis thaliana	Plants	252	True
Q9NYH9	Homo sapiens	Metazoa	597	False
G5EC86	Caenorhabditis elegans	Metazoa	407	False
Q9NWU1	Homo sapiens	Metazoa	459	False
Q9FJF5	Arabidopsis thaliana	Plants	423	False
Q7XA07	Chlamydomonas reinhardtii	Plants	427	False
O14253	Schizosaccharomyces pombe (strain 972 / ATCC 24843)	Fungi	780	False
P56480	Mus musculus	Metazoa	529	False
Q99288	Saccharomyces cerevisiae (strain ATCC 204508 / S288c)	Fungi	334	False
Q64378	Mus musculus	Metazoa	456	False
Q5FWP7	Xenopus laevis	Metazoa	625	False
Q8H8V7	Oryza sativa subsp. japonica	Plants	787	False
P61758	Homo sapiens	Metazoa	197	False
Q9UIG0	Homo sapiens	Metazoa	1483	False
O95989	Homo sapiens	Metazoa	172	False
Q12774	Homo sapiens	Metazoa	1597	False
P40692	Homo sapiens	Metazoa	756	False
Q9Z1J1	Mus musculus	Metazoa	584	False
Q4VAE3	Mus musculus	Metazoa	234	False
P15684	Rattus norvegicus	Metazoa	965	True
Q9Y118	Drosophila melanogaster	Metazoa	431	False
Q8TCB7	Homo sapiens	Metazoa	284	False
Q14690	Homo sapiens	Metazoa	1871	False
Q9BTK6	Homo sapiens	Metazoa	254	False
Q60925	Mus musculus	Metazoa	325	False
Q6J8I9	Ovis aries	Metazoa	263	True
O88907	Mus musculus	Metazoa	651	False
P35524	Rattus norvegicus	Metazoa	994	False
Q94AL8	Arabidopsis thaliana	Plants	225	True
P04035	Homo sapiens	Metazoa	888	True
Q9R060	Mus musculus	Metazoa	320	False
K0P2S0	Arachis hypogaea	Plants	231	False
Q9AWA5	Solanum tuberosum	Plants	1464	False
Q9M9Y4	Arabidopsis thaliana	Plants	421	False
Q7S4E7	Neurospora crassa (strain ATCC 24698 / 74-OR23-1A / CBS 708.71 / DSM 1257 / FGSC 987)	Fungi	124	False
Q12829	Homo sapiens	Metazoa	278	False
O43143	Homo sapiens	Metazoa	795	False
P63013	Mus musculus	Metazoa	245	False
P36132	Saccharomyces cerevisiae (strain ATCC 204508 / S288c)	Fungi	386	False
Q9HCN4	Homo sapiens	Metazoa	374	False
Q9MBA1	Arabidopsis thaliana	Plants	536	False
P00075	Ulva intestinalis	Plants	111	False
P51448	Mus musculus	Metazoa	523	False
P53267	Saccharomyces cerevisiae (strain ATCC 204508 / S288c)	Fungi	343	False
P36526	Saccharomyces cerevisiae (strain ATCC 204508 / S288c)	Fungi	146	False
A2ALU4	Mus musculus	Metazoa	1481	False
Q8CJC7	Mus musculus	Metazoa	226	True
O43542	Homo sapiens	Metazoa	346	False
P21447	Mus musculus	Metazoa	1276	True
Q6LA42	Arabidopsis thaliana	Plants	558	False
O43598	Homo sapiens	Metazoa	174	False
P82919	Bos taurus	Metazoa	196	False
Q03557	Saccharomyces cerevisiae (strain ATCC 204508 / S288c)	Fungi	464	False
P55241	Zea mays	Plants	516	False
Q15040	Homo sapiens	Metazoa	202	False
P29074	Homo sapiens	Metazoa	926	False
P46669	Saccharomyces cerevisiae (strain ATCC 204508 / S288c)	Fungi	326	False
Q9VVR2	Drosophila melanogaster	Metazoa	539	False
P24482	Saccharomyces cerevisiae (strain ATCC 204508 / S288c)	Fungi	689	False
Q96RU3	Homo sapiens	Metazoa	617	False
Q66HC5	Rattus norvegicus	Metazoa	819	False
P40496	Saccharomyces cerevisiae (strain ATCC 204508 / S288c)	Fungi	264	False
P08631	Homo sapiens	Metazoa	526	False
Q96P68	Homo sapiens	Metazoa	337	True
Q9C6W5	Arabidopsis thaliana	Plants	648	False
P39769	Drosophila melanogaster	Metazoa	1589	False
P82931	Bos taurus	Metazoa	124	False
Q6ID70	Arabidopsis thaliana	Plants	150	False
Q9FHZ1	Arabidopsis thaliana	Plants	405	False
Q96ST2	Homo sapiens	Metazoa	819	False
Q9H211	Homo sapiens	Metazoa	546	False
A9ZSY2	Apis mellifera ligustica	Metazoa	502	True
P22459	Homo sapiens	Metazoa	653	False
P36021	Homo sapiens	Metazoa	539	False
Q99941	Homo sapiens	Metazoa	703	False
O60635	Homo sapiens	Metazoa	241	True
Q9SY69	Arabidopsis thaliana	Plants	913	False
P04839	Homo sapiens	Metazoa	570	True
P19456	Arabidopsis thaliana	Plants	948	True
P40855	Homo sapiens	Metazoa	299	False
Q6N022	Homo sapiens	Metazoa	2769	False
Q0ZLH2	Mus musculus	Metazoa	352	False
P20447	Saccharomyces cerevisiae (strain ATCC 204508 / S288c)	Fungi	523	False
Q9JIB0	Mus musculus	Metazoa	185	False
Q00655	Sus scrofa	Metazoa	628	False
Q12416	Saccharomyces cerevisiae (strain ATCC 204508 / S288c)	Fungi	295	False
P82673	Homo sapiens	Metazoa	323	False
P59382	Rattus norvegicus	Metazoa	212	False
P92973	Arabidopsis thaliana	Plants	608	False
Q99LG4	Mus musculus	Metazoa	440	False
P20700	Homo sapiens	Metazoa	586	False
Q61473	Mus musculus	Metazoa	419	False
P11939	Gallus gallus	Metazoa	367	False
Q5YDB5	Arabidopsis thaliana	Plants	770	False
Q15147	Homo sapiens	Metazoa	1175	False
Q6VNB8	Mus musculus	Metazoa	3508	False
O96155	Plasmodium falciparum (isolate 3D7)	Other	249	False
O88844	Mus musculus	Metazoa	414	False
Q64347	Mus musculus	Metazoa	994	False
Q9NWF4	Homo sapiens	Metazoa	448	True
P82244	Spinacia oleracea	Plants	152	False
Q8N6R0	Homo sapiens	Metazoa	699	False
O55047	Mus musculus	Metazoa	718	False
P30038	Homo sapiens	Metazoa	563	False
Q969H0	Homo sapiens	Metazoa	707	False
E7FKV8	Oryzias latipes	Metazoa	2742	False
Q8LGB6	Arabidopsis thaliana	Plants	334	False
O74405	Schizosaccharomyces pombe (strain 972 / ATCC 24843)	Fungi	381	False
P43557	Saccharomyces cerevisiae (strain ATCC 204508 / S288c)	Fungi	207	False
P51788	Homo sapiens	Metazoa	898	True
Q9SMN1	Arabidopsis thaliana	Plants	256	False
Q9BXJ8	Homo sapiens	Metazoa	343	False
Q9NZP6	Homo sapiens	Metazoa	1156	False
O88569	Mus musculus	Metazoa	353	False
Q01064	Homo sapiens	Metazoa	536	False
Q13946	Homo sapiens	Metazoa	482	False
Q9LNC5	Arabidopsis thaliana	Plants	987	False
P14060	Homo sapiens	Metazoa	373	False
Q96321	Arabidopsis thaliana	Plants	532	False
Q9C6X2	Arabidopsis thaliana	Plants	264	False
P46059	Homo sapiens	Metazoa	708	True
Q8TD16	Homo sapiens	Metazoa	824	False
Q10214	Schizosaccharomyces pombe (strain 972 / ATCC 24843)	Fungi	131	False
Q9SIG8	Arabidopsis thaliana	Plants	519	False
Q6P9H4	Homo sapiens	Metazoa	555	False
P46150	Drosophila melanogaster	Metazoa	578	False
Q96GD0	Homo sapiens	Metazoa	296	False
Q810W6	Mus musculus	Metazoa	351	True
Q8TCS8	Homo sapiens	Metazoa	783	False
Q9BYD2	Homo sapiens	Metazoa	267	False
P15066	Mus musculus	Metazoa	341	False
P02545	Homo sapiens	Metazoa	664	False
P84244	Mus musculus	Metazoa	136	False
Q969F8	Homo sapiens	Metazoa	398	True
Q9BVP2	Homo sapiens	Metazoa	549	False
P35201	Saccharomyces cerevisiae (strain ATCC 204508 / S288c)	Fungi	549	False
Q23978	Drosophila melanogaster	Metazoa	1011	False
Q8H1E5	Arabidopsis thaliana	Plants	783	False
P87324	Schizosaccharomyces pombe (strain 972 / ATCC 24843)	Fungi	462	False
Q00912	Wickerhamomyces anomalus	Fungi	342	False
Q9VAW5	Drosophila melanogaster	Metazoa	1673	False
Q84TH5	Arabidopsis thaliana	Plants	662	False
Q9XF87	Arabidopsis thaliana	Plants	266	False
Q9JJF2	Mus musculus	Metazoa	443	False
Q03717	Mus musculus	Metazoa	857	False
O24463	Zea mays	Plants	328	False
C0SUT9	Arabidopsis thaliana	Plants	1209	False
Q99M87	Mus musculus	Metazoa	480	False
Q9UKX7	Homo sapiens	Metazoa	468	False
Q3UL53	Mus musculus	Metazoa	246	False
Q9JIR4	Rattus norvegicus	Metazoa	1615	False
Q62465	Mus musculus	Metazoa	406	False
P54256	Rattus norvegicus	Metazoa	629	False
P37298	Saccharomyces cerevisiae (strain ATCC 204508 / S288c)	Fungi	181	True
Q93YF5	Nicotiana tabacum	Plants	704	False
P53853	Saccharomyces cerevisiae (strain ATCC 204508 / S288c)	Fungi	264	False
P18494	Saccharomyces cerevisiae (strain ATCC 204508 / S288c)	Fungi	730	False
P23975	Homo sapiens	Metazoa	617	True
P53317	Saccharomyces cerevisiae (strain ATCC 204508 / S288c)	Fungi	196	False
O76082	Homo sapiens	Metazoa	557	True
P00026	Cyprinus carpio	Metazoa	104	False
Q9Z2J0	Mus musculus	Metazoa	605	True
Q96P70	Homo sapiens	Metazoa	1041	False
Q9NSI8	Homo sapiens	Metazoa	373	False
Q03898	Saccharomyces cerevisiae (strain ATCC 204508 / S288c)	Fungi	291	False
Q06665	Saccharomyces cerevisiae (strain ATCC 204508 / S288c)	Fungi	692	False
P34815	Caenorhabditis elegans	Metazoa	591	False
P86926	Trypanosoma brucei brucei	Other	469	False
Q3TY86	Mus musculus	Metazoa	605	False
Q38814	Arabidopsis thaliana	Plants	349	False
Q9W704	Xenopus laevis	Metazoa	226	False
Q5VWP3	Homo sapiens	Metazoa	993	False
Q53ET0	Homo sapiens	Metazoa	693	False
Q9BZ23	Homo sapiens	Metazoa	570	False
P38884	Saccharomyces cerevisiae (strain ATCC 204508 / S288c)	Fungi	321	False
Q8QG92	Xenopus laevis	Metazoa	824	False
P41917	Arabidopsis thaliana	Plants	221	False
Q02218	Homo sapiens	Metazoa	1023	False
P35705	Bos taurus	Metazoa	257	False
Q949U7	Arabidopsis thaliana	Plants	234	False
Q9DBA9	Mus musculus	Metazoa	547	False
P0DW16	Sus scrofa	Metazoa	1223	False
Q9H9S0	Homo sapiens	Metazoa	305	False
P07170	Saccharomyces cerevisiae (strain ATCC 204508 / S288c)	Fungi	222	False
Q9YGL6	Gallus gallus	Metazoa	386	False
Q9D708	Mus musculus	Metazoa	124	False
O43809	Homo sapiens	Metazoa	227	False
Q9WU62	Mus musculus	Metazoa	880	False
Q3U1F9	Mus musculus	Metazoa	429	True
Q9C5S1	Arabidopsis thaliana	Plants	784	False
Q9ULD2	Homo sapiens	Metazoa	1270	False
Q9N589	Caenorhabditis elegans	Metazoa	588	False
Q8WUJ0	Homo sapiens	Metazoa	223	False
Q9NX52	Homo sapiens	Metazoa	303	True
Q96E52	Homo sapiens	Metazoa	524	False
Q8VDZ4	Mus musculus	Metazoa	715	True
Q9S7E9	Arabidopsis thaliana	Plants	481	False
Q9NQP4	Homo sapiens	Metazoa	134	False
P35875	Drosophila melanogaster	Metazoa	994	False
Q9JMC2	Mus musculus	Metazoa	493	False
O60765	Homo sapiens	Metazoa	605	False
P63142	Rattus norvegicus	Metazoa	499	False
Q86T82	Homo sapiens	Metazoa	979	False
Q17784	Caenorhabditis elegans	Metazoa	830	False
O74790	Schizosaccharomyces pombe (strain 972 / ATCC 24843)	Fungi	244	False
O60184	Schizosaccharomyces pombe (strain 972 / ATCC 24843)	Fungi	1102	False
O60285	Homo sapiens	Metazoa	661	False
Q13115	Homo sapiens	Metazoa	394	False
Q93712	Caenorhabditis elegans	Metazoa	466	False
Q92186	Homo sapiens	Metazoa	375	True
O35613	Mus musculus	Metazoa	739	False
Q8N8E2	Homo sapiens	Metazoa	541	False
P08518	Saccharomyces cerevisiae (strain ATCC 204508 / S288c)	Fungi	1224	False
O35095	Rattus norvegicus	Metazoa	729	False
P30680	Rattus norvegicus	Metazoa	369	True
Q9UJV9	Homo sapiens	Metazoa	622	False
P32454	Saccharomyces cerevisiae (strain ATCC 204508 / S288c)	Fungi	952	False
Q86WB0	Homo sapiens	Metazoa	502	False
P46676	Saccharomyces cerevisiae (strain ATCC 204508 / S288c)	Fungi	1062	False
P07838	Bryopsis maxima	Plants	98	False
P14404	Mus musculus	Metazoa	1232	False
Q9EQP2	Mus musculus	Metazoa	541	False
Q8LE98	Arabidopsis thaliana	Plants	344	False
Q9S713	Arabidopsis thaliana	Plants	562	False
Q9VL14	Drosophila melanogaster	Metazoa	118	False
Q9LZS0	Arabidopsis thaliana	Plants	591	False
P10849	Saccharomyces cerevisiae (strain ATCC 204508 / S288c)	Fungi	440	False
Q5SXI5	Mus musculus	Metazoa	585	False
Q3KN41	Drosophila melanogaster	Metazoa	1840	False
P40466	Saccharomyces cerevisiae (strain ATCC 204508 / S288c)	Fungi	484	False
O74535	Schizosaccharomyces pombe (strain 972 / ATCC 24843)	Fungi	710	False
Q60EZ2	Oryza sativa subsp. japonica	Plants	402	False
P23709	Bos taurus	Metazoa	266	False
Q02084	Pleurodeles waltl	Metazoa	625	False
Q6EPZ0	Oryza sativa subsp. japonica	Plants	318	False
O15393	Homo sapiens	Metazoa	492	True
P11869	Spinacia oleracea	Plants	404	False
Q15649	Homo sapiens	Metazoa	155	False
O35913	Rattus norvegicus	Metazoa	661	True
O14291	Schizosaccharomyces pombe (strain 972 / ATCC 24843)	Fungi	313	False
Q9SUU5	Arabidopsis thaliana	Plants	122	False
Q9FKB0	Arabidopsis thaliana	Plants	88	False
Q9Y3A5	Homo sapiens	Metazoa	250	False
O45784	Caenorhabditis elegans	Metazoa	183	False
P62806	Mus musculus	Metazoa	103	False
Q9SZQ5	Arabidopsis thaliana	Plants	321	False
P40486	Saccharomyces cerevisiae (strain ATCC 204508 / S288c)	Fungi	507	False
Q9P2H5	Homo sapiens	Metazoa	1018	False
Q9CRB9	Mus musculus	Metazoa	227	False
P40019	Saccharomyces cerevisiae (strain ATCC 204508 / S288c)	Fungi	153	False
Q8K4R4	Mus musculus	Metazoa	332	False
P34947	Homo sapiens	Metazoa	590	False
P06401	Homo sapiens	Metazoa	933	False
P28324	Homo sapiens	Metazoa	431	False
Q08605	Drosophila melanogaster	Metazoa	581	False
P15384	Rattus norvegicus	Metazoa	525	False
O94427	Schizosaccharomyces pombe (strain 972 / ATCC 24843)	Fungi	424	False
O42643	Schizosaccharomyces pombe (strain 972 / ATCC 24843)	Fungi	1168	False
P38533	Mus musculus	Metazoa	535	False
P51974	Rattus norvegicus	Metazoa	457	False
P78406	Homo sapiens	Metazoa	368	False
Q9BXA5	Homo sapiens	Metazoa	334	True
Q8WVB6	Homo sapiens	Metazoa	975	False
Q9DAM9	Mus musculus	Metazoa	344	False
Q8IYW5	Homo sapiens	Metazoa	571	False
P59158	Mus musculus	Metazoa	1002	False
P61244	Homo sapiens	Metazoa	160	False
P05631	Bos taurus	Metazoa	298	False
Q8VCA0	Mus musculus	Metazoa	551	True
Q62920	Rattus norvegicus	Metazoa	591	False
Q9M9W3	Arabidopsis thaliana	Plants	318	False
Q9VKV8	Drosophila melanogaster	Metazoa	199	False
Q86X29	Homo sapiens	Metazoa	649	False
U3H042	Schizosaccharomyces pombe (strain 972 / ATCC 24843)	Fungi	264	False
P11166	Homo sapiens	Metazoa	492	True
O75081	Homo sapiens	Metazoa	653	False
O75925	Homo sapiens	Metazoa	651	False
Q16533	Homo sapiens	Metazoa	368	False
Q8R1H0	Mus musculus	Metazoa	73	False
P43563	Saccharomyces cerevisiae (strain ATCC 204508 / S288c)	Fungi	287	False
Q9SNC6	Arabidopsis thaliana	Plants	660	False
Q5XG87	Homo sapiens	Metazoa	792	False
Q99MV7	Mus musculus	Metazoa	1640	False
P42224	Homo sapiens	Metazoa	750	False
Q9UQ35	Homo sapiens	Metazoa	2752	False
Q9DCT2	Mus musculus	Metazoa	263	False
O60216	Homo sapiens	Metazoa	631	False
P48634	Homo sapiens	Metazoa	2157	False
P46934	Homo sapiens	Metazoa	1319	False
Q9Y315	Homo sapiens	Metazoa	318	False
Q91WW3	Mus musculus	Metazoa	302	True
Q22453	Caenorhabditis elegans	Metazoa	197	False
Q43578	Nicotiana tabacum	Plants	500	False
Q9LX93	Arabidopsis thaliana	Plants	301	True
P08284	Gallus gallus	Metazoa	219	False
P16236	Gallus gallus	Metazoa	598	False
Q9V452	Drosophila melanogaster	Metazoa	140	False
P0C7T5	Homo sapiens	Metazoa	689	False
P56477	Mus musculus	Metazoa	497	False
P36404	Homo sapiens	Metazoa	184	False
P32566	Saccharomyces cerevisiae (strain ATCC 204508 / S288c)	Fungi	505	False
Q9VKM1	Drosophila melanogaster	Metazoa	843	False
Q96BP3	Homo sapiens	Metazoa	646	False
Q9C115	Schizosaccharomyces pombe (strain 972 / ATCC 24843)	Fungi	150	False
Q8IRH5	Drosophila melanogaster	Metazoa	733	False
P35762	Mus musculus	Metazoa	236	True
Q9LDT3	Arabidopsis thaliana	Plants	231	False
Q9NZQ3	Homo sapiens	Metazoa	722	False
O14641	Homo sapiens	Metazoa	736	False
F4HQD4	Arabidopsis thaliana	Plants	831	False
Q96524	Arabidopsis thaliana	Plants	612	False
P63139	Mus musculus	Metazoa	207	False
Q92887	Homo sapiens	Metazoa	1545	True
Q24492	Drosophila melanogaster	Metazoa	603	False
Q9LRI8	Spinacia oleracea	Plants	562	False
Q08050	Homo sapiens	Metazoa	763	False
P26599	Homo sapiens	Metazoa	557	False
Q764M6	Sus scrofa	Metazoa	419	False
Q5TGY3	Homo sapiens	Metazoa	1603	False
Q7Z449	Homo sapiens	Metazoa	544	True
Q09914	Schizosaccharomyces pombe (strain 972 / ATCC 24843)	Fungi	202	False
Q5FWY4	Xenopus laevis	Metazoa	821	False
Q9U280	Caenorhabditis elegans	Metazoa	1139	True
Q6P6J4	Mus musculus	Metazoa	239	False
Q13127	Homo sapiens	Metazoa	1097	False
P62996	Mus musculus	Metazoa	288	False
Q7SA90	Neurospora crassa (strain ATCC 24698 / 74-OR23-1A / CBS 708.71 / DSM 1257 / FGSC 987)	Fungi	453	False
Q810F1	Cavia porcellus	Metazoa	705	True
Q63836	Mus musculus	Metazoa	472	False
Q70IA6	Homo sapiens	Metazoa	237	False
Q9LY75	Arabidopsis thaliana	Plants	570	False
G5EGP4	Caenorhabditis elegans	Metazoa	865	False
P45975	Drosophila melanogaster	Metazoa	635	False
Q8NG08	Homo sapiens	Metazoa	1087	False
Q04724	Homo sapiens	Metazoa	770	False
O75506	Homo sapiens	Metazoa	76	False
Q95142	Bos taurus	Metazoa	150	False
O74944	Schizosaccharomyces pombe (strain 972 / ATCC 24843)	Fungi	547	False
Q4PSK3	Arabidopsis thaliana	Plants	124	False
Q6GKV1	Arabidopsis thaliana	Plants	324	False
Q9HBF4	Homo sapiens	Metazoa	777	False
V5IRD7	Neurospora crassa (strain ATCC 24698 / 74-OR23-1A / CBS 708.71 / DSM 1257 / FGSC 987)	Fungi	136	True
Q9SF32	Arabidopsis thaliana	Plants	454	False
O95863	Homo sapiens	Metazoa	264	False
P06414	Marchantia polymorpha	Plants	473	True
P15976	Homo sapiens	Metazoa	413	False
Q08170	Homo sapiens	Metazoa	494	False
P16356	Caenorhabditis elegans	Metazoa	1856	False
P81274	Homo sapiens	Metazoa	684	False
Q8IXM6	Homo sapiens	Metazoa	262	True
P51593	Rattus norvegicus	Metazoa	4454	False
Q8R426	Rattus norvegicus	Metazoa	227	False
P43618	Saccharomyces cerevisiae (strain ATCC 204508 / S288c)	Fungi	361	False
Q39129	Arabidopsis thaliana	Plants	120	False
Q63739	Mus musculus	Metazoa	173	False
Q91VD9	Mus musculus	Metazoa	727	False
Q764M5	Sus scrofa	Metazoa	753	False
P22670	Homo sapiens	Metazoa	979	False
Q7TS99	Mus musculus	Metazoa	240	False
Q53NF7	Oryza sativa subsp. japonica	Plants	329	False
P38979	Drosophila melanogaster	Metazoa	270	False
O75897	Homo sapiens	Metazoa	302	False
Q9BZE9	Homo sapiens	Metazoa	553	False
Q9CYR0	Mus musculus	Metazoa	152	False
P09842	Hordeum vulgare	Plants	603	False
Q13237	Homo sapiens	Metazoa	762	False
O15553	Homo sapiens	Metazoa	781	False
P32179	Saccharomyces cerevisiae (strain ATCC 204508 / S288c)	Fungi	357	False
Q64279	Mus musculus	Metazoa	216	False
Q9BSH3	Homo sapiens	Metazoa	213	False
Q42496	Chlamydomonas reinhardtii	Plants	99	True
P23634	Homo sapiens	Metazoa	1241	False
P47139	Saccharomyces cerevisiae (strain ATCC 204508 / S288c)	Fungi	656	False
O88801	Rattus norvegicus	Metazoa	354	False
Q06850	Arabidopsis thaliana	Plants	610	False
Q9SPG9	Arabidopsis thaliana	Plants	214	False
Q9M3I4	Spinacia oleracea	Plants	90	False
P53256	Saccharomyces cerevisiae (strain ATCC 204508 / S288c)	Fungi	223	False
Q5XIE6	Rattus norvegicus	Metazoa	385	False
P11178	Bos taurus	Metazoa	455	False
P38216	Saccharomyces cerevisiae (strain ATCC 204508 / S288c)	Fungi	128	False
P30048	Homo sapiens	Metazoa	256	False
Q9SSA4	Arabidopsis thaliana	Plants	411	False
Q9JIF5	Cavia porcellus	Metazoa	302	False
Q05397	Homo sapiens	Metazoa	1052	False
P04912	Saccharomyces cerevisiae (strain ATCC 204508 / S288c)	Fungi	132	False
Q9VUN3	Drosophila melanogaster	Metazoa	217	False
Q9UKN8	Homo sapiens	Metazoa	822	False
P0DO03	Oryza sativa subsp. japonica	Plants	447	False
P62344	Plasmodium falciparum (isolate 3D7)	Other	524	False
Q4J6C6	Homo sapiens	Metazoa	727	False
Q949S9	Arabidopsis thaliana	Plants	253	False
Q9MA46	Arabidopsis thaliana	Plants	471	False
Q8H1F7	Arabidopsis thaliana	Plants	332	False
P41595	Homo sapiens	Metazoa	481	True
Q3LS21	Mus musculus	Metazoa	402	True
Q99PT3	Mus musculus	Metazoa	375	False
Q8R1I1	Mus musculus	Metazoa	64	True
Q4KL25	Mus musculus	Metazoa	219	True
Q8VDP4	Mus musculus	Metazoa	922	False
P38876	Saccharomyces cerevisiae (strain ATCC 204508 / S288c)	Fungi	190	False
Q4W6B5	Dictyostelium discoideum	Other	469	False
P47031	Saccharomyces cerevisiae (strain ATCC 204508 / S288c)	Fungi	731	False
Q54ET6	Dictyostelium discoideum	Other	2364	False
Q9LV14	Arabidopsis thaliana	Plants	520	False
Q9Y666	Homo sapiens	Metazoa	1083	False
O43316	Homo sapiens	Metazoa	350	False
Q9NUL5	Homo sapiens	Metazoa	291	False
O60674	Homo sapiens	Metazoa	1132	False
P36000	Saccharomyces cerevisiae (strain ATCC 204508 / S288c)	Fungi	726	False
Q7XHR2	Oryza sativa subsp. japonica	Plants	927	False
Q8NFW8	Homo sapiens	Metazoa	434	False
Q9P7V9	Schizosaccharomyces pombe (strain 972 / ATCC 24843)	Fungi	585	False
Q12333	Saccharomyces cerevisiae (strain ATCC 204508 / S288c)	Fungi	620	True
Q14061	Homo sapiens	Metazoa	63	False
Q86W56	Homo sapiens	Metazoa	976	False
P23978	Rattus norvegicus	Metazoa	599	True
Q91YI1	Mus musculus	Metazoa	516	False
Q8C206	Mus musculus	Metazoa	330	True
J9VIL4	Cryptococcus neoformans var. grubii serotype A (strain H99 / ATCC 208821 / CBS 10515 / FGSC 9487)	Fungi	623	True
P47120	Saccharomyces cerevisiae (strain ATCC 204508 / S288c)	Fungi	325	False
Q5UIP0	Homo sapiens	Metazoa	2472	False
Q69ZX6	Mus musculus	Metazoa	1030	False
Q9EQ10	Rattus norvegicus	Metazoa	573	False
Q9NYF8	Homo sapiens	Metazoa	920	False
P53850	Saccharomyces cerevisiae (strain ATCC 204508 / S288c)	Fungi	401	False
Q9VJL6	Drosophila melanogaster	Metazoa	138	False
Q9JJ57	Mus musculus	Metazoa	227	False
Q8NEJ9	Homo sapiens	Metazoa	315	False
Q96IF1	Homo sapiens	Metazoa	538	False
Q75KU4	Oryza sativa subsp. japonica	Plants	210	False
Q9VW15	Drosophila melanogaster	Metazoa	2226	False
Q92911	Homo sapiens	Metazoa	643	True
A6NKK0	Homo sapiens	Metazoa	313	True
P40121	Homo sapiens	Metazoa	348	False
Q9HCU8	Homo sapiens	Metazoa	107	False
P22001	Homo sapiens	Metazoa	575	False
Q8RWY3	Arabidopsis thaliana	Plants	1056	False
P48376	Caenorhabditis elegans	Metazoa	187	False
P53769	Saccharomyces cerevisiae (strain ATCC 204508 / S288c)	Fungi	259	False
Q7Z4V0	Homo sapiens	Metazoa	828	False
A0A0B5KU17	Penicillium brevicompactum	Fungi	2190	False
Q6UL01	Mus musculus	Metazoa	79	False
Q9CZ13	Mus musculus	Metazoa	480	False
P81450	Saccharomyces cerevisiae (strain ATCC 204508 / S288c)	Fungi	59	True
P20444	Mus musculus	Metazoa	672	False
Q39172	Arabidopsis thaliana	Plants	345	False
Q5KSL6	Homo sapiens	Metazoa	1271	False
P40939	Homo sapiens	Metazoa	763	False
P52759	Rattus norvegicus	Metazoa	137	False
O13701	Schizosaccharomyces pombe (strain 972 / ATCC 24843)	Fungi	393	False
P16370	Saccharomyces cerevisiae (strain ATCC 204508 / S288c)	Fungi	318	False
Q8NEU8	Homo sapiens	Metazoa	664	False
P47928	Homo sapiens	Metazoa	161	False
Q7KTX7	Drosophila melanogaster	Metazoa	482	False
Q08959	Saccharomyces cerevisiae (strain ATCC 204508 / S288c)	Fungi	321	False
Q8WWY6	Homo sapiens	Metazoa	194	False
P50406	Homo sapiens	Metazoa	440	True
Q9SBK6	Brassica rapa subsp. pekinensis	Plants	392	False
P56749	Homo sapiens	Metazoa	244	True
Q495M9	Homo sapiens	Metazoa	461	False
P41698	Saccharomyces cerevisiae (strain ATCC 204508 / S288c)	Fungi	603	False
Q14157	Homo sapiens	Metazoa	1087	False
P68096	Equus quagga burchellii	Metazoa	105	False
Q53S33	Homo sapiens	Metazoa	107	False
P53370	Homo sapiens	Metazoa	316	False
Q8VGC3	Rattus norvegicus	Metazoa	655	False
O95831	Homo sapiens	Metazoa	613	False
Q9WTY2	Rattus norvegicus	Metazoa	341	False
Q9NV56	Homo sapiens	Metazoa	204	False
Q3EBR6	Arabidopsis thaliana	Plants	529	False
Q9CPY4	Mus musculus	Metazoa	127	False
P62310	Homo sapiens	Metazoa	102	False
P00128	Saccharomyces cerevisiae (strain ATCC 204508 / S288c)	Fungi	127	False
P20671	Homo sapiens	Metazoa	130	False
O08900	Mus musculus	Metazoa	507	False
Q9Y239	Homo sapiens	Metazoa	953	False
P53336	Saccharomyces cerevisiae (strain ATCC 204508 / S288c)	Fungi	341	False
P42762	Arabidopsis thaliana	Plants	945	False
Q9ZW84	Arabidopsis thaliana	Plants	256	False
P01100	Homo sapiens	Metazoa	380	False
Q09463	Caenorhabditis elegans	Metazoa	235	False
Q6PCT2	Homo sapiens	Metazoa	694	False
Q64305	Rattus norvegicus	Metazoa	326	False
P83585	Solanum abutiloides	Plants	97	False
P26439	Homo sapiens	Metazoa	372	False
Q7RZ62	Neurospora crassa (strain ATCC 24698 / 74-OR23-1A / CBS 708.71 / DSM 1257 / FGSC 987)	Fungi	347	False
O35137	Mus musculus	Metazoa	399	False
P86044	Mus musculus	Metazoa	747	False
Q8IX21	Homo sapiens	Metazoa	1173	False
P14906	Saccharomyces cerevisiae (strain ATCC 204508 / S288c)	Fungi	663	True
Q9Y295	Homo sapiens	Metazoa	367	False
P46947	Saccharomyces cerevisiae (strain ATCC 204508 / S288c)	Fungi	266	False
Q99MU3	Mus musculus	Metazoa	1178	False
Q06608	Saccharomyces cerevisiae (strain ATCC 204508 / S288c)	Fungi	200	False
P43079	Candida albicans (strain SC5314 / ATCC MYA-2876)	Fungi	656	False
O04847	Catharanthus roseus	Plants	401	False
Q99502	Homo sapiens	Metazoa	592	False
P21453	Homo sapiens	Metazoa	382	True
Q9LFH0	Arabidopsis thaliana	Plants	1450	False
Q9FGS4	Arabidopsis thaliana	Plants	718	False
Q8NHQ9	Homo sapiens	Metazoa	600	False
Q6ZPK7	Mus musculus	Metazoa	905	False
P60881	Rattus norvegicus	Metazoa	206	False
Q9Y616	Homo sapiens	Metazoa	596	False
P17923	Gallus gallus	Metazoa	522	False
Q9W6G7	Xenopus laevis	Metazoa	463	False
Q7TQK0	Mus musculus	Metazoa	723	False
O49460	Arabidopsis thaliana	Plants	288	True
P53298	Saccharomyces cerevisiae (strain ATCC 204508 / S288c)	Fungi	406	False
P42698	Arabidopsis thaliana	Plants	387	False
Q9W415	Drosophila melanogaster	Metazoa	424	False
P20794	Homo sapiens	Metazoa	623	False
Q8NDZ2	Homo sapiens	Metazoa	872	False
P21276	Arabidopsis thaliana	Plants	212	False
O22773	Arabidopsis thaliana	Plants	216	False
P69851	Saccharomyces cerevisiae (strain ATCC 204508 / S288c)	Fungi	72	False
Q8K4B0	Mus musculus	Metazoa	715	False
Q99592	Homo sapiens	Metazoa	522	False
P35241	Homo sapiens	Metazoa	583	False
P09856	Spinacia oleracea	Plants	190	False
O60239	Homo sapiens	Metazoa	455	False
P25638	Saccharomyces cerevisiae (strain ATCC 204508 / S288c)	Fungi	111	False
Q01484	Homo sapiens	Metazoa	3957	False
P61956	Homo sapiens	Metazoa	95	False
Q14542	Homo sapiens	Metazoa	456	True
A3AWH5	Oryza sativa subsp. japonica	Plants	306	False
Q9SQI8	Arabidopsis thaliana	Plants	480	False
Q9M1J2	Arabidopsis thaliana	Plants	222	False
O96623	Dictyostelium discoideum	Other	293	False
Q9BYV9	Homo sapiens	Metazoa	841	False
O60141	Schizosaccharomyces pombe (strain 972 / ATCC 24843)	Fungi	299	False
D4A7U2	Rattus norvegicus	Metazoa	587	False
Q12489	Saccharomyces cerevisiae (strain ATCC 204508 / S288c)	Fungi	107	False
Q12386	Saccharomyces cerevisiae (strain ATCC 204508 / S288c)	Fungi	881	False
A0A0B4KGY6	Drosophila melanogaster	Metazoa	780	False
O82245	Arabidopsis thaliana	Plants	196	True
O57579	Gallus gallus	Metazoa	972	True
A2RTF1	Mus musculus	Metazoa	1109	False
Q91VJ5	Mus musculus	Metazoa	263	False
O70133	Mus musculus	Metazoa	1380	False
B6ZLK2	Gallus gallus	Metazoa	1719	False
P49777	Schizosaccharomyces pombe (strain 972 / ATCC 24843)	Fungi	522	False
Q9SEH3	Arabidopsis thaliana	Plants	202	False
Q15418	Homo sapiens	Metazoa	735	False
P70122	Mus musculus	Metazoa	250	False
Q8VZS6	Arabidopsis thaliana	Plants	567	False
O70239	Rattus norvegicus	Metazoa	827	False
P68040	Mus musculus	Metazoa	317	False
Q07979	Saccharomyces cerevisiae (strain ATCC 204508 / S288c)	Fungi	502	False
Q9C664	Arabidopsis thaliana	Plants	674	False
Q94CE5	Arabidopsis thaliana	Plants	504	False
Q16566	Homo sapiens	Metazoa	473	False
P52890	Schizosaccharomyces pombe (strain 972 / ATCC 24843)	Fungi	566	False
O49292	Arabidopsis thaliana	Plants	260	False
O04211	Arabidopsis thaliana	Plants	111	False
Q9SQY0	Arabidopsis thaliana	Plants	451	False
Q9D3R9	Mus musculus	Metazoa	471	False
Q6Q2Z6	Mus musculus	Metazoa	421	False
P35367	Homo sapiens	Metazoa	487	True
Q9JHY8	Rattus norvegicus	Metazoa	918	False
Q6ZWR6	Mus musculus	Metazoa	8799	False
Q9JHU6	Rattus norvegicus	Metazoa	180	False
P04255	Caenorhabditis elegans	Metazoa	122	False
P40345	Saccharomyces cerevisiae (strain ATCC 204508 / S288c)	Fungi	661	True
P22307	Homo sapiens	Metazoa	547	False
Q15744	Homo sapiens	Metazoa	281	False
Q21986	Caenorhabditis elegans	Metazoa	958	False
P16467	Saccharomyces cerevisiae (strain ATCC 204508 / S288c)	Fungi	563	False
A7UWX2	Neurospora crassa (strain ATCC 24698 / 74-OR23-1A / CBS 708.71 / DSM 1257 / FGSC 987)	Fungi	470	False
Q42404	Arabidopsis thaliana	Plants	427	False
Q99877	Homo sapiens	Metazoa	126	False
Q07279	Mus musculus	Metazoa	373	False
Q91XT6	Mus musculus	Metazoa	489	False
P29374	Homo sapiens	Metazoa	1257	False
P54671	Dictyostelium discoideum	Other	180	False
Q9NU63	Homo sapiens	Metazoa	452	False
B7Z0I7	Drosophila melanogaster	Metazoa	351	False
P47239	Mus musculus	Metazoa	503	False
P16892	Saccharomyces cerevisiae (strain ATCC 204508 / S288c)	Fungi	353	False
Q9DCD5	Mus musculus	Metazoa	549	False
O94701	Schizosaccharomyces pombe (strain 972 / ATCC 24843)	Fungi	272	False
Q9P7S9	Schizosaccharomyces pombe (strain 972 / ATCC 24843)	Fungi	194	False
P36078	Saccharomyces cerevisiae (strain ATCC 204508 / S288c)	Fungi	116	False
P67870	Homo sapiens	Metazoa	215	False
Q9P783	Schizosaccharomyces pombe (strain 972 / ATCC 24843)	Fungi	480	False
P19511	Rattus norvegicus	Metazoa	256	False
J9VE33	Cryptococcus neoformans var. grubii serotype A (strain H99 / ATCC 208821 / CBS 10515 / FGSC 9487)	Fungi	1094	False
P21554	Homo sapiens	Metazoa	472	False
P06302	Rattus norvegicus	Metazoa	112	False
Q99JA4	Mus musculus	Metazoa	352	True
F6YCR7	Mus musculus	Metazoa	232	False
Q13336	Homo sapiens	Metazoa	389	True
Q8VZ20	Arabidopsis thaliana	Plants	314	False
O94450	Schizosaccharomyces pombe (strain 972 / ATCC 24843)	Fungi	501	False
Q05469	Homo sapiens	Metazoa	1076	False
Q12830	Homo sapiens	Metazoa	3046	False
Q9UUK1	Schizosaccharomyces pombe (strain 972 / ATCC 24843)	Fungi	564	False
P35584	Mus musculus	Metazoa	353	False
Q07523	Rattus norvegicus	Metazoa	353	False
P00229	Phytolacca americana	Plants	96	False
Q9FVR6	Arabidopsis thaliana	Plants	296	False
P28702	Homo sapiens	Metazoa	533	False
O13516	Saccharomyces cerevisiae (strain ATCC 204508 / S288c)	Fungi	197	False
Q9H4Z2	Homo sapiens	Metazoa	1342	False
P00020	Anas platyrhynchos	Metazoa	105	False
P53568	Mus musculus	Metazoa	150	False
P35346	Homo sapiens	Metazoa	364	True
Q9LIB2	Arabidopsis thaliana	Plants	962	False
Q28677	Oryctolagus cuniculus	Metazoa	1085	False
P12814	Homo sapiens	Metazoa	892	False
G5EET5	Caenorhabditis elegans	Metazoa	184	False
Q8BVZ5	Mus musculus	Metazoa	266	False
Q9P6M3	Schizosaccharomyces pombe (strain 972 / ATCC 24843)	Fungi	210	False
Q8IVM8	Homo sapiens	Metazoa	553	True
O74968	Schizosaccharomyces pombe (strain 972 / ATCC 24843)	Fungi	249	False
Q99PU7	Mus musculus	Metazoa	728	False
P09735	Marchantia polymorpha	Plants	95	False
Q12874	Homo sapiens	Metazoa	501	False
Q7YQK3	Oryctolagus cuniculus	Metazoa	529	True
P54920	Homo sapiens	Metazoa	295	False
Q91XU0	Mus musculus	Metazoa	660	False
P23955	Neurospora crassa (strain ATCC 24698 / 74-OR23-1A / CBS 708.71 / DSM 1257 / FGSC 987)	Fungi	577	False
Q96EL2	Homo sapiens	Metazoa	167	False
Q38868	Arabidopsis thaliana	Plants	541	False
O08750	Mus musculus	Metazoa	462	False
Q7Z5K2	Homo sapiens	Metazoa	1190	False
P22981	Caenorhabditis elegans	Metazoa	184	False
Q80W57	Rattus norvegicus	Metazoa	657	False
F1M7Y5	Rattus norvegicus	Metazoa	596	False
O60830	Homo sapiens	Metazoa	172	True
Q93ZG7	Arabidopsis thaliana	Plants	496	False
Q9M086	Arabidopsis thaliana	Plants	1883	False
P11084	Oryctolagus cuniculus	Metazoa	307	False
O96161	Plasmodium falciparum (isolate 3D7)	Other	160	False
O23174	Arabidopsis thaliana	Plants	536	False
P01375	Homo sapiens	Metazoa	233	True
Q0WR66	Arabidopsis thaliana	Plants	793	False
Q9NR83	Homo sapiens	Metazoa	387	False
Q8BIZ1	Mus musculus	Metazoa	1259	False
P60896	Homo sapiens	Metazoa	70	False
Q99572	Homo sapiens	Metazoa	595	True
P42114	Neurospora crassa (strain ATCC 24698 / 74-OR23-1A / CBS 708.71 / DSM 1257 / FGSC 987)	Fungi	124	False
Q9Y5R4	Homo sapiens	Metazoa	338	False
P51153	Homo sapiens	Metazoa	203	False
Q9ZST4	Arabidopsis thaliana	Plants	196	False
Q8GYP5	Arabidopsis thaliana	Plants	280	False
P50748	Homo sapiens	Metazoa	2209	False
Q80TR8	Mus musculus	Metazoa	1506	False
Q9UTI3	Schizosaccharomyces pombe (strain 972 / ATCC 24843)	Fungi	177	False
Q9Z330	Rattus norvegicus	Metazoa	1622	False
Q9LS48	Arabidopsis thaliana	Plants	316	False
Q08417	Saccharomyces cerevisiae (strain ATCC 204508 / S288c)	Fungi	382	True
Q8VWF1	Arabidopsis thaliana	Plants	368	False
Q04601	Saccharomyces cerevisiae (strain ATCC 204508 / S288c)	Fungi	652	False
F4JZW1	Arabidopsis thaliana	Plants	494	False
P32588	Saccharomyces cerevisiae (strain ATCC 204508 / S288c)	Fungi	453	False
P27515	Saccharomyces cerevisiae (strain ATCC 204508 / S288c)	Fungi	501	False
A7L9Z8	Mus musculus	Metazoa	944	False
Q01217	Saccharomyces cerevisiae (strain ATCC 204508 / S288c)	Fungi	863	False
P41183	Mus musculus	Metazoa	707	False
Q9P0J1	Homo sapiens	Metazoa	537	False
Q05037	Bos taurus	Metazoa	660	False
Q9C6B3	Arabidopsis thaliana	Plants	278	False
Q12996	Homo sapiens	Metazoa	717	False
Q8NG50	Homo sapiens	Metazoa	284	False
Q9NX24	Homo sapiens	Metazoa	153	False
P10244	Homo sapiens	Metazoa	700	False
Q965G5	Caenorhabditis elegans	Metazoa	366	False
A0A166B1A6	Daucus carota subsp. sativus	Plants	1119	False
P30561	Mus musculus	Metazoa	848	False
P31265	Arabidopsis thaliana	Plants	168	False
Q58DQ5	Bos taurus	Metazoa	396	False
Q9CPP6	Mus musculus	Metazoa	116	False
P08417	Saccharomyces cerevisiae (strain ATCC 204508 / S288c)	Fungi	488	False
Q9NVV5	Homo sapiens	Metazoa	238	True
Q9ERZ0	Mus musculus	Metazoa	503	False
Q9CRA5	Mus musculus	Metazoa	298	False
Q9JIP4	Mus musculus	Metazoa	426	True
A0A0D1E6B3	Mycosarcoma maydis	Fungi	435	True
P05554	Rattus norvegicus	Metazoa	358	False
Q9HB58	Homo sapiens	Metazoa	689	False
O94826	Homo sapiens	Metazoa	608	True
Q9GRT1	Leishmania mexicana	Other	350	False
Q94AN2	Arabidopsis thaliana	Plants	700	True
Q12884	Homo sapiens	Metazoa	760	True
P36534	Saccharomyces cerevisiae (strain ATCC 204508 / S288c)	Fungi	297	False
P11633	Saccharomyces cerevisiae (strain ATCC 204508 / S288c)	Fungi	99	False
Q9ES00	Mus musculus	Metazoa	1173	False
Q0WX57	Homo sapiens	Metazoa	530	False
P87355	Columba livia	Metazoa	181	False
P08212	Pisum sativum	Plants	81	True
P91001	Caenorhabditis elegans	Metazoa	368	False
Q9VFW4	Drosophila melanogaster	Metazoa	251	False
Q96G75	Homo sapiens	Metazoa	393	False
P13378	Homo sapiens	Metazoa	290	False
A0A163UT06	Caenorhabditis elegans	Metazoa	277	False
O74386	Schizosaccharomyces pombe (strain 972 / ATCC 24843)	Fungi	248	False
P51141	Mus musculus	Metazoa	695	False
Q09601	Caenorhabditis elegans	Metazoa	381	False
Q9U299	Caenorhabditis elegans	Metazoa	975	False
P40073	Saccharomyces cerevisiae (strain ATCC 204508 / S288c)	Fungi	367	True
Q07163	Saccharomyces cerevisiae	Fungi	1755	False
Q8N9L9	Homo sapiens	Metazoa	421	False
Q8CG09	Rattus norvegicus	Metazoa	1532	True
P84051	Drosophila melanogaster	Metazoa	124	False
Q08465	Saccharomyces cerevisiae (strain ATCC 204508 / S288c)	Fungi	219	False
Q8RXN3	Arabidopsis thaliana	Plants	408	False
O94868	Homo sapiens	Metazoa	740	False
P32347	Saccharomyces cerevisiae (strain ATCC 204508 / S288c)	Fungi	362	False
Q03782	Saccharomyces cerevisiae (strain ATCC 204508 / S288c)	Fungi	492	False
Q9LME4	Arabidopsis thaliana	Plants	281	False
P45380	Rattus norvegicus	Metazoa	703	True
P09084	Mus musculus	Metazoa	446	False
P32849	Saccharomyces cerevisiae (strain ATCC 204508 / S288c)	Fungi	1169	False
Q8K4D3	Mus musculus	Metazoa	475	True
Q08495	Homo sapiens	Metazoa	405	False
Q93ZB2	Arabidopsis thaliana	Plants	509	True
O13297	Saccharomyces cerevisiae (strain ATCC 204508 / S288c)	Fungi	549	False
P00292	Cucurbita pepo	Plants	99	False
P23589	Mus musculus	Metazoa	299	False
Q14003	Homo sapiens	Metazoa	757	False
P52926	Homo sapiens	Metazoa	109	False
P00039	Manduca sexta	Metazoa	108	False
P30049	Homo sapiens	Metazoa	168	False
O62090	Caenorhabditis elegans	Metazoa	586	False
Q27W01	Rattus norvegicus	Metazoa	174	False
Q07914	Saccharomyces cerevisiae (strain ATCC 204508 / S288c)	Fungi	168	True
P38779	Saccharomyces cerevisiae (strain ATCC 204508 / S288c)	Fungi	376	False
B9DGY1	Arabidopsis thaliana	Plants	695	False
A7TUE1	Medicago truncatula	Plants	513	False
Q07782	Rattus norvegicus	Metazoa	595	True
Q96FL8	Homo sapiens	Metazoa	570	True
O59680	Schizosaccharomyces pombe (strain 972 / ATCC 24843)	Fungi	307	False
P52868	Saccharomyces cerevisiae (strain ATCC 204508 / S288c)	Fungi	283	False
P19976	Glycine max	Plants	250	False
O14879	Homo sapiens	Metazoa	490	False
Q08760	Saccharomyces cerevisiae (strain ATCC 204508 / S288c)	Fungi	435	False
O35488	Mus musculus	Metazoa	620	True
Q6S4P4	Oryza sativa subsp. japonica	Plants	329	False
P53292	Saccharomyces cerevisiae (strain ATCC 204508 / S288c)	Fungi	345	False
Q92674	Homo sapiens	Metazoa	756	False
Q9VNH1	Drosophila melanogaster	Metazoa	300	False
Q0EEE2	Mus musculus	Metazoa	906	False
E9DVV4	Metarhizium acridum (strain CQMa 102)	Fungi	484	False
O82286	Arabidopsis thaliana	Plants	226	False
Q8TDU9	Homo sapiens	Metazoa	374	True
Q10204	Schizosaccharomyces pombe (strain 972 / ATCC 24843)	Fungi	250	False
Q96AZ6	Homo sapiens	Metazoa	181	False
P31647	Rattus norvegicus	Metazoa	627	True
P62072	Homo sapiens	Metazoa	90	False
Q9Y2T7	Homo sapiens	Metazoa	364	False
P04919	Mus musculus	Metazoa	929	False
Q12468	Saccharomyces cerevisiae (strain ATCC 204508 / S288c)	Fungi	440	False
P87133	Schizosaccharomyces pombe (strain 972 / ATCC 24843)	Fungi	121	False
P16390	Mus musculus	Metazoa	528	False
Q9C5J9	Arabidopsis thaliana	Plants	342	False
Q1K7A4	Neurospora crassa (strain ATCC 24698 / 74-OR23-1A / CBS 708.71 / DSM 1257 / FGSC 987)	Fungi	508	False
P61586	Homo sapiens	Metazoa	193	False
O70372	Mus musculus	Metazoa	1122	False
O59703	Schizosaccharomyces pombe (strain 972 / ATCC 24843)	Fungi	351	False
Q9HDV9	Schizosaccharomyces pombe (strain 972 / ATCC 24843)	Fungi	169	False
Q9HCD5	Homo sapiens	Metazoa	579	False
Q9LQL2	Arabidopsis thaliana	Plants	614	True
Q9BZS1	Homo sapiens	Metazoa	431	False
Q6P2Q9	Homo sapiens	Metazoa	2335	False
P38790	Saccharomyces cerevisiae (strain ATCC 204508 / S288c)	Fungi	280	False
Q9Y4X4	Homo sapiens	Metazoa	402	False
Q940A7	Arabidopsis thaliana	Plants	683	False
O09111	Mus musculus	Metazoa	151	True
Q7S2H6	Neurospora crassa (strain ATCC 24698 / 74-OR23-1A / CBS 708.71 / DSM 1257 / FGSC 987)	Fungi	310	False
A0A1S4BDC4	Nicotiana tabacum	Plants	790	False
O74835	Schizosaccharomyces pombe (strain 972 / ATCC 24843)	Fungi	1690	False
Q9HGY3	Candida boidinii	Fungi	345	False
P55201	Homo sapiens	Metazoa	1214	False
O74964	Schizosaccharomyces pombe (strain 972 / ATCC 24843)	Fungi	803	False
Q9Z0S3	Mus musculus	Metazoa	239	True
Q3HNG7	Bos taurus	Metazoa	343	False
Q96QR8	Homo sapiens	Metazoa	312	False
Q9BS31	Homo sapiens	Metazoa	505	False
P53165	Saccharomyces cerevisiae (strain ATCC 204508 / S288c)	Fungi	657	False
Q96H55	Homo sapiens	Metazoa	970	False
F4K2E9	Arabidopsis thaliana	Plants	1255	False
A0A2K5X3B6	Macaca fascicularis	Metazoa	302	False
Q80WE4	Mus musculus	Metazoa	1774	False
P11860	Mytilus californianus	Metazoa	45	False
Q06631	Saccharomyces cerevisiae (strain ATCC 204508 / S288c)	Fungi	534	False
Q8GWE6	Arabidopsis thaliana	Plants	413	False
O80832	Arabidopsis thaliana	Plants	410	False
P12063	Neurospora crassa (strain ATCC 24698 / 74-OR23-1A / CBS 708.71 / DSM 1257 / FGSC 987)	Fungi	669	False
Q8H0V4	Arabidopsis thaliana	Plants	722	False
Q7S7R6	Neurospora crassa (strain ATCC 24698 / 74-OR23-1A / CBS 708.71 / DSM 1257 / FGSC 987)	Fungi	315	False
Q9QZA0	Mus musculus	Metazoa	317	False
Q05515	Saccharomyces cerevisiae (strain ATCC 204508 / S288c)	Fungi	481	False
P37229	Sorghum bicolor	Plants	432	False
P24847	Triticum aestivum	Plants	377	False
Q8C8B0	Mus musculus	Metazoa	326	False
Q62431	Mus musculus	Metazoa	601	False
P38628	Saccharomyces cerevisiae (strain ATCC 204508 / S288c)	Fungi	557	False
Q9YHZ6	Xenopus laevis	Metazoa	567	False
P41212	Homo sapiens	Metazoa	452	False
Q95339	Sus scrofa	Metazoa	88	True
A0A8I3S724	Canis lupus familiaris	Metazoa	405	False
Q9Y7Q6	Schizosaccharomyces pombe (strain 972 / ATCC 24843)	Fungi	147	False
P21708	Rattus norvegicus	Metazoa	380	False
A2AKK5	Mus musculus	Metazoa	416	False
Q9UTE6	Schizosaccharomyces pombe (strain 972 / ATCC 24843)	Fungi	302	False
Q8N9A8	Homo sapiens	Metazoa	125	True
Q9VWW0	Drosophila melanogaster	Metazoa	359	False
Q4JDL3	Homo sapiens	Metazoa	420	False
Q9HBI1	Homo sapiens	Metazoa	364	False
P13002	Drosophila melanogaster	Metazoa	1333	False
P16220	Homo sapiens	Metazoa	327	False
P09364	Sinapis alba	Plants	502	False
Q99081	Homo sapiens	Metazoa	682	False
Q6QJ72	Arabidopsis thaliana	Plants	187	False
P21135	Schizosaccharomyces pombe (strain 972 / ATCC 24843)	Fungi	301	False
P48732	Arabidopsis thaliana	Plants	543	False
P47002	Saccharomyces cerevisiae (strain ATCC 204508 / S288c)	Fungi	699	False
Q13888	Homo sapiens	Metazoa	395	False
Q9SNB6	Arabidopsis thaliana	Plants	395	False
P34093	Dictyostelium discoideum	Other	220	False
Q9FGX1	Arabidopsis thaliana	Plants	608	False
Q8RXN0	Arabidopsis thaliana	Plants	703	False
Q86MI0	Caenorhabditis elegans	Metazoa	468	False
Q24307	Drosophila melanogaster	Metazoa	498	False
P25378	Saccharomyces cerevisiae (strain ATCC 204508 / S288c)	Fungi	209	False
Q9NWU5	Homo sapiens	Metazoa	206	False
P0C1H4	Gallus gallus	Metazoa	126	False
P55786	Homo sapiens	Metazoa	919	False
P38861	Saccharomyces cerevisiae (strain ATCC 204508 / S288c)	Fungi	518	False
P30625	Caenorhabditis elegans	Metazoa	366	False
Q8BGR2	Mus musculus	Metazoa	859	True
G5EEW6	Caenorhabditis elegans	Metazoa	427	False
O00267	Homo sapiens	Metazoa	1087	False
Q5SXA9	Mus musculus	Metazoa	1104	False
Q9VQD6	Drosophila melanogaster	Metazoa	381	False
Q18490	Caenorhabditis elegans	Metazoa	142	False
P38994	Saccharomyces cerevisiae (strain ATCC 204508 / S288c)	Fungi	779	False
Q9UUE5	Schizosaccharomyces pombe (strain 972 / ATCC 24843)	Fungi	675	False
P42744	Arabidopsis thaliana	Plants	540	False
O43819	Homo sapiens	Metazoa	266	True
Q6VN19	Mus musculus	Metazoa	620	False
O14216	Schizosaccharomyces pombe (strain 972 / ATCC 24843)	Fungi	337	False
Q944L7	Arabidopsis thaliana	Plants	391	False
Q15125	Homo sapiens	Metazoa	230	True
O75365	Homo sapiens	Metazoa	173	False
Q14721	Homo sapiens	Metazoa	858	False
Q86WT6	Homo sapiens	Metazoa	500	False
Q9CQF0	Mus musculus	Metazoa	192	False
Q96QD9	Homo sapiens	Metazoa	318	False
Q9LIQ6	Arabidopsis thaliana	Plants	234	False
Q03372	Drosophila melanogaster	Metazoa	515	False
Q96GS6	Homo sapiens	Metazoa	310	False
Q10282	Schizosaccharomyces pombe (strain 972 / ATCC 24843)	Fungi	305	False
P57075	Homo sapiens	Metazoa	661	False
P54678	Dictyostelium discoideum	Other	1115	False
Q7Z020	Drosophila melanogaster	Metazoa	1197	False
Q13568	Homo sapiens	Metazoa	498	False
L0PQS5	Botryotinia fuckeliana (strain B05.10)	Fungi	575	False
Q10414	Schizosaccharomyces pombe (strain 972 / ATCC 24843)	Fungi	561	False
Q8CJ53	Mus musculus	Metazoa	603	False
E2RU97	Giardia intestinalis (strain ATCC 50803 / WB clone C6)	Other	248	False
B2RPY5	Mus musculus	Metazoa	545	True
Q91VJ2	Mus musculus	Metazoa	260	False
P51637	Mus musculus	Metazoa	151	False
Q9Y3E1	Homo sapiens	Metazoa	203	False
Q99K24	Mus musculus	Metazoa	317	True
P07248	Saccharomyces cerevisiae (strain ATCC 204508 / S288c)	Fungi	1323	False
O15244	Homo sapiens	Metazoa	555	True
Q9HGP5	Schizosaccharomyces pombe (strain 972 / ATCC 24843)	Fungi	268	False
Q9FHK4	Arabidopsis thaliana	Plants	615	False
Q92974	Homo sapiens	Metazoa	986	False
P33441	Saccharomyces cerevisiae (strain ATCC 204508 / S288c)	Fungi	392	False
Q96GX5	Homo sapiens	Metazoa	879	False
Q96B67	Homo sapiens	Metazoa	414	False
Q9Y2M0	Homo sapiens	Metazoa	1017	False
Q76LB1	Triticum aestivum	Plants	459	True
Q61451	Mus musculus	Metazoa	219	True
Q5DTT2	Mus musculus	Metazoa	1024	False
Q00278	Aspergillus parasiticus (strain ATCC 56775 / NRRL 5862 / SRRC 143 / SU-1)	Fungi	271	False
P25646	Saccharomyces cerevisiae (strain ATCC 204508 / S288c)	Fungi	442	False
P24898	Rattus norvegicus	Metazoa	344	False
P32611	Saccharomyces cerevisiae (strain ATCC 204508 / S288c)	Fungi	393	False
Q9CAF4	Arabidopsis thaliana	Plants	1309	False
P0C1H5	Gallus gallus	Metazoa	126	False
Q9QXJ1	Mus musculus	Metazoa	710	False
Q6GPH4	Homo sapiens	Metazoa	301	False
Q15542	Homo sapiens	Metazoa	800	False
P02259	Gallus gallus	Metazoa	190	False
A8MYU2	Homo sapiens	Metazoa	1149	True
O48917	Arabidopsis thaliana	Plants	477	False
P42840	Saccharomyces cerevisiae (strain ATCC 204508 / S288c)	Fungi	284	True
P47017	Saccharomyces cerevisiae (strain ATCC 204508 / S288c)	Fungi	172	False
A0A1B1WAJ0	Lotus japonicus	Plants	509	False
Q99JZ7	Mus musculus	Metazoa	461	False
P78337	Homo sapiens	Metazoa	314	False
Q5VTB9	Homo sapiens	Metazoa	566	False
Q4G0N4	Homo sapiens	Metazoa	442	False
Q9BYN8	Homo sapiens	Metazoa	205	False
O75131	Homo sapiens	Metazoa	537	False
Q6DQL1	Solanum lycopersicum	Plants	337	False
P18887	Homo sapiens	Metazoa	633	False
Q495M3	Homo sapiens	Metazoa	483	True
Q9VAH9	Drosophila melanogaster	Metazoa	597	False
Q75N03	Homo sapiens	Metazoa	491	False
Q84WU8	Arabidopsis thaliana	Plants	809	False
P25789	Homo sapiens	Metazoa	261	False
Q9P0R6	Homo sapiens	Metazoa	139	False
Q22707	Caenorhabditis elegans	Metazoa	233	False
Q9LKA0	Arabidopsis thaliana	Plants	259	False
Q949W6	Arabidopsis thaliana	Plants	485	False
Q3UL36	Mus musculus	Metazoa	271	False
P21375	Saccharomyces cerevisiae (strain ATCC 204508 / S288c)	Fungi	501	False
A0A0G2K309	Rattus norvegicus	Metazoa	301	True
B6V8E6	Canis lupus familiaris	Metazoa	781	False
Q9LPW7	Arabidopsis thaliana	Plants	577	False
Q8L940	Arabidopsis thaliana	Plants	309	False
Q99569	Homo sapiens	Metazoa	1192	False
P84233	Xenopus laevis	Metazoa	136	False
B2RUZ4	Homo sapiens	Metazoa	78	True
Q8H1D4	Arabidopsis thaliana	Plants	355	False
O60312	Homo sapiens	Metazoa	1499	True
O74374	Schizosaccharomyces pombe (strain 972 / ATCC 24843)	Fungi	554	False
Q96A72	Homo sapiens	Metazoa	148	False
C0HKE4	Mus musculus	Metazoa	130	False
O88420	Rattus norvegicus	Metazoa	1978	False
Q99417	Homo sapiens	Metazoa	103	False
P08593	Saccharomyces cerevisiae (strain ATCC 204508 / S288c)	Fungi	268	False
O74461	Schizosaccharomyces pombe (strain 972 / ATCC 24843)	Fungi	235	False
P00220	Medicago sativa	Plants	97	False
P00294	Capsella bursa-pastoris	Plants	99	False
Q99638	Homo sapiens	Metazoa	391	False
P61964	Homo sapiens	Metazoa	334	False
Q9FFK8	Arabidopsis thaliana	Plants	883	False
E1BSW7	Gallus gallus	Metazoa	139	False
Q8MT06	Drosophila melanogaster	Metazoa	581	False
Q4PT37	Arabidopsis thaliana	Plants	336	False
P26233	Xenopus laevis	Metazoa	781	False
Q9JII5	Mus musculus	Metazoa	406	False
Q06180	Mus musculus	Metazoa	406	False
P03911	Mus musculus	Metazoa	459	True
P46677	Saccharomyces cerevisiae (strain ATCC 204508 / S288c)	Fungi	1066	False
Q38872	Arabidopsis thaliana	Plants	544	False
Q9HGN4	Schizosaccharomyces pombe (strain 972 / ATCC 24843)	Fungi	151	False
Q20646	Caenorhabditis elegans	Metazoa	644	False
Q99J94	Mus musculus	Metazoa	670	True
P04197	Drosophila melanogaster	Metazoa	657	False
P47037	Saccharomyces cerevisiae (strain ATCC 204508 / S288c)	Fungi	1230	False
Q15067	Homo sapiens	Metazoa	660	False
Q8NE86	Homo sapiens	Metazoa	351	False
P28698	Homo sapiens	Metazoa	734	False
Q04573	Mus musculus	Metazoa	382	True
P48484	Arabidopsis thaliana	Plants	321	False
B5TYT3	Arabidopsis thaliana	Plants	771	True
Q9H4E5	Homo sapiens	Metazoa	214	False
P0DKL0	Arabidopsis thaliana	Plants	301	False
O82733	Arabidopsis thaliana	Plants	331	False
P53927	Saccharomyces cerevisiae (strain ATCC 204508 / S288c)	Fungi	220	False
P47802	Mus musculus	Metazoa	317	False
Q9US52	Schizosaccharomyces pombe (strain 972 / ATCC 24843)	Fungi	118	False
G5EF48	Caenorhabditis elegans	Metazoa	350	True
Q9Z1R2	Mus musculus	Metazoa	1154	False
Q9DCS9	Mus musculus	Metazoa	176	False
P02274	Tetrahymena pyriformis	Other	133	False
Q6NVU6	Homo sapiens	Metazoa	218	False
P16862	Saccharomyces cerevisiae (strain ATCC 204508 / S288c)	Fungi	959	False
P38281	Saccharomyces cerevisiae (strain ATCC 204508 / S288c)	Fungi	316	False
O97965	Ovis aries	Metazoa	110	False
Q08945	Homo sapiens	Metazoa	709	False
O43150	Homo sapiens	Metazoa	1006	False
P62330	Homo sapiens	Metazoa	175	False
Q2TAK8	Homo sapiens	Metazoa	710	False
P02316	Bos taurus	Metazoa	101	False
P21357	Solanum tuberosum	Plants	538	False
Q9QZR5	Mus musculus	Metazoa	1196	False
Q7L7L0	Homo sapiens	Metazoa	130	False
P48567	Saccharomyces cerevisiae (strain ATCC 204508 / S288c)	Fungi	403	False
Q84JI0	Oryza sativa subsp. japonica	Plants	404	False
Q1KPV0	Arabidopsis thaliana	Plants	912	False
P26449	Saccharomyces cerevisiae (strain ATCC 204508 / S288c)	Fungi	341	False
O15162	Homo sapiens	Metazoa	318	False
O14139	Schizosaccharomyces pombe (strain 972 / ATCC 24843)	Fungi	1388	False
O43913	Homo sapiens	Metazoa	435	False
P53034	Drosophila melanogaster	Metazoa	331	False
O80920	Arabidopsis thaliana	Plants	207	False
Q07500	Saccharomyces cerevisiae (strain ATCC 204508 / S288c)	Fungi	545	False
Q92917	Homo sapiens	Metazoa	476	False
O13801	Schizosaccharomyces pombe (strain 972 / ATCC 24843)	Fungi	596	False
Q7TQN8	Rattus norvegicus	Metazoa	468	True
O00186	Homo sapiens	Metazoa	592	False
Q9Z2D6	Mus musculus	Metazoa	484	False
Q08182	Saccharomyces cerevisiae (strain ATCC 204508 / S288c)	Fungi	245	False
Q9GGE2	Chlamydomonas reinhardtii	Plants	100	False
Q43092	Pisum sativum	Plants	603	False
P21462	Homo sapiens	Metazoa	350	True
O74469	Schizosaccharomyces pombe (strain 972 / ATCC 24843)	Fungi	133	False
Q96NY9	Homo sapiens	Metazoa	551	False
Q9BYW1	Homo sapiens	Metazoa	496	True
Q8W1Y3	Arabidopsis thaliana	Plants	1087	False
Q01804	Homo sapiens	Metazoa	1114	False
P30658	Mus musculus	Metazoa	519	False
P17546	Trypanosoma brucei brucei	Other	1766	False
O94589	Schizosaccharomyces pombe (strain 972 / ATCC 24843)	Fungi	551	False
P40458	Saccharomyces cerevisiae (strain ATCC 204508 / S288c)	Fungi	529	False
Q8L493	Arabidopsis thaliana	Plants	373	False
O75952	Homo sapiens	Metazoa	493	False
P07548	Drosophila melanogaster	Metazoa	586	False
P40568	Saccharomyces cerevisiae (strain ATCC 204508 / S288c)	Fungi	576	False
Q76FS5	Arabidopsis thaliana	Plants	417	False
Q12691	Saccharomyces cerevisiae (strain ATCC 204508 / S288c)	Fungi	1091	True
Q7L804	Homo sapiens	Metazoa	512	False
Q75V66	Homo sapiens	Metazoa	913	False
Q9P212	Homo sapiens	Metazoa	2302	False
Q07473	Arabidopsis thaliana	Plants	290	False
P87297	Schizosaccharomyces pombe (strain 972 / ATCC 24843)	Fungi	90	False
Q96E29	Homo sapiens	Metazoa	417	False
O75840	Homo sapiens	Metazoa	302	False
Q02257	Mus musculus	Metazoa	745	False
Q9NX01	Homo sapiens	Metazoa	149	False
Q3TKT4	Mus musculus	Metazoa	1613	False
P23906	Mus musculus	Metazoa	349	False
Q4Z8K6	Drosophila melanogaster	Metazoa	962	False
F4K4E3	Arabidopsis thaliana	Plants	129	False
O42636	Neurospora crassa (strain ATCC 24698 / 74-OR23-1A / CBS 708.71 / DSM 1257 / FGSC 987)	Fungi	278	False
Q16720	Homo sapiens	Metazoa	1220	False
Q9UIH9	Homo sapiens	Metazoa	416	False
Q5HYN5	Homo sapiens	Metazoa	189	False
Q39002	Arabidopsis thaliana	Plants	624	False
P54113	Saccharomyces cerevisiae (strain ATCC 204508 / S288c)	Fungi	591	False
P13234	Rattus norvegicus	Metazoa	474	False
P42116	Neurospora crassa (strain ATCC 24698 / 74-OR23-1A / CBS 708.71 / DSM 1257 / FGSC 987)	Fungi	186	True
Q8W5S1	Arabidopsis thaliana	Plants	336	False
Q56NI9	Homo sapiens	Metazoa	601	False
Q10712	Solanum lycopersicum	Plants	571	False
Q07869	Homo sapiens	Metazoa	468	False
P82915	Bos taurus	Metazoa	135	False
Q9LY14	Arabidopsis thaliana	Plants	202	False
P24815	Mus musculus	Metazoa	373	False
Q9SU25	Arabidopsis thaliana	Plants	649	False
P25719	Saccharomyces cerevisiae (strain ATCC 204508 / S288c)	Fungi	182	False
Q9LZF1	Arabidopsis thaliana	Plants	392	False
Q8RWG2	Arabidopsis thaliana	Plants	652	False
Q94A57	Arabidopsis thaliana	Plants	295	False
Q9UL49	Homo sapiens	Metazoa	500	False
Q9FVQ5	Arabidopsis thaliana	Plants	806	True
P28795	Saccharomyces cerevisiae (strain ATCC 204508 / S288c)	Fungi	441	True
Q80VM9	Mus musculus	Metazoa	600	True
P0DI81	Homo sapiens	Metazoa	140	False
Q9NTI7	Homo sapiens	Metazoa	297	False
Q86YC2	Homo sapiens	Metazoa	1186	False
I1SSI5	Petunia hybrida	Plants	708	False
O54992	Mus musculus	Metazoa	473	False
O75368	Homo sapiens	Metazoa	114	False
Q9HD34	Homo sapiens	Metazoa	91	False
Q3UYV9	Mus musculus	Metazoa	790	False
B3H4X8	Arabidopsis thaliana	Plants	100	False
O35465	Mus musculus	Metazoa	402	False
Q9NX09	Homo sapiens	Metazoa	232	False
Q96DE5	Homo sapiens	Metazoa	110	False
O88575	Mus musculus	Metazoa	635	True
Q09969	Caenorhabditis elegans	Metazoa	221	False
Q8K0B2	Mus musculus	Metazoa	537	True
Q99LD4	Mus musculus	Metazoa	471	False
P49626	Saccharomyces cerevisiae (strain ATCC 204508 / S288c)	Fungi	362	False
Q9P2P6	Homo sapiens	Metazoa	4700	False
Q8LPQ5	Arabidopsis thaliana	Plants	1254	False
Q00175	Mus musculus	Metazoa	926	False
Q9Y5P8	Homo sapiens	Metazoa	575	False
Q94AT3	Arabidopsis thaliana	Plants	378	False
G5DBJ0	Nicotiana benthamiana	Plants	252	False
Q96PY6	Homo sapiens	Metazoa	1258	False
P33201	Saccharomyces cerevisiae (strain ATCC 204508 / S288c)	Fungi	236	False
Q9SZI6	Arabidopsis thaliana	Plants	352	False
F4JHA2	Arabidopsis thaliana	Plants	884	False
P46091	Homo sapiens	Metazoa	355	True
Q9Y6J9	Homo sapiens	Metazoa	622	False
Q8WUM0	Homo sapiens	Metazoa	1156	False
O13911	Schizosaccharomyces pombe (strain 972 / ATCC 24843)	Fungi	408	False
P19517	Oryctolagus cuniculus	Metazoa	524	False
Q9UT17	Schizosaccharomyces pombe (strain 972 / ATCC 24843)	Fungi	328	False
Q9LKA5	Arabidopsis thaliana	Plants	395	False
P49662	Homo sapiens	Metazoa	377	False
Q00969	Rattus norvegicus	Metazoa	487	False
P09085	Drosophila melanogaster	Metazoa	427	False
O80501	Arabidopsis thaliana	Plants	208	False
A2WJP3	Oryza sativa subsp. indica	Plants	320	False
O82399	Arabidopsis thaliana	Plants	354	False
Q9D6J5	Mus musculus	Metazoa	186	False
Q9ES83	Mus musculus	Metazoa	358	True
A1DPK7	Xenopus laevis	Metazoa	178	False
P19483	Bos taurus	Metazoa	553	False
P47150	Saccharomyces cerevisiae (strain ATCC 204508 / S288c)	Fungi	247	False
Q94C74	Arabidopsis thaliana	Plants	517	False
Q8WXD0	Homo sapiens	Metazoa	754	False
Q9SNB7	Arabidopsis thaliana	Plants	665	False
P46607	Arabidopsis thaliana	Plants	747	False
Q6Q151	Arabidopsis thaliana	Plants	506	False
O15173	Homo sapiens	Metazoa	223	True
Q8TB37	Homo sapiens	Metazoa	319	False
P83527	Capsicum annuum var. annuum	Plants	97	False
Q8VHQ2	Mus musculus	Metazoa	579	False
P47746	Mus musculus	Metazoa	473	False
Q9HFE6	Schizosaccharomyces pombe (strain 972 / ATCC 24843)	Fungi	478	False
Q9VV87	Drosophila melanogaster	Metazoa	316	True
A9Y0K8	Medicago truncatula	Plants	313	False
Q86X95	Homo sapiens	Metazoa	450	False
Q00944	Gallus gallus	Metazoa	1053	False
Q93ZW0	Arabidopsis thaliana	Plants	625	False
Q93WD2	Chlamydomonas reinhardtii	Plants	280	False
Q8VXP3	Chlamydomonas reinhardtii	Plants	1115	False
P18762	Mus musculus	Metazoa	418	True
O43745	Homo sapiens	Metazoa	196	False
Q923B6	Mus musculus	Metazoa	470	False
P23255	Saccharomyces cerevisiae (strain ATCC 204508 / S288c)	Fungi	1407	False
Q8IIS5	Plasmodium falciparum (isolate 3D7)	Other	643	False
P05132	Mus musculus	Metazoa	351	False
D3ZFB6	Rattus norvegicus	Metazoa	344	False
Q945M1	Arabidopsis thaliana	Plants	117	False
Q9ESJ1	Mus musculus	Metazoa	568	False
P33421	Saccharomyces cerevisiae (strain ATCC 204508 / S288c)	Fungi	198	False
O80634	Arabidopsis thaliana	Plants	238	False
P50219	Homo sapiens	Metazoa	401	False
P25332	Saccharomyces cerevisiae (strain ATCC 204508 / S288c)	Fungi	333	False
P52927	Mus musculus	Metazoa	108	False
P52903	Solanum tuberosum	Plants	391	False
Q96I36	Homo sapiens	Metazoa	57	True
Q9Y5B0	Homo sapiens	Metazoa	961	False
P32529	Saccharomyces cerevisiae (strain ATCC 204508 / S288c)	Fungi	125	False
P82926	Bos taurus	Metazoa	106	False
P22027	Bos taurus	Metazoa	200	False
Q9UF56	Homo sapiens	Metazoa	701	False
P48015	Saccharomyces cerevisiae (strain ATCC 204508 / S288c)	Fungi	400	False
Q9V3H8	Drosophila melanogaster	Metazoa	133	False
Q9QYW0	Rattus norvegicus	Metazoa	523	False
P09669	Homo sapiens	Metazoa	75	True
Q5PQZ7	Danio rerio	Metazoa	352	True
Q9C9W9	Arabidopsis thaliana	Plants	619	False
P25324	Gallus gallus	Metazoa	289	False
Q5T0F9	Homo sapiens	Metazoa	858	False
P25039	Saccharomyces cerevisiae (strain ATCC 204508 / S288c)	Fungi	761	False
P09119	Saccharomyces cerevisiae (strain ATCC 204508 / S288c)	Fungi	513	False
Q5BAH2	Emericella nidulans (strain FGSC A4 / ATCC 38163 / CBS 112.46 / NRRL 194 / M139)	Fungi	1041	False
Q10585	Schizosaccharomyces pombe (strain 972 / ATCC 24843)	Fungi	124	False
Q9FKK2	Arabidopsis thaliana	Plants	299	False
P02286	Asterias rubens	Metazoa	122	False
P42229	Homo sapiens	Metazoa	794	False
Q42564	Arabidopsis thaliana	Plants	287	False
P21245	Candida boidinii	Fungi	423	True
Q9SHR7	Arabidopsis thaliana	Plants	265	False
P02719	Electrophorus electricus	Metazoa	1820	False
Q80TN7	Mus musculus	Metazoa	2359	False
Q15072	Homo sapiens	Metazoa	292	False
Q6VY05	Mus musculus	Metazoa	352	False
Q9NPF5	Homo sapiens	Metazoa	467	False
F4K933	Arabidopsis thaliana	Plants	483	False
Q6P0N0	Homo sapiens	Metazoa	1132	False
Q9H3F6	Homo sapiens	Metazoa	313	False
O75934	Homo sapiens	Metazoa	225	False
Q53H47	Homo sapiens	Metazoa	684	False
Q794E4	Rattus norvegicus	Metazoa	415	False
P28234	Rattus norvegicus	Metazoa	356	True
P0C0S9	Bos taurus	Metazoa	130	False
Q13487	Homo sapiens	Metazoa	334	False
C0LLJ0	Mus musculus	Metazoa	499	False
Q9Y2Y6	Homo sapiens	Metazoa	226	True
Q5PT50	Rattus norvegicus	Metazoa	340	True
Q9XI19	Arabidopsis thaliana	Plants	328	False
O61122	Dictyostelium discoideum	Other	478	False
Q2TB02	Mus musculus	Metazoa	327	False
Q9M0K4	Arabidopsis thaliana	Plants	283	False
Q6EMB2	Homo sapiens	Metazoa	1281	False
Q940H6	Arabidopsis thaliana	Plants	362	False
Q8TDG2	Homo sapiens	Metazoa	376	False
P35227	Homo sapiens	Metazoa	344	False
Q10133	Schizosaccharomyces pombe (strain 972 / ATCC 24843)	Fungi	200	False
Q8WUA4	Homo sapiens	Metazoa	911	False
Q96I51	Homo sapiens	Metazoa	464	False
Q6P161	Homo sapiens	Metazoa	138	False
Q06142	Saccharomyces cerevisiae (strain ATCC 204508 / S288c)	Fungi	861	False
Q9LDH1	Arabidopsis thaliana	Plants	151	False
P32333	Saccharomyces cerevisiae (strain ATCC 204508 / S288c)	Fungi	1867	False
O95571	Homo sapiens	Metazoa	254	False
Q8IXK0	Homo sapiens	Metazoa	858	False
P97577	Rattus norvegicus	Metazoa	393	False
Q9C900	Arabidopsis thaliana	Plants	193	False
P39713	Saccharomyces cerevisiae (strain ATCC 204508 / S288c)	Fungi	417	False
O54803	Mus musculus	Metazoa	389	True
Q6NLQ6	Arabidopsis thaliana	Plants	538	False
P21525	Drosophila melanogaster	Metazoa	755	False
Q388N2	Trypanosoma brucei brucei (strain 927/4 GUTat10.1)	Other	472	False
P15927	Homo sapiens	Metazoa	270	False
Q19541	Caenorhabditis elegans	Metazoa	169	False
Q39011	Arabidopsis thaliana	Plants	380	False
Q2KHI9	Mus musculus	Metazoa	1134	False
Q719H9	Homo sapiens	Metazoa	257	False
P0DXC1	Homo sapiens	Metazoa	130	False
Q3E731	Saccharomyces cerevisiae (strain ATCC 204508 / S288c)	Fungi	98	False
Q9H019	Homo sapiens	Metazoa	292	False
P80299	Rattus norvegicus	Metazoa	554	False
Q70E73	Homo sapiens	Metazoa	1250	False
Q9QX74	Rattus norvegicus	Metazoa	1474	False
Q2M2T7	Bos taurus	Metazoa	167	False
Q9BMK9	Caenorhabditis elegans	Metazoa	1001	True
Q12318	Saccharomyces cerevisiae (strain ATCC 204508 / S288c)	Fungi	242	False
P47901	Homo sapiens	Metazoa	424	True
Q3BCU4	Rattus norvegicus	Metazoa	356	True
Q9GZV5	Homo sapiens	Metazoa	400	False
Q55CL6	Dictyostelium discoideum	Other	660	False
P31270	Homo sapiens	Metazoa	313	False
P0DKJ7	Arabidopsis thaliana	Plants	813	False
P17931	Homo sapiens	Metazoa	250	False
Q91V81	Mus musculus	Metazoa	478	False
P62166	Homo sapiens	Metazoa	190	False
Q9H5U6	Homo sapiens	Metazoa	513	False
Q9S7H1	Arabidopsis thaliana	Plants	208	False
Q96LT9	Homo sapiens	Metazoa	517	False
P11168	Homo sapiens	Metazoa	524	True
Q86U90	Homo sapiens	Metazoa	279	False
Q9H467	Homo sapiens	Metazoa	287	False
P24499	Trypanosoma brucei brucei	Other	229	True
O08774	Rattus norvegicus	Metazoa	1387	False
Q9LFP6	Arabidopsis thaliana	Plants	367	True
P31597	Oryctolagus cuniculus	Metazoa	524	True
Q12791	Homo sapiens	Metazoa	1236	True
O74369	Schizosaccharomyces pombe (strain 972 / ATCC 24843)	Fungi	424	False
Q86WX3	Homo sapiens	Metazoa	136	False
Q709F0	Homo sapiens	Metazoa	780	False
P49715	Homo sapiens	Metazoa	358	False
Q8W3L1	Arabidopsis thaliana	Plants	483	False
Q94CL9	Arabidopsis thaliana	Plants	195	False
Q12009	Saccharomyces cerevisiae (strain ATCC 204508 / S288c)	Fungi	286	False
Q9ZT71	Arabidopsis thaliana	Plants	1029	False
Q8BU91	Mus musculus	Metazoa	790	True
P11167	Rattus norvegicus	Metazoa	492	True
Q9SIM9	Arabidopsis thaliana	Plants	693	False
Q811S9	Rattus norvegicus	Metazoa	538	False
Q9UTR1	Schizosaccharomyces pombe (strain 972 / ATCC 24843)	Fungi	1018	False
Q9Y7N1	Schizosaccharomyces pombe (strain 972 / ATCC 24843)	Fungi	240	False
O17915	Caenorhabditis elegans	Metazoa	215	False
Q8WVI0	Homo sapiens	Metazoa	70	True
P15036	Homo sapiens	Metazoa	469	False
B6EU02	Leishmania tarentolae	Other	1098	False
P43088	Homo sapiens	Metazoa	359	True
O95696	Homo sapiens	Metazoa	1058	False
Q6EPN6	Oryza sativa subsp. japonica	Plants	222	False
Q8LAD2	Arabidopsis thaliana	Plants	341	False
Q02375	Bos taurus	Metazoa	175	False
Q96HW7	Homo sapiens	Metazoa	963	False
Q99578	Homo sapiens	Metazoa	217	False
P33076	Homo sapiens	Metazoa	1130	False
Q58A45	Homo sapiens	Metazoa	887	False
Q9V968	Drosophila melanogaster	Metazoa	218	False
Q6P9F0	Homo sapiens	Metazoa	684	False
Q947C4	Ginkgo biloba	Plants	873	False
Q16760	Homo sapiens	Metazoa	1214	False
P38557	Arabidopsis thaliana	Plants	474	False
Q9FIT1	Arabidopsis thaliana	Plants	403	False
Q9Y7X8	Schizosaccharomyces pombe (strain 972 / ATCC 24843)	Fungi	721	False
Q9P1Z3	Homo sapiens	Metazoa	774	False
Q6NPN9	Arabidopsis thaliana	Plants	350	False
Q14683	Homo sapiens	Metazoa	1233	False
O94383	Schizosaccharomyces pombe (strain 972 / ATCC 24843)	Fungi	1228	False
P78352	Homo sapiens	Metazoa	724	False
Q99607	Homo sapiens	Metazoa	663	False
Q9LV40	Arabidopsis thaliana	Plants	523	False
Q6Z2T3	Oryza sativa subsp. japonica	Plants	298	True
P52295	Drosophila melanogaster	Metazoa	522	False
Q9CZD3	Mus musculus	Metazoa	729	False
Q96EV8	Homo sapiens	Metazoa	351	False
O82279	Arabidopsis thaliana	Plants	350	False
P51114	Homo sapiens	Metazoa	621	False
P17839	Arabidopsis thaliana	Plants	252	False
P55039	Homo sapiens	Metazoa	364	False
Q5DU02	Mus musculus	Metazoa	525	False
Q08639	Mus musculus	Metazoa	410	False
Q8BTY2	Mus musculus	Metazoa	1034	False
Q84K96	Crocus sativus	Plants	369	False
P49222	Mus musculus	Metazoa	691	False
Q9JL35	Mus musculus	Metazoa	406	False
P11387	Homo sapiens	Metazoa	765	False
Q61575	Mus musculus	Metazoa	648	False
Q94FB9	Arabidopsis thaliana	Plants	1337	True
Q9U6A9	Trypanosoma brucei brucei	Other	655	False
P35182	Saccharomyces cerevisiae (strain ATCC 204508 / S288c)	Fungi	281	False
Q9D0J4	Mus musculus	Metazoa	184	False
P46998	Saccharomyces cerevisiae (strain ATCC 204508 / S288c)	Fungi	180	True
Q03406	Saccharomyces cerevisiae (strain ATCC 204508 / S288c)	Fungi	294	False
P23950	Mus musculus	Metazoa	338	False
P25382	Saccharomyces cerevisiae (strain ATCC 204508 / S288c)	Fungi	515	False
A3R064	Gallus gallus	Metazoa	426	False
P18900	Saccharomyces cerevisiae (strain ATCC 204508 / S288c)	Fungi	473	False
P48380	Homo sapiens	Metazoa	749	False
Q9BQ95	Homo sapiens	Metazoa	431	False
Q5SUA5	Mus musculus	Metazoa	1024	False
Q9S834	Arabidopsis thaliana	Plants	298	False
P25425	Mus musculus	Metazoa	770	False
O82662	Arabidopsis thaliana	Plants	421	False
Q6L8Q7	Homo sapiens	Metazoa	609	False
P53042	Rattus norvegicus	Metazoa	499	False
Q9VW87	Drosophila melanogaster	Metazoa	162	True
O74796	Schizosaccharomyces pombe (strain 972 / ATCC 24843)	Fungi	264	False
Q9JKF8	Rattus norvegicus	Metazoa	280	False
O78752	Ovis aries	Metazoa	226	True
P47130	Saccharomyces cerevisiae (strain ATCC 204508 / S288c)	Fungi	423	False
A0A0U3BRC5	Leucosceptrum canum	Plants	364	False
Q9Z0V2	Mus musculus	Metazoa	630	False
P49846	Drosophila melanogaster	Metazoa	704	False
O08858	Mus musculus	Metazoa	362	True
Q86NP2	Drosophila melanogaster	Metazoa	1251	False
Q69V10	Oryza sativa subsp. japonica	Plants	265	False
P16521	Saccharomyces cerevisiae (strain ATCC 204508 / S288c)	Fungi	1044	False
Q61539	Mus musculus	Metazoa	433	False
Q68G30	Rattus norvegicus	Metazoa	505	False
P32121	Homo sapiens	Metazoa	409	False
Q9Y233	Homo sapiens	Metazoa	1055	False
Q9WTL8	Mus musculus	Metazoa	632	False
Q56WH4	Arabidopsis thaliana	Plants	306	False
P48771	Mus musculus	Metazoa	83	True
P07273	Saccharomyces cerevisiae (strain ATCC 204508 / S288c)	Fungi	309	False
P40061	Saccharomyces cerevisiae (strain ATCC 204508 / S288c)	Fungi	1430	False
S0DPL8	Gibberella fujikuroi (strain CBS 195.34 / IMI 58289 / NRRL A-6831)	Fungi	389	False
O70337	Mus musculus	Metazoa	150	False
Q15170	Homo sapiens	Metazoa	159	False
O48782	Arabidopsis thaliana	Plants	282	False
Q2TPA8	Mus musculus	Metazoa	490	False
Q9VBW6	Drosophila melanogaster	Metazoa	678	False
Q9VT00	Drosophila melanogaster	Metazoa	2351	False
Q9VRP5	Drosophila melanogaster	Metazoa	1038	False
P06197	Saccharomyces cerevisiae (strain ATCC 204508 / S288c)	Fungi	220	True
Q12359	Saccharomyces cerevisiae (strain ATCC 204508 / S288c)	Fungi	275	True
Q9U263	Caenorhabditis elegans	Metazoa	1645	False
O75600	Homo sapiens	Metazoa	419	False
Q9BT30	Homo sapiens	Metazoa	221	False
Q9DAG5	Mus musculus	Metazoa	247	False
Q0VAA5	Homo sapiens	Metazoa	305	False
P54843	Mus musculus	Metazoa	370	False
Q99836	Homo sapiens	Metazoa	296	False
P54274	Homo sapiens	Metazoa	439	False
Q1K8E0	Neurospora crassa (strain ATCC 24698 / 74-OR23-1A / CBS 708.71 / DSM 1257 / FGSC 987)	Fungi	256	False
Q9FJA2	Arabidopsis thaliana	Plants	258	False
P25578	Saccharomyces cerevisiae (strain ATCC 204508 / S288c)	Fungi	521	False
P06292	Marchantia polymorpha	Plants	475	False
Q8GYU3	Arabidopsis thaliana	Plants	1465	False
F4J7T2	Arabidopsis thaliana	Plants	1907	False
Q38951	Arabidopsis thaliana	Plants	587	False
Q16595	Homo sapiens	Metazoa	210	False
P00401	Saccharomyces cerevisiae (strain ATCC 204508 / S288c)	Fungi	534	True
Q94FY8	Zea mays	Plants	474	False
Q9FN48	Arabidopsis thaliana	Plants	387	False
Q8K3W3	Mus musculus	Metazoa	698	False
Q96303	Arabidopsis thaliana	Plants	534	True
Q06625	Saccharomyces cerevisiae (strain ATCC 204508 / S288c)	Fungi	1536	False
P00293	Cucumis sativus	Plants	99	False
A0A0P0XBU0	Oryza sativa subsp. japonica	Plants	719	False
Q8K339	Mus musculus	Metazoa	391	False
Q84JL2	Arabidopsis thaliana	Plants	472	False
Q9VDW6	Drosophila melanogaster	Metazoa	3598	False
P07872	Rattus norvegicus	Metazoa	661	False
Q18171	Caenorhabditis elegans	Metazoa	424	False
P43119	Homo sapiens	Metazoa	386	True
P20143	Hordeum vulgare	Plants	143	False
Q9VMA3	Drosophila melanogaster	Metazoa	1117	False
P51177	Bos taurus	Metazoa	204	False
Q00195	Rattus norvegicus	Metazoa	664	False
Q9FK13	Arabidopsis thaliana	Plants	272	False
Q91YI6	Mus musculus	Metazoa	484	False
Q09884	Schizosaccharomyces pombe (strain 972 / ATCC 24843)	Fungi	1374	False
Q43295	Arabidopsis thaliana	Plants	276	False
O02662	Canis lupus familiaris	Metazoa	405	True
Q9CA64	Arabidopsis thaliana	Plants	93	False
Q16625	Homo sapiens	Metazoa	522	True
Q66GT5	Mus musculus	Metazoa	193	False
Q63430	Rattus norvegicus	Metazoa	154	False
Q56R42	Cryptococcus neoformans var. grubii serotype A (strain H99 / ATCC 208821 / CBS 10515 / FGSC 9487)	Fungi	365	False
Q9NX58	Homo sapiens	Metazoa	379	False
Q9UUI6	Schizosaccharomyces pombe (strain 972 / ATCC 24843)	Fungi	466	False
O95935	Homo sapiens	Metazoa	607	False
Q5BBX1	Emericella nidulans (strain FGSC A4 / ATCC 38163 / CBS 112.46 / NRRL 194 / M139)	Fungi	430	False
Q9Y226	Homo sapiens	Metazoa	551	True
Q18919	Caenorhabditis elegans	Metazoa	558	False
Q22197	Caenorhabditis elegans	Metazoa	184	False
Q8C9B9	Mus musculus	Metazoa	2256	False
P34162	Saccharomyces cerevisiae (strain ATCC 204508 / S288c)	Fungi	210	False
Q03957	Saccharomyces cerevisiae (strain ATCC 204508 / S288c)	Fungi	528	False
Q5HZ00	Arabidopsis thaliana	Plants	422	False
Q13257	Homo sapiens	Metazoa	205	False
Q9S9N6	Arabidopsis thaliana	Plants	461	False
P22194	Schizosaccharomyces pombe (strain 972 / ATCC 24843)	Fungi	332	False
Q9FX36	Arabidopsis thaliana	Plants	243	False
Q56A73	Homo sapiens	Metazoa	249	False
Q6NZI2	Homo sapiens	Metazoa	390	False
O95163	Homo sapiens	Metazoa	1332	False
Q9VY78	Drosophila melanogaster	Metazoa	260	True
Q5AP95	Candida albicans (strain SC5314 / ATCC MYA-2876)	Fungi	517	False
Q9M390	Arabidopsis thaliana	Plants	570	False
Q6LA54	Schizosaccharomyces pombe (strain 972 / ATCC 24843)	Fungi	933	False
Q13043	Homo sapiens	Metazoa	487	False
Q91XT9	Rattus norvegicus	Metazoa	761	True
P0DO23	Arabidopsis thaliana	Plants	394	False
Q9S9Z2	Arabidopsis thaliana	Plants	365	False
O80429	Zea mays	Plants	140	False
Q9FR37	Arabidopsis thaliana	Plants	425	False
P46379	Homo sapiens	Metazoa	1132	False
Q9SKZ1	Arabidopsis thaliana	Plants	296	False
Q8GXD9	Arabidopsis thaliana	Plants	644	False
Q9FFH1	Arabidopsis thaliana	Plants	1694	False
Q07623	Saccharomyces cerevisiae (strain ATCC 204508 / S288c)	Fungi	225	False
Q9FJD4	Arabidopsis thaliana	Plants	870	False
P03925	Mus musculus	Metazoa	172	True
Q9LSV0	Arabidopsis thaliana	Plants	289	False
Q9BPV8	Homo sapiens	Metazoa	354	True
Q9VN45	Drosophila melanogaster	Metazoa	553	False
Q86U28	Homo sapiens	Metazoa	154	False
Q03677	Saccharomyces cerevisiae (strain ATCC 204508 / S288c)	Fungi	179	False
Q9LS90	Arabidopsis thaliana	Plants	460	False
Q9UHC3	Homo sapiens	Metazoa	531	True
P46060	Homo sapiens	Metazoa	587	False
P42945	Saccharomyces cerevisiae (strain ATCC 204508 / S288c)	Fungi	1769	False
Q8BUN5	Mus musculus	Metazoa	425	False
O60902	Homo sapiens	Metazoa	331	False
P62857	Homo sapiens	Metazoa	69	False
G3X8Y1	Mus musculus	Metazoa	545	False
F1R2J1	Danio rerio	Metazoa	182	False
Q8WY07	Homo sapiens	Metazoa	619	True
P29084	Homo sapiens	Metazoa	291	False
P47987	Rattus norvegicus	Metazoa	182	True
B7WN96	Caenorhabditis elegans	Metazoa	317	False
P21827	Saccharomyces cerevisiae (strain ATCC 204508 / S288c)	Fungi	482	False
Q95017	Caenorhabditis elegans	Metazoa	166	False
Q9HE76	Neurospora crassa (strain ATCC 24698 / 74-OR23-1A / CBS 708.71 / DSM 1257 / FGSC 987)	Fungi	278	False
Q91VA0	Mus musculus	Metazoa	573	False
P53867	Saccharomyces cerevisiae (strain ATCC 204508 / S288c)	Fungi	494	False
P13711	Saccharomyces cerevisiae (strain ATCC 204508 / S288c)	Fungi	748	False
Q9WUI0	Mus musculus	Metazoa	231	False
Q8VBV4	Mus musculus	Metazoa	710	False
Q9HEQ9	Schizosaccharomyces pombe (strain 972 / ATCC 24843)	Fungi	349	False
Q9JMA2	Mus musculus	Metazoa	403	False
P51532	Homo sapiens	Metazoa	1647	False
Q0GE19	Homo sapiens	Metazoa	340	True
Q0WRJ7	Arabidopsis thaliana	Plants	242	False
Q9SYT0	Arabidopsis thaliana	Plants	317	False
Q920F6	Mus musculus	Metazoa	1248	False
F8VPN2	Mus musculus	Metazoa	2785	False
C1K5M2	Solanum lycopersicum	Plants	303	False
O94670	Schizosaccharomyces pombe (strain 972 / ATCC 24843)	Fungi	273	False
P32019	Homo sapiens	Metazoa	993	False
Q92766	Homo sapiens	Metazoa	1687	False
P10862	Saccharomyces cerevisiae (strain ATCC 204508 / S288c)	Fungi	487	False
Q94EH8	Arabidopsis thaliana	Plants	295	False
P35218	Homo sapiens	Metazoa	305	False
Q3UMU9	Mus musculus	Metazoa	669	False
Q9JI99	Mus musculus	Metazoa	430	False
O82741	Arabidopsis thaliana	Plants	268	False
Q9P2N5	Homo sapiens	Metazoa	1060	False
Q64205	Mus musculus	Metazoa	287	False
O04469	Arabidopsis thaliana	Plants	240	False
Q8R526	Mus musculus	Metazoa	2615	False
Q9XE33	Oryza sativa subsp. japonica	Plants	205	False
O14464	Saccharomyces cerevisiae (strain ATCC 204508 / S288c)	Fungi	93	False
A0JNW5	Homo sapiens	Metazoa	1464	False
Q7K2X8	Drosophila melanogaster	Metazoa	354	False
Q0DEV5	Oryza sativa subsp. japonica	Plants	609	False
Q8BRN9	Mus musculus	Metazoa	848	False
Q9CQ75	Mus musculus	Metazoa	99	False
P20911	Xenopus laevis	Metazoa	352	False
O09174	Mus musculus	Metazoa	381	False
O75616	Homo sapiens	Metazoa	437	False
P53981	Saccharomyces cerevisiae (strain ATCC 204508 / S288c)	Fungi	241	False
P38632	Saccharomyces cerevisiae (strain ATCC 204508 / S288c)	Fungi	267	False
