accession	organism	kingdom	length	sp_cleavage_site	label	tm_helix_start_leq_90	fold
P56611	Tityus bahiensis	Metazoa	84	20.0	1		3
Q10ST8	Oryza sativa subsp. japonica	Plants	96	27.0	1		2
Q8WPD0	Patiria pectinifera	Metazoa	168	18.0	1		5
P01237	Rattus norvegicus	Metazoa	226	29.0	1		2
P01817	Homo sapiens	Metazoa	119	19.0	1		5
P19874	Oryctolagus cuniculus	Metazoa	101	22.0	1		1
A0A7E5WUT2	Trichoplusia ni	Metazoa	231	19.0	1		3
P01222	Homo sapiens	Metazoa	138	20.0	1		1
Q9JMI7	Mus musculus	Metazoa	250	25.0	1		3
P01611	Homo sapiens	Metazoa	117	22.0	1		4
P01705	Homo sapiens	Metazoa	113	19.0	1		5
Q9NII7	Olivierus martensii	Metazoa	60	22.0	1		3
O89093	Mus musculus	Metazoa	97	27.0	1		5
P00713	Cavia porcellus	Metazoa	142	19.0	1		5
Q39962	Hevea brasiliensis	Plants	238	31.0	1		4
P0C1X6	Tityus discrepans	Metazoa	62	26.0	1		1
Q8L9T8	Arabidopsis thaliana	Plants	63	27.0	1		4
Q86R84	Dermatophagoides farinae	Metazoa	462	25.0	1		1
Q7T2R1	Daboia siamensis	Metazoa	138	16.0	1		1
Q9BQ51	Homo sapiens	Metazoa	273	19.0	1		2
Q9H7M9	Homo sapiens	Metazoa	311	32.0	1		5
P33679	Zea mays	Plants	227	20.0	1		5
P83403	Glossina morsitans morsitans	Metazoa	63	23.0	1		1
I6RA76	Scolopendra mutilans	Metazoa	64	18.0	1		4
Q4PRD2	Daboia siamensis	Metazoa	158	24.0	1		2
Q07654	Homo sapiens	Metazoa	80	21.0	1		5
C9X4J8	Tityus discrepans	Metazoa	86	20.0	1		1
P60568	Homo sapiens	Metazoa	153	20.0	1		5
Q96PL1	Homo sapiens	Metazoa	93	21.0	1		4
P15516	Homo sapiens	Metazoa	51	19.0	1		2
P01179	Rattus norvegicus	Metazoa	125	19.0	1		1
Q9H3T3	Homo sapiens	Metazoa	888	25.0	1		3
P01572	Mus musculus	Metazoa	189	23.0	1		2
P18926	Centruroides tecomanus	Metazoa	87	19.0	1		5
P01001	Bos taurus	Metazoa	80	23.0	1		5
H6U1I8	Tanacetum cinerariifolium	Plants	365	27.0	1		5
P16933	Schizophyllum commune	Fungi	136	24.0	1		1
P62520	Chilobrachys guangxiensis	Metazoa	63	27.0	1		1
P06332	Mus musculus	Metazoa	457	26.0	1		5
Q765P3	Holotrichia diomphalia	Metazoa	187	19.0	1		3
P03973	Homo sapiens	Metazoa	132	25.0	1		2
G3MYZ3	Bos taurus	Metazoa	604	21.0	1		1
Q6T6S5	Bitis gabonica	Metazoa	90	24.0	1		4
P84298	Chironomus thummi thummi	Metazoa	161	16.0	1		3
Q9TY95	Plasmodium falciparum (isolate 3D7)	Other	997	22.0	1		5
Q9UNE0	Homo sapiens	Metazoa	448	26.0	1		3
C0HL64	Drosophila melanogaster	Metazoa	105	18.0	1		4
P06681	Homo sapiens	Metazoa	752	20.0	1		5
P86405	Mesobuthus eupeus	Metazoa	86	19.0	1		5
P10758	Rattus norvegicus	Metazoa	165	21.0	1		5
Q24825	Entamoeba histolytica (strain ATCC 30459 / HM-1:IMSS / ABRM)	Other	101	24.0	1		2
Q95VF0	Epiphyas postvittana	Metazoa	164	23.0	1		1
O43278	Homo sapiens	Metazoa	529	35.0	1		5
A0A7J6K7Y0	Toxoplasma gondii	Other	640	70.0	1		3
P55847	Penaeus japonicus	Metazoa	105	28.0	1		2
P18761	Mus musculus	Metazoa	317	17.0	1		4
P20029	Mus musculus	Metazoa	655	19.0	1		2
O08795	Mus musculus	Metazoa	521	14.0	1		2
P02758	Equus caballus	Metazoa	180	18.0	1		5
B0FHH8	Manduca sexta	Metazoa	151	18.0	1		4
Q62894	Rattus norvegicus	Metazoa	562	19.0	1		1
P27654	Saccharomyces cerevisiae (strain ATCC 204508 / S288c)	Fungi	210	19.0	1		2
P36368	Mus musculus	Metazoa	261	16.0	1		5
P01295	Gallus gallus	Metazoa	164	27.0	1		5
P35331	Gallus gallus	Metazoa	1284	24.0	1		1
Q4W1I8	Zinnia elegans	Plants	321	30.0	1		3
P01177	Sus scrofa	Metazoa	125	19.0	1		1
C9X4K1	Tityus discrepans	Metazoa	83	20.0	1		2
O96059	Bombyx mori	Metazoa	66	24.0	1		1
P10153	Homo sapiens	Metazoa	161	27.0	1		4
P0DJJ8	Protobothrops flavoviridis	Metazoa	138	16.0	1		4
B0KZK1	Acarus siro	Metazoa	517	21.0	1		3
Q63041	Rattus norvegicus	Metazoa	1500	24.0	1		2
P08833	Homo sapiens	Metazoa	259	25.0	1		4
P86100	Olivierus martensii	Metazoa	410	25.0	1		2
P28800	Bos taurus	Metazoa	492	22.0	1		4
P04634	Rattus norvegicus	Metazoa	395	18.0	1		1
P05366	Mus musculus	Metazoa	122	19.0	1		2
P35578	Zootoca vivipara	Metazoa	172	21.0	1		2
P01709	Homo sapiens	Metazoa	118	19.0	1		2
P83326	Actinidia deliciosa	Plants	185	32.0	1		3
Q8I034	Felis catus	Metazoa	545	28.0	1		2
A6MEY4	Bungarus fasciatus	Metazoa	145	27.0	1		1
Q9M069	Arabidopsis thaliana	Plants	504	22.0	1		4
P91627	Drosophila miranda	Metazoa	138	16.0	1		3
Q94EG3	Nicotiana langsdorffii x Nicotiana sanderae	Plants	229	32.0	1		5
Q8T635	Manduca sexta	Metazoa	200	18.0	1		5
P13598	Homo sapiens	Metazoa	275	24.0	1		3
Q39649	Cucurbita maxima	Plants	141	22.0	1		4
B8AL97	Oryza sativa subsp. indica	Plants	470	34.0	1		1
P21128	Homo sapiens	Metazoa	410	18.0	1		4
Q84V39	Olea europaea	Plants	123	21.0	1		3
P11911	Mus musculus	Metazoa	220	28.0	1		4
P34170	Bombyx mori	Metazoa	160	20.0	1		2
Q61885	Mus musculus	Metazoa	246	28.0	1		4
O76076	Homo sapiens	Metazoa	250	23.0	1		4
Q6UXB2	Homo sapiens	Metazoa	119	21.0	1		1
P09655	Rattus norvegicus	Metazoa	79	18.0	1		5
P15570	Phytophthora cryptogea	Other	118	20.0	1		4
P00760	Bos taurus	Metazoa	246	17.0	1		2
P09486	Homo sapiens	Metazoa	303	17.0	1		1
P09230	Yarrowia lipolytica (strain CLIB 122 / E 150)	Fungi	454	15.0	1		3
P0DPZ2	Scolopendra dehaani	Metazoa	101	23.0	1		3
Q8L5J1	Solanum lycopersicum	Plants	399	26.0	1		5
Q03178	Saccharomyces cerevisiae (strain ATCC 204508 / S288c)	Fungi	341	18.0	1		1
P14632	Sus scrofa	Metazoa	704	19.0	1		2
Q6UXG3	Homo sapiens	Metazoa	332	18.0	1		2
Q6UX39	Homo sapiens	Metazoa	209	16.0	1		5
P13205	Rattus norvegicus	Metazoa	121	26.0	1		3
Q09022	Xenopus laevis	Metazoa	84	18.0	1		3
O02853	Bos taurus	Metazoa	191	28.0	1		3
Q29411	Sus scrofa	Metazoa	383	21.0	1		4
P06911	Rattus norvegicus	Metazoa	188	19.0	1		3
Q62632	Rattus norvegicus	Metazoa	306	18.0	1		4
P50694	Prunus avium	Plants	245	23.0	1		3
P56829	Ovis aries	Metazoa	195	23.0	1		4
P35777	Solenopsis invicta	Metazoa	137	19.0	1		2
P25497	Pseudechis australis	Metazoa	83	21.0	1		1
Q9VH14	Drosophila melanogaster	Metazoa	210	27.0	1		1
O60609	Homo sapiens	Metazoa	400	31.0	1		3
P0DJD7	Homo sapiens	Metazoa	388	15.0	1		2
P29457	Rattus norvegicus	Metazoa	417	17.0	1		5
P16612	Rattus norvegicus	Metazoa	214	26.0	1		4
P43077	Candida albicans	Fungi	562	22.0	1		5
P15522	Camelus dromedarius	Metazoa	155	18.0	1		3
P0C292	Androctonus crassicauda	Metazoa	80	22.0	1		5
Q6YZY5	Oryza sativa subsp. japonica	Plants	224	22.0	1		2
P11069	Lumbricus terrestris	Metazoa	170	17.0	1		5
F1N2K1	Bos taurus	Metazoa	508	31.0	1		2
C0H9B6	Salmo salar	Metazoa	413	19.0	1		1
Q8NBP7	Homo sapiens	Metazoa	692	30.0	1		2
Q76FB0	Cyanidium caldarium	Other	155	20.0	1		1
Q9UAD0	Olivierus martensii	Metazoa	59	24.0	1		1
P02659	Gallus gallus	Metazoa	106	24.0	1		3
P12319	Homo sapiens	Metazoa	257	25.0	1		5
P58823	Phaseolus vulgaris	Plants	342	29.0	1		1
P04062	Homo sapiens	Metazoa	536	39.0	1		1
O80323	Pyrus pyrifolia	Plants	222	22.0	1		2
Q78CF9	Notechis ater	Metazoa	200	19.0	1		3
Q70DJ5	Arachis hypogaea	Plants	280	26.0	1		1
Q868Z9	Drosophila melanogaster	Metazoa	2898	26.0	1		5
P00736	Homo sapiens	Metazoa	705	17.0	1		1
P0CB51	Coccidioides posadasii (strain RMSCC 757 / Silveira)	Fungi	427	17.0	1		5
P07981	Hypocrea jecorina	Fungi	459	22.0	1		1
Q9N2D2	Callithrix jacchus	Metazoa	381	16.0	1		4
P18632	Cryptomeria japonica	Plants	374	21.0	1		2
Q6UWE3	Homo sapiens	Metazoa	100	21.0	1		2
F5CPD3	Micrurus altirostris	Metazoa	85	21.0	1		2
P10279	Bos taurus	Metazoa	264	24.0	1		5
Q8L5C6	Triticum aestivum	Plants	304	30.0	1		2
P35495	Sus scrofa	Metazoa	133	24.0	1		4
Q9R1T7	Rattus norvegicus	Metazoa	200	20.0	1		3
Q96TU3	Aspergillus awamori	Fungi	537	19.0	1		1
P33436	Rattus norvegicus	Metazoa	662	29.0	1		5
P19957	Homo sapiens	Metazoa	117	22.0	1		1
O00602	Homo sapiens	Metazoa	326	29.0	1		5
P00794	Bos taurus	Metazoa	381	16.0	1		4
Q9YGN4	Gloydius brevicauda	Metazoa	145	23.0	1		2
D3GDK4	Cryptopygus antarcticus	Metazoa	225	15.0	1		1
Q6UXK5	Homo sapiens	Metazoa	716	25.0	1		1
P56202	Homo sapiens	Metazoa	376	21.0	1		4
P01479	Androctonus australis	Metazoa	83	19.0	1		3
P52753	Cryphonectria parasitica	Fungi	118	22.0	1		1
P09923	Homo sapiens	Metazoa	528	19.0	1		2
P09462	Ovis aries	Metazoa	142	19.0	1		1
P82358	Acanthoscurria gomesiana	Metazoa	84	23.0	1		4
P00684	Rattus norvegicus	Metazoa	152	25.0	1		5
C0HL62	Drosophila melanogaster	Metazoa	104	18.0	1		5
Q23997	Drosophila melanogaster	Metazoa	452	18.0	1		4
P04639	Rattus norvegicus	Metazoa	259	18.0	1		4
A7L035	Chironex fleckeri	Metazoa	456	20.0	1		4
P19801	Homo sapiens	Metazoa	751	19.0	1		5
Q90WA1	Pseudonaja textilis textilis	Metazoa	83	24.0	1		3
P07359	Homo sapiens	Metazoa	652	16.0	1		4
Q86SD9	Androctonus amoreuxi	Metazoa	86	19.0	1		5
P49121	Agkistrodon contortrix laticinctus	Metazoa	137	16.0	1		2
P26006	Homo sapiens	Metazoa	1051	32.0	1		3
Q696W1	Macrovipera lebetinus	Metazoa	158	23.0	1		5
Q8MMG9	Pimpla hypochondriaca	Metazoa	585	32.0	1		2
P31226	Aquarana catesbeiana	Metazoa	844	19.0	1		4
A6XMY0	Hyas araneus	Metazoa	64	25.0	1		2
Q07831	Entamoeba histolytica	Other	97	20.0	1		5
Q5G8A6	Tityus costatus	Metazoa	87	19.0	1		3
P29701	Ovis aries	Metazoa	364	15.0	1		4
P18329	Dendroaspis angusticeps	Metazoa	80	21.0	1		3
A0A2I8B346	Paralithodes camtschaticus	Metazoa	62	23.0	1		5
Q8TD06	Homo sapiens	Metazoa	166	21.0	1		5
P86872	Margaritifera margaritifera	Metazoa	260	19.0	1		3
Q61001	Mus musculus	Metazoa	3718	40.0	1		1
A0A7M6UMR7	Apis mellifera	Metazoa	1010	16.0	1		1
P93543	Sambucus nigra	Plants	569	28.0	1		2
P24258	Chlamydomonas reinhardtii	Plants	380	20.0	1		3
Q8T0W2	Pimpla hypochondriaca	Metazoa	203	19.0	1		1
Q71DJ5	Arabidopsis thaliana	Plants	393	20.0	1		2
P01724	Mus musculus	Metazoa	129	19.0	1		1
P02774	Homo sapiens	Metazoa	474	16.0	1		3
P81761	Hottentotta tamulus	Metazoa	62	24.0	1		3
Q8MMH0	Pimpla hypochondriaca	Metazoa	109	21.0	1		5
P61769	Homo sapiens	Metazoa	119	20.0	1		3
O55232	Rattus norvegicus	Metazoa	130	32.0	1		3
P21919	Gadus morhua	Metazoa	235	26.0	1		3
P10631	Rattus norvegicus	Metazoa	98	28.0	1		3
O80327	Pyrus pyrifolia	Plants	244	22.0	1		3
P0DL37	Urodacus yaschenkoi	Metazoa	62	24.0	1		3
P13731	Gallus gallus	Metazoa	405	15.0	1		4
P25291	Canis lupus familiaris	Metazoa	509	21.0	1		5
F8QN53	Vipera renardi	Metazoa	137	16.0	1		4
P45663	Centruroides noxius	Metazoa	87	19.0	1		1
P02654	Homo sapiens	Metazoa	83	26.0	1		5
Q9NL38	Pinctada maxima	Metazoa	568	22.0	1		2
Q9NYY1	Homo sapiens	Metazoa	176	24.0	1		1
P02778	Homo sapiens	Metazoa	98	21.0	1		2
Q9BXI9	Homo sapiens	Metazoa	278	46.0	1		4
O04004	Ambrosia artemisiifolia	Plants	118	25.0	1		3
C0HK27	Dioclea lasiophylla	Plants	291	28.0	1		1
P29060	Nicotiana tabacum	Plants	291	22.0	1		2
P63152	Cavia porcellus	Metazoa	143	23.0	1		2
P32881	Homo sapiens	Metazoa	189	23.0	1		3
Q86IV5	Dictyostelium discoideum	Other	258	21.0	1		1
B4FZ87	Zea mays	Plants	396	31.0	1		4
P43307	Homo sapiens	Metazoa	286	18.0	1		1
P04667	Oncorhynchus keta	Metazoa	105	22.0	1		5
P17050	Homo sapiens	Metazoa	411	17.0	1		4
F5CPE4	Micrurus altirostris	Metazoa	83	21.0	1		5
P19134	Oryctolagus cuniculus	Metazoa	695	19.0	1		5
P80356	Avena sativa	Plants	220	19.0	1		2
P07998	Homo sapiens	Metazoa	156	28.0	1		1
Q9ZWA9	Arabidopsis thaliana	Plants	451	25.0	1		4
C0HL63	Drosophila melanogaster	Metazoa	104	18.0	1		3
P01347	Rattus norvegicus	Metazoa	186	22.0	1		2
P67930	Ovis aries	Metazoa	217	27.0	1		1
P02769	Bos taurus	Metazoa	607	18.0	1		4
P45452	Homo sapiens	Metazoa	471	19.0	1		5
P02739	Neovison vison	Metazoa	129	18.0	1		5
P04785	Rattus norvegicus	Metazoa	509	19.0	1		4
Q03405	Homo sapiens	Metazoa	335	22.0	1		5
P02740	Anas platyrhynchos	Metazoa	127	18.0	1		2
P22323	Cavia porcellus	Metazoa	410	24.0	1		1
Q2KJF1	Bos taurus	Metazoa	503	21.0	1		3
P36511	Rattus norvegicus	Metazoa	530	23.0	1		1
P01633	Mus musculus	Metazoa	149	29.0	1		3
Q8RVH5	Glycine max	Plants	433	24.0	1		2
P02782	Rattus norvegicus	Metazoa	111	23.0	1		3
P04430	Homo sapiens	Metazoa	117	22.0	1		3
P79263	Sus scrofa	Metazoa	921	27.0	1		2
P18892	Bos taurus	Metazoa	526	26.0	1		2
Q6IUU3	Rattus norvegicus	Metazoa	750	32.0	1		5
O42414	Gallus gallus	Metazoa	1369	25.0	1		5
Q16568	Homo sapiens	Metazoa	116	27.0	1		4
P12724	Homo sapiens	Metazoa	160	27.0	1		3
P31418	Manduca sexta	Metazoa	166	22.0	1		1
P17301	Homo sapiens	Metazoa	1181	29.0	1		2
Q9UK55	Homo sapiens	Metazoa	444	21.0	1		1
P02765	Homo sapiens	Metazoa	367	18.0	1		4
P07439	Megabalanus rosa	Metazoa	162	24.0	1		3
P26010	Homo sapiens	Metazoa	798	19.0	1		1
P04002	Pseudopleuronectes americanus	Metazoa	82	23.0	1		5
Q8WWA0	Homo sapiens	Metazoa	313	18.0	1		4
Q08334	Homo sapiens	Metazoa	325	19.0	1		1
P0C1X7	Tityus discrepans	Metazoa	83	20.0	1		5
P11151	Bos taurus	Metazoa	478	28.0	1		2
Q9Y258	Homo sapiens	Metazoa	94	23.0	1		3
P22952	Sus scrofa	Metazoa	117	36.0	1		5
P02883	Thaumatococcus daniellii	Plants	235	22.0	1		3
P62931	Pisum sativum	Plants	130	26.0	1		3
P30230	Raphanus sativus	Plants	80	29.0	1		1
I3LGZ3	Sus scrofa	Metazoa	81	24.0	1		2
O08523	Mus musculus	Metazoa	2155	24.0	1		4
C1IC49	Walterinnesia aegyptia	Metazoa	86	21.0	1		2
Q969H8	Homo sapiens	Metazoa	173	31.0	1		1
P50229	Rattus norvegicus	Metazoa	92	23.0	1		5
P86473	Actinidia chinensis var. chinensis	Plants	322	21.0	1		5
Q96BF3	Homo sapiens	Metazoa	282	22.0	1		2
O57385	Deinagkistrodon acutus	Metazoa	138	16.0	1		1
Q1HLC0	Lonomia obliqua	Metazoa	413	18.0	1		4
P25116	Homo sapiens	Metazoa	425	21.0	1		3
Q6T6T4	Bitis gabonica	Metazoa	140	26.0	1		5
P01364	Aplysia californica	Metazoa	108	23.0	1		5
P15226	Tityus serrulatus	Metazoa	84	20.0	1		3
Q8N441	Homo sapiens	Metazoa	504	24.0	1		5
P31809	Mus musculus	Metazoa	521	34.0	1		5
P60215	Tityus obscurus	Metazoa	86	20.0	1		3
P15156	Mesocricetus auratus	Metazoa	695	21.0	1		4
P35248	Rattus norvegicus	Metazoa	374	19.0	1		2
P04284	Solanum lycopersicum	Plants	159	24.0	1		4
A1X159	Perna viridis	Metazoa	431	20.0	1		2
Q9STQ3	Arabidopsis thaliana	Plants	59	27.0	1		4
Q2A783	Triticum aestivum	Plants	285	18.0	1		2
P0DQB8	Scolopendra dehaani	Metazoa	73	20.0	1		5
O93364	Crotalus adamanteus	Metazoa	516	18.0	1		1
Q91XZ2	Mus musculus	Metazoa	779	28.0	1		5
P08541	Rattus norvegicus	Metazoa	530	23.0	1		5
Q62598	Rattus norvegicus	Metazoa	687	17.0	1		1
P81511	Hirudo medicinalis	Metazoa	81	15.0	1		4
P80429	Salmo salar	Metazoa	691	18.0	1		5
P03950	Homo sapiens	Metazoa	147	24.0	1		1
Q3UN54	Mus musculus	Metazoa	99	21.0	1		3
P23083	Homo sapiens	Metazoa	117	19.0	1		1
Q99969	Homo sapiens	Metazoa	163	20.0	1		1
Q96BY9	Homo sapiens	Metazoa	339	30.0	1		2
P0DJD9	Homo sapiens	Metazoa	388	15.0	1		2
P13473	Homo sapiens	Metazoa	410	28.0	1		2
P83880	Pinus monticola	Plants	105	26.0	1		2
P05160	Homo sapiens	Metazoa	661	20.0	1		5
Q8MVA6	Ixodes scapularis	Metazoa	69	23.0	1		5
P02761	Rattus norvegicus	Metazoa	181	19.0	1		3
Q8NJ73	Pyricularia grisea	Fungi	380	21.0	1		1
P29241	Aplysia californica	Metazoa	282	24.0	1		4
E2DQZ5	Protobothrops jerdonii	Metazoa	148	23.0	1		5
O15197	Homo sapiens	Metazoa	1021	31.0	1		4
Q96S96	Homo sapiens	Metazoa	227	22.0	1		2
Q64HC7	Armadillidium vulgare	Metazoa	73	19.0	1		1
Q05443	Bos taurus	Metazoa	342	18.0	1		5
Q8WP90	Solenopsis invicta	Metazoa	153	19.0	1		3
P22864	Aspergillus niger	Fungi	373	19.0	1		3
Q8S2W4	Arabidopsis thaliana	Plants	61	22.0	1		2
Q71QE8	Crotalus viridis viridis	Metazoa	138	16.0	1		3
Q949Y3	Arabidopsis thaliana	Plants	475	30.0	1		1
P34746	Oreochromis mossambicus	Metazoa	204	17.0	1		3
Q9LRC8	Scutellaria baicalensis	Plants	527	25.0	1		4
P19069	Cavia porcellus	Metazoa	1742	19.0	1		5
E7BLC7	Androctonus crassicauda	Metazoa	84	17.0	1		2
P42813	Arabidopsis thaliana	Plants	230	22.0	1		2
P85840	Tityus serrulatus	Metazoa	416	24.0	1		1
Q969N2	Homo sapiens	Metazoa	578	21.0	1		1
P29288	Rattus norvegicus	Metazoa	327	22.0	1		4
Q55U20	Cryptococcus neoformans var. neoformans serotype D (strain B-3501A)	Fungi	458	51.0	1		3
P16611	Sus scrofa	Metazoa	293	27.0	1		5
Q8WPJ2	Mytilus edulis	Metazoa	367	17.0	1		1
Q27083	Tachypleus tridentatus	Metazoa	309	31.0	1		3
Q05359	Saccharomyces cerevisiae (strain ATCC 204508 / S288c)	Fungi	219	22.0	1		4
Q6X4U4	Homo sapiens	Metazoa	206	23.0	1		1
P0C8G7	Pomacea canaliculata	Metazoa	286	30.0	1		4
P03998	Limulus polyphemus	Metazoa	195	20.0	1		4
Q86WA6	Homo sapiens	Metazoa	291	37.0	1		1
P15589	Rattus norvegicus	Metazoa	577	19.0	1		2
P59665	Homo sapiens	Metazoa	94	19.0	1		4
P0DUS8	Doratifera vulnerans	Metazoa	59	17.0	1		4
Q40772	Phytolacca americana	Plants	310	25.0	1		3
P02751	Homo sapiens	Metazoa	2477	31.0	1		5
Q96AP7	Homo sapiens	Metazoa	390	29.0	1		4
Q9BJX2	Olivierus martensii	Metazoa	54	23.0	1		1
P41547	Canis lupus familiaris	Metazoa	130	25.0	1		5
C0HL83	Stellaria media	Plants	81	31.0	1		1
O59896	Pycnoporus cinnabarinus	Fungi	518	21.0	1		1
Q9NSA1	Homo sapiens	Metazoa	209	28.0	1		3
Q9PWI4	Elaphe quadrivirgata	Metazoa	202	19.0	1		2
Q94637	Oscheius tipulae	Metazoa	1648	15.0	1		4
Q9DEA2	Deinagkistrodon acutus	Metazoa	155	23.0	1		5
P83869	Drosophila melanogaster	Metazoa	46	22.0	1		2
P29459	Homo sapiens	Metazoa	219	22.0	1		1
C0HJQ8	Mesobuthus eupeus	Metazoa	58	21.0	1		1
P19883	Homo sapiens	Metazoa	344	29.0	1		1
Q75WF2	Acanthaster planci	Metazoa	358	26.0	1		4
Q09131	Glycine max	Plants	464	30.0	1		3
Q63345	Rattus norvegicus	Metazoa	245	27.0	1		2
P02771	Homo sapiens	Metazoa	609	18.0	1		4
Q7SCE9	Neurospora crassa (strain ATCC 24698 / 74-OR23-1A / CBS 708.71 / DSM 1257 / FGSC 987)	Fungi	385	18.0	1		5
Q9Z0M9	Mus musculus	Metazoa	193	28.0	1		1
P32802	Saccharomyces cerevisiae (strain ATCC 204508 / S288c)	Fungi	667	22.0	1		5
P29794	Canis lupus familiaris	Metazoa	180	20.0	1		2
P29029	Saccharomyces cerevisiae (strain ATCC 204508 / S288c)	Fungi	562	20.0	1		1
C0HL82	Stellaria media	Plants	81	31.0	1		5
P00996	Bos taurus	Metazoa	79	23.0	1		1
P14384	Homo sapiens	Metazoa	443	17.0	1		5
P05305	Homo sapiens	Metazoa	212	17.0	1		2
P01148	Homo sapiens	Metazoa	92	23.0	1		4
P06865	Homo sapiens	Metazoa	529	22.0	1		2
P80188	Homo sapiens	Metazoa	198	20.0	1		5
Q6XE38	Homo sapiens	Metazoa	83	21.0	1		1
Q9U8W8	Tachypleus tridentatus	Metazoa	292	23.0	1		4
P01567	Homo sapiens	Metazoa	189	23.0	1		3
Q03044	Didelphis virginiana	Metazoa	410	21.0	1		5
A8E2V8	Trimeresurus gracilis	Metazoa	139	16.0	1		1
P07477	Homo sapiens	Metazoa	247	15.0	1		4
P05113	Homo sapiens	Metazoa	134	19.0	1		3
P67875	Aspergillus fumigatus (strain ATCC MYA-4609 / CBS 101355 / FGSC A1100 / Af293)	Fungi	176	27.0	1		3
P01183	Sus scrofa	Metazoa	166	19.0	1		4
Q7ZT99	Crotalus atrox	Metazoa	240	19.0	1		1
Q09332	Drosophila melanogaster	Metazoa	1548	22.0	1		1
A0A3N2PQC3	Sodiomyces alkalinus (strain CBS 110278 / VKM F-3762 / F11)	Fungi	99	26.0	1		3
P00738	Homo sapiens	Metazoa	406	18.0	1		2
C0HL38	Trichonephila clavata	Metazoa	60	19.0	1		5
P21741	Homo sapiens	Metazoa	143	20.0	1		5
W5XDM0	Macrovipera lebetinus	Metazoa	152	23.0	1		2
P20507	Chlamydomonas reinhardtii	Plants	377	20.0	1		4
P82144	Gloydius brevicaudus siniticus	Metazoa	200	19.0	1		1
P31515	Xenopus laevis	Metazoa	341	29.0	1		5
Q9Y2I2	Homo sapiens	Metazoa	539	28.0	1		4
P15478	Solanum tuberosum	Plants	386	23.0	1		2
P35334	Phaseolus vulgaris	Plants	342	29.0	1		4
Q8BHP7	Mus musculus	Metazoa	681	32.0	1		3
O73856	Naja sputatrix	Metazoa	81	21.0	1		2
P00702	Phasianus colchicus colchicus	Metazoa	147	17.0	1		1
Q91Z98	Mus musculus	Metazoa	402	21.0	1		1
P08514	Homo sapiens	Metazoa	1039	31.0	1		3
P01224	Sus scrofa	Metazoa	138	20.0	1		3
P06207	Limulus polyphemus	Metazoa	242	24.0	1		2
Q5NAT0	Oryza sativa subsp. japonica	Plants	640	34.0	1		5
C0HJZ1	Arachis hypogaea	Plants	72	25.0	1		5
P51868	Rattus norvegicus	Metazoa	413	19.0	1		5
Q07325	Homo sapiens	Metazoa	125	22.0	1		2
Q08127	Anguilla anguilla	Metazoa	147	20.0	1		5
Q963A9	Aedes albopictus	Metazoa	60	24.0	1		5
P18181	Mus musculus	Metazoa	240	22.0	1		2
Q8H6Q1	Petunia hybrida	Plants	103	25.0	1		2
P07237	Homo sapiens	Metazoa	508	17.0	1		1
O09165	Mus musculus	Metazoa	405	34.0	1		3
B0XRV0	Aspergillus fumigatus (strain CBS 144.89 / FGSC A1163 / CEA10)	Fungi	721	18.0	1		3
A8CG89	Daboia russelii	Metazoa	138	16.0	1		3
Q2YHJ7	Craspedocephalus puniceus	Metazoa	138	16.0	1		2
P01323	Rattus norvegicus	Metazoa	110	24.0	1		3
P02810	Homo sapiens	Metazoa	166	16.0	1		3
Q9SU40	Arabidopsis thaliana	Plants	587	20.0	1		1
P08603	Homo sapiens	Metazoa	1231	18.0	1		1
P01037	Homo sapiens	Metazoa	141	20.0	1		5
A0A4P9I8G4	Waitea arvalis	Fungi	238	20.0	1		1
A0A0A1I6N9	Androctonus crassicauda	Metazoa	74	22.0	1		1
P00995	Homo sapiens	Metazoa	79	23.0	1		3
P00748	Homo sapiens	Metazoa	615	19.0	1		2
P16094	Momordica charantia	Plants	286	23.0	1		3
Q2PWA3	Protobothrops mucrosquamatus	Metazoa	138	16.0	1		4
P14133	Cucumis sativus	Plants	587	33.0	1		5
P04003	Homo sapiens	Metazoa	597	48.0	1		2
B2NHN2	Talaromyces funiculosus	Fungi	339	20.0	1		1
Q62005	Mus musculus	Metazoa	623	20.0	1		3
P01634	Mus musculus	Metazoa	136	29.0	1		2
B3STN7	Nosema bombycis (strain CQ1 / CVCC 102059)	Fungi	316	18.0	1		1
P14562	Rattus norvegicus	Metazoa	407	21.0	1		4
C0HKR1	Agrotis ipsilon	Metazoa	73	20.0	1		4
P14214	Tachypleus tridentatus	Metazoa	77	23.0	1		3
Q91XZ4	Mus musculus	Metazoa	772	28.0	1		2
Q9Y4X3	Homo sapiens	Metazoa	112	24.0	1		4
Q90W54	Gloydius blomhoffii	Metazoa	504	18.0	1		5
O00175	Homo sapiens	Metazoa	119	26.0	1		3
Q70LM3	Phlebia radiata	Fungi	390	23.0	1		2
Q1ZY03	Deinagkistrodon acutus	Metazoa	138	16.0	1		3
P00989	Bungarus multicinctus	Metazoa	85	24.0	1		2
P11839	Ovis aries	Metazoa	222	15.0	1		1
Q9UBT3	Homo sapiens	Metazoa	224	18.0	1		5
Q25055	Holotrichia diomphalia	Metazoa	104	20.0	1		1
A8QL52	Bungarus fasciatus	Metazoa	517	19.0	1		4
P35501	Myzus persicae	Metazoa	552	23.0	1		1
G5EC68	Caenorhabditis elegans	Metazoa	85	17.0	1		4
P05067	Homo sapiens	Metazoa	770	17.0	1		1
Q9UBN6	Homo sapiens	Metazoa	386	55.0	1		5
P26730	Bombyx mori	Metazoa	92	19.0	1		3
O88917	Rattus norvegicus	Metazoa	1515	24.0	1		2
P0DPV5	Scolopendra dehaani	Metazoa	76	23.0	1		4
P02647	Homo sapiens	Metazoa	267	18.0	1		4
Q1HAY7	Holotrichia diomphalia	Metazoa	317	23.0	1		4
P15018	Homo sapiens	Metazoa	202	22.0	1		5
P07602	Homo sapiens	Metazoa	524	16.0	1		3
Q08738	Bombyx mori	Metazoa	239	16.0	1		2
P20933	Homo sapiens	Metazoa	346	23.0	1		1
P01033	Homo sapiens	Metazoa	207	23.0	1		2
P16404	Erythrina corallodendron	Plants	281	26.0	1		5
Q2YHJ8	Craspedocephalus puniceus	Metazoa	138	16.0	1		1
Q9Y5C1	Homo sapiens	Metazoa	460	16.0	1		4
Q26377	Drosophila melanogaster	Metazoa	154	19.0	1		5
Q9NII5	Olivierus martensii	Metazoa	58	21.0	1		3
P14211	Mus musculus	Metazoa	416	17.0	1		5
Q6UX46	Homo sapiens	Metazoa	152	24.0	1		4
P83519	Bothrops jararacussu	Metazoa	159	24.0	1		5
Q9UN67	Homo sapiens	Metazoa	800	26.0	1		2
Q6UW01	Homo sapiens	Metazoa	205	32.0	1		1
O97763	Sus scrofa	Metazoa	149	19.0	1		5
Q8MP00	Aedes aegypti	Metazoa	90	27.0	1		1
Q63180	Rattus norvegicus	Metazoa	789	25.0	1		2
P35572	Rattus norvegicus	Metazoa	226	25.0	1		5
P48307	Homo sapiens	Metazoa	235	22.0	1		4
W0HJ53	Rhizopus oryzae	Fungi	216	27.0	1		2
Q8JIY9	Protobothrops jerdonii	Metazoa	138	16.0	1		1
Q875I9	Aspergillus fumigatus	Fungi	238	17.0	1		2
P19400	Ascaris suum	Metazoa	169	20.0	1		1
P01491	Centruroides sculpturatus	Metazoa	86	19.0	1		1
P41271	Homo sapiens	Metazoa	181	16.0	1		4
Q9VB68	Drosophila melanogaster	Metazoa	377	26.0	1		1
P17813	Homo sapiens	Metazoa	658	25.0	1		1
P81417	Aedes albopictus	Metazoa	59	23.0	1		3
Q6GU94	Centruroides limpidus	Metazoa	56	24.0	1		4
Q6UWY2	Homo sapiens	Metazoa	283	31.0	1		2
P01768	Homo sapiens	Metazoa	117	19.0	1		3
P08582	Homo sapiens	Metazoa	738	19.0	1		5
Q9JI59	Mus musculus	Metazoa	298	28.0	1		3
P15497	Bos taurus	Metazoa	265	18.0	1		5
P09954	Sus scrofa	Metazoa	419	16.0	1		4
P82114	Bothrops moojeni	Metazoa	138	16.0	1		1
P01165	Sus scrofa	Metazoa	207	22.0	1		5
A1IKL2	Anisakis simplex	Metazoa	152	18.0	1		1
P80311	Bos taurus	Metazoa	216	33.0	1		4
P01019	Homo sapiens	Metazoa	476	24.0	1		2
P12069	Sus scrofa	Metazoa	148	18.0	1		2
Q6UXD5	Homo sapiens	Metazoa	910	27.0	1		5
P20241	Drosophila melanogaster	Metazoa	1302	23.0	1		4
P56637	Hottentotta judaicus	Metazoa	94	18.0	1		3
G1CWH6	Clitoria ternatea	Plants	122	25.0	1		3
Q9PWI3	Elaphe quadrivirgata	Metazoa	200	19.0	1		5
P16035	Homo sapiens	Metazoa	220	26.0	1		1
P28665	Mus musculus	Metazoa	1476	27.0	1		3
Q26427	Galleria mellonella	Metazoa	267	16.0	1		1
P00701	Coturnix japonica	Metazoa	147	18.0	1		2
P06306	Felis catus	Metazoa	110	24.0	1		3
P61855	Drosophila melanogaster	Metazoa	79	22.0	1		5
P01911	Homo sapiens	Metazoa	266	29.0	1		4
Q8MI01	Bos taurus	Metazoa	330	23.0	1		3
Q9QXX3	Mus musculus	Metazoa	151	17.0	1		3
B3F051	Lens culinaris subsp. culinaris	Plants	74	27.0	1		5
P11407	Vipera ammodytes ammodytes	Metazoa	138	16.0	1		1
P07727	Rattus norvegicus	Metazoa	457	28.0	1		2
P10720	Homo sapiens	Metazoa	104	30.0	1		5
P83886	Allium sativum	Plants	181	30.0	1		4
P01729	Mus musculus	Metazoa	129	19.0	1		2
P20774	Homo sapiens	Metazoa	298	20.0	1		5
P01619	Homo sapiens	Metazoa	116	20.0	1		5
Q6UWL6	Homo sapiens	Metazoa	708	20.0	1		1
P00797	Homo sapiens	Metazoa	406	23.0	1		4
Q7T2I5	Laticauda semifasciata	Metazoa	83	21.0	1		2
Q14392	Homo sapiens	Metazoa	662	19.0	1		3
P30659	Lutzomyia longipalpis	Metazoa	86	23.0	1		5
P14555	Homo sapiens	Metazoa	144	20.0	1		4
P01070	Glycine max	Plants	216	24.0	1		5
A7VN14	Protobothrops flavoviridis	Metazoa	109	19.0	1		4
P04148	Bombyx mori	Metazoa	220	16.0	1		3
P09989	Trichosanthes kirilowii	Plants	289	23.0	1		1
Q8JGT6	Protobothrops mucrosquamatus	Metazoa	146	23.0	1		1
Q0GY40	Hoffmannihadrurus gertschi	Metazoa	95	19.0	1		1
Q30154	Homo sapiens	Metazoa	266	29.0	1		5
P10976	Spinacia oleracea	Plants	117	26.0	1		4
Q6UXB1	Homo sapiens	Metazoa	125	24.0	1		4
P02753	Homo sapiens	Metazoa	201	18.0	1		5
P0DUT0	Doratifera vulnerans	Metazoa	46	19.0	1		2
Q14112	Homo sapiens	Metazoa	1375	30.0	1		3
P01704	Homo sapiens	Metazoa	120	19.0	1		4
P03954	Macaca fuscata fuscata	Metazoa	388	15.0	1		4
P33487	Arabidopsis thaliana	Plants	198	33.0	1		3
Q60557	Mesocricetus auratus	Metazoa	671	21.0	1		3
P00626	Vipera ammodytes ammodytes	Metazoa	138	16.0	1		1
P30101	Homo sapiens	Metazoa	505	24.0	1		4
P01228	Sus scrofa	Metazoa	129	20.0	1		2
O00100	Aspergillus terreus	Fungi	466	19.0	1		1
P48096	Salmo salar	Metazoa	210	23.0	1		2
Q42502	Solanum tuberosum	Plants	386	23.0	1		5
Q27082	Tachypleus tridentatus	Metazoa	673	19.0	1		5
P01325	Mus musculus	Metazoa	108	24.0	1		3
P43652	Homo sapiens	Metazoa	599	21.0	1		2
P01011	Homo sapiens	Metazoa	423	23.0	1		2
B2KNH9	Dendrobium findlayanum	Plants	167	24.0	1		4
P02763	Homo sapiens	Metazoa	201	18.0	1		1
P31347	Oryctolagus cuniculus	Metazoa	149	24.0	1		2
Q6T6T5	Bitis gabonica	Metazoa	90	24.0	1		5
Q01172	Aspergillus niger	Fungi	379	20.0	1		3
Q6EH50	Phytolacca heterotepala	Plants	312	22.0	1		5
Q800C4	Crotalus viridis viridis	Metazoa	138	16.0	1		5
Q99435	Homo sapiens	Metazoa	816	21.0	1		5
P51456	Oryctolagus cuniculus	Metazoa	178	20.0	1		5
P19111	Bos taurus	Metazoa	533	19.0	1		2
Q03472	Sus scrofa	Metazoa	202	28.0	1		2
Q8HYA9	Sus scrofa	Metazoa	185	20.0	1		2
Q9NQ25	Homo sapiens	Metazoa	335	22.0	1		3
P30988	Homo sapiens	Metazoa	474	24.0	1		5
Q9JLA3	Rattus norvegicus	Metazoa	1551	42.0	1		1
P80022	Solanum lycopersicum	Plants	230	25.0	1		1
B3EWG0	Penaeus monodon	Metazoa	93	21.0	1		5
P01348	Sus scrofa	Metazoa	182	24.0	1		1
P01900	Mus musculus	Metazoa	365	24.0	1		1
Q60736	Mus musculus	Metazoa	579	32.0	1		3
P26776	Sus scrofa	Metazoa	153	20.0	1		1
P86870	Vespa magnifica	Metazoa	225	23.0	1		3
Q02246	Homo sapiens	Metazoa	1040	30.0	1		4
Q0ZS88	Phlebotomus perniciosus	Metazoa	388	18.0	1		4
Q00802	Bombyx mori	Metazoa	256	17.0	1		4
O00626	Homo sapiens	Metazoa	93	24.0	1		1
P0CZ17	Saccharomyces cerevisiae (strain ATCC 204508 / S288c)	Fungi	362	25.0	1		3
O95157	Homo sapiens	Metazoa	252	22.0	1		5
Q9C9G4	Arabidopsis thaliana	Plants	290	27.0	1		2
P97535	Rattus norvegicus	Metazoa	456	24.0	1		2
Q7JZV0	Drosophila melanogaster	Metazoa	117	16.0	1		5
Q8GTB6	Cannabis sativa	Plants	545	28.0	1		5
Q41015	Pisum sativum	Plants	217	26.0	1		2
P13087	Synsepalum dulcificum	Plants	220	29.0	1		3
P82103	Mytilus galloprovincialis	Metazoa	96	20.0	1		2
P20656	Saponaria officinalis	Plants	299	24.0	1		2
P20142	Homo sapiens	Metazoa	388	16.0	1		1
P29320	Homo sapiens	Metazoa	983	20.0	1		4
P51925	Sparus aurata	Metazoa	85	23.0	1		5
P31722	Rattus norvegicus	Metazoa	245	28.0	1		3
Q8WXF3	Homo sapiens	Metazoa	142	25.0	1		3
Q90WJ8	Anguilla japonica	Metazoa	166	24.0	1		4
P29026	Rhizopus oligosporus	Fungi	540	22.0	1		3
C9X4K4	Tityus discrepans	Metazoa	82	20.0	1		2
Q9HGE1	Humicola insolens	Fungi	227	36.0	1		4
Q8MMJ7	Opisthacanthus madagascariensis	Metazoa	68	23.0	1		2
P04421	Bos taurus	Metazoa	147	18.0	1		3
P81492	Hirudinaria manillensis	Metazoa	84	20.0	1		5
Q9EQX0	Mus musculus	Metazoa	117	23.0	1		3
O02839	Sus scrofa	Metazoa	363	44.0	1		5
Q17043	Aplysia kurodai	Metazoa	556	19.0	1		1
C0HKG1	Clitoria ternatea	Plants	127	24.0	1		1
P22770	Gallus gallus	Metazoa	502	23.0	1		4
P00450	Homo sapiens	Metazoa	1065	19.0	1		3
Q53B59	Ophiophagus hannah	Metazoa	91	21.0	1		2
Q5FZI5	Protobothrops mucrosquamatus	Metazoa	144	23.0	1		3
Q9YGG9	Gloydius blomhoffii	Metazoa	157	21.0	1		3
D3Z9M3	Rattus norvegicus	Metazoa	109	16.0	1		4
Q7KRU8	Drosophila melanogaster	Metazoa	205	19.0	1		5
V5NC32	Agaricus xanthodermus	Fungi	600	25.0	1		5
Q9TSN6	Bubalus bubalis	Metazoa	142	18.0	1		2
P31419	Manduca sexta	Metazoa	161	20.0	1		5
Q2PS07	Fagopyrum esculentum	Plants	149	22.0	1		1
Q9XSW3	Sus scrofa	Metazoa	240	18.0	1		2
Q1RP79	Vipera nikolskii	Metazoa	138	16.0	1		5
P19204	Gallus gallus	Metazoa	406	19.0	1		2
P08118	Homo sapiens	Metazoa	114	20.0	1		1
P07897	Rattus norvegicus	Metazoa	2124	19.0	1		2
Q8NBK3	Homo sapiens	Metazoa	374	33.0	1		3
P0DMD3	Scolopendra mutilans	Metazoa	105	21.0	1		4
Q6WN34	Homo sapiens	Metazoa	429	25.0	1		1
P84527	Actinidia deliciosa	Plants	213	24.0	1		2
P02671	Homo sapiens	Metazoa	866	19.0	1		5
P01661	Mus musculus	Metazoa	131	20.0	1		2
Q9NR61	Homo sapiens	Metazoa	685	26.0	1		2
P59938	Olivierus martensii	Metazoa	57	21.0	1		1
P13389	Ovis aries	Metazoa	125	19.0	1		4
P15737	Hordeum vulgare	Plants	334	28.0	1		3
A4VBF0	Vipera nikolskii	Metazoa	138	16.0	1		1
Q9XFS7	Arabidopsis thaliana	Plants	118	25.0	1		2
Q99MA2	Rattus norvegicus	Metazoa	674	22.0	1		5
C9X4K7	Tityus discrepans	Metazoa	85	21.0	1		1
Q0IQK9	Oryza sativa subsp. japonica	Plants	116	25.0	1		4
Q08481	Mus musculus	Metazoa	727	17.0	1		5
P34174	Bombyx mori	Metazoa	164	22.0	1		5
P82102	Mytilus galloprovincialis	Metazoa	96	20.0	1		1
Q25154	Homarus americanus	Metazoa	134	24.0	1		3
Q6UWY5	Homo sapiens	Metazoa	402	28.0	1		2
P28906	Homo sapiens	Metazoa	385	31.0	1		3
Q5W280	Bombina orientalis	Metazoa	96	19.0	1		1
P01593	Homo sapiens	Metazoa	117	22.0	1		2
P85196	Lonomia obliqua	Metazoa	183	15.0	1		4
Q8MLZ7	Drosophila melanogaster	Metazoa	441	23.0	1		5
Q9YGN5	Gloydius brevicauda	Metazoa	154	23.0	1		2
Q26241	Rhodnius prolixus	Metazoa	202	23.0	1		4
Q8NCC3	Homo sapiens	Metazoa	412	33.0	1		1
P10493	Mus musculus	Metazoa	1245	28.0	1		3
Q45Z11	Oxyuranus scutellatus scutellatus	Metazoa	83	21.0	1		4
Q8UVU7	Cerrophidion godmani	Metazoa	137	16.0	1		1
Q15848	Homo sapiens	Metazoa	244	18.0	1		2
P08697	Homo sapiens	Metazoa	491	27.0	1		2
P12992	Heliothis virescens	Metazoa	564	19.0	1		2
P80221	Bos taurus	Metazoa	112	36.0	1		1
Q6QX33	Bothrops insularis	Metazoa	158	23.0	1		5
P01404	Dendroaspis angusticeps	Metazoa	81	21.0	1		5
O75556	Homo sapiens	Metazoa	95	18.0	1		3
P15473	Rattus norvegicus	Metazoa	292	27.0	1		1
P0DKU2	Pandinus imperator	Metazoa	145	15.0	1		2
Q90Y77	Protobothrops flavoviridis	Metazoa	138	16.0	1		3
P04276	Rattus norvegicus	Metazoa	476	16.0	1		5
P0DML3	Homo sapiens	Metazoa	217	26.0	1		2
P12706	Xenopus laevis	Metazoa	106	23.0	1		2
Q5DT21	Homo sapiens	Metazoa	86	19.0	1		4
P00711	Bos taurus	Metazoa	142	19.0	1		1
Q64550	Rattus norvegicus	Metazoa	535	29.0	1		3
P12346	Rattus norvegicus	Metazoa	698	19.0	1		3
Q9HBE5	Homo sapiens	Metazoa	538	19.0	1		5
P61626	Homo sapiens	Metazoa	148	18.0	1		1
P01322	Rattus norvegicus	Metazoa	110	24.0	1		1
F8S0Z5	Crotalus adamanteus	Metazoa	516	18.0	1		3
Q653V7	Oryza sativa subsp. japonica	Plants	885	33.0	1		1
P56526	Aspergillus niger	Fungi	985	25.0	1		2
Q7M3V1	Chelonus sp. nr. curvimaculatus	Metazoa	246	20.0	1		5
O54861	Rattus norvegicus	Metazoa	825	31.0	1		5
P01302	Bos taurus	Metazoa	131	29.0	1		1
Q9GQV7	Aedes aegypti	Metazoa	128	22.0	1		1
P00683	Mus musculus	Metazoa	149	25.0	1		3
Q9H4G1	Homo sapiens	Metazoa	147	28.0	1		3
P02681	Tachypleus tridentatus	Metazoa	195	20.0	1		1
P11598	Rattus norvegicus	Metazoa	505	24.0	1		1
Q5MIW7	Aedes albopictus	Metazoa	332	21.0	1		4
P80686	Tenebrio molitor	Metazoa	211	16.0	1		4
Q9BZW8	Homo sapiens	Metazoa	370	21.0	1		5
Q2HZ28	Bothrops erythromelas	Metazoa	138	16.0	1		5
P10959	Rattus norvegicus	Metazoa	549	18.0	1		2
O02826	Sus scrofa	Metazoa	111	20.0	1		2
P83400	Hottentotta tamulus	Metazoa	60	24.0	1		4
P30040	Homo sapiens	Metazoa	261	32.0	1		3
Q8BHN3	Mus musculus	Metazoa	944	32.0	1		5
O70280	Rattus norvegicus	Metazoa	212	26.0	1		2
Q9U8D1	Olivierus martensii	Metazoa	56	28.0	1		3
Q99538	Homo sapiens	Metazoa	433	17.0	1		1
Q9C8A4	Arabidopsis thaliana	Plants	58	24.0	1		5
P02783	Rattus norvegicus	Metazoa	112	21.0	1		1
P84296	Chironomus thummi thummi	Metazoa	161	16.0	1		3
P0C293	Androctonus crassicauda	Metazoa	80	22.0	1		2
P13599	Rattus norvegicus	Metazoa	366	22.0	1		1
Q9U572	Penaeus monodon	Metazoa	1670	14.0	1		3
Q61400	Mus musculus	Metazoa	265	33.0	1		4
A1XRN2	Metlapilcoatlus nummifer	Metazoa	166	19.0	1		2
P11150	Homo sapiens	Metazoa	499	22.0	1		4
P49257	Homo sapiens	Metazoa	510	30.0	1		4
P56513	Canis lupus familiaris	Metazoa	92	20.0	1		5
Q86QT3	Centruroides noxius	Metazoa	62	20.0	1		3
Q41638	Phaseolus angularis	Plants	292	20.0	1		2
Q8UUG2	Morone chrysops	Metazoa	79	22.0	1		3
P31110	Oryza sativa subsp. japonica	Plants	177	26.0	1		1
Q95VE9	Epiphyas postvittana	Metazoa	164	23.0	1		4
P01215	Homo sapiens	Metazoa	116	24.0	1		2
Q04457	Caenorhabditis elegans	Metazoa	562	16.0	1		5
P17454	Oryctolagus cuniculus	Metazoa	482	26.0	1		3
O95813	Homo sapiens	Metazoa	267	17.0	1		4
P32760	Gallus gallus	Metazoa	165	30.0	1		5
P10968	Triticum aestivum	Plants	212	26.0	1		3
P54762	Homo sapiens	Metazoa	984	17.0	1		1
P35625	Homo sapiens	Metazoa	211	23.0	1		5
Q9FRV1	Secale cereale	Plants	321	19.0	1		3
Q7ZT98	Ophiophagus hannah	Metazoa	239	18.0	1		1
P24807	Mus musculus	Metazoa	76	26.0	1		3
P33093	Macaca mulatta	Metazoa	217	26.0	1		2
Q95P90	Olivierus martensii	Metazoa	94	22.0	1		5
P13671	Homo sapiens	Metazoa	934	21.0	1		2
Q9NAX4	Dictyostelium discoideum	Other	464	17.0	1		3
P01658	Mus musculus	Metazoa	132	20.0	1		5
P02655	Homo sapiens	Metazoa	101	22.0	1		4
P49141	Monodelphis domestica	Metazoa	149	20.0	1		1
Q6UWI2	Homo sapiens	Metazoa	310	20.0	1		2
P01763	Homo sapiens	Metazoa	117	19.0	1		4
P12549	Chironomus thummi thummi	Metazoa	161	16.0	1		1
P69130	Oncorhynchus keta	Metazoa	211	23.0	1		2
P39039	Mus musculus	Metazoa	239	18.0	1		2
P14946	Lolium perenne	Plants	263	23.0	1		1
A0A0F7YYX3	Conus victoriae	Metazoa	196	25.0	1		5
P01274	Sus scrofa	Metazoa	180	20.0	1		4
P17046	Rattus norvegicus	Metazoa	411	26.0	1		5
P02775	Homo sapiens	Metazoa	128	34.0	1		3
P22455	Homo sapiens	Metazoa	802	21.0	1		3
P81383	Ophiophagus hannah	Metazoa	491	20.0	1		4
Q61738	Mus musculus	Metazoa	1179	33.0	1		5
Q6EER4	Bothriechis schlegelii	Metazoa	138	16.0	1		3
P02662	Bos taurus	Metazoa	214	15.0	1		3
Q9VMD9	Drosophila melanogaster	Metazoa	2188	18.0	1		3
Q7Z5L0	Homo sapiens	Metazoa	202	24.0	1		1
P53634	Homo sapiens	Metazoa	463	24.0	1		2
C6JUP1	Micrurus corallinus	Metazoa	84	21.0	1		4
O64411	Zea mays	Plants	500	28.0	1		2
Q5JNJ5	Oryza sativa subsp. japonica	Plants	237	28.0	1		2
P30440	Felis catus	Metazoa	109	17.0	1		4
Q6JK69	Bothrops atrox	Metazoa	138	16.0	1		1
P05371	Rattus norvegicus	Metazoa	447	21.0	1		1
G4ZHR2	Phytophthora sojae (strain P6497)	Other	241	19.0	1		3
I6S7G5	Scolopendra mutilans	Metazoa	84	16.0	1		5
K9MCH1	Micrurus laticollaris	Metazoa	81	21.0	1		3
P01236	Homo sapiens	Metazoa	227	28.0	1		3
P0DPV0	Scolopendra dehaani	Metazoa	101	23.0	1		1
Q9DF69	Gallus gallus	Metazoa	594	18.0	1		3
P07808	Rattus norvegicus	Metazoa	98	29.0	1		2
P10152	Bos taurus	Metazoa	148	23.0	1		2
P17715	Octodon degus	Metazoa	109	24.0	1		2
F1AWB0	Vaejovis mexicanus	Metazoa	82	22.0	1		2
Q28143	Bos taurus	Metazoa	456	35.0	1		5
P15169	Homo sapiens	Metazoa	458	20.0	1		4
P54837	Saccharomyces cerevisiae (strain ATCC 204508 / S288c)	Fungi	211	20.0	1		5
Q7T2Q1	Echis multisquamatus	Metazoa	157	23.0	1		4
Q01584	Rhinella marina	Metazoa	183	20.0	1		4
P0DJD8	Homo sapiens	Metazoa	388	15.0	1		4
Q96LA5	Homo sapiens	Metazoa	508	19.0	1		1
P36222	Homo sapiens	Metazoa	383	21.0	1		3
O96559	Cimex lectularius	Metazoa	364	35.0	1		4
Q92643	Homo sapiens	Metazoa	395	27.0	1		4
Q9NZ53	Homo sapiens	Metazoa	605	32.0	1		3
Q6STF1	Gloydius halys	Metazoa	504	18.0	1		1
O46655	Sus scrofa	Metazoa	132	19.0	1		4
Q8ISL8	Apis mellifera	Metazoa	78	24.0	1		1
P84777	Tityus discrepans	Metazoa	61	23.0	1		2
P02648	Canis lupus familiaris	Metazoa	266	18.0	1		1
O00092	Aspergillus fumigatus (strain ATCC MYA-4609 / CBS 101355 / FGSC A1100 / Af293)	Fungi	465	26.0	1		3
P23472	Hevea brasiliensis	Plants	311	26.0	1		5
Q12841	Homo sapiens	Metazoa	308	20.0	1		1
P31779	Aquarana catesbeiana	Metazoa	153	24.0	1		1
Q9U8W7	Tachypleus tridentatus	Metazoa	316	27.0	1		3
F5CPD5	Micrurus altirostris	Metazoa	81	21.0	1		1
P78556	Homo sapiens	Metazoa	96	26.0	1		4
Q04791	Anas platyrhynchos	Metazoa	557	25.0	1		4
P09791	Trypanosoma brucei brucei	Other	129	27.0	1		1
A4LAR6	Grifola frondosa	Fungi	107	24.0	1		1
Q63376	Rattus norvegicus	Metazoa	662	46.0	1		3
P09871	Homo sapiens	Metazoa	688	15.0	1		2
P01614	Homo sapiens	Metazoa	121	19.0	1		1
P02879	Ricinus communis	Plants	576	35.0	1		4
W5XCJ6	Macrovipera lebetinus	Metazoa	154	23.0	1		1
P04439	Homo sapiens	Metazoa	365	24.0	1		5
P15529	Homo sapiens	Metazoa	392	34.0	1		5
P25311	Homo sapiens	Metazoa	298	20.0	1		2
O00206	Homo sapiens	Metazoa	839	23.0	1		1
Q9NL89	Bombyx mori	Metazoa	495	16.0	1		4
P09466	Homo sapiens	Metazoa	180	18.0	1		1
Q4PRD1	Daboia siamensis	Metazoa	146	23.0	1		3
Q5DW47	Apis mellifera	Metazoa	107	21.0	1		5
P28825	Mus musculus	Metazoa	747	20.0	1		2
P08887	Homo sapiens	Metazoa	468	19.0	1		3
P41543	Saccharomyces cerevisiae (strain ATCC 204508 / S288c)	Fungi	476	22.0	1		4
Q91XA9	Mus musculus	Metazoa	473	21.0	1		5
Q12546	Aspergillus ficuum	Fungi	614	22.0	1		5
Q41162	Robinia pseudoacacia	Plants	285	31.0	1		5
Q3Y5Z3	Bos taurus	Metazoa	240	17.0	1		5
Q13231	Homo sapiens	Metazoa	466	21.0	1		5
Q9YGP1	Trimeresurus stejnegeri	Metazoa	158	23.0	1		3
Q5K0E0	Androctonus amoreuxi	Metazoa	59	22.0	1		5
P01076	Solanum lycopersicum	Plants	77	32.0	1		3
Q8X150	Gaeumannomyces tritici	Fungi	618	16.0	1		3
P02743	Homo sapiens	Metazoa	223	19.0	1		5
P01180	Bos taurus	Metazoa	166	19.0	1		2
Q84UV8	Nicotiana langsdorffii x Nicotiana sanderae	Plants	274	25.0	1		2
P01189	Homo sapiens	Metazoa	267	26.0	1		3
Q9U8X3	Tachypleus tridentatus	Metazoa	67	23.0	1		5
Q9PUB7	Micrurus corallinus	Metazoa	78	21.0	1		5
Q8H6Q0	Petunia hybrida	Plants	101	25.0	1		3
Q15465	Homo sapiens	Metazoa	462	23.0	1		3
Q9XIV8	Nicotiana tabacum	Plants	330	29.0	1		3
Q9XY87	Olivierus martensii	Metazoa	85	21.0	1		3
P81382	Calloselasma rhodostoma	Metazoa	516	18.0	1		1
P26732	Bombyx mori	Metazoa	92	19.0	1		2
C1IC48	Walterinnesia aegyptia	Metazoa	83	21.0	1		3
P51740	Rattus norvegicus	Metazoa	551	19.0	1		5
O64392	Triticum aestivum	Plants	146	21.0	1		3
P97515	Meriones unguiculatus	Metazoa	348	18.0	1		2
P02790	Homo sapiens	Metazoa	462	23.0	1		2
Q9Z0L3	Mus musculus	Metazoa	485	17.0	1		3
Q969J5	Homo sapiens	Metazoa	263	21.0	1		5
P13487	Leiurus hebraeus	Metazoa	59	22.0	1		3
P0DML2	Homo sapiens	Metazoa	217	26.0	1		4
Q9VYX7	Drosophila melanogaster	Metazoa	203	26.0	1		3
Q3V1G4	Mus musculus	Metazoa	746	20.0	1		1
Q8GT41	Platanus acerifolia	Plants	179	23.0	1		2
Q8T0W4	Pimpla hypochondriaca	Metazoa	77	23.0	1		3
P40199	Homo sapiens	Metazoa	344	34.0	1		1
Q7ZZN9	Protobothrops jerdonii	Metazoa	240	19.0	1		3
P09479	Gallus gallus	Metazoa	456	20.0	1		5
P35916	Homo sapiens	Metazoa	1363	24.0	1		2
Q6DWK3	Colletotrichum lindemuthianum	Fungi	248	26.0	1		3
Q8UVZ7	Crotalus atrox	Metazoa	137	16.0	1		2
Q9FXT4	Oryza sativa subsp. japonica	Plants	417	55.0	1		5
P61917	Pan troglodytes	Metazoa	151	19.0	1		4
Q01117	Lipomyces kononenkoae	Fungi	624	28.0	1		1
Q9BX67	Homo sapiens	Metazoa	310	31.0	1		5
P06908	Canis lupus familiaris	Metazoa	248	17.0	1		5
Q7YSJ4	Dictyostelium discoideum	Other	708	19.0	1		5
P01493	Centruroides sculpturatus	Metazoa	87	19.0	1		2
P01299	Canis lupus familiaris	Metazoa	93	29.0	1		4
P12637	Canis lupus familiaris	Metazoa	410	19.0	1		1
P38574	Bos taurus	Metazoa	287	18.0	1		5
Q8J0K5	Talaromyces funiculosus	Fungi	282	39.0	1		3
O46167	Eratigena agrestis	Metazoa	68	17.0	1		3
Q9PTT2	Lepidobatrachus laevis	Metazoa	225	19.0	1		5
O94907	Homo sapiens	Metazoa	266	31.0	1		3
O18330	Apis mellifera	Metazoa	432	19.0	1		3
P25796	Cavia porcellus	Metazoa	391	19.0	1		3
Q8JFX7	Bungarus multicinctus	Metazoa	103	21.0	1		3
A9UGV6	Oryza sativa subsp. japonica	Plants	61	26.0	1		1
Q27081	Tachypleus tridentatus	Metazoa	400	23.0	1		3
P02754	Bos taurus	Metazoa	178	16.0	1		1
P26202	Oryctolagus cuniculus	Metazoa	137	20.0	1		2
P26729	Bombyx mori	Metazoa	92	19.0	1		2
P02817	Bos taurus	Metazoa	213	16.0	1		5
Q9S7Y7	Arabidopsis thaliana	Plants	915	27.0	1		4
P0C8E7	Rhipicephalus sanguineus	Metazoa	114	20.0	1		1
P02229	Chironomus thummi thummi	Metazoa	151	15.0	1		4
P30919	Rattus norvegicus	Metazoa	345	23.0	1		5
P10889	Mus musculus	Metazoa	100	27.0	1		5
K9L4P7	Penicillium chrysogenum	Fungi	604	18.0	1		4
P01218	Ovis aries	Metazoa	120	24.0	1		1
Q99467	Homo sapiens	Metazoa	661	23.0	1		3
Q6PW77	Sarocladium strictum	Fungi	499	25.0	1		1
P07730	Oryza sativa subsp. japonica	Plants	499	24.0	1		4
Q7Q7R8	Anopheles gambiae	Metazoa	89	29.0	1		2
P51688	Homo sapiens	Metazoa	502	20.0	1		4
P01009	Homo sapiens	Metazoa	418	24.0	1		1
Q09098	Mus musculus	Metazoa	99	23.0	1		1
P22394	Geotrichum candidum	Fungi	563	19.0	1		1
Q6TGQ8	Bothrops moojeni	Metazoa	502	18.0	1		1
Q8NHP8	Homo sapiens	Metazoa	589	41.0	1		4
P01329	Cavia porcellus	Metazoa	110	24.0	1		5
P13612	Homo sapiens	Metazoa	1032	33.0	1		1
P23515	Homo sapiens	Metazoa	440	24.0	1		1
Q8JGT7	Protobothrops mucrosquamatus	Metazoa	158	23.0	1		5
P01268	Bos taurus	Metazoa	115	25.0	1		3
Q6H3D4	Trimeresurus stejnegeri	Metazoa	138	16.0	1		1
P04217	Homo sapiens	Metazoa	495	21.0	1		4
P15467	Bos taurus	Metazoa	147	28.0	1		3
P0DPV1	Scolopendra dehaani	Metazoa	97	23.0	1		3
P19594	Glycine max	Plants	158	21.0	1		3
P31723	Penicillium citrinum	Fungi	511	35.0	1		3
P02742	Oryctolagus cuniculus	Metazoa	225	20.0	1		3
P25289	Lymnaea stagnalis	Metazoa	137	31.0	1		2
Q02809	Homo sapiens	Metazoa	727	18.0	1		1
O46166	Eratigena agrestis	Metazoa	68	17.0	1		1
P42889	Myocastor coypus	Metazoa	111	17.0	1		4
P14209	Homo sapiens	Metazoa	185	22.0	1		2
P0C908	Buthus israelis	Metazoa	59	22.0	1		3
P49256	Canis lupus familiaris	Metazoa	356	44.0	1		1
A0A1S6EK92	Moringa oleifera	Plants	79	20.0	1		1
P52798	Homo sapiens	Metazoa	201	25.0	1		4
Q75N35	Dioscorea polystachya	Plants	272	25.0	1		4
P00757	Mus musculus	Metazoa	256	17.0	1		4
Q12127	Saccharomyces cerevisiae (strain ATCC 204508 / S288c)	Fungi	133	18.0	1		1
P55083	Homo sapiens	Metazoa	255	21.0	1		4
P86798	Cupiennius salei	Metazoa	140	19.0	1		2
O95994	Homo sapiens	Metazoa	175	20.0	1		3
A0A161AT60	Pisum sativum	Plants	120	25.0	1		1
P01833	Homo sapiens	Metazoa	764	18.0	1		5
Q6H3D0	Trimeresurus stejnegeri	Metazoa	138	16.0	1		5
P09656	Rattus norvegicus	Metazoa	79	23.0	1		5
P01831	Mus musculus	Metazoa	162	19.0	1		2
P01920	Homo sapiens	Metazoa	261	32.0	1		5
P48745	Homo sapiens	Metazoa	357	31.0	1		1
P20333	Homo sapiens	Metazoa	461	22.0	1		3
P14944	Carcinus maenas	Metazoa	142	26.0	1		3
Q27972	Bos taurus	Metazoa	361	24.0	1		3
P01443	Naja atra	Metazoa	81	21.0	1		2
Q3HLQ4	Protobothrops mucrosquamatus	Metazoa	138	16.0	1		3
P04706	Zea mays	Plants	223	19.0	1		1
P82007	Helianthus annuus	Plants	116	26.0	1		1
Q99519	Homo sapiens	Metazoa	415	47.0	1		1
P22922	Bombyx mori	Metazoa	392	16.0	1		3
Q6H3C7	Trimeresurus stejnegeri	Metazoa	139	16.0	1		3
P29392	Bos taurus	Metazoa	134	20.0	1		3
P20826	Mus musculus	Metazoa	273	25.0	1		2
P25942	Homo sapiens	Metazoa	277	20.0	1		1
Q9ZT66	Zea mays	Plants	303	43.0	1		2
Q8MMH5	Pimpla hypochondriaca	Metazoa	61	20.0	1		1
P14448	Gallus gallus	Metazoa	741	18.0	1		1
P27485	Sus scrofa	Metazoa	201	18.0	1		4
P01229	Homo sapiens	Metazoa	141	20.0	1		1
P11218	Urtica dioica	Plants	372	23.0	1		2
P17572	Meleagris gallopavo	Metazoa	229	30.0	1		2
Q8JI40	Gloydius blomhoffii	Metazoa	240	19.0	1		3
P42098	Sus scrofa	Metazoa	421	22.0	1		4
P01597	Homo sapiens	Metazoa	117	22.0	1		5
P32004	Homo sapiens	Metazoa	1257	19.0	1		1
Q8N0W4	Homo sapiens	Metazoa	816	41.0	1		1
C6JUN9	Micrurus corallinus	Metazoa	158	23.0	1		2
P02789	Gallus gallus	Metazoa	705	19.0	1		2
P25331	Bombyx mori	Metazoa	88	26.0	1		3
Q06576	Tamias sibiricus	Metazoa	215	28.0	1		4
P81294	Juniperus ashei	Plants	367	21.0	1		3
P04058	Tetronarce californica	Metazoa	586	21.0	1		2
P84810	Buthus occitanus tunetanus	Metazoa	91	22.0	1		2
C0HL65	Drosophila melanogaster	Metazoa	105	18.0	1		4
Q94K85	Arabidopsis thaliana	Plants	359	26.0	1		1
A0A023W145	Ethmostigmus rubripes	Metazoa	88	24.0	1		2
P16225	Sus scrofa	Metazoa	187	21.0	1		2
I2C090	Ophiophagus hannah	Metazoa	1641	22.0	1		1
Q5WPU9	Lutzomyia longipalpis	Metazoa	399	18.0	1		2
P01131	Bos taurus	Metazoa	845	21.0	1		3
P68248	Gallus gallus	Metazoa	80	25.0	1		4
P08001	Sus scrofa	Metazoa	415	16.0	1		4
Q92154	Coturnix japonica	Metazoa	620	17.0	1		5
P82900	Triticum aestivum	Plants	96	29.0	1		4
P80162	Homo sapiens	Metazoa	114	37.0	1		4
P19320	Homo sapiens	Metazoa	739	24.0	1		2
Q13478	Homo sapiens	Metazoa	541	18.0	1		1
Q9ATH2	Corylus avellana	Plants	115	23.0	1		5
P05090	Homo sapiens	Metazoa	189	20.0	1		1
P10619	Homo sapiens	Metazoa	480	28.0	1		5
Q7YZS9	Conus virgo	Metazoa	67	26.0	1		5
A7VN15	Protobothrops flavoviridis	Metazoa	79	19.0	1		4
Q5PP12	Arabidopsis thaliana	Plants	69	25.0	1		5
O00300	Homo sapiens	Metazoa	401	21.0	1		3
P25068	Bos taurus	Metazoa	64	26.0	1		2
P00655	Aspergillus giganteus	Fungi	177	27.0	1		2
A0A2I6QB00	Trametes coccinea (strain BRFM310)	Fungi	418	18.0	1		3
P27797	Homo sapiens	Metazoa	417	17.0	1		5
Q08879	Mus musculus	Metazoa	705	29.0	1		1
Q5D231	Illawarra wisharti	Metazoa	84	18.0	1		3
P12068	Sus scrofa	Metazoa	146	18.0	1		1
X2JCV5	Cerastes cerastes	Metazoa	516	18.0	1		3
P00616	Oxyuranus scutellatus scutellatus	Metazoa	152	19.0	1		4
Q8TC27	Homo sapiens	Metazoa	787	16.0	1		4
Q53B47	Ophiophagus hannah	Metazoa	78	21.0	1		4
P02710	Tetronarce californica	Metazoa	461	24.0	1		5
Q8JIW1	Deinagkistrodon acutus	Metazoa	146	23.0	1		3
C4NZN9	Hyas araneus	Metazoa	131	16.0	1		4
P50448	Bos taurus	Metazoa	468	23.0	1		4
P02784	Bos taurus	Metazoa	134	25.0	1		4
P56722	Bos taurus	Metazoa	979	34.0	1		2
Q9HE18	Talaromyces funiculosus	Fungi	353	18.0	1		4
Q9Z1K9	Rattus norvegicus	Metazoa	827	17.0	1		5
P42705	Canis lupus familiaris	Metazoa	352	23.0	1		3
P15309	Homo sapiens	Metazoa	386	32.0	1		5
P09056	Mus musculus	Metazoa	203	23.0	1		3
P08174	Homo sapiens	Metazoa	381	34.0	1		4
P55000	Homo sapiens	Metazoa	103	22.0	1		3
P86403	Mesobuthus eupeus	Metazoa	85	19.0	1		5
P10673	Canis lupus familiaris	Metazoa	170	23.0	1		5
Q8T9R8	Stomoxys calcitrans	Metazoa	67	24.0	1		2
P40967	Homo sapiens	Metazoa	661	24.0	1		3
Q9UKZ9	Homo sapiens	Metazoa	415	23.0	1		1
P81025	Oreochromis niloticus	Metazoa	113	24.0	1		3
Q9H1E1	Homo sapiens	Metazoa	156	28.0	1		1
P23142	Homo sapiens	Metazoa	703	29.0	1		5
O60449	Homo sapiens	Metazoa	1722	27.0	1		2
P50228	Mus musculus	Metazoa	132	40.0	1		1
P19137	Mus musculus	Metazoa	3083	24.0	1		4
P02780	Rattus norvegicus	Metazoa	95	18.0	1		5
Q9Z0J8	Rattus norvegicus	Metazoa	348	31.0	1		4
P10669	Sus scrofa	Metazoa	344	29.0	1		1
P05543	Homo sapiens	Metazoa	415	20.0	1		3
P16382	Mus musculus	Metazoa	810	25.0	1		2
Q16552	Homo sapiens	Metazoa	155	23.0	1		5
Q96PD4	Homo sapiens	Metazoa	163	30.0	1		2
Q95121	Bos taurus	Metazoa	416	20.0	1		4
Q06KA2	Phlebotomus duboscqi	Metazoa	249	19.0	1		4
P07380	Equus caballus	Metazoa	181	18.0	1		3
P69241	Raphanus sativus	Plants	80	29.0	1		3
E0XKJ8	Tabanus yao	Metazoa	256	16.0	1		3
P09237	Homo sapiens	Metazoa	267	17.0	1		4
P02788	Homo sapiens	Metazoa	710	19.0	1		4
Q8IVL8	Homo sapiens	Metazoa	374	20.0	1		5
P11912	Homo sapiens	Metazoa	226	32.0	1		5
P51918	Haplochromis burtoni	Metazoa	94	22.0	1		3
Q9SLP4	Tulipa saxatilis subsp. bakeri	Plants	314	26.0	1		2
P12273	Homo sapiens	Metazoa	146	28.0	1		1
O09049	Mus musculus	Metazoa	174	26.0	1		2
C0HLL2	Pithecopus azureus	Metazoa	146	18.0	1		4
P09586	Mus musculus	Metazoa	222	31.0	1		5
Q9GU69	Lymnaea stagnalis	Metazoa	64	21.0	1		5
P16030	Bauhinia purpurea	Plants	290	28.0	1		2
P42292	Gallus gallus	Metazoa	588	33.0	1		4
U6BLZ9	Penicillium canescens	Fungi	463	26.0	1		5
P01036	Homo sapiens	Metazoa	141	20.0	1		4
Q15084	Homo sapiens	Metazoa	440	19.0	1		3
P0CX77	Saccharomyces cerevisiae (strain ATCC 204508 / S288c)	Fungi	362	25.0	1		1
M1MR49	Rhipicephalus appendiculatus	Metazoa	176	24.0	1		2
P68416	Hydrophis hardwickii	Metazoa	81	21.0	1		3
P14765	Ovis aries	Metazoa	97	28.0	1		3
I6RU32	Scolopendra mutilans	Metazoa	74	23.0	1		3
Q92563	Homo sapiens	Metazoa	424	22.0	1		4
P81295	Juniperus ashei	Plants	225	26.0	1		2
P80426	Salmo salar	Metazoa	690	18.0	1		2
P01563	Homo sapiens	Metazoa	188	23.0	1		5
P31231	Pelophylax lessonae	Metazoa	420	22.0	1		4
A0A7E5WTY7	Trichoplusia ni	Metazoa	211	20.0	1		5
P60042	Rattus norvegicus	Metazoa	116	24.0	1		1
Q9V496	Drosophila melanogaster	Metazoa	3351	25.0	1		3
Q9NBG9	Olivierus martensii	Metazoa	59	22.0	1		5
Q16927	Aedes aegypti	Metazoa	2169	46.0	1		2
P05155	Homo sapiens	Metazoa	500	22.0	1		2
P13213	Bos taurus	Metazoa	303	17.0	1		4
P10298	Cyprinus carpio	Metazoa	210	23.0	1		3
Q9C5S0	Arabidopsis thaliana	Plants	191	20.0	1		4
P06276	Homo sapiens	Metazoa	602	28.0	1		2
P34207	Rattus norvegicus	Metazoa	223	28.0	1		5
F2QXM5	Komagataella phaffii (strain ATCC 76273 / CBS 7435 / CECT 11047 / NRRL Y-11430 / Wegner 21-1)	Fungi	587	19.0	1		2
P83632	Galleria mellonella	Metazoa	236	17.0	1		2
P01168	Sus scrofa	Metazoa	116	24.0	1		4
P01086	Hordeum vulgare	Plants	148	24.0	1		5
K9N4Q4	Phlebotomus papatasi	Metazoa	246	23.0	1		4
O42446	Oreochromis mossambicus	Metazoa	284	26.0	1		3
P00747	Homo sapiens	Metazoa	810	19.0	1		1
Q10588	Homo sapiens	Metazoa	318	32.0	1		2
Q9QYH7	Rattus norvegicus	Metazoa	117	23.0	1		4
P01742	Homo sapiens	Metazoa	117	19.0	1		1
P20757	Ovis aries	Metazoa	476	24.0	1		3
P04280	Homo sapiens	Metazoa	392	16.0	1		4
P45561	Sus scrofa	Metazoa	189	16.0	1		3
Q8LD43	Arabidopsis thaliana	Plants	62	22.0	1		3
P19438	Homo sapiens	Metazoa	455	29.0	1		5
P42578	Lymnaea stagnalis	Metazoa	239	18.0	1		4
P14423	Rattus norvegicus	Metazoa	146	21.0	1		4
Q9W7J5	Pseudonaja textilis	Metazoa	103	21.0	1		1
P07529	Naganishia albida	Fungi	332	21.0	1		3
Q6UWK7	Homo sapiens	Metazoa	81	24.0	1		4
Q95460	Homo sapiens	Metazoa	341	22.0	1		4
Q8J0D2	Geotrichum sp. (strain M128)	Fungi	812	23.0	1		3
P45628	Leiurus hebraeus	Metazoa	59	22.0	1		2
Q70SU7	Salvelinus alpinus	Metazoa	342	19.0	1		4
P0C8E8	Rhipicephalus sanguineus	Metazoa	86	20.0	1		5
P31720	Rattus norvegicus	Metazoa	245	22.0	1		3
P80109	Bos taurus	Metazoa	839	23.0	1		3
P02701	Gallus gallus	Metazoa	152	24.0	1		2
Q86YT9	Homo sapiens	Metazoa	394	19.0	1		1
P37042	Gallus gallus	Metazoa	92	23.0	1		2
Q56EB1	Bothrops jararaca	Metazoa	155	23.0	1		2
E0X9F6	Thaumetopoea pityocampa	Metazoa	126	18.0	1		4
Q02862	Mus musculus	Metazoa	184	15.0	1		2
Q06K77	Phlebotomus duboscqi	Metazoa	336	21.0	1		4
Q8BSU2	Mus musculus	Metazoa	246	26.0	1		5
Q15582	Homo sapiens	Metazoa	683	23.0	1		1
Q5FWE3	Homo sapiens	Metazoa	981	27.0	1		2
P01239	Bos taurus	Metazoa	229	30.0	1		4
P48765	Bos taurus	Metazoa	970	32.0	1		2
P55955	Caenorhabditis elegans	Metazoa	132	19.0	1		5
Q9Y624	Homo sapiens	Metazoa	299	27.0	1		2
Q15768	Homo sapiens	Metazoa	340	27.0	1		5
P12318	Homo sapiens	Metazoa	317	33.0	1		2
Q00870	Fusarium solani subsp. phaseoli	Fungi	350	19.0	1		4
Q6Z232	Oryza sativa subsp. japonica	Plants	146	42.0	1		5
Q8H8C7	Oryza sativa subsp. japonica	Plants	356	28.0	1		3
Q5AMT2	Candida albicans (strain SC5314 / ATCC MYA-2876)	Fungi	308	18.0	1		4
O77541	Oryctolagus cuniculus	Metazoa	124	24.0	1		4
Q9NJ98	Manduca sexta	Metazoa	487	19.0	1		2
P0C2F4	Heterometrus laoticus	Metazoa	95	19.0	1		3
P21754	Homo sapiens	Metazoa	424	22.0	1		2
Q95VP2	Epiphyas postvittana	Metazoa	161	20.0	1		4
P00751	Homo sapiens	Metazoa	764	25.0	1		3
Q86LE5	Rhipicephalus microplus	Metazoa	110	20.0	1		2
Q8J0I9	Trichoderma harzianum	Fungi	490	28.0	1		1
P97884	Rattus norvegicus	Metazoa	96	26.0	1		5
P15358	Haementeria officinalis	Metazoa	136	17.0	1		2
Q01460	Rattus norvegicus	Metazoa	367	23.0	1		5
Q39688	Daucus carota	Plants	389	24.0	1		1
P02649	Homo sapiens	Metazoa	317	18.0	1		2
P61870	Penicillium camembertii	Fungi	305	26.0	1		1
P01594	Homo sapiens	Metazoa	117	22.0	1		1
O77801	Bos taurus	Metazoa	132	21.0	1		3
P30120	Rattus norvegicus	Metazoa	217	23.0	1		3
P08818	Hordeum vulgare	Plants	476	34.0	1		4
Q27270	Tenebrio molitor	Metazoa	96	18.0	1		2
P11021	Homo sapiens	Metazoa	654	18.0	1		1
P01795	Mus musculus	Metazoa	144	19.0	1		1
P82818	Bombyx mori	Metazoa	66	24.0	1		1
Q60994	Mus musculus	Metazoa	247	17.0	1		1
Q8JFE6	Bombina maxima	Metazoa	96	19.0	1		2
P56595	Canis lupus familiaris	Metazoa	88	26.0	1		3
P06858	Homo sapiens	Metazoa	475	27.0	1		4
P01303	Homo sapiens	Metazoa	97	28.0	1		3
Q29616	Macropus giganteus	Metazoa	149	22.0	1		4
P45658	Androctonus australis	Metazoa	84	19.0	1		3
P05231	Homo sapiens	Metazoa	212	29.0	1		4
P01780	Homo sapiens	Metazoa	117	19.0	1		3
P10820	Mus musculus	Metazoa	554	20.0	1		4
P06213	Homo sapiens	Metazoa	1382	27.0	1		4
Q8WQK0	Cotesia rubecula	Metazoa	65	23.0	1		1
Q8BK48	Mus musculus	Metazoa	559	26.0	1		1
Q43418	Colocasia esculenta	Plants	229	23.0	1		3
P43555	Saccharomyces cerevisiae (strain ATCC 204508 / S288c)	Fungi	445	28.0	1		5
Q60GF7	Rattus norvegicus	Metazoa	252	22.0	1		2
Q94733	Rhodnius prolixus	Metazoa	202	23.0	1		4
C1IC52	Walterinnesia aegyptia	Metazoa	81	24.0	1		5
P18959	Manduca sexta	Metazoa	168	26.0	1		1
P06399	Rattus norvegicus	Metazoa	782	19.0	1		5
P01185	Homo sapiens	Metazoa	164	19.0	1		2
P02770	Rattus norvegicus	Metazoa	608	18.0	1		3
P14095	Rattus norvegicus	Metazoa	96	24.0	1		1
Q9BX74	Homo sapiens	Metazoa	207	37.0	1		5
A9UGV5	Oryza sativa subsp. japonica	Plants	68	30.0	1		4
P01042	Homo sapiens	Metazoa	644	18.0	1		5
O22317	Musa acuminata	Plants	340	28.0	1		1
P82384	Drosophila melanogaster	Metazoa	92	16.0	1		5
Q7T3J2	Bungarus candidus	Metazoa	95	21.0	1		3
Q42372	Robinia pseudoacacia	Plants	286	31.0	1		4
P19136	Phanerodontia chrysosporium	Fungi	382	24.0	1		4
P01238	Sus scrofa	Metazoa	229	30.0	1		3
Q96HF1	Homo sapiens	Metazoa	295	24.0	1		2
P60214	Tityus obscurus	Metazoa	86	20.0	1		5
P04552	Haliotis rufescens	Metazoa	154	18.0	1		1
Q5F0I3	Gynostemma pentaphyllum	Plants	300	23.0	1		4
P67876	Aspergillus restrictus	Fungi	176	27.0	1		1
P01602	Homo sapiens	Metazoa	117	22.0	1		1
Q13007	Homo sapiens	Metazoa	206	51.0	1		4
Q63415	Rattus norvegicus	Metazoa	937	45.0	1		2
P17314	Triticum aestivum	Plants	168	25.0	1		1
O75629	Homo sapiens	Metazoa	220	31.0	1		2
Q6UWN8	Homo sapiens	Metazoa	80	23.0	1		3
P09341	Homo sapiens	Metazoa	107	34.0	1		5
P02808	Homo sapiens	Metazoa	62	19.0	1		1
P82187	Equus caballus	Metazoa	185	20.0	1		4
Q5ZPR3	Homo sapiens	Metazoa	534	28.0	1		3
Q01682	Schizosaccharomyces pombe (strain 972 / ATCC 24843)	Fungi	463	18.0	1		1
P06205	Limulus polyphemus	Metazoa	242	24.0	1		2
Q96FE7	Homo sapiens	Metazoa	263	21.0	1		3
Q7M419	Oligobrachia mashikoi	Metazoa	156	16.0	1		5
P08375	Sarcophaga peregrina	Metazoa	63	23.0	1		1
O42257	Naja sputatrix	Metazoa	90	21.0	1		1
P24330	Crotalus adamanteus	Metazoa	70	22.0	1		4
Q00193	Oryctolagus cuniculus	Metazoa	540	24.0	1		3
Q8N126	Homo sapiens	Metazoa	398	24.0	1		4
P10281	Aspergillus oryzae (strain ATCC 42149 / RIB 40)	Fungi	276	17.0	1		3
Q8I0L5	Olivierus martensii	Metazoa	59	22.0	1		3
Q8JI39	Protobothrops flavoviridis	Metazoa	240	19.0	1		1
P31608	Sagittaria sagittifolia	Plants	181	24.0	1		4
P81827	Rattus norvegicus	Metazoa	101	21.0	1		3
Q8AXY1	Bothrops jararacussu	Metazoa	138	16.0	1		5
O46654	Sorex araneus	Metazoa	147	20.0	1		4
A2AJB7	Mus musculus	Metazoa	192	26.0	1		5
P08989	Canis lupus familiaris	Metazoa	146	23.0	1		4
P00703	Meleagris gallopavo	Metazoa	147	18.0	1		5
P13500	Homo sapiens	Metazoa	99	23.0	1		5
A8CG78	Daboia siamensis	Metazoa	138	16.0	1		5
P13432	Rattus norvegicus	Metazoa	146	22.0	1		5
P01824	Homo sapiens	Metazoa	125	26.0	1		4
P93484	Pisum sativum	Plants	623	22.0	1		5
P14217	Chlamydomonas reinhardtii	Plants	647	21.0	1		5
P48740	Homo sapiens	Metazoa	699	19.0	1		2
P01232	Sus scrofa	Metazoa	141	20.0	1		5
P78581	Aspergillus oryzae (strain ATCC 42149 / RIB 40)	Fungi	588	18.0	1		1
P08505	Mus musculus	Metazoa	211	24.0	1		4
P0DPU1	Scolopendra dehaani	Metazoa	210	23.0	1		5
C7F6X3	Leucosporidium sp. (strain AY30)	Fungi	261	20.0	1		1
A0A1S6EK91	Moringa oleifera	Plants	79	20.0	1		5
C0HJQ5	Mesobuthus eupeus	Metazoa	57	28.0	1		4
P80090	Lymnaea stagnalis	Metazoa	122	29.0	1		1
P01023	Homo sapiens	Metazoa	1474	23.0	1		3
P28039	Homo sapiens	Metazoa	575	23.0	1		2
P08937	Rattus norvegicus	Metazoa	172	15.0	1		5
Q02795	Saccharomyces cerevisiae (strain ATCC 204508 / S288c)	Fungi	286	19.0	1		1
Q9UBD3	Homo sapiens	Metazoa	114	21.0	1		5
P0DN86	Homo sapiens	Metazoa	165	20.0	1		5
Q7ZZN8	Naja atra	Metazoa	238	19.0	1		3
Q9U8D2	Olivierus martensii	Metazoa	57	28.0	1		2
Q8WUJ3	Homo sapiens	Metazoa	1361	30.0	1		5
P0DPU8	Scolopendra dehaani	Metazoa	105	24.0	1		1
B5LZ79	Gymnadenia conopsea	Plants	75	30.0	1		2
A0A2J6KL39	Lactuca sativa	Plants	117	25.0	1		4
Q6IY74	Oryctolagus cuniculus	Metazoa	141	18.0	1		2
Q9YGJ0	Bungarus multicinctus	Metazoa	89	21.0	1		3
G4V4F9	Cupiennius salei	Metazoa	97	19.0	1		4
P31358	Homo sapiens	Metazoa	61	24.0	1		3
Q01965	Mus musculus	Metazoa	654	47.0	1		2
P85213	Galleria mellonella	Metazoa	72	29.0	1		2
Q9P2K2	Homo sapiens	Metazoa	825	27.0	1		3
P01599	Homo sapiens	Metazoa	117	22.0	1		4
P28053	Bos taurus	Metazoa	469	18.0	1		3
Q8NBJ9	Homo sapiens	Metazoa	832	18.0	1		5
P42256	Aspergillus niger	Fungi	321	19.0	1		4
P0DPV3	Scolopendra dehaani	Metazoa	73	23.0	1		4
P18649	Canis lupus familiaris	Metazoa	323	18.0	1		1
Q9BZM5	Homo sapiens	Metazoa	246	25.0	1		2
P20702	Homo sapiens	Metazoa	1163	19.0	1		4
P07151	Rattus norvegicus	Metazoa	119	20.0	1		3
P12314	Homo sapiens	Metazoa	374	15.0	1		1
Q9NRM6	Homo sapiens	Metazoa	502	17.0	1		5
P20112	Sus scrofa	Metazoa	300	17.0	1		2
P04196	Homo sapiens	Metazoa	525	18.0	1		2
P81160	Drosophila melanogaster	Metazoa	54	21.0	1		5
P35590	Homo sapiens	Metazoa	1138	21.0	1		3
Q5UCC4	Homo sapiens	Metazoa	262	25.0	1		3
Q06K97	Phlebotomus duboscqi	Metazoa	395	18.0	1		5
P04937	Rattus norvegicus	Metazoa	2477	24.0	1		1
P08056	Rhizopus niveus	Fungi	238	16.0	1		5
P81702	Ceratocystis fimbriata f. sp. platani	Fungi	134	14.0	1		4
P67970	Gallus gallus	Metazoa	107	24.0	1		4
A9XE60	Mesobuthus eupeus	Metazoa	91	19.0	1		5
P18658	Macaca fascicularis	Metazoa	101	22.0	1		4
P50895	Homo sapiens	Metazoa	628	31.0	1		3
Q6RG02	Penaeus merguiensis	Metazoa	2586	18.0	1		5
P60213	Tityus obscurus	Metazoa	86	20.0	1		2
P01764	Homo sapiens	Metazoa	117	19.0	1		3
Q3L245	Leucoagaricus meleagris	Fungi	602	25.0	1		5
P19121	Gallus gallus	Metazoa	615	18.0	1		2
P34180	Vipera ammodytes ammodytes	Metazoa	137	16.0	1		1
P21814	Ovis aries	Metazoa	429	25.0	1		4
P32936	Hordeum vulgare	Plants	149	24.0	1		4
P08796	Dictyostelium discoideum	Other	514	19.0	1		2
P10975	Ricinus communis	Plants	116	24.0	1		2
P09487	Bos taurus	Metazoa	524	17.0	1		4
Q76BW5	Oryza sativa subsp. japonica	Plants	290	25.0	1		1
A1BQQ5	Conus marmoreus	Metazoa	289	24.0	1		2
Q9IAM1	Deinagkistrodon acutus	Metazoa	152	23.0	1		1
P11590	Mus musculus	Metazoa	178	16.0	1		5
Q6PSU2	Arachis hypogaea	Plants	172	21.0	1		3
P0DL40	Vespa magnifica	Metazoa	67	21.0	1		5
P55803	Bos taurus	Metazoa	246	28.0	1		1
Q25589	Faxonius limosus	Metazoa	135	26.0	1		4
P01307	Sus scrofa	Metazoa	119	25.0	1		1
Q90WJ9	Takifugu pardalis	Metazoa	391	20.0	1		4
P22748	Homo sapiens	Metazoa	312	18.0	1		5
Q7YT16	Musca domestica	Metazoa	141	19.0	1		3
P38571	Homo sapiens	Metazoa	399	27.0	1		4
Q1ZYQ8	Zea mays	Plants	270	31.0	1		5
P10761	Mus musculus	Metazoa	424	22.0	1		2
P37889	Mus musculus	Metazoa	1221	26.0	1		2
P26216	Zea mays	Plants	410	22.0	1		2
P33577	Petromyzon marinus	Metazoa	119	19.0	1		1
P29523	Bombyx mori	Metazoa	550	39.0	1		1
Q8TCT7	Homo sapiens	Metazoa	592	25.0	1		3
Q41161	Robinia pseudoacacia	Plants	285	31.0	1		4
Q39487	Colocasia esculenta	Plants	267	26.0	1		4
P41822	Aedes aegypti	Metazoa	209	27.0	1		3
P30922	Bos taurus	Metazoa	383	21.0	1		2
P06215	Phaseolus vulgaris	Plants	328	27.0	1		1
P05623	Drosophila melanogaster	Metazoa	55	19.0	1		1
B2KTG1	Bungarus fasciatus	Metazoa	83	24.0	1		2
P05187	Homo sapiens	Metazoa	535	22.0	1		4
P36980	Homo sapiens	Metazoa	270	18.0	1		2
Q06153	Ophiostoma ulmi	Fungi	100	25.0	1		4
P45662	Centruroides noxius	Metazoa	87	19.0	1		2
P43174	Ambrosia psilostachya	Plants	77	22.0	1		3
A0A8U1C2Y4	Apis mellifera	Metazoa	686	19.0	1		1
P10855	Mus musculus	Metazoa	92	23.0	1		2
Q8IFJ8	Scutigera coleoptrata	Metazoa	659	18.0	1		5
Q01129	Rattus norvegicus	Metazoa	354	16.0	1		4
P18684	Protophormia terraenovae	Metazoa	101	18.0	1		5
Q04672	Glycine max	Plants	524	29.0	1		2
P15289	Homo sapiens	Metazoa	507	18.0	1		5
P01782	Homo sapiens	Metazoa	118	19.0	1		3
P20058	Oryctolagus cuniculus	Metazoa	460	25.0	1		3
Q01638	Homo sapiens	Metazoa	556	18.0	1		4
P54900	Rattus norvegicus	Metazoa	215	29.0	1		2
P22327	Trichoplusia ni	Metazoa	624	18.0	1		5
P01225	Homo sapiens	Metazoa	129	18.0	1		1
P19324	Mus musculus	Metazoa	417	17.0	1		5
P34752	Aspergillus niger	Fungi	467	23.0	1		4
C0K3N1	Bitis arietans	Metazoa	150	24.0	1		1
P15270	Dictyostelium discoideum	Other	424	23.0	1		2
P05154	Homo sapiens	Metazoa	406	19.0	1		2
P21570	Mus musculus	Metazoa	145	24.0	1		1
A8CL69	Apis mellifera	Metazoa	195	33.0	1		1
P01311	Oryctolagus cuniculus	Metazoa	110	24.0	1		1
P10124	Homo sapiens	Metazoa	158	27.0	1		4
P79762	Gallus gallus	Metazoa	437	20.0	1		5
A0AT32	Lens culinaris	Plants	118	25.0	1		1
P0CC12	Odontobuthus doriae	Metazoa	57	28.0	1		3
O35314	Rattus norvegicus	Metazoa	675	20.0	1		4
Q7ZT75	Xenopus laevis	Metazoa	315	19.0	1		4
Q9SLY8	Oryza sativa subsp. japonica	Plants	424	29.0	1		5
P13987	Homo sapiens	Metazoa	128	25.0	1		5
P0DPU3	Scolopendra dehaani	Metazoa	577	25.0	1		2
P0C194	Opisthacanthus madagascariensis	Metazoa	63	21.0	1		3
P26203	Oryctolagus cuniculus	Metazoa	137	20.0	1		4
Q76FP5	Hypocrea rufa	Fungi	479	20.0	1		1
P02223	Chironomus thummi thummi	Metazoa	161	16.0	1		4
Q9I8P7	Malayopython reticulatus	Metazoa	201	19.0	1		4
O75596	Homo sapiens	Metazoa	197	22.0	1		2
F8S0Y4	Crotalus adamanteus	Metazoa	240	19.0	1		3
P01321	Canis lupus familiaris	Metazoa	110	24.0	1		5
P02724	Homo sapiens	Metazoa	150	19.0	1		4
P11279	Homo sapiens	Metazoa	417	28.0	1		3
P81608	Sus scrofa	Metazoa	191	16.0	1		1
P86929	Metaphire guillelmi	Metazoa	73	14.0	1		1
P19035	Bos taurus	Metazoa	96	23.0	1		4
P05117	Solanum lycopersicum	Plants	457	24.0	1		5
Q91055	Heloderma horridum horridum	Metazoa	242	19.0	1		3
P02787	Homo sapiens	Metazoa	698	19.0	1		2
O43291	Homo sapiens	Metazoa	252	27.0	1		2
P08904	Bos taurus	Metazoa	154	27.0	1		4
P13204	Bos taurus	Metazoa	129	26.0	1		1
P43306	Clarias gariepinus	Metazoa	86	24.0	1		1
P02866	Canavalia ensiformis	Plants	290	29.0	1		4
Q9UBP4	Homo sapiens	Metazoa	350	21.0	1		1
Q9ZT16	Arabidopsis thaliana	Plants	135	21.0	1		2
P0DUS6	Doratifera vulnerans	Metazoa	60	24.0	1		1
P02727	Canis lupus familiaris	Metazoa	129	17.0	1		1
A0AT29	Lens culinaris	Plants	118	25.0	1		4
P0DUT6	Doratifera vulnerans	Metazoa	66	20.0	1		5
P08379	Locusta migratoria	Metazoa	61	22.0	1		2
P01706	Homo sapiens	Metazoa	119	19.0	1		1
Q06575	Tamias sibiricus	Metazoa	196	23.0	1		2
Q53NL5	Oryza sativa subsp. japonica	Plants	290	27.0	1		1
P09319	Oreochromis mossambicus	Metazoa	212	24.0	1		1
P04278	Homo sapiens	Metazoa	402	29.0	1		2
P54107	Homo sapiens	Metazoa	249	21.0	1		4
Q02083	Homo sapiens	Metazoa	359	28.0	1		4
Q99MG7	Mesocricetus auratus	Metazoa	172	16.0	1		2
Q24824	Entamoeba histolytica (strain ATCC 30459 / HM-1:IMSS / ABRM)	Other	96	19.0	1		1
P24259	Sus scrofa	Metazoa	150	24.0	1		1
Q76IQ4	Oncorhynchus mykiss	Metazoa	111	26.0	1		2
P85966	Triticum kiharae	Plants	116	34.0	1		1
Q95JC9	Sus scrofa	Metazoa	676	16.0	1		2
P33557	Aspergillus kawachii (strain NBRC 4308)	Fungi	211	27.0	1		5
P27177	Gallus gallus	Metazoa	273	24.0	1		5
Q29011	Sus scrofa	Metazoa	2434	16.0	1		1
P12820	Bos taurus	Metazoa	1306	28.0	1		3
P55320	Homarus americanus	Metazoa	112	31.0	1		4
P35052	Homo sapiens	Metazoa	558	23.0	1		4
P23028	Pseudonaja textilis	Metazoa	152	19.0	1		2
P79073	Hypocrea jecorina	Fungi	86	15.0	1		2
A9UGV7	Oryza sativa subsp. japonica	Plants	63	26.0	1		1
C1IC47	Walterinnesia aegyptia	Metazoa	83	21.0	1		2
P00772	Sus scrofa	Metazoa	266	16.0	1		3
P46162	Bos taurus	Metazoa	63	22.0	1		2
Q7T2Q6	Bungarus flaviceps flaviceps	Metazoa	83	24.0	1		4
Q7ZTA0	Agkistrodon piscivorus piscivorus	Metazoa	240	19.0	1		4
Q27441	Aplysia californica	Metazoa	92	21.0	1		2
P01297	Sus scrofa	Metazoa	121	24.0	1		1
Q95UE8	Lucilia cuprina	Metazoa	220	19.0	1		4
P16860	Homo sapiens	Metazoa	134	26.0	1		1
P52193	Bos taurus	Metazoa	417	17.0	1		3
Q41358	Sambucus nigra	Plants	570	28.0	1		1
P45697	Olivierus martensii	Metazoa	84	19.0	1		4
P17690	Bos taurus	Metazoa	345	19.0	1		4
P04844	Homo sapiens	Metazoa	631	22.0	1		2
P09470	Mus musculus	Metazoa	1312	34.0	1		1
O57690	Protobothrops flavoviridis	Metazoa	200	19.0	1		3
P15703	Saccharomyces cerevisiae (strain ATCC 204508 / S288c)	Fungi	313	23.0	1		2
Q6IV20	Gallus gallus	Metazoa	104	22.0	1		1
P02224	Chironomus thummi thummi	Metazoa	162	15.0	1		2
P55057	Oryctolagus cuniculus	Metazoa	124	27.0	1		4
P05452	Homo sapiens	Metazoa	202	21.0	1		3
Q8JGT9	Rhabdophis tigrinus tigrinus	Metazoa	237	18.0	1		5
P05164	Homo sapiens	Metazoa	745	48.0	1		4
P13806	Oryctolagus cuniculus	Metazoa	1106	26.0	1		2
Q10746	Rattus norvegicus	Metazoa	101	32.0	1		5
P10297	Phytolacca americana	Plants	313	22.0	1		5
P35481	Cyprinus carpio	Metazoa	129	18.0	1		4
P01538	Viscum album	Plants	111	26.0	1		1
Q13651	Homo sapiens	Metazoa	578	21.0	1		2
Q8WRY4	Centruroides limpidus	Metazoa	84	19.0	1		5
P0DMJ5	Radianthus crispa	Metazoa	78	22.0	1		4
Q05538	Solanum lycopersicum	Plants	322	22.0	1		1
P52706	Prunus serotina	Plants	563	27.0	1		3
P07478	Homo sapiens	Metazoa	247	15.0	1		4
P14210	Homo sapiens	Metazoa	728	31.0	1		2
P0DKR6	Dendroaspis polylepis polylepis	Metazoa	78	21.0	1		5
P19427	Bos taurus	Metazoa	201	18.0	1		1
Q10NX8	Oryza sativa subsp. japonica	Plants	858	30.0	1		2
P01223	Bos taurus	Metazoa	138	20.0	1		5
P01730	Homo sapiens	Metazoa	458	25.0	1		5
P08125	Gallus gallus	Metazoa	674	18.0	1		2
P29022	Zea mays	Plants	280	25.0	1		4
P19708	Canis lupus familiaris	Metazoa	129	18.0	1		4
P16112	Homo sapiens	Metazoa	2530	16.0	1		1
Q64277	Mus musculus	Metazoa	311	24.0	1		4
Q6H3D7	Trimeresurus stejnegeri	Metazoa	137	16.0	1		3
P27613	Trichostrongylus colubriformis	Metazoa	173	15.0	1		4
P01830	Rattus norvegicus	Metazoa	161	19.0	1		5
P20462	Notamacropus eugenii	Metazoa	176	18.0	1		1
Q800Y2	Argyrosomus regius	Metazoa	118	19.0	1		1
C0HKC3	Agkistrodon piscivorus leucostoma	Metazoa	139	16.0	1		3
P28088	Bos taurus	Metazoa	441	26.0	1		1
P10645	Homo sapiens	Metazoa	457	18.0	1		2
Q9Y5H9	Homo sapiens	Metazoa	948	22.0	1		2
Q969Z4	Homo sapiens	Metazoa	430	25.0	1		4
Q8RUW5	Arabidopsis thaliana	Plants	433	19.0	1		1
Q9N2D3	Callithrix jacchus	Metazoa	388	16.0	1		3
P28351	Aspergillus niger	Fungi	545	31.0	1		4
D1MGU0	Protobothrops jerdonii	Metazoa	156	23.0	1		5
B7ZS96	Xenopus laevis	Metazoa	153	19.0	1		4
P91629	Drosophila miranda	Metazoa	126	16.0	1		4
Q98967	Oncorhynchus keta	Metazoa	130	19.0	1		2
P81058	Penaeus vannamei	Metazoa	82	19.0	1		5
P20474	Bothrops asper	Metazoa	138	16.0	1		5
P01226	Equus caballus	Metazoa	129	18.0	1		4
Q9UVI4	Claviceps fusiformis	Fungi	394	16.0	1		4
O70165	Mus musculus	Metazoa	334	17.0	1		5
P39037	Sus scrofa	Metazoa	232	15.0	1		1
P60771	Naja kaouthia	Metazoa	83	21.0	1		2
P11919	Manduca sexta	Metazoa	88	26.0	1		4
P97710	Rattus norvegicus	Metazoa	509	31.0	1		3
P01715	Homo sapiens	Metazoa	115	20.0	1		3
P86009	Dromaius novaehollandiae	Metazoa	238	17.0	1		4
C0HKM3	Conus purpurascens	Metazoa	458	18.0	1		3
Q2PGV8	Aureobasidium pullulans	Fungi	361	26.0	1		4
Q4LCT0	Androctonus australis	Metazoa	80	22.0	1		4
P12387	Cavia porcellus	Metazoa	1666	22.0	1		2
Q63191	Rattus norvegicus	Metazoa	1216	21.0	1		1
Q28989	Sus scrofa	Metazoa	421	26.0	1		5
Q29486	Felis catus	Metazoa	524	17.0	1		3
Q96IQ7	Homo sapiens	Metazoa	327	23.0	1		1
P21760	Gallus gallus	Metazoa	178	20.0	1		1
P01346	Rattus norvegicus	Metazoa	180	24.0	1		5
P81418	Phytolacca americana	Plants	65	27.0	1		2
Q43767	Hordeum vulgare	Plants	115	25.0	1		2
Q9Y5U5	Homo sapiens	Metazoa	241	25.0	1		1
P10082	Homo sapiens	Metazoa	97	28.0	1		2
G5ED35	Caenorhabditis elegans	Metazoa	135	20.0	1		1
P16368	Bos taurus	Metazoa	220	26.0	1		2
P05408	Homo sapiens	Metazoa	212	26.0	1		4
P02652	Homo sapiens	Metazoa	100	18.0	1		2
O15467	Homo sapiens	Metazoa	120	23.0	1		1
Q07081	Aquarana catesbeiana	Metazoa	464	16.0	1		3
P80284	Hordeum vulgare	Plants	513	25.0	1		2
P22458	Oryctolagus cuniculus	Metazoa	475	19.0	1		3
P01235	Cyprinus carpio	Metazoa	144	27.0	1		1
O00748	Homo sapiens	Metazoa	559	26.0	1		1
P07093	Homo sapiens	Metazoa	398	19.0	1		5
P01088	Zea mays	Plants	155	28.0	1		1
P23141	Homo sapiens	Metazoa	567	17.0	1		1
Q9QXU1	Mesocricetus auratus	Metazoa	172	15.0	1		3
Q5ECE3	Lonomia obliqua	Metazoa	201	16.0	1		1
Q62718	Rattus norvegicus	Metazoa	344	32.0	1		1
O95967	Homo sapiens	Metazoa	443	23.0	1		3
Q8N6C8	Homo sapiens	Metazoa	439	23.0	1		4
P01221	Cyprinus carpio	Metazoa	118	23.0	1		4
P08176	Dermatophagoides pteronyssinus	Metazoa	320	18.0	1		2
P00749	Homo sapiens	Metazoa	431	20.0	1		3
P12024	Drosophila melanogaster	Metazoa	1315	29.0	1		4
O02380	Tyrophagus putrescentiae	Metazoa	141	15.0	1		4
Q99616	Homo sapiens	Metazoa	98	16.0	1		5
P83618	Panax ginseng	Plants	238	23.0	1		1
P54803	Homo sapiens	Metazoa	685	42.0	1		2
Q805F3	Xenopus laevis	Metazoa	397	16.0	1		1
Q9M0S4	Arabidopsis thaliana	Plants	127	21.0	1		2
Q10E50	Oryza sativa subsp. japonica	Plants	163	43.0	1		5
Q02471	Daboia siamensis	Metazoa	138	16.0	1		4
P0DQE1	Scolopendra dehaani	Metazoa	109	23.0	1		2
P27919	Avena sativa	Plants	214	28.0	1		5
P14213	Tachypleus tridentatus	Metazoa	77	23.0	1		2
P33579	Rattus norvegicus	Metazoa	238	30.0	1		4
Q9H1M4	Homo sapiens	Metazoa	99	20.0	1		4
P01588	Homo sapiens	Metazoa	193	27.0	1		3
P01024	Homo sapiens	Metazoa	1663	22.0	1		4
Q09140	Schizosaccharomyces pombe (strain 972 / ATCC 24843)	Fungi	1448	18.0	1		1
Q28173	Bos taurus	Metazoa	416	22.0	1		5
P06727	Homo sapiens	Metazoa	396	20.0	1		1
Q6YDN9	Brassica oleracea var. botrytis	Plants	295	23.0	1		2
P21782	Bos taurus	Metazoa	168	32.0	1		5
P00623	Crotalus adamanteus	Metazoa	138	16.0	1		5
P01005	Gallus gallus	Metazoa	210	24.0	1		1
P85204	Actinidia chinensis var. chinensis	Plants	114	25.0	1		4
P01308	Homo sapiens	Metazoa	110	24.0	1		1
C0HLA0	Chamaecyparis obtusa	Plants	556	28.0	1		4
P43497	Saccharomyces cerevisiae (strain ATCC 204508 / S288c)	Fungi	92	20.0	1		3
Q9BKB7	Mesobuthus eupeus	Metazoa	57	21.0	1		4
Q28388	Equus caballus	Metazoa	180	18.0	1		2
P13595	Mus musculus	Metazoa	1115	19.0	1		3
P46165	Bos taurus	Metazoa	62	22.0	1		4
Q09117	Populus deltoides	Plants	312	24.0	1		1
O62644	Bos taurus	Metazoa	151	18.0	1		1
Q16790	Homo sapiens	Metazoa	459	37.0	1		1
D1MGU1	Protobothrops jerdonii	Metazoa	146	23.0	1		1
P11684	Homo sapiens	Metazoa	91	21.0	1		4
P16975	Rattus norvegicus	Metazoa	301	17.0	1		1
A8Y7P1	Daboia siamensis	Metazoa	84	24.0	1		2
Q17060	Apis mellifera	Metazoa	544	20.0	1		1
Q2YHJ4	Craspedocephalus borneensis	Metazoa	138	16.0	1		5
P93680	Persea americana	Plants	326	25.0	1		5
A8CG86	Daboia russelii	Metazoa	138	16.0	1		4
P13385	Homo sapiens	Metazoa	188	30.0	1		4
P52823	Homo sapiens	Metazoa	247	17.0	1		1
P22297	Manduca sexta	Metazoa	681	18.0	1		1
P33183	Sambucus nigra	Plants	563	25.0	1		2
A3RJ36	Bubalus bubalis	Metazoa	64	24.0	1		2
F5CPE0	Micrurus altirostris	Metazoa	80	21.0	1		1
P34998	Homo sapiens	Metazoa	415	23.0	1		1
Q90W39	Protobothrops mucrosquamatus	Metazoa	138	16.0	1		5
P0DKL3	Maackia amurensis	Plants	287	29.0	1		2
P18709	Xenopus laevis	Metazoa	1807	15.0	1		2
P22146	Saccharomyces cerevisiae (strain ATCC 204508 / S288c)	Fungi	559	22.0	1		3
Q8VCS0	Mus musculus	Metazoa	530	22.0	1		4
Q7Z5A7	Homo sapiens	Metazoa	132	43.0	1		3
Q9DEA1	Deinagkistrodon acutus	Metazoa	146	23.0	1		5
B1P0S1	Pseudopleuronectes americanus	Metazoa	218	23.0	1		1
P13611	Homo sapiens	Metazoa	3396	20.0	1		1
P02872	Arachis hypogaea	Plants	273	23.0	1		3
P61823	Bos taurus	Metazoa	150	26.0	1		1
P24090	Rattus norvegicus	Metazoa	352	18.0	1		4
Q6UWV2	Homo sapiens	Metazoa	235	31.0	1		2
P07267	Saccharomyces cerevisiae (strain ATCC 204508 / S288c)	Fungi	405	22.0	1		3
P29007	Bombina orientalis	Metazoa	155	31.0	1		4
Q9Y5Q6	Homo sapiens	Metazoa	135	22.0	1		1
Q08380	Homo sapiens	Metazoa	585	18.0	1		4
P17936	Homo sapiens	Metazoa	291	27.0	1		2
G1CWH5	Clitoria ternatea	Plants	130	25.0	1		2
P02876	Triticum aestivum	Plants	213	27.0	1		4
Q9SUQ8	Arabidopsis thaliana	Plants	187	29.0	1		4
Q9BX93	Homo sapiens	Metazoa	195	19.0	1		1
P34951	Hordeum vulgare	Plants	143	24.0	1		1
P21956	Mus musculus	Metazoa	463	22.0	1		1
P00773	Rattus norvegicus	Metazoa	266	16.0	1		2
A0A2I8B353	Paralithodes camtschaticus	Metazoa	76	23.0	1		4
P01245	Equus caballus	Metazoa	216	26.0	1		5
Q17058	Apis mellifera	Metazoa	567	17.0	1		3
B6RLX2	Ophiophagus hannah	Metazoa	83	25.0	1		2
P98184	Bryonia dioica	Plants	282	21.0	1		3
Q9VG55	Drosophila melanogaster	Metazoa	191	24.0	1		5
P31025	Homo sapiens	Metazoa	176	18.0	1		5
A0A0D1DWQ2	Mycosarcoma maydis	Fungi	290	21.0	1		5
P86407	Mesobuthus eupeus	Metazoa	75	22.0	1		2
P85197	Lonomia obliqua	Metazoa	180	16.0	1		3
P83636	Faxonius limosus	Metazoa	106	29.0	1		1
Q7ZTA6	Crotalus viridis viridis	Metazoa	138	16.0	1		1
Q95M17	Bos taurus	Metazoa	472	21.0	1		5
A8CG90	Daboia russelii	Metazoa	137	16.0	1		1
P22362	Homo sapiens	Metazoa	96	23.0	1		3
Q4LCS9	Androctonus australis	Metazoa	80	22.0	1		4
P09955	Sus scrofa	Metazoa	416	15.0	1		1
P83234	Ophiophagus hannah	Metazoa	190	20.0	1		1
P45696	Androctonus australis	Metazoa	59	22.0	1		2
Q9SJY7	Arabidopsis thaliana	Plants	131	21.0	1		1
P24854	Sus scrofa	Metazoa	259	22.0	1		5
Q02126	Hordeum vulgare	Plants	330	25.0	1		5
P17697	Bos taurus	Metazoa	439	19.0	1		1
P24063	Mus musculus	Metazoa	1162	23.0	1		4
P01034	Homo sapiens	Metazoa	146	26.0	1		1
Q39528	Cladrastis kentukea	Plants	293	35.0	1		5
P01161	Rattus norvegicus	Metazoa	152	24.0	1		5
Q16270	Homo sapiens	Metazoa	282	26.0	1		1
Q4W1I9	Zinnia elegans	Plants	321	30.0	1		4
Q8W257	Ptilota filicina	Other	500	21.0	1		2
P06312	Homo sapiens	Metazoa	121	20.0	1		5
Q6UX27	Homo sapiens	Metazoa	236	16.0	1		5
P01217	Bos taurus	Metazoa	120	24.0	1		1
Q9YH85	Gallus gallus	Metazoa	2120	24.0	1		4
Q01774	Drosophila miranda	Metazoa	112	16.0	1		3
L7VIN3	Hermetia illucens	Metazoa	69	23.0	1		3
Q00017	Aspergillus aculeatus	Fungi	250	17.0	1		4
Q4WZ11	Aspergillus fumigatus (strain ATCC MYA-4609 / CBS 101355 / FGSC A1100 / Af293)	Fungi	87	19.0	1		1
C5P3X6	Coccidioides posadasii (strain C735)	Fungi	276	18.0	1		4
Q56TT9	Hottentotta judaicus	Metazoa	85	19.0	1		4
P53543	Clarias gariepinus	Metazoa	138	21.0	1		2
P13083	Cavia porcellus	Metazoa	126	26.0	1		4
P18659	Macaca fascicularis	Metazoa	99	20.0	1		5
P26011	Mus musculus	Metazoa	806	19.0	1		3
P28335	Homo sapiens	Metazoa	458	32.0	1		4
P84805	Naja kaouthia	Metazoa	239	18.0	1		2
Q90WJ7	Takifugu pardalis	Metazoa	391	20.0	1		5
Q9TW98	Pinctada fucata	Metazoa	131	23.0	1		4
P20362	Paralichthys olivaceus	Metazoa	231	24.0	1		2
P61916	Homo sapiens	Metazoa	151	19.0	1		5
P32358	Bombyx mori	Metazoa	579	15.0	1		1
A3RF67	Dalbergia nigrescens	Plants	547	31.0	1		1
P23035	Oryctolagus cuniculus	Metazoa	413	24.0	1		4
Q9C0Y4	Schizosaccharomyces pombe (strain 972 / ATCC 24843)	Fungi	969	24.0	1		4
Q8T0W3	Pimpla hypochondriaca	Metazoa	63	25.0	1		1
P81054	Grifola frondosa	Fungi	348	18.0	1		5
P26894	Sus scrofa	Metazoa	103	25.0	1		2
A0A1W6EVN2	Ampulex compressa	Metazoa	50	26.0	1		4
P81264	Bos taurus	Metazoa	98	22.0	1		2
B5U6Y4	Echis ocellatus	Metazoa	138	16.0	1		3
P30438	Felis catus	Metazoa	92	22.0	1		1
Q9Y0X9	Aedes albopictus	Metazoa	59	23.0	1		3
P01008	Homo sapiens	Metazoa	464	32.0	1		2
Q96318	Arabidopsis thaliana	Plants	524	23.0	1		5
P01038	Gallus gallus	Metazoa	139	23.0	1		3
P10256	Oncorhynchus keta	Metazoa	142	23.0	1		1
I7ICN3	Bitis rhinoceros	Metazoa	150	23.0	1		1
Q14520	Homo sapiens	Metazoa	560	23.0	1		3
O01949	Aedes aegypti	Metazoa	273	19.0	1		1
Q9S8P4	Pisum sativum	Plants	217	20.0	1		5
Q62192	Mus musculus	Metazoa	661	20.0	1		3
P12961	Mus musculus	Metazoa	212	26.0	1		5
O48540	Solanum lycopersicum	Plants	397	23.0	1		5
D3JXM1	Mesobuthus eupeus	Metazoa	59	22.0	1		3
P27275	Amaranthus caudatus	Plants	86	25.0	1		3
I1SB12	Microdochium nivale	Fungi	495	22.0	1		5
Q43871	Hordeum vulgare	Plants	115	25.0	1		4
Q8T113	Bombyx mori	Metazoa	227	17.0	1		1
O95711	Homo sapiens	Metazoa	162	20.0	1		1
P81019	Bos taurus	Metazoa	183	25.0	1		2
P81447	Capra hircus	Metazoa	154	18.0	1		1
O93233	Gloydius brevicaudus siniticus	Metazoa	331	23.0	1		2
P81497	Suncus murinus	Metazoa	387	16.0	1		4
P10354	Rattus norvegicus	Metazoa	466	18.0	1		1
P18418	Rattus norvegicus	Metazoa	416	17.0	1		4
P80384	Lepidoglyphus destructor	Metazoa	141	16.0	1		5
Q9Y0Y0	Aedes albopictus	Metazoa	60	24.0	1		4
P85261	Actinidia chinensis var. chinensis	Plants	213	24.0	1		2
Q805A2	Protobothrops flavoviridis	Metazoa	138	16.0	1		2
Q5EPH2	Rhipicephalus bursa	Metazoa	97	22.0	1		2
C0STK8	Elaphe climacophora	Metazoa	202	19.0	1		5
P15691	Bos taurus	Metazoa	190	26.0	1		1
Q96X54	Aspergillus awamori	Fungi	628	25.0	1		4
Q9XTN0	Bombyx mori	Metazoa	196	23.0	1		3
Q12396	Saccharomyces cerevisiae (strain ATCC 204508 / S288c)	Fungi	444	46.0	1		3
Q9PWF3	Crotalus durissus terrificus	Metazoa	65	22.0	1		3
P35355	Rattus norvegicus	Metazoa	604	17.0	1		2
P17213	Homo sapiens	Metazoa	487	31.0	1		2
O62680	Sus scrofa	Metazoa	123	25.0	1		1
P01379	Laticauda semifasciata	Metazoa	87	21.0	1		2
P47853	Rattus norvegicus	Metazoa	369	16.0	1		2
P05014	Homo sapiens	Metazoa	189	23.0	1		2
P97430	Mus musculus	Metazoa	131	25.0	1		3
Q9UAC9	Olivierus martensii	Metazoa	85	19.0	1		3
Q8MTX2	Opisthacanthus madagascariensis	Metazoa	71	23.0	1		2
P02745	Homo sapiens	Metazoa	245	22.0	1		4
Q95NY5	Anopheles stephensi	Metazoa	315	18.0	1		4
P58294	Homo sapiens	Metazoa	105	19.0	1		3
P01566	Homo sapiens	Metazoa	189	23.0	1		3
P11215	Homo sapiens	Metazoa	1152	16.0	1		3
P04119	Sus scrofa	Metazoa	178	18.0	1		1
P28319	Saccharomyces cerevisiae (strain ATCC 204508 / S288c)	Fungi	239	20.0	1		2
P34095	Entamoeba histolytica (strain ATCC 30459 / HM-1:IMSS / ABRM)	Other	98	21.0	1		4
P01048	Rattus norvegicus	Metazoa	430	18.0	1		5
P04090	Homo sapiens	Metazoa	185	24.0	1		1
P86404	Mesobuthus eupeus	Metazoa	86	19.0	1		3
Q6H3D6	Trimeresurus stejnegeri	Metazoa	137	16.0	1		2
P49278	Dermatophagoides pteronyssinus	Metazoa	146	17.0	1		2
P06028	Homo sapiens	Metazoa	91	19.0	1		3
Q8MJV4	Bos taurus	Metazoa	122	24.0	1		3
P05099	Gallus gallus	Metazoa	493	23.0	1		3
P26780	Sinapis alba	Plants	99	30.0	1		2
P09584	Oncorhynchus keta	Metazoa	210	23.0	1		5
Q8CEK3	Mus musculus	Metazoa	90	23.0	1		5
P23229	Homo sapiens	Metazoa	1130	23.0	1		5
P00625	Ovophis okinavensis	Metazoa	139	16.0	1		3
P02748	Homo sapiens	Metazoa	559	21.0	1		4
P0DJI9	Homo sapiens	Metazoa	122	18.0	1		4
P60616	Bungarus multicinctus	Metazoa	95	21.0	1		5
P0DSJ6	Myrmecia gulosa	Metazoa	62	24.0	1		4
Q6UXB8	Homo sapiens	Metazoa	463	27.0	1		3
P10764	Ovis aries	Metazoa	179	24.0	1		4
Q55P57	Cryptococcus neoformans var. neoformans serotype D (strain B-3501A)	Fungi	624	20.0	1		5
Q69CK0	Ophiophagus hannah	Metazoa	84	21.0	1		4
P56742	Crotalus atrox	Metazoa	516	18.0	1		4
Q6IWZ0	Aplysia californica	Metazoa	535	18.0	1		4
Q8NAC3	Homo sapiens	Metazoa	791	20.0	1		5
P01591	Homo sapiens	Metazoa	159	22.0	1		3
Q9NS68	Homo sapiens	Metazoa	423	29.0	1		3
P31854	Vipera berus berus	Metazoa	138	16.0	1		5
C0HJM9	Tityus fasciolatus	Metazoa	84	20.0	1		5
P01083	Triticum aestivum	Plants	153	30.0	1		3
P42264	Rattus norvegicus	Metazoa	919	31.0	1		2
Q06703	Saccharomyces cerevisiae (strain ATCC 204508 / S288c)	Fungi	312	44.0	1		1
Q9SW93	Lilium longiflorum	Plants	113	22.0	1		3
P13686	Homo sapiens	Metazoa	325	21.0	1		2
Q13145	Homo sapiens	Metazoa	260	20.0	1		4
P48819	Sus scrofa	Metazoa	459	19.0	1		2
P12725	Ovis aries	Metazoa	416	24.0	1		5
P13501	Homo sapiens	Metazoa	91	23.0	1		5
Q5B1W7	Emericella nidulans (strain FGSC A4 / ATCC 38163 / CBS 112.46 / NRRL 194 / M139)	Fungi	385	18.0	1		1
P80958	Naja atra	Metazoa	82	21.0	1		1
P49125	Latrodectus tredecimguttatus	Metazoa	88	18.0	1		3
Q02942	Blaberus discoidalis	Metazoa	726	16.0	1		2
P19034	Bos taurus	Metazoa	101	22.0	1		2
Q9N4D8	Caenorhabditis elegans	Metazoa	123	17.0	1		2
P10459	Laticauda laticaudata	Metazoa	83	21.0	1		4
P02752	Gallus gallus	Metazoa	238	17.0	1		4
P32472	Saccharomyces cerevisiae (strain ATCC 204508 / S288c)	Fungi	135	17.0	1		4
P79208	Ovis aries	Metazoa	603	16.0	1		3
Q6UW10	Homo sapiens	Metazoa	78	19.0	1		2
P10822	Psophocarpus tetragonolobus	Plants	207	24.0	1		5
A0A1W6EVM7	Ampulex compressa	Metazoa	50	26.0	1		1
Q9N2D4	Callithrix jacchus	Metazoa	387	15.0	1		1
P02221	Chironomus thummi thummi	Metazoa	158	15.0	1		3
P01484	Androctonus australis	Metazoa	85	19.0	1		3
P13691	Hordeum vulgare	Plants	152	30.0	1		2
P16636	Rattus norvegicus	Metazoa	411	21.0	1		2
Q7Z0H4	Olivierus martensii	Metazoa	55	23.0	1		5
Q62867	Rattus norvegicus	Metazoa	317	24.0	1		2
Q64385	Mus musculus	Metazoa	432	23.0	1		4
P01231	Ovis aries	Metazoa	141	20.0	1		5
Q2U4L7	Aspergillus oryzae (strain ATCC 42149 / RIB 40)	Fungi	690	20.0	1		5
P48747	Oryctolagus cuniculus	Metazoa	557	21.0	1		5
Q9BWV1	Homo sapiens	Metazoa	1114	30.0	1		4
P47710	Homo sapiens	Metazoa	185	15.0	1		2
B5LYJ9	Remusatia vivipara	Plants	256	23.0	1		1
Q8JFY4	Anguilla japonica	Metazoa	111	26.0	1		4
P19656	Zea mays	Plants	120	27.0	1		3
P54660	Dictyostelium discoideum	Other	143	22.0	1		1
Q6J4Q1	Apis mellifera	Metazoa	683	21.0	1		4
P01718	Homo sapiens	Metazoa	113	20.0	1		2
C1IC50	Walterinnesia aegyptia	Metazoa	81	24.0	1		1
Q9R100	Mus musculus	Metazoa	827	25.0	1		1
P00750	Homo sapiens	Metazoa	562	22.0	1		3
Q25255	Lucilia cuprina	Metazoa	356	23.0	1		2
P00635	Saccharomyces cerevisiae (strain ATCC 204508 / S288c)	Fungi	467	17.0	1		4
P14314	Homo sapiens	Metazoa	528	14.0	1		5
O43866	Homo sapiens	Metazoa	347	19.0	1		5
Q9TTE1	Bos taurus	Metazoa	411	24.0	1		3
P20959	Bos taurus	Metazoa	291	27.0	1		3
Q03180	Saccharomyces cerevisiae (strain ATCC 204508 / S288c)	Fungi	325	18.0	1		3
P47178	Saccharomyces cerevisiae (strain ATCC 204508 / S288c)	Fungi	298	19.0	1		4
P38570	Homo sapiens	Metazoa	1179	18.0	1		3
P10745	Homo sapiens	Metazoa	1247	17.0	1		2
P02766	Homo sapiens	Metazoa	147	20.0	1		4
D0UGJ0	Bothrops pauloensis	Metazoa	139	16.0	1		2
P15085	Homo sapiens	Metazoa	419	16.0	1		4
Q16602	Homo sapiens	Metazoa	461	22.0	1		3
P22969	Equus caballus	Metazoa	182	25.0	1		4
P02670	Capra hircus	Metazoa	192	21.0	1		4
Q8QG87	Bothrops insularis	Metazoa	138	16.0	1		1
Q2NME3	Tityus zulianus	Metazoa	86	20.0	1		5
Q9VA83	Drosophila melanogaster	Metazoa	227	19.0	1		3
G9M8X1	Nephotettix cincticeps	Metazoa	687	19.0	1		1
G9I930	Micrurus tener tener	Metazoa	149	30.0	1		4
B7FDP2	Centruroides suffusus	Metazoa	87	19.0	1		3
B7SNV8	Parabuthus granulatus	Metazoa	82	19.0	1		4
P60153	Homo sapiens	Metazoa	205	26.0	1		2
O75711	Homo sapiens	Metazoa	98	20.0	1		3
P31836	Bos taurus	Metazoa	853	19.0	1		5
G8YYA5	Androctonus amoreuxi	Metazoa	74	22.0	1		1
P42660	Aedes aegypti	Metazoa	471	19.0	1		5
P78733	Phanerodontia chrysosporium	Fungi	380	25.0	1		4
Q8GTM0	Nicotiana alata	Plants	105	25.0	1		3
P01248	Sus scrofa	Metazoa	216	26.0	1		4
P13727	Homo sapiens	Metazoa	222	16.0	1		3
P10163	Homo sapiens	Metazoa	310	16.0	1		4
E9NX73	Fagopyrum tataricum	Plants	149	22.0	1		2
Q9U943	Locusta migratoria	Metazoa	3380	21.0	1		2
P41361	Bos taurus	Metazoa	465	32.0	1		3
Q867F4	Androctonus australis	Metazoa	59	22.0	1		3
P56972	Pandinus imperator	Metazoa	94	19.0	1		3
Q8MMH3	Pimpla hypochondriaca	Metazoa	488	19.0	1		2
Q4WBS1	Aspergillus fumigatus (strain ATCC MYA-4609 / CBS 101355 / FGSC A1100 / Af293)	Fungi	438	17.0	1		2
Q2ULM2	Aspergillus oryzae (strain ATCC 42149 / RIB 40)	Fungi	496	16.0	1		2
Q17128	Blaberus discoidalis	Metazoa	72	21.0	1		1
P80098	Homo sapiens	Metazoa	99	23.0	1		2
Q6EER2	Sistrurus tergeminus	Metazoa	138	16.0	1		5
Q8MUP7	Ixodes scapularis	Metazoa	102	21.0	1		3
P28797	Cavia porcellus	Metazoa	605	17.0	1		3
P01015	Rattus norvegicus	Metazoa	477	24.0	1		5
P12337	Oryctolagus cuniculus	Metazoa	565	18.0	1		5
D4A540	Rattus norvegicus	Metazoa	148	31.0	1		5
P10646	Homo sapiens	Metazoa	304	28.0	1		2
Q5KQS1	Gloydius blomhoffii	Metazoa	324	19.0	1		3
P86408	Mesobuthus eupeus	Metazoa	85	19.0	1		3
P13384	Bos taurus	Metazoa	317	33.0	1		4
P09585	Cyprinus carpio	Metazoa	210	23.0	1		1
Q9NJP7	Olivierus martensii	Metazoa	56	28.0	1		3
P98140	Bos taurus	Metazoa	612	19.0	1		2
P00690	Sus scrofa	Metazoa	511	15.0	1		3
Q86YL7	Homo sapiens	Metazoa	162	22.0	1		3
P48842	Aspergillus aculeatus	Fungi	350	16.0	1		4
P19313	Rattus norvegicus	Metazoa	141	27.0	1		4
Q92583	Homo sapiens	Metazoa	94	23.0	1		4
Q26643	Sarcophaga peregrina	Metazoa	629	21.0	1		2
P35053	Rattus norvegicus	Metazoa	558	23.0	1		3
Q2YHJ2	Craspedocephalus borneensis	Metazoa	138	16.0	1		3
Q27309	Bombyx mori	Metazoa	1782	15.0	1		4
P11717	Homo sapiens	Metazoa	2491	40.0	1		5
O54766	Rattus norvegicus	Metazoa	617	20.0	1		5
P01579	Homo sapiens	Metazoa	166	23.0	1		2
P01317	Bos taurus	Metazoa	105	24.0	1		1
P00624	Crotalus atrox	Metazoa	138	16.0	1		5
O14412	Orpinomyces sp. (strain PC-2)	Fungi	245	29.0	1		5
P01700	Homo sapiens	Metazoa	117	19.0	1		2
Q6T6C2	Theromyzon tessulatum	Metazoa	97	22.0	1		4
P04004	Homo sapiens	Metazoa	478	19.0	1		3
F8QN54	Vipera renardi	Metazoa	138	16.0	1		2
Q30HU9	Crassostrea virginica	Metazoa	90	19.0	1		2
Q9Y251	Homo sapiens	Metazoa	543	35.0	1		1
P02776	Homo sapiens	Metazoa	101	31.0	1		1
P01398	Bungarus multicinctus	Metazoa	87	21.0	1		1
P48439	Saccharomyces cerevisiae (strain ATCC 204508 / S288c)	Fungi	350	22.0	1		3
O35701	Mus musculus	Metazoa	481	27.0	1		1
O64393	Triticum aestivum	Plants	148	23.0	1		1
P49862	Homo sapiens	Metazoa	253	22.0	1		5
P19999	Rattus norvegicus	Metazoa	238	17.0	1		1
P22412	Sus scrofa	Metazoa	409	16.0	1		3
P19959	Aipysurus laevis	Metazoa	81	21.0	1		5
O96910	Aplysia californica	Metazoa	76	18.0	1		5
P13725	Homo sapiens	Metazoa	252	25.0	1		5
P01889	Homo sapiens	Metazoa	362	24.0	1		4
P60266	Centruroides suffusus	Metazoa	87	19.0	1		2
P31532	Mus musculus	Metazoa	130	18.0	1		1
Q00657	Rattus norvegicus	Metazoa	2326	29.0	1		3
P24476	Dianthus caryophyllus	Plants	293	23.0	1		4
P23284	Homo sapiens	Metazoa	216	33.0	1		2
Q14641	Homo sapiens	Metazoa	139	25.0	1		5
O60931	Homo sapiens	Metazoa	367	22.0	1		1
P36438	Brassica rapa subsp. rapa	Plants	320	35.0	1		1
A2AEP0	Mus musculus	Metazoa	171	19.0	1		4
Q9JJS8	Rattus norvegicus	Metazoa	685	19.0	1		4
Q63617	Rattus norvegicus	Metazoa	999	32.0	1		3
P02666	Bos taurus	Metazoa	224	15.0	1		4
P31211	Rattus norvegicus	Metazoa	396	22.0	1		1
O62605	Galleria mellonella	Metazoa	218	16.0	1		5
P01568	Homo sapiens	Metazoa	189	23.0	1		5
Q9UHD0	Homo sapiens	Metazoa	177	24.0	1		2
Q9H6E4	Homo sapiens	Metazoa	229	22.0	1		5
P30121	Rattus norvegicus	Metazoa	220	26.0	1		5
P60303	Naja kaouthia	Metazoa	81	21.0	1		5
P83958	Actinidia chinensis var. chinensis	Plants	225	24.0	1		3
P08842	Homo sapiens	Metazoa	583	21.0	1		4
Q9UAH3	Pinctada fucata	Metazoa	129	23.0	1		3
A0A0A1I6E7	Androctonus crassicauda	Metazoa	74	22.0	1		4
Q06577	Tamias sibiricus	Metazoa	215	30.0	1		2
Q59Y31	Candida albicans (strain SC5314 / ATCC MYA-2876)	Fungi	533	21.0	1		1
P02679	Homo sapiens	Metazoa	453	26.0	1		2
P80392	Meleagris gallopavo	Metazoa	64	28.0	1		1
Q42656	Coffea arabica	Plants	378	15.0	1		4
F7J1C8	Flammulina velutipes	Fungi	249	21.0	1		2
P01068	Ananas comosus	Plants	246	19.0	1		2
P04916	Rattus norvegicus	Metazoa	201	18.0	1		5
P28770	Oncorhynchus mykiss	Metazoa	221	21.0	1		5
Q9N2I2	Bos taurus	Metazoa	404	19.0	1		2
P34171	Bombyx mori	Metazoa	164	18.0	1		5
P06859	Protobothrops flavoviridis	Metazoa	138	16.0	1		3
P29460	Homo sapiens	Metazoa	328	22.0	1		1
Q9GSA4	Galleria mellonella	Metazoa	113	19.0	1		3
Q9NL39	Pinctada maxima	Metazoa	140	25.0	1		4
P20476	Craspedocephalus gramineus	Metazoa	138	16.0	1		4
Q99972	Homo sapiens	Metazoa	504	32.0	1		4
P26652	Gallus gallus	Metazoa	212	24.0	1		2
A0A0R4I951	Scolopendra dehaani	Metazoa	70	23.0	1		5
I7JUQ0	Bitis rhinoceros	Metazoa	156	23.0	1		2
Q8AV98	Protobothrops flavoviridis	Metazoa	148	23.0	1		1
Q96RQ9	Homo sapiens	Metazoa	567	21.0	1		1
P09465	Cricetus cricetus	Metazoa	167	16.0	1		5
P23577	Chlamydomonas reinhardtii	Plants	317	31.0	1		4
Q9ERQ6	Rattus norvegicus	Metazoa	571	30.0	1		3
P07994	Bos taurus	Metazoa	360	17.0	1		2
Q9NBW4	Theromyzon tessulatum	Metazoa	101	19.0	1		5
P08236	Homo sapiens	Metazoa	651	22.0	1		1
P04653	Ovis aries	Metazoa	214	15.0	1		2
Q86SE1	Androctonus amoreuxi	Metazoa	83	19.0	1		5
P80245	Naja atra	Metazoa	81	21.0	1		5
J7H670	Lachesis muta	Metazoa	516	18.0	1		2
P02767	Rattus norvegicus	Metazoa	147	20.0	1		2
P01492	Centruroides sculpturatus	Metazoa	87	19.0	1		3
Q9BZR6	Homo sapiens	Metazoa	473	26.0	1		3
Q8VCT4	Mus musculus	Metazoa	565	18.0	1		4
Q6UXL0	Homo sapiens	Metazoa	311	29.0	1		1
P02814	Homo sapiens	Metazoa	79	22.0	1		1
Q5KSB7	Oligobrachia mashikoi	Metazoa	161	16.0	1		1
Q63373	Rattus norvegicus	Metazoa	468	46.0	1		5
P21744	Rattus norvegicus	Metazoa	254	21.0	1		3
P14925	Rattus norvegicus	Metazoa	976	25.0	1		4
Q6ASY2	Oryza sativa subsp. japonica	Plants	178	26.0	1		3
F1CGT6	Centruroides suffusus	Metazoa	82	17.0	1		4
P01624	Homo sapiens	Metazoa	115	20.0	1		4
P02755	Bubalus bubalis	Metazoa	180	18.0	1		4
Q765P4	Holotrichia diomphalia	Metazoa	197	23.0	1		5
Q07CZ7	Lutzomyia longipalpis	Metazoa	397	18.0	1		5
P16882	Mus musculus	Metazoa	650	24.0	1		4
E6Y8S8	Apium graveolens	Plants	118	27.0	1		2
A0A5C2A2T2	Conus purpurascens	Metazoa	178	24.0	1		5
P01027	Mus musculus	Metazoa	1663	24.0	1		4
Q28862	Bos taurus	Metazoa	310	16.0	1		5
A0A411EZW9	Agkistrodon piscivorus leucostoma	Metazoa	138	16.0	1		5
P82662	Ophiophagus hannah	Metazoa	91	21.0	1		2
P0DPU7	Scolopendra dehaani	Metazoa	78	25.0	1		4
P07456	Bos taurus	Metazoa	179	24.0	1		2
P19007	Oryctolagus cuniculus	Metazoa	347	18.0	1		4
P54318	Rattus norvegicus	Metazoa	468	16.0	1		1
Q59XX2	Candida albicans (strain SC5314 / ATCC MYA-2876)	Fungi	378	32.0	1		2
P19667	Molineria latifolia	Plants	158	22.0	1		2
P83371	Oncorhynchus keta	Metazoa	508	25.0	1		1
I6S7I0	Scolopendra mutilans	Metazoa	64	18.0	1		4
P0DUS9	Doratifera vulnerans	Metazoa	59	19.0	1		1
Q9GZV9	Homo sapiens	Metazoa	251	24.0	1		5
P18626	Capra hircus	Metazoa	214	15.0	1		3
Q7T045	Macrovipera lebetinus	Metazoa	146	23.0	1		2
P12799	Bos taurus	Metazoa	444	24.0	1		3
B9A8D7	Crassostrea virginica	Metazoa	85	18.0	1		3
P07634	Sus scrofa	Metazoa	131	25.0	1		2
P34115	Dictyostelium discoideum	Other	730	20.0	1		5
P80370	Homo sapiens	Metazoa	383	23.0	1		1
P30348	Rattus norvegicus	Metazoa	100	31.0	1		5
P31429	Oryctolagus cuniculus	Metazoa	410	16.0	1		2
P01326	Mus musculus	Metazoa	110	24.0	1		3
P24627	Bos taurus	Metazoa	708	19.0	1		3
P23806	Protobothrops flavoviridis	Metazoa	152	23.0	1		5
O93426	Crotalus durissus terrificus	Metazoa	158	23.0	1		3
Q9TRM8	Canis lupus familiaris	Metazoa	177	25.0	1		4
P16235	Rattus norvegicus	Metazoa	700	26.0	1		4
F1NSM7	Gallus gallus	Metazoa	743	18.0	1		2
Q965E2	Psoroptes ovis	Metazoa	143	17.0	1		4
O11780	Sus scrofa	Metazoa	683	23.0	1		1
O00585	Homo sapiens	Metazoa	134	23.0	1		1
P55145	Homo sapiens	Metazoa	182	24.0	1		5
P00652	Aspergillus clavatus (strain ATCC 1007 / CBS 513.65 / DSM 816 / NCTC 3887 / NRRL 1 / QM 1276 / 107)	Fungi	132	26.0	1		3
Q15762	Homo sapiens	Metazoa	336	18.0	1		3
C0STK7	Elaphe climacophora	Metazoa	332	23.0	1		4
P28325	Homo sapiens	Metazoa	142	20.0	1		2
Q2PG81	Protobothrops elegans	Metazoa	137	16.0	1		1
P01909	Homo sapiens	Metazoa	254	23.0	1		1
P22063	Rattus norvegicus	Metazoa	1040	30.0	1		2
P0DUJ5	Pterois volitans	Metazoa	66	22.0	1		1
P00991	Vipera ammodytes ammodytes	Metazoa	90	24.0	1		2
P02663	Bos taurus	Metazoa	222	15.0	1		3
P07596	Hordeum vulgare	Plants	203	22.0	1		5
Q60477	Cavia porcellus	Metazoa	244	21.0	1		3
O95750	Homo sapiens	Metazoa	216	24.0	1		3
P15399	Rattus norvegicus	Metazoa	177	17.0	1		4
P81623	Bos taurus	Metazoa	258	29.0	1		1
Q40975	Papaver rhoeas	Plants	139	19.0	1		3
P35496	Sus scrofa	Metazoa	137	21.0	1		3
P05307	Bos taurus	Metazoa	510	20.0	1		3
Q9FRV0	Secale cereale	Plants	266	23.0	1		5
Q8T1G4	Dictyostelium discoideum	Other	181	19.0	1		3
Q02763	Homo sapiens	Metazoa	1124	22.0	1		2
Q04756	Homo sapiens	Metazoa	655	35.0	1		3
P01335	Cyprinus carpio	Metazoa	108	21.0	1		3
Q9H293	Homo sapiens	Metazoa	177	32.0	1		4
Q7M438	Dictyostelium discoideum	Other	223	25.0	1		4
Q60675	Mus musculus	Metazoa	3118	19.0	1		1
P13224	Homo sapiens	Metazoa	206	25.0	1		3
P14612	Pseudechis australis	Metazoa	89	21.0	1		1
Q2YHJ9	Craspedocephalus puniceus	Metazoa	138	16.0	1		5
P83673	Crassostrea virginica	Metazoa	184	20.0	1		2
P46168	Bos taurus	Metazoa	62	22.0	1		2
P83508	Cavia porcellus	Metazoa	170	16.0	1		4
P01270	Homo sapiens	Metazoa	115	25.0	1		2
Q76CA2	Monoplex parthenopeus	Metazoa	275	23.0	1		3
B8JLQ9	Danio rerio	Metazoa	363	24.0	1		3
P51654	Homo sapiens	Metazoa	580	24.0	1		2
P01342	Myxine glutinosa	Metazoa	115	26.0	1		5
Q15399	Homo sapiens	Metazoa	786	24.0	1		3
Q6UWI4	Homo sapiens	Metazoa	295	33.0	1		2
P58738	Zea mays	Plants	269	24.0	1		4
P33559	Aspergillus kawachii (strain NBRC 4308)	Fungi	327	25.0	1		2
P12763	Bos taurus	Metazoa	359	18.0	1		3
Q8T0Y7	Aplysia californica	Metazoa	141	26.0	1		5
P01139	Mus musculus	Metazoa	241	18.0	1		3
Q8NK90	Aspergillus kawachii (strain NBRC 4308)	Fungi	628	25.0	1		2
P05013	Homo sapiens	Metazoa	189	20.0	1		4
Q9H5V8	Homo sapiens	Metazoa	836	29.0	1		2
P00791	Sus scrofa	Metazoa	385	15.0	1		2
Q6TPK4	Actinidia deliciosa	Plants	116	26.0	1		5
P16444	Homo sapiens	Metazoa	411	16.0	1		4
P19876	Homo sapiens	Metazoa	107	34.0	1		3
P60212	Tityus obscurus	Metazoa	87	20.0	1		5
P01814	Homo sapiens	Metazoa	119	19.0	1		4
O13547	Saccharomyces cerevisiae (strain ATCC 204508 / S288c)	Fungi	238	22.0	1		3
Q01528	Limulus polyphemus	Metazoa	172	19.0	1		2
Q9PW68	Typhlonectes natans	Metazoa	97	28.0	1		5
O60046	Neurospora crassa (strain ATCC 24698 / 74-OR23-1A / CBS 708.71 / DSM 1257 / FGSC 987)	Fungi	217	20.0	1		1
A8CG82	Daboia siamensis	Metazoa	138	16.0	1		4
Q95WX6	Olivierus martensii	Metazoa	85	21.0	1		2
P01350	Homo sapiens	Metazoa	101	21.0	1		5
P01570	Homo sapiens	Metazoa	189	23.0	1		5
P02746	Homo sapiens	Metazoa	253	27.0	1		3
Q556R7	Dictyostelium discoideum	Other	303	24.0	1		4
E0XKJ9	Tabanus yao	Metazoa	349	25.0	1		4
P55774	Homo sapiens	Metazoa	89	20.0	1		2
P00651	Aspergillus oryzae (strain ATCC 42149 / RIB 40)	Fungi	130	26.0	1		1
P13909	Bos taurus	Metazoa	402	23.0	1		2
Q8I7X1	Porcellio scaber	Metazoa	145	21.0	1		5
P02222	Chironomus thummi thummi	Metazoa	160	15.0	1		5
U3FAE1	Micrurus fulvius	Metazoa	84	21.0	1		5
P12822	Oryctolagus cuniculus	Metazoa	1310	33.0	1		2
P01701	Homo sapiens	Metazoa	117	19.0	1		1
A1X158	Perna viridis	Metazoa	561	20.0	1		1
Q53B58	Ophiophagus hannah	Metazoa	93	21.0	1		2
Q9NPF0	Homo sapiens	Metazoa	282	35.0	1		5
P07288	Homo sapiens	Metazoa	261	17.0	1		2
P30224	Arabidopsis thaliana	Plants	80	29.0	1		2
P02230	Chironomus thummi thummi	Metazoa	151	15.0	1		2
M5AXY1	Felis catus	Metazoa	201	18.0	1		1
P12420	Equus caballus	Metazoa	229	30.0	1		3
Q7M4T0	Neurospora crassa (strain ATCC 24698 / 74-OR23-1A / CBS 708.71 / DSM 1257 / FGSC 987)	Fungi	480	17.0	1		2
Q02988	Pleurodeles waltl	Metazoa	172	20.0	1		3
Q8TAL6	Homo sapiens	Metazoa	211	18.0	1		2
P20334	Mus musculus	Metazoa	256	23.0	1		2
B8M9H9	Talaromyces stipitatus (strain ATCC 10500 / CBS 375.48 / QM 6759 / NRRL 1006)	Fungi	358	18.0	1		3
Q9PTC3	Notechis ater	Metazoa	201	19.0	1		3
P0C552	Bungarus fasciatus	Metazoa	78	21.0	1		1
P33767	Saccharomyces cerevisiae (strain ATCC 204508 / S288c)	Fungi	430	20.0	1		5
P02669	Ovis aries	Metazoa	192	21.0	1		3
O15455	Homo sapiens	Metazoa	904	23.0	1		4
Q9NQ34	Homo sapiens	Metazoa	198	33.0	1		5
B0JFB8	Antheraea mylitta	Metazoa	105	19.0	1		1
O14625	Homo sapiens	Metazoa	94	21.0	1		5
P35759	Polistes exclamans	Metazoa	226	21.0	1		2
P01901	Mus musculus	Metazoa	369	21.0	1		1
G1CWH8	Clitoria ternatea	Plants	123	28.0	1		3
P02760	Homo sapiens	Metazoa	352	19.0	1		3
Q6UW32	Homo sapiens	Metazoa	110	24.0	1		5
Q9LJD9	Arabidopsis thaliana	Plants	60	27.0	1		2
P08289	Rattus norvegicus	Metazoa	524	17.0	1		2
Q9I840	Calloselasma rhodostoma	Metazoa	146	23.0	1		4
P41222	Homo sapiens	Metazoa	190	22.0	1		1
Q9UAC8	Olivierus martensii	Metazoa	85	19.0	1		3
P19872	Locusta migratoria	Metazoa	77	22.0	1		5
P02749	Homo sapiens	Metazoa	345	19.0	1		1
O60565	Homo sapiens	Metazoa	184	24.0	1		1
P81534	Homo sapiens	Metazoa	67	22.0	1		3
C1IC53	Walterinnesia aegyptia	Metazoa	83	24.0	1		3
P84039	Rattus norvegicus	Metazoa	477	24.0	1		2
C6JUP2	Micrurus corallinus	Metazoa	88	21.0	1		4
Q9P121	Homo sapiens	Metazoa	344	33.0	1		4
P05186	Homo sapiens	Metazoa	524	17.0	1		1
Q8UUG0	Morone saxatilis	Metazoa	79	22.0	1		2
P36897	Homo sapiens	Metazoa	503	33.0	1		5
Q5U9S1	Sus scrofa	Metazoa	249	20.0	1		2
P01477	Crotalus helleri	Metazoa	70	22.0	1		4
P24336	Hottentotta judaicus	Metazoa	85	21.0	1		2
P82290	Anopheles gambiae	Metazoa	58	23.0	1		3
P52013	Caenorhabditis elegans	Metazoa	204	22.0	1		3
Q9DGI0	Bothrops jararaca	Metazoa	341	19.0	1		3
Q3YJT5	Solanum tuberosum	Plants	387	23.0	1		5
P00987	Bungarus multicinctus	Metazoa	85	24.0	1		3
P11643	Hordeum vulgare	Plants	171	24.0	1		1
P30986	Eschscholzia californica	Plants	538	23.0	1		1
Q5MJP5	Anuroctonus phaiodactylus	Metazoa	90	18.0	1		2
A0A1S3PBB7	Salmo salar	Metazoa	375	23.0	1		1
P0DPV2	Scolopendra dehaani	Metazoa	210	23.0	1		5
G1CWH3	Clitoria ternatea	Plants	123	28.0	1		2
Q8N4F0	Homo sapiens	Metazoa	458	20.0	1		2
P08899	Anguilla japonica	Metazoa	209	19.0	1		4
P16619	Homo sapiens	Metazoa	93	23.0	1		5
P34754	Aspergillus niger	Fungi	479	19.0	1		2
P01227	Ovis aries	Metazoa	129	19.0	1		4
Q90249	Bothrops jararacussu	Metazoa	137	16.0	1		5
A0A7J6K7I9	Toxoplasma gondii	Other	553	64.0	1		1
Q589G4	Anoplius samariensis	Metazoa	75	17.0	1		2
P67977	Semnopithecus entellus	Metazoa	148	18.0	1		3
Q07558	Hirudinaria manillensis	Metazoa	84	20.0	1		1
Q00945	Lymnaea stagnalis	Metazoa	155	26.0	1		4
P02712	Tetronarce californica	Metazoa	493	24.0	1		2
P10144	Homo sapiens	Metazoa	247	18.0	1		5
P01714	Homo sapiens	Metazoa	112	20.0	1		3
P82943	Bos taurus	Metazoa	92	21.0	1		2
P81498	Suncus murinus	Metazoa	389	16.0	1		4
P80513	Bos taurus	Metazoa	179	21.0	1		4
P67976	Ovis aries	Metazoa	180	18.0	1		5
O43852	Homo sapiens	Metazoa	315	19.0	1		1
Q26239	Rhodnius prolixus	Metazoa	207	23.0	1		5
P20740	Gallus gallus	Metazoa	1473	36.0	1		5
P08905	Mus musculus	Metazoa	148	18.0	1		3
P29788	Mus musculus	Metazoa	478	19.0	1		1
P10762	Locusta migratoria	Metazoa	179	16.0	1		3
Q9Y6C2	Homo sapiens	Metazoa	1016	21.0	1		3
P10257	Oncorhynchus keta	Metazoa	137	24.0	1		2
P24817	Momordica charantia	Plants	286	23.0	1		2
P63153	Sus scrofa	Metazoa	146	23.0	1		1
P0DJI8	Homo sapiens	Metazoa	122	18.0	1		1
Q96HE7	Homo sapiens	Metazoa	468	23.0	1		3
P28041	Hordeum vulgare	Plants	145	25.0	1		5
P01721	Homo sapiens	Metazoa	117	19.0	1		3
Q86YD3	Homo sapiens	Metazoa	366	26.0	1		3
O14786	Homo sapiens	Metazoa	923	21.0	1		1
Q13433	Homo sapiens	Metazoa	755	28.0	1		5
P49182	Mus musculus	Metazoa	478	23.0	1		2
Q942A7	Oryza sativa subsp. japonica	Plants	235	27.0	1		2
C9X4J9	Tityus discrepans	Metazoa	80	20.0	1		5
B2G331	Radianthus crispa	Metazoa	78	22.0	1		5
P23360	Thermoascus aurantiacus	Fungi	329	26.0	1		4
P04405	Glycine max	Plants	485	18.0	1		3
P33575	Petromyzon marinus	Metazoa	139	19.0	1		2
Q61508	Mus musculus	Metazoa	559	19.0	1		1
P15515	Homo sapiens	Metazoa	57	19.0	1		5
P08878	Crotalus durissus terrificus	Metazoa	138	37.0	1		4
Q9Z0K8	Mus musculus	Metazoa	512	23.0	1		5
P05790	Bombyx mori	Metazoa	5263	21.0	1		5
Q6UWM7	Homo sapiens	Metazoa	567	21.0	1		4
Q8NBI3	Homo sapiens	Metazoa	349	25.0	1		3
Q8N6Q3	Homo sapiens	Metazoa	437	21.0	1		1
Q9NBW2	Olivierus martensii	Metazoa	83	19.0	1		3
O14763	Homo sapiens	Metazoa	440	55.0	1		5
P35555	Homo sapiens	Metazoa	2871	24.0	1		2
Q9D3H2	Mus musculus	Metazoa	163	16.0	1		5
P37173	Homo sapiens	Metazoa	567	22.0	1		3
O43827	Homo sapiens	Metazoa	346	26.0	1		3
P00716	Oryctolagus cuniculus	Metazoa	141	19.0	1		4
Q05928	Mus musculus	Metazoa	177	31.0	1		5
Q16674	Homo sapiens	Metazoa	131	24.0	1		4
P15261	Mus musculus	Metazoa	477	25.0	1		5
Q96DU3	Homo sapiens	Metazoa	332	21.0	1		3
P70090	Craspedocephalus gramineus	Metazoa	138	16.0	1		5
P17935	Vipera ammodytes ammodytes	Metazoa	138	16.0	1		4
A7VN13	Protobothrops flavoviridis	Metazoa	107	19.0	1		1
A0A1L6K371	Juglans nigra	Plants	510	23.0	1		4
Q90935	Gallus gallus	Metazoa	410	16.0	1		3
P0DUS5	Doratifera vulnerans	Metazoa	57	24.0	1		5
P22325	Cavia porcellus	Metazoa	405	24.0	1		2
P12550	Chironomus thummi thummi	Metazoa	162	16.0	1		5
A0A2I8B352	Paralithodes camtschaticus	Metazoa	71	23.0	1		5
Q05091	Pyrus communis	Plants	330	24.0	1		1
Q8HY17	Sus scrofa	Metazoa	140	26.0	1		5
P04073	Rattus norvegicus	Metazoa	392	16.0	1		1
Q70SU8	Salmo salar	Metazoa	342	19.0	1		1
P00433	Armoracia rusticana	Plants	353	30.0	1		4
P55773	Homo sapiens	Metazoa	120	21.0	1		4
P0DQP7	Cerrophidion godmani	Metazoa	200	19.0	1		4
P84516	Sorghum bicolor	Plants	362	31.0	1		2
Q7L513	Homo sapiens	Metazoa	359	27.0	1		2
P24091	Nicotiana tabacum	Plants	324	23.0	1		4
Q6UWN5	Homo sapiens	Metazoa	251	25.0	1		5
P19835	Homo sapiens	Metazoa	753	20.0	1		1
P59899	Centruroides limpidus	Metazoa	87	19.0	1		3
Q4TUA4	Olivierus martensii	Metazoa	85	19.0	1		4
O60844	Homo sapiens	Metazoa	167	16.0	1		5
Q9BYZ8	Homo sapiens	Metazoa	158	22.0	1		5
P01494	Centruroides sculpturatus	Metazoa	87	19.0	1		1
P0C8G6	Pomacea canaliculata	Metazoa	565	26.0	1		3
P10456	Laticauda colubrina	Metazoa	83	21.0	1		5
Q8I817	Aplysia californica	Metazoa	88	19.0	1		2
O00105	Aspergillus niger	Fungi	564	19.0	1		5
P21828	Bombyx mori	Metazoa	262	16.0	1		2
Q5BGU9	Emericella nidulans (strain FGSC A4 / ATCC 38163 / CBS 112.46 / NRRL 194 / M139)	Fungi	366	18.0	1		4
Q07092	Homo sapiens	Metazoa	1604	21.0	1		1
Q6UWM5	Homo sapiens	Metazoa	242	22.0	1		4
P02896	Trypanosoma brucei brucei	Other	526	33.0	1		4
Q8I948	Acanthoscurria gomesiana	Metazoa	156	23.0	1		5
P01174	Rattus norvegicus	Metazoa	137	19.0	1		4
Q60767	Mus musculus	Metazoa	1723	27.0	1		2
Q05927	Bos taurus	Metazoa	574	26.0	1		5
P01703	Homo sapiens	Metazoa	118	19.0	1		5
Q64610	Rattus norvegicus	Metazoa	887	27.0	1		2
Q924B5	Rattus norvegicus	Metazoa	250	25.0	1		4
P07759	Mus musculus	Metazoa	418	21.0	1		4
P00698	Gallus gallus	Metazoa	147	18.0	1		1
P49921	Sus scrofa	Metazoa	91	23.0	1		4
Q6UWV6	Homo sapiens	Metazoa	458	21.0	1		5
O93427	Crotalus durissus terrificus	Metazoa	148	23.0	1		3
P02747	Homo sapiens	Metazoa	245	28.0	1		5
P49755	Homo sapiens	Metazoa	219	31.0	1		2
Q9P246	Homo sapiens	Metazoa	746	14.0	1		4
P53616	Saccharomyces cerevisiae (strain ATCC 204508 / S288c)	Fungi	420	24.0	1		1
P10909	Homo sapiens	Metazoa	449	22.0	1		3
Q16663	Homo sapiens	Metazoa	113	21.0	1		2
P05060	Homo sapiens	Metazoa	677	20.0	1		5
P32947	Diutina rugosa	Fungi	549	15.0	1		1
P58154	Lymnaea stagnalis	Metazoa	229	19.0	1		1
Q41159	Robinia pseudoacacia	Plants	285	31.0	1		2
P57087	Homo sapiens	Metazoa	298	28.0	1		1
P60304	Naja atra	Metazoa	81	21.0	1		1
P80035	Canis lupus familiaris	Metazoa	398	19.0	1		1
P06281	Mus musculus	Metazoa	402	21.0	1		2
P20827	Homo sapiens	Metazoa	205	18.0	1		4
P08648	Homo sapiens	Metazoa	1049	41.0	1		4
Q6UW88	Homo sapiens	Metazoa	154	22.0	1		4
P55203	Bos taurus	Metazoa	1110	56.0	1		4
P02779	Oryctolagus cuniculus	Metazoa	91	21.0	1		5
P0DUQ6	Conus planorbis	Metazoa	70	21.0	1		3
P56612	Tityus stigmurus	Metazoa	84	19.0	1		4
Q91XV6	Rattus norvegicus	Metazoa	94	17.0	1		4
Q8WML4	Bos taurus	Metazoa	580	22.0	1		2
Q6H3D2	Trimeresurus stejnegeri	Metazoa	138	16.0	1		4
Q9P0V8	Homo sapiens	Metazoa	285	22.0	1		2
Q9XYT4	Cryptorchestia cavimana	Metazoa	128	20.0	1		1
P31420	Manduca sexta	Metazoa	274	18.0	1		5
P20155	Homo sapiens	Metazoa	84	23.0	1		2
P80325	Cavia porcellus	Metazoa	96	23.0	1		4
P86406	Mesobuthus eupeus	Metazoa	86	20.0	1		3
P15941	Homo sapiens	Metazoa	1255	23.0	1		5
Q9GV28	Bombyx mori	Metazoa	433	16.0	1		4
Q9Y279	Homo sapiens	Metazoa	399	19.0	1		4
Q02747	Homo sapiens	Metazoa	115	21.0	1		3
Q9UHF4	Homo sapiens	Metazoa	553	29.0	1		5
G1CWH1	Clitoria ternatea	Plants	132	28.0	1		4
P01241	Homo sapiens	Metazoa	217	26.0	1		5
P04557	Bos taurus	Metazoa	140	25.0	1		2
Q08830	Homo sapiens	Metazoa	312	22.0	1		2
P28798	Mus musculus	Metazoa	589	17.0	1		3
P48816	Bombyx mori	Metazoa	137	18.0	1		1
B3EWY1	Mesobuthus gibbosus	Metazoa	59	22.0	1		2
P0DMM8	Tityus trivittatus	Metazoa	84	20.0	1		4
Q9D6Y1	Mus musculus	Metazoa	273	21.0	1		4
P21226	Pisum sativum	Plants	324	20.0	1		2
P83472	Lumbricus terrestris	Metazoa	86	22.0	1		3
P06756	Homo sapiens	Metazoa	1048	30.0	1		4
P60301	Naja atra	Metazoa	81	21.0	1		3
P26842	Homo sapiens	Metazoa	260	19.0	1		3
P18650	Sus scrofa	Metazoa	317	18.0	1		3
Q945U0	Phytophthora sojae	Other	257	28.0	1		3
P21589	Homo sapiens	Metazoa	574	26.0	1		4
A0A2I6QAZ5	Trametes coccinea (strain BRFM310)	Fungi	428	21.0	1		5
Q9TT95	Sus scrofa	Metazoa	120	22.0	1		4
Q9Y653	Homo sapiens	Metazoa	693	25.0	1		4
P06868	Bos taurus	Metazoa	812	26.0	1		3
P84843	Hybomitra bimaculata	Metazoa	76	20.0	1		5
P00992	Vipera ammodytes ammodytes	Metazoa	93	24.0	1		5
Q99372	Rattus norvegicus	Metazoa	870	27.0	1		4
O95968	Homo sapiens	Metazoa	90	21.0	1		3
Q5XM24	Dictyostelium discoideum	Other	494	18.0	1		2
C5J887	Opisthacanthus cayaporum	Metazoa	69	23.0	1		4
P03971	Homo sapiens	Metazoa	560	24.0	1		4
Q9GZM7	Homo sapiens	Metazoa	467	21.0	1		4
I2G9B4	Macrovipera lebetina transmediterranea	Metazoa	95	24.0	1		3
P01480	Androctonus australis	Metazoa	84	19.0	1		3
P11226	Homo sapiens	Metazoa	248	20.0	1		2
P15253	Oryctolagus cuniculus	Metazoa	418	17.0	1		4
P10282	Fusarium fujikuroi	Fungi	131	25.0	1		4
G8XQX1	Daboia russelii	Metazoa	504	18.0	1		5
Q00855	Dermatophagoides farinae	Metazoa	146	17.0	1		1
P13744	Cucurbita maxima	Plants	480	21.0	1		3
P08069	Homo sapiens	Metazoa	1367	30.0	1		2
O18994	Sus scrofa	Metazoa	219	21.0	1		2
P07204	Homo sapiens	Metazoa	575	18.0	1		4
P25871	Nicotiana tabacum	Plants	251	21.0	1		5
Q38L02	Daboia siamensis	Metazoa	154	23.0	1		3
Q07154	Zea mays	Plants	269	24.0	1		1
Q9ES58	Rattus norvegicus	Metazoa	327	23.0	1		1
Q9H9K5	Homo sapiens	Metazoa	563	26.0	1		2
Q86Y34	Homo sapiens	Metazoa	549	20.0	1		1
P26461	Sus scrofa	Metazoa	97	26.0	1		5
Q9NII6	Olivierus martensii	Metazoa	57	20.0	1		3
O95998	Homo sapiens	Metazoa	194	30.0	1		4
O55038	Mus musculus	Metazoa	109	21.0	1		3
P38029	Equus caballus	Metazoa	421	24.0	1		4
P09228	Homo sapiens	Metazoa	141	20.0	1		5
F1N5C8	Bos taurus	Metazoa	445	22.0	1		5
Q9GZZ8	Homo sapiens	Metazoa	138	19.0	1		2
Q6H3D5	Trimeresurus stejnegeri	Metazoa	138	16.0	1		4
P67861	Daboia russelii	Metazoa	144	24.0	1		2
P0C1Y5	Zea mays	Plants	269	30.0	1		2
Q76CE8	Typhula ishikariensis	Fungi	243	20.0	1		4
P91745	Lucilia cuprina	Metazoa	375	20.0	1		1
C0STK6	Elaphe climacophora	Metazoa	167	19.0	1		5
Q6F4C6	Pinctada fucata	Metazoa	121	16.0	1		5
P14091	Homo sapiens	Metazoa	396	19.0	1		4
P11936	Sus scrofa	Metazoa	284	22.0	1		1
P31096	Bos taurus	Metazoa	278	16.0	1		1
Q41260	Phalaris aquatica	Plants	269	29.0	1		4
P45590	Hyalophora cecropia	Metazoa	129	17.0	1		1
P37240	Oncorhynchus mykiss	Metazoa	147	20.0	1		4
P01442	Naja atra	Metazoa	81	21.0	1		3
P24027	Crotalus durissus terrificus	Metazoa	138	16.0	1		4
P49767	Homo sapiens	Metazoa	419	31.0	1		5
P84688	Tityus obscurus	Metazoa	84	20.0	1		3
P07221	Oryctolagus cuniculus	Metazoa	395	28.0	1		3
O46168	Eratigena agrestis	Metazoa	68	17.0	1		1
P20059	Rattus norvegicus	Metazoa	460	23.0	1		5
D7UQ40	Alternaria solani	Fungi	515	25.0	1		3
P51460	Homo sapiens	Metazoa	131	20.0	1		2
Q9NPR2	Homo sapiens	Metazoa	837	43.0	1		1
P00709	Homo sapiens	Metazoa	142	19.0	1		5
Q99217	Homo sapiens	Metazoa	191	16.0	1		2
P29421	Oryza sativa subsp. japonica	Plants	200	22.0	1		5
P15196	Oryctolagus cuniculus	Metazoa	398	31.0	1		2
P01569	Homo sapiens	Metazoa	189	21.0	1		3
P01384	Notechis scutatus scutatus	Metazoa	94	21.0	1		2
P08721	Rattus norvegicus	Metazoa	317	16.0	1		1
O42807	Aspergillus niger	Fungi	281	21.0	1		3
P16150	Homo sapiens	Metazoa	400	19.0	1		3
Q968Z6	Dictyostelium discoideum	Other	557	19.0	1		1
P0C554	Bungarus fasciatus	Metazoa	86	21.0	1		2
P07712	Aplysia californica	Metazoa	112	23.0	1		3
P17728	Leiurus hebraeus	Metazoa	85	19.0	1		5
Q13421	Homo sapiens	Metazoa	630	36.0	1		1
Q41649	Vicia faba	Plants	151	22.0	1		1
Q86Y78	Homo sapiens	Metazoa	171	22.0	1		4
P21326	Mirabilis jalapa	Plants	278	28.0	1		2
Q29143	Trichosurus vulpecula	Metazoa	102	20.0	1		4
P0C553	Bungarus fasciatus	Metazoa	79	21.0	1		3
Q867W1	Procambarus clarkii	Metazoa	76	27.0	1		3
P0DUS7	Doratifera vulnerans	Metazoa	56	19.0	1		4
O94985	Homo sapiens	Metazoa	981	28.0	1		5
P80060	Locusta migratoria	Metazoa	92	19.0	1		5
P61629	Papio anubis	Metazoa	148	18.0	1		1
P19633	Rattus norvegicus	Metazoa	406	34.0	1		2
Q9UBU3	Homo sapiens	Metazoa	117	23.0	1		4
W8E7D1	Macrovipera lebetinus	Metazoa	851	23.0	1		3
Q9HC23	Homo sapiens	Metazoa	129	27.0	1		5
P84809	Buthus occitanus tunetanus	Metazoa	95	22.0	1		3
Q61789	Mus musculus	Metazoa	3330	31.0	1		5
P18829	Schistocerca gregaria	Metazoa	63	22.0	1		1
Q9NRC9	Homo sapiens	Metazoa	128	17.0	1		5
A0A2I4E5L6	Juglans regia	Plants	502	27.0	1		2
P80463	Phaseolus lunatus	Plants	428	24.0	1		3
Q5I0E7	Rattus norvegicus	Metazoa	235	37.0	1		5
P05814	Homo sapiens	Metazoa	226	15.0	1		5
P01887	Mus musculus	Metazoa	119	20.0	1		2
O95407	Homo sapiens	Metazoa	300	29.0	1		4
P81370	Actinidia deliciosa	Plants	225	24.0	1		3
P29695	Protobothrops flavoviridis	Metazoa	342	19.0	1		5
P06867	Sus scrofa	Metazoa	809	19.0	1		2
Q99ML8	Mus musculus	Metazoa	113	23.0	1		1
Q86T13	Homo sapiens	Metazoa	490	21.0	1		4
Q9UIK5	Homo sapiens	Metazoa	374	40.0	1		3
P98172	Homo sapiens	Metazoa	346	27.0	1		5
P02668	Bos taurus	Metazoa	190	21.0	1		3
P11916	Aquarana catesbeiana	Metazoa	133	22.0	1		2
A5HAK0	Danio rerio	Metazoa	149	22.0	1		2
P43626	Homo sapiens	Metazoa	348	21.0	1		5
Q3L1D1	Agaricus bisporus	Fungi	594	25.0	1		1
P80915	Macadamia integrifolia	Plants	102	26.0	1		1
P02703	Sus scrofa	Metazoa	112	17.0	1		3
P0DJJ9	Protobothrops flavoviridis	Metazoa	138	16.0	1		5
Q8T0W8	Gastrophysa atrocyanea	Metazoa	65	24.0	1		3
P11941	Oncorhynchus mykiss	Metazoa	144	15.0	1		3
P0DPU0	Scolopendra dehaani	Metazoa	210	23.0	1		4
P02870	Lens culinaris	Plants	275	30.0	1		2
P80195	Bos taurus	Metazoa	153	18.0	1		4
P07692	Torpedo marmorata	Metazoa	590	24.0	1		1
P0DPU2	Scolopendra dehaani	Metazoa	211	20.0	1		5
P40259	Homo sapiens	Metazoa	229	28.0	1		4
P31346	Sus scrofa	Metazoa	147	24.0	1		1
P17164	Rattus norvegicus	Metazoa	462	28.0	1		3
Q4LCS8	Androctonus australis	Metazoa	82	22.0	1		1
Q99013	Pseudopleuronectes americanus	Metazoa	82	23.0	1		5
P81941	Pseudopleuronectes americanus	Metazoa	68	22.0	1		4
Q9U3Z3	Conus betulinus	Metazoa	70	26.0	1		3
Q9UK23	Homo sapiens	Metazoa	515	25.0	1		3
P01269	Sus scrofa	Metazoa	115	25.0	1		3
Q8MM24	Drosophila melanogaster	Metazoa	439	20.0	1		2
Q9ZUT3	Arabidopsis thaliana	Plants	273		0	True	4
P11799	Gallus gallus	Metazoa	1906		0	False	1
Q9UGN5	Homo sapiens	Metazoa	583		0	False	2
P49591	Homo sapiens	Metazoa	514		0	False	3
Q8GYQ5	Arabidopsis thaliana	Plants	372		0	False	4
Q9BQI6	Homo sapiens	Metazoa	1058		0	False	4
Q500U8	Arabidopsis thaliana	Plants	326		0	False	3
Q64364	Mus musculus	Metazoa	169		0	False	5
P00063	Acer negundo	Plants	112		0	False	4
Q8K2T8	Mus musculus	Metazoa	535		0	False	2
Q8LG30	Arabidopsis thaliana	Plants	76		0	True	5
A0A1E3P8S6	Wickerhamomyces anomalus (strain ATCC 58044 / CBS 1984 / NCYC 433 / NRRL Y-366-8)	Fungi	391		0	False	1
P53780	Arabidopsis thaliana	Plants	464		0	False	3
Q5QNW6	Homo sapiens	Metazoa	126		0	False	3
Q93WC9	Arabidopsis thaliana	Plants	336		0	False	3
O95487	Homo sapiens	Metazoa	1268		0	False	3
Q7YTB0	Bombyx mori	Metazoa	661		0	False	2
P48059	Homo sapiens	Metazoa	325		0	False	5
Q16698	Homo sapiens	Metazoa	335		0	False	1
P11978	Saccharomyces cerevisiae (strain ATCC 204508 / S288c)	Fungi	1358		0	False	5
Q13061	Homo sapiens	Metazoa	729		0	True	2
O82259	Arabidopsis thaliana	Plants	225		0	False	1
Q8WVH0	Homo sapiens	Metazoa	158		0	False	4
P78545	Homo sapiens	Metazoa	371		0	False	3
Q9VPT4	Drosophila melanogaster	Metazoa	717		0	False	5
Q8BHL4	Mus musculus	Metazoa	356		0	True	4
Q00312	Candida albicans	Fungi	527		0	False	4
Q9M0S5	Arabidopsis thaliana	Plants	764		0	False	1
Q02199	Saccharomyces cerevisiae (strain ATCC 204508 / S288c)	Fungi	472		0	False	3
Q06178	Saccharomyces cerevisiae (strain ATCC 204508 / S288c)	Fungi	401		0	False	3
Q9Z1L1	Rattus norvegicus	Metazoa	211		0	True	2
Q8RY46	Arabidopsis thaliana	Plants	700		0	False	4
Q91X44	Mus musculus	Metazoa	623		0	False	5
P62913	Homo sapiens	Metazoa	178		0	False	3
Q8IWV7	Homo sapiens	Metazoa	1749		0	False	5
P50213	Homo sapiens	Metazoa	366		0	False	1
Q6ZSZ5	Homo sapiens	Metazoa	1361		0	False	1
P07390	Saccharomyces cerevisiae (strain ATCC 204508 / S288c)	Fungi	489		0	False	4
Q7KUT2	Drosophila melanogaster	Metazoa	1024		0	False	2
Q07799	Saccharomyces cerevisiae (strain ATCC 204508 / S288c)	Fungi	665		0	False	3
Q94JS0	Arabidopsis thaliana	Plants	272		0	False	2
P02281	Xenopus laevis	Metazoa	126		0	False	3
Q96EY1	Homo sapiens	Metazoa	480		0	False	2
Q8VYB9	Arabidopsis thaliana	Plants	840		0	False	4
E9Q2Z1	Mus musculus	Metazoa	1453		0	False	5
P18111	Mus musculus	Metazoa	268		0	False	1
Q9SQR2	Arabidopsis thaliana	Plants	272		0	False	1
P15720	Gallus gallus	Metazoa	174		0	False	5
O60814	Homo sapiens	Metazoa	126		0	False	4
Q5SNT2	Homo sapiens	Metazoa	666		0	False	4
P22570	Homo sapiens	Metazoa	491		0	False	3
O14235	Schizosaccharomyces pombe (strain 972 / ATCC 24843)	Fungi	348		0	False	1
P49286	Homo sapiens	Metazoa	362		0	True	5
Q7X9V3	Arabidopsis thaliana	Plants	258		0	False	1
O95251	Homo sapiens	Metazoa	611		0	False	1
P62801	Gallus gallus	Metazoa	103		0	False	1
P52164	Rattus norvegicus	Metazoa	160		0	False	2
P17694	Bos taurus	Metazoa	463		0	False	4
Q96DT0	Homo sapiens	Metazoa	336		0	False	5
Q9ERS5	Mus musculus	Metazoa	425		0	False	2
P29383	Arabidopsis thaliana	Plants	258		0	False	4
Q84XU2	Arabidopsis thaliana	Plants	538		0	False	3
P27788	Zea mays	Plants	152		0	False	1
Q6P5E8	Mus musculus	Metazoa	934		0	False	5
Q07953	Saccharomyces cerevisiae (strain ATCC 204508 / S288c)	Fungi	250		0	False	4
Q9NQZ6	Homo sapiens	Metazoa	224		0	False	4
Q8VDP2	Mus musculus	Metazoa	222		0	False	2
O42649	Schizosaccharomyces pombe (strain 972 / ATCC 24843)	Fungi	1194		0	False	3
P15865	Rattus norvegicus	Metazoa	219		0	False	3
Q9NZ42	Homo sapiens	Metazoa	101		0	True	5
Q00IB6	Arabidopsis thaliana	Plants	440		0	False	3
G5EGU9	Caenorhabditis elegans	Metazoa	558		0	False	5
Q5QGZ9	Homo sapiens	Metazoa	265		0	True	2
Q93WJ9	Arabidopsis thaliana	Plants	403		0	False	3
Q96RT1	Homo sapiens	Metazoa	1412		0	False	2
P20152	Mus musculus	Metazoa	466		0	False	1
O43314	Homo sapiens	Metazoa	1243		0	False	2
Q8CDK2	Mus musculus	Metazoa	862		0	False	1
O14924	Homo sapiens	Metazoa	1447		0	False	3
P80147	Sus scrofa	Metazoa	500		0	False	1
Q96CJ1	Homo sapiens	Metazoa	260		0	False	1
Q08213	Saccharomyces cerevisiae (strain ATCC 204508 / S288c)	Fungi	363		0	False	3
Q9UBW8	Homo sapiens	Metazoa	275		0	False	5
Q8R3P9	Mus musculus	Metazoa	1054		0	False	3
Q8K3V4	Mus musculus	Metazoa	682		0	False	4
Q96A26	Homo sapiens	Metazoa	154		0	False	2
Q96RU7	Homo sapiens	Metazoa	358		0	False	4
Q9SK32	Arabidopsis thaliana	Plants	509		0	False	5
Q8TF71	Homo sapiens	Metazoa	515		0	True	1
Q8NF50	Homo sapiens	Metazoa	2099		0	False	4
Q14653	Homo sapiens	Metazoa	427		0	False	4
O35683	Mus musculus	Metazoa	70		0	True	2
Q6C354	Yarrowia lipolytica (strain CLIB 122 / E 150)	Fungi	520		0	False	5
Q9C7Y2	Arabidopsis thaliana	Plants	229		0	False	3
P04992	Petunia hybrida	Plants	477		0	False	4
Q9D2N4	Mus musculus	Metazoa	746		0	False	2
P33299	Saccharomyces cerevisiae (strain ATCC 204508 / S288c)	Fungi	467		0	False	3
Q9DB41	Mus musculus	Metazoa	320		0	True	1
Q80VR2	Mus musculus	Metazoa	395		0	False	3
Q25321	Locusta migratoria	Metazoa	484		0	True	3
A9QM74	Homo sapiens	Metazoa	516		0	False	2
Q2LAJ3	Solanum lycopersicum	Plants	846		0	False	5
Q9ESV1	Rattus norvegicus	Metazoa	1051		0	False	1
Q5W9E7	Arabidopsis thaliana	Plants	659		0	False	4
O64883	Arabidopsis thaliana	Plants	560		0	False	2
Q5VYK3	Homo sapiens	Metazoa	1845		0	False	4
Q86Y25	Homo sapiens	Metazoa	554		0	False	4
Q9SQH9	Arabidopsis thaliana	Plants	498		0	True	3
Q8CJ26	Mus musculus	Metazoa	228		0	True	4
P25025	Homo sapiens	Metazoa	360		0	True	2
P62861	Homo sapiens	Metazoa	133		0	False	4
P42949	Saccharomyces cerevisiae (strain ATCC 204508 / S288c)	Fungi	149		0	False	5
P40617	Homo sapiens	Metazoa	200		0	False	2
Q99LD8	Mus musculus	Metazoa	285		0	False	5
Q9ZQI7	Arabidopsis thaliana	Plants	456		0	False	1
F4I9J7	Arabidopsis thaliana	Plants	202		0	False	2
Q03611	Caenorhabditis elegans	Metazoa	733		0	False	1
P06350	Oncorhynchus mykiss	Metazoa	207		0	False	1
Q9NWT8	Homo sapiens	Metazoa	199		0	False	3
Q6SKR5	Xenopus laevis	Metazoa	228		0	False	3
Q03246	Saccharomyces cerevisiae (strain ATCC 204508 / S288c)	Fungi	237		0	False	3
P52591	Rattus norvegicus	Metazoa	1199		0	True	1
P62331	Mus musculus	Metazoa	175		0	False	2
P17012	Mus musculus	Metazoa	799		0	False	1
Q9HG09	Komagataella pastoris	Fungi	425		0	False	5
Q8NB78	Homo sapiens	Metazoa	822		0	False	3
Q13426	Homo sapiens	Metazoa	336		0	False	4
Q62141	Mus musculus	Metazoa	1098		0	False	5
P47138	Saccharomyces cerevisiae (strain ATCC 204508 / S288c)	Fungi	172		0	False	4
Q04728	Saccharomyces cerevisiae (strain ATCC 204508 / S288c)	Fungi	441		0	False	5
O13894	Schizosaccharomyces pombe (strain 972 / ATCC 24843)	Fungi	124		0	False	4
Q9ZWA6	Arabidopsis thaliana	Plants	506		0	False	3
Q9CQH3	Mus musculus	Metazoa	189		0	True	4
A2AKX3	Mus musculus	Metazoa	2646		0	False	1
Q6ECI4	Homo sapiens	Metazoa	717		0	False	4
Q9UIA9	Homo sapiens	Metazoa	1087		0	False	3
Q6B9X6	Dictyostelium discoideum	Other	625		0	False	2
Q86UA6	Homo sapiens	Metazoa	219		0	False	2
Q9VX12	Drosophila melanogaster	Metazoa	359		0	False	3
Q8JZL0	Mus musculus	Metazoa	594		0	False	4
Q8K136	Mus musculus	Metazoa	229		0	False	5
Q24434	Drosophila melanogaster	Metazoa	479		0	False	1
P0CT67	Schizosaccharomyces pombe (strain 972 / ATCC 24843)	Fungi	152		0	False	1
P25573	Saccharomyces cerevisiae (strain ATCC 204508 / S288c)	Fungi	417		0	True	1
P47196	Rattus norvegicus	Metazoa	480		0	False	1
Q9UHX1	Homo sapiens	Metazoa	559		0	False	4
P21138	Entamoeba histolytica (strain ATCC 30459 / HM-1:IMSS / ABRM)	Other	233		0	False	3
A2AM29	Mus musculus	Metazoa	569		0	False	4
Q08702	Saccharomyces cerevisiae (strain ATCC 204508 / S288c)	Fungi	217		0	False	2
Q9USJ7	Schizosaccharomyces pombe (strain 972 / ATCC 24843)	Fungi	393		0	False	4
O89043	Rattus norvegicus	Metazoa	600		0	False	2
Q15942	Homo sapiens	Metazoa	572		0	False	1
Q08913	Saccharomyces cerevisiae (strain ATCC 204508 / S288c)	Fungi	375		0	True	3
Q8NCD3	Homo sapiens	Metazoa	748		0	False	5
Q9SQ70	Papaver somniferum	Plants	321		0	False	2
Q80VY9	Mus musculus	Metazoa	698		0	False	2
P55073	Homo sapiens	Metazoa	304		0	True	2
Q9LIH6	Arabidopsis thaliana	Plants	330		0	False	3
Q8GUL2	Arabidopsis thaliana	Plants	958		0	False	3
P19836	Rattus norvegicus	Metazoa	367		0	False	5
Q9Z2T2	Rattus norvegicus	Metazoa	336		0	True	3
Q02759	Rattus norvegicus	Metazoa	663		0	False	3
P30793	Homo sapiens	Metazoa	250		0	False	2
Q1MTM9	Schizosaccharomyces pombe (strain 972 / ATCC 24843)	Fungi	977		0	False	2
O88705	Mus musculus	Metazoa	779		0	False	2
Q6ZPV2	Mus musculus	Metazoa	1559		0	False	5
G5EGB2	Caenorhabditis elegans	Metazoa	459		0	False	4
H2LNR5	Oryzias latipes	Metazoa	746		0	False	4
O00574	Homo sapiens	Metazoa	342		0	True	1
P50278	Saccharomyces cerevisiae (strain ATCC 204508 / S288c)	Fungi	321		0	False	2
Q9Y572	Homo sapiens	Metazoa	518		0	False	3
P28778	Saccharomyces cerevisiae (strain ATCC 204508 / S288c)	Fungi	131		0	False	3
Q5SGE0	Rattus norvegicus	Metazoa	1392		0	False	5
Q14188	Homo sapiens	Metazoa	446		0	False	2
Q8WYQ5	Homo sapiens	Metazoa	773		0	False	2
Q9UPN3	Homo sapiens	Metazoa	7388		0	False	3
Q7K6X4	Caenorhabditis elegans	Metazoa	497		0	False	4
O35430	Rattus norvegicus	Metazoa	839		0	False	5
Q66KV4	Xenopus laevis	Metazoa	90		0	False	1
Q9GZU7	Homo sapiens	Metazoa	261		0	False	1
O59701	Schizosaccharomyces pombe (strain 972 / ATCC 24843)	Fungi	351		0	False	5
Q9Y2I1	Homo sapiens	Metazoa	1504		0	False	4
O00268	Homo sapiens	Metazoa	1085		0	False	5
Q9HD15	Homo sapiens	Metazoa	224		0	False	2
Q8BK84	Mus musculus	Metazoa	215		0	False	3
P53540	Saccharomyces cerevisiae (strain ATCC 204508 / S288c)	Fungi	846		0	False	2
P41896	Saccharomyces cerevisiae (strain ATCC 204508 / S288c)	Fungi	400		0	False	4
Q86TV6	Homo sapiens	Metazoa	843		0	False	5
Q8TAE8	Homo sapiens	Metazoa	222		0	False	4
Q8N8R5	Homo sapiens	Metazoa	385		0	False	2
Q4AE70	Rattus norvegicus	Metazoa	651		0	False	2
Q0D9S3	Oryza sativa subsp. japonica	Plants	530		0	True	5
Q91WD2	Mus musculus	Metazoa	767		0	False	2
Q9Y222	Homo sapiens	Metazoa	760		0	False	4
P43273	Arabidopsis thaliana	Plants	330		0	False	4
Q8GY84	Arabidopsis thaliana	Plants	456		0	False	3
O15234	Homo sapiens	Metazoa	703		0	False	5
P13489	Homo sapiens	Metazoa	461		0	False	4
Q96CB8	Homo sapiens	Metazoa	462		0	False	3
P06601	Drosophila melanogaster	Metazoa	613		0	False	4
Q9LFQ9	Arabidopsis thaliana	Plants	359		0	False	2
P35803	Mus musculus	Metazoa	328		0	True	3
P16671	Homo sapiens	Metazoa	472		0	True	3
Q9FI53	Arabidopsis thaliana	Plants	499		0	False	3
Q86VL8	Homo sapiens	Metazoa	602		0	True	5
Q6BDR8	Schizosaccharomyces pombe (strain 972 / ATCC 24843)	Fungi	300		0	False	5
Q8SX37	Drosophila melanogaster	Metazoa	224		0	True	4
Q16254	Homo sapiens	Metazoa	413		0	False	4
Q8TF45	Homo sapiens	Metazoa	676		0	False	3
P34213	Caenorhabditis elegans	Metazoa	205		0	False	1
F4JN35	Arabidopsis thaliana	Plants	512		0	False	2
D3Z3K2	Mus musculus	Metazoa	276		0	False	5
Q00731	Mus musculus	Metazoa	392		0	False	4
Q9Z125	Mus musculus	Metazoa	519		0	False	4
Q9H040	Homo sapiens	Metazoa	489		0	False	1
P50093	Caenorhabditis elegans	Metazoa	294		0	True	3
Q8RXA8	Spinacia oleracea	Plants	235		0	False	4
Q95748	Arabidopsis thaliana	Plants	190		0	False	1
A2VCW5	Rattus norvegicus	Metazoa	479		0	True	4
Q9Z2M4	Rattus norvegicus	Metazoa	292		0	False	3
Q8BTQ0	Mus musculus	Metazoa	241		0	False	2
P16387	Saccharomyces cerevisiae (strain ATCC 204508 / S288c)	Fungi	420		0	False	5
Q96326	Arabidopsis thaliana	Plants	256		0	True	2
G7L166	Medicago truncatula	Plants	674		0	False	4
L0R6Q1	Homo sapiens	Metazoa	103		0	True	1
Q9NW13	Homo sapiens	Metazoa	759		0	False	3
Q94F30	Arabidopsis thaliana	Plants	489		0	False	1
Q5D869	Arabidopsis thaliana	Plants	1976		0	False	1
Q9UI26	Homo sapiens	Metazoa	975		0	False	5
F4JCC1	Arabidopsis thaliana	Plants	992		0	False	1
B6ZKM3	Carapichea ipecacuanha	Plants	543		0	False	1
Q91YR5	Mus musculus	Metazoa	698		0	False	5
Q10MI4	Oryza sativa subsp. japonica	Plants	895		0	False	2
P53743	Saccharomyces cerevisiae (strain ATCC 204508 / S288c)	Fungi	316		0	False	5
Q03281	Saccharomyces cerevisiae (strain ATCC 204508 / S288c)	Fungi	663		0	False	4
P40548	Saccharomyces cerevisiae (strain ATCC 204508 / S288c)	Fungi	159		0	True	5
Q42290	Arabidopsis thaliana	Plants	531		0	False	5
Q07510	Spinacia oleracea	Plants	405		0	False	1
Q9NXE4	Homo sapiens	Metazoa	866		0	False	3
Q11184	Caenorhabditis elegans	Metazoa	425		0	False	2
P32785	Saccharomyces cerevisiae (strain ATCC 204508 / S288c)	Fungi	401		0	False	3
Q09738	Schizosaccharomyces pombe (strain 972 / ATCC 24843)	Fungi	449		0	False	2
P22315	Mus musculus	Metazoa	422		0	False	4
P56394	Mus musculus	Metazoa	63		0	False	5
P36136	Saccharomyces cerevisiae (strain ATCC 204508 / S288c)	Fungi	271		0	False	4
Q9FLU1	Arabidopsis thaliana	Plants	454		0	False	4
Q96EL3	Homo sapiens	Metazoa	112		0	False	4
Q84V18	Chlamydomonas reinhardtii	Plants	754		0	False	3
Q60560	Mesocricetus auratus	Metazoa	989		0	False	2
Q9H0S4	Homo sapiens	Metazoa	455		0	False	2
Q4V7C6	Rattus norvegicus	Metazoa	693		0	False	3
P93203	Solanum lycopersicum	Plants	697		0	False	1
B9DGI8	Arabidopsis thaliana	Plants	314		0	False	2
G3V7L5	Rattus norvegicus	Metazoa	412		0	False	4
Q05315	Homo sapiens	Metazoa	142		0	False	5
Q9BEA2	Bos taurus	Metazoa	577		0	False	5
Q7TSZ8	Mus musculus	Metazoa	514		0	False	2
A0MES8	Arabidopsis thaliana	Plants	328		0	False	4
P08153	Saccharomyces cerevisiae (strain ATCC 204508 / S288c)	Fungi	709		0	False	5
Q99NA2	Mus musculus	Metazoa	322		0	False	4
Q9UMS4	Homo sapiens	Metazoa	504		0	False	2
O54825	Mus musculus	Metazoa	436		0	False	3
Q8R316	Mus musculus	Metazoa	516		0	False	1
Q9P7J7	Schizosaccharomyces pombe (strain 972 / ATCC 24843)	Fungi	437		0	False	1
P35735	Saccharomyces cerevisiae (strain ATCC 204508 / S288c)	Fungi	353		0	True	3
O88767	Rattus norvegicus	Metazoa	189		0	False	5
Q9CQY6	Mus musculus	Metazoa	136		0	False	5
Q9ULI0	Homo sapiens	Metazoa	1458		0	False	5
Q8NDD1	Homo sapiens	Metazoa	293		0	False	2
Q969X0	Homo sapiens	Metazoa	211		0	False	2
O60264	Homo sapiens	Metazoa	1052		0	False	1
P22778	Ipomoea batatas	Plants	244		0	False	1
P45968	Caenorhabditis elegans	Metazoa	339		0	False	1
O13709	Schizosaccharomyces pombe (strain 972 / ATCC 24843)	Fungi	244		0	False	4
Q9LU93	Arabidopsis thaliana	Plants	209		0	False	5
P40625	Tetrahymena pyriformis	Other	99		0	False	1
P22739	Xenopus laevis	Metazoa	499		0	False	4
Q9UPS6	Homo sapiens	Metazoa	1966		0	False	4
Q9FQ09	Arabidopsis thaliana	Plants	680		0	False	3
P34766	Caenorhabditis elegans	Metazoa	270		0	False	5
P46963	Saccharomyces cerevisiae (strain ATCC 204508 / S288c)	Fungi	296		0	False	2
Q05900	Saccharomyces cerevisiae (strain ATCC 204508 / S288c)	Fungi	231		0	False	5
P28230	Mus musculus	Metazoa	283		0	True	1
Q20924	Caenorhabditis elegans	Metazoa	473		0	False	1
Q27415	Drosophila melanogaster	Metazoa	152		0	False	1
Q8CFZ5	Mus musculus	Metazoa	553		0	True	5
O23277	Arabidopsis thaliana	Plants	1330		0	False	5
Q9M384	Arabidopsis thaliana	Plants	653		0	False	2
Q94527	Drosophila melanogaster	Metazoa	971		0	False	3
Q9FFW5	Arabidopsis thaliana	Plants	681		0	False	2
Q8WUX9	Homo sapiens	Metazoa	453		0	False	3
Q9FJG9	Arabidopsis thaliana	Plants	445		0	False	5
Q09821	Sus scrofa	Metazoa	138		0	False	5
Q86YD1	Homo sapiens	Metazoa	416		0	False	3
Q0D2I5	Homo sapiens	Metazoa	559		0	False	1
Q05860	Mus musculus	Metazoa	1466		0	False	2
Q9NXW2	Homo sapiens	Metazoa	375		0	False	5
Q852L0	Oryza sativa subsp. japonica	Plants	707		0	False	2
Q9HFF5	Schizosaccharomyces pombe (strain 972 / ATCC 24843)	Fungi	1205		0	False	2
Q9WVL3	Mus musculus	Metazoa	1083		0	False	5
P52701	Homo sapiens	Metazoa	1360		0	False	3
P10070	Homo sapiens	Metazoa	1586		0	False	4
O54942	Mus musculus	Metazoa	218		0	True	1
Q9UBS0	Homo sapiens	Metazoa	482		0	False	1
Q8NBU5	Homo sapiens	Metazoa	361		0	True	1
Q9EPT8	Rattus norvegicus	Metazoa	251		0	True	5
P28644	Spinacia oleracea	Plants	233		0	False	2
P09884	Homo sapiens	Metazoa	1462		0	False	3
Q2YDI5	Bos taurus	Metazoa	212		0	False	4
Q15054	Homo sapiens	Metazoa	466		0	False	2
Q9SZD4	Arabidopsis thaliana	Plants	443		0	False	3
P00060	Solanum lycopersicum	Plants	111		0	False	4
Q9P7N2	Schizosaccharomyces pombe (strain 972 / ATCC 24843)	Fungi	162		0	False	3
Q59UY7	Candida albicans (strain SC5314 / ATCC MYA-2876)	Fungi	917		0	False	2
O22049	Arabidopsis thaliana	Plants	353		0	False	4
P69246	Zea mays	Plants	136		0	False	4
Q8K4V2	Rattus norvegicus	Metazoa	953		0	False	4
Q61425	Mus musculus	Metazoa	314		0	False	2
P48483	Arabidopsis thaliana	Plants	322		0	False	4
Q23529	Caenorhabditis elegans	Metazoa	777		0	False	1
Q33DK1	Oryza sativa subsp. japonica	Plants	203		0	False	2
Q9D855	Mus musculus	Metazoa	111		0	False	3
Q6P6U0	Rattus norvegicus	Metazoa	517		0	False	2
Q06710	Homo sapiens	Metazoa	450		0	False	5
Q07802	Mus musculus	Metazoa	591		0	False	3
Q96L50	Homo sapiens	Metazoa	414		0	False	5
Q6NYV9	Danio rerio	Metazoa	696		0	False	5
P31350	Homo sapiens	Metazoa	389		0	False	4
P40897	Saccharomyces cerevisiae (strain ATCC 204508 / S288c)	Fungi	799		0	False	1
Q96M94	Homo sapiens	Metazoa	604		0	False	2
A0A075D657	Vinca minor	Plants	322		0	False	5
F4KF14	Arabidopsis thaliana	Plants	855		0	False	1
Q581T1	Trypanosoma brucei brucei (strain 927/4 GUTat10.1)	Other	2167		0	False	3
Q22323	Caenorhabditis elegans	Metazoa	283		0	False	1
P04921	Homo sapiens	Metazoa	128		0	True	4
P34972	Homo sapiens	Metazoa	360		0	True	5
A2XKG2	Oryza sativa subsp. indica	Plants	472		0	False	2
Q04002	Saccharomyces cerevisiae (strain ATCC 204508 / S288c)	Fungi	1493		0	False	4
O43716	Homo sapiens	Metazoa	136		0	False	5
Q9DC70	Mus musculus	Metazoa	224		0	False	2
Q9LW29	Arabidopsis thaliana	Plants	575		0	False	4
P46609	Oryza sativa subsp. japonica	Plants	361		0	False	4
P32183	Rattus norvegicus	Metazoa	354		0	False	2
Q80U87	Mus musculus	Metazoa	1080		0	False	5
Q9LTF7	Arabidopsis thaliana	Plants	201		0	False	2
P47988	Saccharomyces cerevisiae (strain ATCC 204508 / S288c)	Fungi	759		0	False	3
Q15648	Homo sapiens	Metazoa	1581		0	False	4
Q8NFU7	Homo sapiens	Metazoa	2136		0	False	4
P47824	Rattus norvegicus	Metazoa	399		0	True	4
P25079	Solanum tuberosum	Plants	477		0	False	5
Q3C1E9	Gallus gallus	Metazoa	204		0	False	5
Q96WW2	Schizosaccharomyces pombe (strain 972 / ATCC 24843)	Fungi	383		0	False	4
Q7ZT01	Xenopus laevis	Metazoa	210		0	False	2
Q9HAC7	Homo sapiens	Metazoa	438		0	False	3
Q6AYD3	Rattus norvegicus	Metazoa	394		0	False	1
P25786	Homo sapiens	Metazoa	263		0	False	2
Q92959	Homo sapiens	Metazoa	643		0	True	3
Q71DI3	Homo sapiens	Metazoa	136		0	False	5
P54728	Mus musculus	Metazoa	416		0	False	2
V5IQE0	Neurospora crassa (strain ATCC 24698 / 74-OR23-1A / CBS 708.71 / DSM 1257 / FGSC 987)	Fungi	202		0	False	4
Q3TBL6	Mus musculus	Metazoa	204		0	False	2
P43246	Homo sapiens	Metazoa	934		0	False	2
Q92574	Homo sapiens	Metazoa	1164		0	False	2
Q96HJ9	Homo sapiens	Metazoa	113		0	False	4
B6HJ92	Penicillium rubens (strain ATCC 28089 / DSM 1075 / NRRL 1951 / Wisconsin 54-1255)	Fungi	552		0	False	1
Q16560	Homo sapiens	Metazoa	246		0	False	1
P61158	Homo sapiens	Metazoa	418		0	False	5
Q7Z5J4	Homo sapiens	Metazoa	1906		0	False	4
Q9LZN0	Arabidopsis thaliana	Plants	546		0	False	1
Q8BYM8	Mus musculus	Metazoa	551		0	False	5
A0A0A6YY25	Mus musculus	Metazoa	723		0	False	5
Q8R3U1	Mus musculus	Metazoa	162		0	False	2
Q38946	Arabidopsis thaliana	Plants	411		0	False	4
Q14765	Homo sapiens	Metazoa	748		0	False	3
Q6AT90	Oryza sativa subsp. japonica	Plants	505		0	False	4
Q9P804	Schizosaccharomyces pombe (strain 972 / ATCC 24843)	Fungi	548		0	False	2
Q9SAR5	Arabidopsis thaliana	Plants	342		0	False	5
P25457	Schizosaccharomyces pombe (strain 972 / ATCC 24843)	Fungi	250		0	False	5
P35499	Homo sapiens	Metazoa	1836		0	False	3
Q8WTR7	Homo sapiens	Metazoa	871		0	False	2
P08760	Bos taurus	Metazoa	227		0	False	4
P00021	Columba livia	Metazoa	105		0	False	2
Q5XJV7	Mus musculus	Metazoa	1441		0	False	2
O49621	Arabidopsis thaliana	Plants	526		0	True	5
O24475	Abies grandis	Plants	628		0	False	5
Q3EBQ3	Arabidopsis thaliana	Plants	807		0	False	4
P15398	Schizosaccharomyces pombe (strain 972 / ATCC 24843)	Fungi	1689		0	False	2
P12301	Spinacia oleracea	Plants	232		0	False	2
Q8CII8	Mus musculus	Metazoa	388		0	False	4
G5EFZ3	Caenorhabditis elegans	Metazoa	570		0	False	4
O00308	Homo sapiens	Metazoa	870		0	False	3
P86924	Trypanosoma brucei brucei	Other	416		0	False	4
Q99878	Homo sapiens	Metazoa	128		0	False	5
Q9W485	Drosophila melanogaster	Metazoa	1284		0	False	3
P40215	Saccharomyces cerevisiae (strain ATCC 204508 / S288c)	Fungi	560		0	False	2
Q10666	Caenorhabditis elegans	Metazoa	438		0	False	4
O94776	Homo sapiens	Metazoa	668		0	False	1
Q801G2	Danio rerio	Metazoa	354		0	True	5
Q92366	Schizosaccharomyces pombe (strain 972 / ATCC 24843)	Fungi	61		0	False	3
Q60795	Mus musculus	Metazoa	597		0	False	1
O54957	Mus musculus	Metazoa	242		0	True	4
P23763	Homo sapiens	Metazoa	118		0	False	5
C6SZ50	Glycine max	Plants	211		0	False	1
D3ZUI5	Rattus norvegicus	Metazoa	1133		0	False	2
Q12055	Saccharomyces cerevisiae (strain ATCC 204508 / S288c)	Fungi	197		0	False	3
B5X0I6	Arabidopsis thaliana	Plants	1091		0	False	1
Q9C895	Arabidopsis thaliana	Plants	900		0	False	5
Q03347	Mus musculus	Metazoa	451		0	False	4
P38121	Saccharomyces cerevisiae (strain ATCC 204508 / S288c)	Fungi	705		0	False	1
Q9CUU3	Mus musculus	Metazoa	1500		0	False	3
Q00361	Bos taurus	Metazoa	71		0	False	4
Q9LQ98	Arabidopsis thaliana	Plants	345		0	False	3
P19682	Nicotiana sylvestris	Plants	276		0	False	3
Q20060	Caenorhabditis elegans	Metazoa	1549		0	False	2
Q0JLP9	Oryza sativa subsp. japonica	Plants	467		0	False	2
Q62847	Rattus norvegicus	Metazoa	705		0	False	4
Q9H813	Homo sapiens	Metazoa	350		0	True	1
Q6ZJM9	Oryza sativa subsp. japonica	Plants	563		0	False	4
P82920	Bos taurus	Metazoa	87		0	False	2
Q96329	Arabidopsis thaliana	Plants	436		0	False	3
G5EBN9	Caenorhabditis elegans	Metazoa	600		0	True	5
Q64702	Mus musculus	Metazoa	925		0	False	5
O95125	Homo sapiens	Metazoa	648		0	False	4
Q6IQ55	Homo sapiens	Metazoa	1244		0	False	2
P58467	Mus musculus	Metazoa	439		0	False	1
Q0WQG8	Arabidopsis thaliana	Plants	467		0	True	4
Q9UK17	Homo sapiens	Metazoa	655		0	False	2
G5EFY7	Caenorhabditis elegans	Metazoa	295		0	False	4
Q62915	Rattus norvegicus	Metazoa	909		0	False	5
Q9ULV3	Homo sapiens	Metazoa	898		0	False	1
P53313	Saccharomyces cerevisiae (strain ATCC 204508 / S288c)	Fungi	767		0	False	5
Q9BRQ6	Homo sapiens	Metazoa	235		0	False	1
Q54QR9	Dictyostelium discoideum	Other	584		0	False	3
H2KYH4	Caenorhabditis elegans	Metazoa	392		0	False	5
P00423	Bos taurus	Metazoa	169		0	False	1
Q9GZL7	Homo sapiens	Metazoa	423		0	False	2
P49957	Saccharomyces cerevisiae (strain ATCC 204508 / S288c)	Fungi	279		0	False	5
Q53GL0	Homo sapiens	Metazoa	409		0	False	5
Q8NAP3	Homo sapiens	Metazoa	1195		0	False	1
P47102	Saccharomyces cerevisiae (strain ATCC 204508 / S288c)	Fungi	1408		0	False	4
Q8NE71	Homo sapiens	Metazoa	845		0	False	4
Q92664	Homo sapiens	Metazoa	365		0	False	3
O88576	Mus musculus	Metazoa	615		0	True	2
Q96FF9	Homo sapiens	Metazoa	252		0	False	3
P49869	Drosophila melanogaster	Metazoa	1073		0	False	4
P48349	Arabidopsis thaliana	Plants	248		0	False	4
F4JZY1	Arabidopsis thaliana	Plants	1586		0	False	3
F4IHY7	Arabidopsis thaliana	Plants	527		0	False	4
Q3U1J0	Mus musculus	Metazoa	479		0	True	1
Q9S850	Arabidopsis thaliana	Plants	393		0	False	5
Q8C6L5	Mus musculus	Metazoa	507		0	False	5
Q9BUZ4	Homo sapiens	Metazoa	470		0	False	1
Q12778	Homo sapiens	Metazoa	655		0	False	5
O80990	Arabidopsis thaliana	Plants	352		0	False	4
Q8BHK3	Mus musculus	Metazoa	478		0	True	2
P00430	Bos taurus	Metazoa	63		0	True	3
P40038	Saccharomyces cerevisiae (strain ATCC 204508 / S288c)	Fungi	420		0	False	2
P31000	Rattus norvegicus	Metazoa	466		0	False	2
P04909	Schizosaccharomyces pombe (strain 972 / ATCC 24843)	Fungi	132		0	False	3
A0A075TRA9	Penicillium expansum	Fungi	546		0	True	5
Q64373	Mus musculus	Metazoa	233		0	False	1
Q9Y463	Homo sapiens	Metazoa	629		0	False	2
Q10953	Caenorhabditis elegans	Metazoa	796		0	False	3
O94768	Homo sapiens	Metazoa	372		0	False	4
Q04003	Saccharomyces cerevisiae (strain ATCC 204508 / S288c)	Fungi	481		0	False	5
Q93Y32	Arabidopsis thaliana	Plants	384		0	False	2
Q8R3C6	Mus musculus	Metazoa	952		0	False	1
P38198	Saccharomyces cerevisiae (strain ATCC 204508 / S288c)	Fungi	1513		0	False	2
P41921	Saccharomyces cerevisiae (strain ATCC 204508 / S288c)	Fungi	483		0	False	5
Q8IMA8	Drosophila melanogaster	Metazoa	1192		0	False	2
Q6KAU8	Mus musculus	Metazoa	623		0	False	3
A1L1K8	Rattus norvegicus	Metazoa	411		0	False	4
P38804	Saccharomyces cerevisiae (strain ATCC 204508 / S288c)	Fungi	111		0	False	2
Q9UT50	Schizosaccharomyces pombe (strain 972 / ATCC 24843)	Fungi	485		0	False	1
Q96PK6	Homo sapiens	Metazoa	669		0	False	1
O13600	Schizosaccharomyces pombe (strain 972 / ATCC 24843)	Fungi	209		0	False	5
Q9DA75	Mus musculus	Metazoa	534		0	True	4
O96237	Plasmodium falciparum (isolate 3D7)	Other	899		0	False	1
Q9FMG4	Arabidopsis thaliana	Plants	303		0	False	3
Q9BTX1	Homo sapiens	Metazoa	674		0	True	2
Q9ZT91	Arabidopsis thaliana	Plants	454		0	False	4
Q04364	Saccharomyces cerevisiae (strain ATCC 204508 / S288c)	Fungi	514		0	False	3
Q38890	Arabidopsis thaliana	Plants	621		0	True	4
Q9VRV7	Drosophila melanogaster	Metazoa	121		0	False	3
P92983	Arabidopsis thaliana	Plants	499		0	False	3
P48561	Saccharomyces cerevisiae (strain ATCC 204508 / S288c)	Fungi	642		0	False	5
P53835	Saccharomyces cerevisiae (strain ATCC 204508 / S288c)	Fungi	661		0	True	3
P57764	Homo sapiens	Metazoa	484		0	False	5
A0A3Q7HWE4	Solanum lycopersicum	Plants	165		0	False	1
P25453	Saccharomyces cerevisiae (strain ATCC 204508 / S288c)	Fungi	334		0	False	1
Q6QLQ4	Mus musculus	Metazoa	244		0	True	2
P54345	Chlamydomonas reinhardtii	Plants	156		0	False	3
Q61467	Mus musculus	Metazoa	341		0	False	2
P17809	Mus musculus	Metazoa	492		0	True	3
P30775	Saccharomyces cerevisiae (strain ATCC 204508 / S288c)	Fungi	413		0	False	2
P13681	Schizosaccharomyces pombe (strain 972 / ATCC 24843)	Fungi	327		0	False	2
P28358	Homo sapiens	Metazoa	340		0	False	2
P25555	Saccharomyces cerevisiae (strain ATCC 204508 / S288c)	Fungi	427		0	False	1
Q8LF36	Arabidopsis thaliana	Plants	492		0	False	5
Q6KAS7	Mus musculus	Metazoa	1311		0	False	2
Q0WVR4	Arabidopsis thaliana	Plants	345		0	False	5
Q6DE08	Xenopus laevis	Metazoa	361		0	False	1
Q39237	Arabidopsis thaliana	Plants	368		0	False	1
P16163	Drosophila melanogaster	Metazoa	352		0	False	2
Q810M6	Mus musculus	Metazoa	228		0	False	2
Q15717	Homo sapiens	Metazoa	326		0	False	4
Q96EP9	Homo sapiens	Metazoa	437		0	False	2
Q8BMI0	Mus musculus	Metazoa	1194		0	False	4
P38889	Saccharomyces cerevisiae (strain ATCC 204508 / S288c)	Fungi	622		0	False	3
Q9Y696	Homo sapiens	Metazoa	253		0	True	5
Q9ERS0	Rattus norvegicus	Metazoa	405		0	True	1
O46036	Drosophila melanogaster	Metazoa	476		0	False	4
Q6ZN28	Homo sapiens	Metazoa	852		0	False	2
Q9P793	Schizosaccharomyces pombe (strain 972 / ATCC 24843)	Fungi	1418		0	False	4
P43165	Rattus norvegicus	Metazoa	304		0	False	3
P22513	Trypanosoma cruzi	Other	359		0	False	1
Q8CIG3	Mus musculus	Metazoa	826		0	False	4
Q9USR9	Schizosaccharomyces pombe (strain 972 / ATCC 24843)	Fungi	643		0	False	2
Q61097	Mus musculus	Metazoa	873		0	False	4
Q8W4D8	Arabidopsis thaliana	Plants	314		0	False	3
Q9FN50	Arabidopsis thaliana	Plants	258		0	False	4
P23434	Homo sapiens	Metazoa	173		0	False	5
P36011	Emericella nidulans (strain FGSC A4 / ATCC 38163 / CBS 112.46 / NRRL 194 / M139)	Fungi	622		0	False	5
P03968	Bos taurus	Metazoa	155		0	False	4
Q9UUC7	Schizosaccharomyces pombe (strain 972 / ATCC 24843)	Fungi	366		0	False	4
O60127	Schizosaccharomyces pombe (strain 972 / ATCC 24843)	Fungi	126		0	False	2
Q5JK84	Oryza sativa subsp. japonica	Plants	432		0	False	4
Q01359	Neurospora crassa (strain ATCC 24698 / 74-OR23-1A / CBS 708.71 / DSM 1257 / FGSC 987)	Fungi	148		0	False	2
Q8TC56	Homo sapiens	Metazoa	605		0	False	2
Q8TCW9	Homo sapiens	Metazoa	393		0	True	5
Q7S6M9	Neurospora crassa (strain ATCC 24698 / 74-OR23-1A / CBS 708.71 / DSM 1257 / FGSC 987)	Fungi	309		0	False	2
P17812	Homo sapiens	Metazoa	591		0	False	2
Q969V6	Homo sapiens	Metazoa	931		0	False	2
P38060	Mus musculus	Metazoa	325		0	False	1
Q9VLD6	Drosophila melanogaster	Metazoa	315		0	False	4
P0CB49	Rattus norvegicus	Metazoa	1376		0	False	3
Q5K4L6	Homo sapiens	Metazoa	683		0	True	4
P78714	Neurospora crassa (strain ATCC 24698 / 74-OR23-1A / CBS 708.71 / DSM 1257 / FGSC 987)	Fungi	530		0	False	4
P60879	Mus musculus	Metazoa	206		0	False	2
P08907	Equus caballus	Metazoa	401		0	False	5
Q9BXJ9	Homo sapiens	Metazoa	866		0	False	1
Q9SU56	Arabidopsis thaliana	Plants	610		0	True	1
P23511	Homo sapiens	Metazoa	347		0	False	4
Q86LG1	Drosophila melanogaster	Metazoa	606		0	True	3
Q3E7A3	Saccharomyces cerevisiae (strain ATCC 204508 / S288c)	Fungi	74		0	True	4
Q8WZ42	Homo sapiens	Metazoa	34350		0	False	2
Q04836	Arabidopsis thaliana	Plants	329		0	False	5
Q7Z3K3	Homo sapiens	Metazoa	1410		0	False	5
P51784	Homo sapiens	Metazoa	963		0	False	3
Q8IXQ9	Homo sapiens	Metazoa	262		0	False	4
P11829	Arabidopsis thaliana	Plants	137		0	False	3
Q9MAC8	Arabidopsis thaliana	Plants	792		0	False	3
Q96P66	Homo sapiens	Metazoa	508		0	True	1
P86981	Podarcis siculus	Metazoa	81		0	False	3
P0C0S4	Bos taurus	Metazoa	128		0	False	2
A9C3R8	Danio rerio	Metazoa	532		0	False	4
P94077	Arabidopsis thaliana	Plants	189		0	False	2
Q6AVT2	Oryza sativa subsp. japonica	Plants	511		0	False	5
P04819	Saccharomyces cerevisiae (strain ATCC 204508 / S288c)	Fungi	755		0	False	2
Q3E7A4	Saccharomyces cerevisiae (strain ATCC 204508 / S288c)	Fungi	109		0	False	3
Q8T498	Drosophila melanogaster	Metazoa	1580		0	False	5
G5EEU2	Caenorhabditis elegans	Metazoa	714		0	False	4
Q8GUI6	Arabidopsis thaliana	Plants	954		0	False	4
P21372	Saccharomyces cerevisiae (strain ATCC 204508 / S288c)	Fungi	849		0	False	1
G5ED68	Caenorhabditis elegans	Metazoa	676		0	False	1
Q9SR43	Arabidopsis thaliana	Plants	329		0	False	2
Q7M400	Tetrahymena pyriformis	Other	121		0	False	1
P31414	Arabidopsis thaliana	Plants	770		0	True	1
P06701	Saccharomyces cerevisiae (strain ATCC 204508 / S288c)	Fungi	978		0	False	3
P37913	Mus musculus	Metazoa	916		0	False	2
Q9UU79	Schizosaccharomyces pombe (strain 972 / ATCC 24843)	Fungi	260		0	False	2
Q8BLB7	Mus musculus	Metazoa	883		0	False	4
P35561	Mus musculus	Metazoa	428		0	True	4
P45983	Homo sapiens	Metazoa	427		0	False	5
P13637	Homo sapiens	Metazoa	1013		0	True	4
C4R8D7	Komagataella phaffii (strain GS115 / ATCC 20864)	Fungi	409		0	False	3
Q5KKP4	Cryptococcus neoformans var. neoformans serotype D (strain JEC21 / ATCC MYA-565)	Fungi	640		0	False	1
P14923	Homo sapiens	Metazoa	745		0	False	5
P28519	Saccharomyces cerevisiae (strain ATCC 204508 / S288c)	Fungi	371		0	False	4
Q924A5	Rattus norvegicus	Metazoa	475		0	True	5
Q9BTE3	Homo sapiens	Metazoa	642		0	False	2
O13799	Schizosaccharomyces pombe (strain 972 / ATCC 24843)	Fungi	1030		0	False	3
Q9N5A8	Caenorhabditis elegans	Metazoa	228		0	False	3
Q62962	Rattus norvegicus	Metazoa	512		0	True	1
O74458	Schizosaccharomyces pombe (strain 972 / ATCC 24843)	Fungi	1006		0	False	1
P30153	Homo sapiens	Metazoa	589		0	False	3
P38333	Saccharomyces cerevisiae (strain ATCC 204508 / S288c)	Fungi	483		0	False	3
Q8K2X3	Mus musculus	Metazoa	378		0	False	4
P55853	Caenorhabditis elegans	Metazoa	91		0	False	3
O13725	Schizosaccharomyces pombe (strain 972 / ATCC 24843)	Fungi	242		0	False	4
Q9P2Y4	Homo sapiens	Metazoa	722		0	False	2
Q9H0C3	Homo sapiens	Metazoa	514		0	True	1
Q96F07	Homo sapiens	Metazoa	1278		0	False	4
Q60641	Mus musculus	Metazoa	488		0	False	3
Q9Y2Q0	Homo sapiens	Metazoa	1164		0	True	3
Q8R0W0	Mus musculus	Metazoa	6548		0	False	4
W5U2K2	Catharanthus roseus	Plants	289		0	False	1
Q96SB8	Homo sapiens	Metazoa	1091		0	False	2
P08635	Rattus norvegicus	Metazoa	263		0	False	1
Q99188	Saccharomyces cerevisiae (strain ATCC 204508 / S288c)	Fungi	309		0	False	5
Q708S6	Danio rerio	Metazoa	529		0	True	4
P53369	Rattus norvegicus	Metazoa	156		0	False	5
Q20497	Caenorhabditis elegans	Metazoa	3498		0	False	4
P06404	Marchantia polymorpha	Plants	353		0	True	5
P38205	Saccharomyces cerevisiae (strain ATCC 204508 / S288c)	Fungi	684		0	False	1
Q28838	Bos taurus	Metazoa	468		0	True	3
P79015	Schizosaccharomyces pombe (strain 972 / ATCC 24843)	Fungi	127		0	False	1
Q8K4F5	Mus musculus	Metazoa	307		0	False	1
P14410	Homo sapiens	Metazoa	1827		0	True	3
Q6P6N5	Mus musculus	Metazoa	408		0	False	2
Q8NFA2	Homo sapiens	Metazoa	376		0	False	3
O96007	Homo sapiens	Metazoa	188		0	False	4
P07871	Rattus norvegicus	Metazoa	424		0	False	5
Q15014	Homo sapiens	Metazoa	288		0	False	2
Q96FI4	Homo sapiens	Metazoa	390		0	False	4
Q91V45	Mus musculus	Metazoa	396		0	True	4
Q8CEG8	Mus musculus	Metazoa	438		0	False	1
Q92540	Homo sapiens	Metazoa	1137		0	False	3
P35869	Homo sapiens	Metazoa	848		0	False	5
P25299	Saccharomyces cerevisiae (strain ATCC 204508 / S288c)	Fungi	296		0	False	4
Q75Q39	Rattus norvegicus	Metazoa	610		0	True	3
P06100	Saccharomyces cerevisiae (strain ATCC 204508 / S288c)	Fungi	191		0	False	3
P40562	Saccharomyces cerevisiae (strain ATCC 204508 / S288c)	Fungi	993		0	False	5
Q5JVS0	Homo sapiens	Metazoa	413		0	False	4
Q9Z0W7	Rattus norvegicus	Metazoa	253		0	True	5
P54842	Rattus norvegicus	Metazoa	323		0	False	5
Q04217	Saccharomyces cerevisiae (strain ATCC 204508 / S288c)	Fungi	1267		0	False	5
P69149	Tetrahymena pyriformis	Other	136		0	False	3
G5EFS4	Caenorhabditis elegans	Metazoa	311		0	False	1
Q9LRZ3	Arabidopsis thaliana	Plants	641		0	False	2
Q9LZX6	Arabidopsis thaliana	Plants	365		0	False	3
Q9LQL0	Arabidopsis thaliana	Plants	166		0	False	1
Q7Z6L0	Homo sapiens	Metazoa	340		0	False	2
Q8L4D8	Arabidopsis thaliana	Plants	587		0	False	2
Q96Q83	Homo sapiens	Metazoa	286		0	False	4
Q05937	Saccharomyces cerevisiae (strain ATCC 204508 / S288c)	Fungi	343		0	False	2
Q9M7N6	Solanum lycopersicum	Plants	152		0	False	1
Q68ED7	Mus musculus	Metazoa	630		0	False	5
Q13206	Homo sapiens	Metazoa	875		0	False	3
O35864	Mus musculus	Metazoa	334		0	False	3
P62875	Homo sapiens	Metazoa	67		0	False	3
F4JHN2	Arabidopsis thaliana	Plants	534		0	False	4
Q9HAW4	Homo sapiens	Metazoa	1339		0	False	4
Q9CA89	Arabidopsis thaliana	Plants	515		0	False	3
P38278	Saccharomyces cerevisiae (strain ATCC 204508 / S288c)	Fungi	337		0	False	2
Q5AL36	Candida albicans (strain SC5314 / ATCC MYA-2876)	Fungi	269		0	False	3
P69850	Saccharomyces cerevisiae (strain ATCC 204508 / S288c)	Fungi	94		0	False	4
Q12104	Saccharomyces cerevisiae (strain ATCC 204508 / S288c)	Fungi	458		0	False	2
P46684	Mus musculus	Metazoa	447		0	False	5
P63094	Mus musculus	Metazoa	394		0	False	4
O94286	Schizosaccharomyces pombe (strain 972 / ATCC 24843)	Fungi	178		0	False	5
Q9UBX3	Homo sapiens	Metazoa	287		0	True	1
P51557	Mus musculus	Metazoa	284		0	False	2
Q55D99	Dictyostelium discoideum	Other	1197		0	False	4
Q944N1	Solanum lycopersicum	Plants	399		0	False	5
Q92265	Komagataella pastoris	Fungi	419		0	True	5
P15390	Rattus norvegicus	Metazoa	1840		0	False	3
Q24325	Drosophila melanogaster	Metazoa	1221		0	False	1
Q8C9E8	Mus musculus	Metazoa	313		0	True	2
Q9LFY0	Arabidopsis thaliana	Plants	532		0	False	5
Q8L743	Arabidopsis thaliana	Plants	599		0	False	5
Q9LY74	Arabidopsis thaliana	Plants	338		0	False	4
O74511	Schizosaccharomyces pombe (strain 972 / ATCC 24843)	Fungi	838		0	False	3
P16861	Saccharomyces cerevisiae (strain ATCC 204508 / S288c)	Fungi	987		0	False	5
Q12150	Saccharomyces cerevisiae (strain ATCC 204508 / S288c)	Fungi	2958		0	True	2
Q6NM26	Arabidopsis thaliana	Plants	222		0	False	2
Q62432	Mus musculus	Metazoa	467		0	False	2
Q5T1C6	Homo sapiens	Metazoa	240		0	False	5
Q8LB54	Arabidopsis thaliana	Plants	355		0	False	1
Q53S58	Homo sapiens	Metazoa	311		0	True	2
Q9BYD3	Homo sapiens	Metazoa	311		0	False	1
P47093	Saccharomyces cerevisiae (strain ATCC 204508 / S288c)	Fungi	109		0	False	2
Q38950	Arabidopsis thaliana	Plants	587		0	False	2
P41977	Caenorhabditis elegans	Metazoa	218		0	False	4
P04150	Homo sapiens	Metazoa	777		0	False	5
Q60547	Mesocricetus auratus	Metazoa	234		0	False	5
P41004	Schizosaccharomyces pombe (strain 972 / ATCC 24843)	Fungi	1324		0	False	4
P53535	Solanum tuberosum	Plants	974		0	False	3
P46199	Homo sapiens	Metazoa	727		0	False	1
O00291	Homo sapiens	Metazoa	1037		0	False	5
P78917	Schizosaccharomyces pombe (strain 972 / ATCC 24843)	Fungi	550		0	False	1
Q7Y1W1	Arabidopsis thaliana	Plants	527		0	False	4
P03949	Caenorhabditis elegans	Metazoa	1224		0	False	2
Q9UU99	Schizosaccharomyces pombe (strain 972 / ATCC 24843)	Fungi	1008		0	False	1
Q9LHF5	Arabidopsis thaliana	Plants	602		0	False	2
Q06639	Saccharomyces cerevisiae (strain ATCC 204508 / S288c)	Fungi	885		0	False	4
Q9C029	Homo sapiens	Metazoa	511		0	False	4
Q6PB66	Mus musculus	Metazoa	1392		0	False	4
Q9NAD6	Caenorhabditis elegans	Metazoa	706		0	False	2
Q8RWI0	Arabidopsis thaliana	Plants	391		0	True	2
Q55BP0	Dictyostelium discoideum	Other	136		0	False	1
E9PUL5	Mus musculus	Metazoa	346		0	False	1
P40007	Saccharomyces cerevisiae (strain ATCC 204508 / S288c)	Fungi	231		0	False	1
O96028	Homo sapiens	Metazoa	1365		0	False	4
Q9FFD2	Arabidopsis thaliana	Plants	348		0	False	2
Q01406	Gallus gallus	Metazoa	563		0	False	4
P30706	Pisum sativum	Plants	457		0	False	3
Q04373	Saccharomyces cerevisiae (strain ATCC 204508 / S288c)	Fungi	656		0	False	3
Q8BZ47	Mus musculus	Metazoa	1413		0	False	2
O95477	Homo sapiens	Metazoa	2261		0	True	4
Q6SJ95	Mus musculus	Metazoa	350		0	False	4
P38826	Saccharomyces cerevisiae (strain ATCC 204508 / S288c)	Fungi	435		0	False	4
O75807	Homo sapiens	Metazoa	674		0	False	1
O82794	Arabidopsis thaliana	Plants	220		0	False	2
Q8T0D4	Drosophila melanogaster	Metazoa	299		0	False	3
Q9QY14	Mus musculus	Metazoa	288		0	False	4
P51556	Rattus norvegicus	Metazoa	727		0	False	3
O13744	Schizosaccharomyces pombe (strain 972 / ATCC 24843)	Fungi	259		0	False	1
P16580	Gallus gallus	Metazoa	373		0	False	4
Q9UTK4	Schizosaccharomyces pombe (strain 972 / ATCC 24843)	Fungi	1807		0	False	1
Q9UKD2	Homo sapiens	Metazoa	239		0	False	1
U9W8F2	Neurospora crassa (strain ATCC 24698 / 74-OR23-1A / CBS 708.71 / DSM 1257 / FGSC 987)	Fungi	110		0	False	1
P38075	Saccharomyces cerevisiae (strain ATCC 204508 / S288c)	Fungi	228		0	False	2
Q28021	Bos taurus	Metazoa	1388		0	False	3
Q8LLD0	Arabidopsis thaliana	Plants	1046		0	False	1
Q9M1Z3	Arabidopsis thaliana	Plants	91		0	False	1
Q93ZF6	Arabidopsis thaliana	Plants	153		0	False	5
H2KZH5	Caenorhabditis elegans	Metazoa	621		0	False	3
G5EDU6	Caenorhabditis elegans	Metazoa	280		0	False	3
Q9CPN8	Mus musculus	Metazoa	579		0	False	3
Q941F1	Arabidopsis thaliana	Plants	515		0	False	4
O75394	Homo sapiens	Metazoa	65		0	False	4
Q14160	Homo sapiens	Metazoa	1655		0	False	5
Q9VLU0	Drosophila melanogaster	Metazoa	90		0	False	5
P31689	Homo sapiens	Metazoa	397		0	False	1
Q9NUX5	Homo sapiens	Metazoa	634		0	False	2
Q9ZV08	Arabidopsis thaliana	Plants	291		0	False	5
Q6NTJ3	Xenopus laevis	Metazoa	887		0	False	1
Q6RFH5	Homo sapiens	Metazoa	385		0	False	1
Q96T55	Homo sapiens	Metazoa	309		0	True	4
Q96QE2	Homo sapiens	Metazoa	648		0	True	5
Q9P2D8	Homo sapiens	Metazoa	2635		0	False	5
Q6AT41	Oryza sativa subsp. japonica	Plants	451		0	False	5
P61076	Plasmodium falciparum (isolate 3D7)	Other	617		0	False	4
Q8R5G7	Mus musculus	Metazoa	1538		0	False	3
Q04370	Saccharomyces cerevisiae (strain ATCC 204508 / S288c)	Fungi	399		0	True	5
P20069	Rattus norvegicus	Metazoa	524		0	False	4
Q8LAC4	Arabidopsis thaliana	Plants	322		0	False	1
Q13901	Homo sapiens	Metazoa	141		0	False	5
P15999	Rattus norvegicus	Metazoa	553		0	False	2
Q7M4G7	Patiria pectinifera	Metazoa	122		0	False	5
O02324	Caenorhabditis elegans	Metazoa	137		0	False	1
G3UVW3	Mus musculus	Metazoa	457		0	True	3
Q9JI10	Mus musculus	Metazoa	497		0	False	5
P56746	Homo sapiens	Metazoa	228		0	True	1
Q9R0N7	Mus musculus	Metazoa	403		0	True	5
O74381	Schizosaccharomyces pombe (strain 972 / ATCC 24843)	Fungi	467		0	False	1
Q9FG13	Arabidopsis thaliana	Plants	329		0	False	5
Q6I621	Oryza sativa subsp. japonica	Plants	510		0	False	5
P93009	Arabidopsis thaliana	Plants	182		0	False	4
Q9QXP0	Mus musculus	Metazoa	498		0	True	4
P79110	Bos taurus	Metazoa	311		0	True	1
P00045	Saccharomyces cerevisiae (strain ATCC 204508 / S288c)	Fungi	113		0	False	4
P48437	Mus musculus	Metazoa	737		0	False	4
Q05809	Saccharomyces cerevisiae (strain ATCC 204508 / S288c)	Fungi	96		0	False	4
Q9M7X9	Arabidopsis thaliana	Plants	183		0	False	4
Q9UT18	Schizosaccharomyces pombe (strain 972 / ATCC 24843)	Fungi	591		0	False	4
O35368	Mus musculus	Metazoa	408		0	False	1
O94428	Schizosaccharomyces pombe (strain 972 / ATCC 24843)	Fungi	115		0	False	4
O14520	Homo sapiens	Metazoa	342		0	True	5
Q9SCU7	Arabidopsis thaliana	Plants	323		0	False	5
P54144	Arabidopsis thaliana	Plants	501		0	True	3
Q9UU84	Schizosaccharomyces pombe (strain 972 / ATCC 24843)	Fungi	426		0	False	3
Q24207	Drosophila melanogaster	Metazoa	228		0	False	3
G5EFY4	Caenorhabditis elegans	Metazoa	286		0	False	1
Q5MGA9	Oryza sativa subsp. indica	Plants	301		0	False	5
Q9SZR9	Arabidopsis thaliana	Plants	638		0	False	4
P39995	Saccharomyces cerevisiae (strain ATCC 204508 / S288c)	Fungi	279		0	False	2
Q08499	Homo sapiens	Metazoa	809		0	False	5
P38204	Saccharomyces cerevisiae (strain ATCC 204508 / S288c)	Fungi	145		0	False	4
Q17390	Caenorhabditis elegans	Metazoa	791		0	False	2
Q9VDY1	Drosophila melanogaster	Metazoa	1638		0	False	4
Q61644	Mus musculus	Metazoa	441		0	False	1
Q9S7H8	Arabidopsis thaliana	Plants	569		0	False	5
Q9H2D6	Homo sapiens	Metazoa	2365		0	False	2
B1AZ99	Mus musculus	Metazoa	396		0	False	1
Q9Z0S6	Mus musculus	Metazoa	231		0	True	3
P25451	Saccharomyces cerevisiae (strain ATCC 204508 / S288c)	Fungi	205		0	False	3
Q9LN63	Arabidopsis thaliana	Plants	335		0	False	4
Q920B9	Mus musculus	Metazoa	1047		0	False	2
P02285	Marthasterias glacialis	Metazoa	121		0	False	2
O94487	Schizosaccharomyces pombe (strain 972 / ATCC 24843)	Fungi	624		0	False	5
Q9NT68	Homo sapiens	Metazoa	2774		0	False	2
Q6PDS3	Mus musculus	Metazoa	724		0	False	1
P22694	Homo sapiens	Metazoa	351		0	False	1
Q9M4A1	Arabidopsis thaliana	Plants	383		0	False	5
Q9H3S7	Homo sapiens	Metazoa	1636		0	False	4
P31369	Drosophila melanogaster	Metazoa	498		0	False	4
P91276	Caenorhabditis elegans	Metazoa	531		0	False	4
Q13838	Homo sapiens	Metazoa	428		0	False	1
Q3E7A8	Saccharomyces cerevisiae (strain ATCC 204508 / S288c)	Fungi	72		0	False	2
O74904	Schizosaccharomyces pombe (strain 972 / ATCC 24843)	Fungi	122		0	False	5
Q07803	Rattus norvegicus	Metazoa	751		0	False	5
P54103	Mus musculus	Metazoa	621		0	False	5
Q13428	Homo sapiens	Metazoa	1488		0	False	5
Q92737	Homo sapiens	Metazoa	203		0	False	5
Q08096	Saccharomyces cerevisiae (strain ATCC 204508 / S288c)	Fungi	367		0	False	4
Q9SZF7	Arabidopsis thaliana	Plants	531		0	False	3
D3Z120	Mus musculus	Metazoa	399		0	False	5
Q9H9Q2	Homo sapiens	Metazoa	264		0	False	2
P30656	Saccharomyces cerevisiae (strain ATCC 204508 / S288c)	Fungi	287		0	False	2
Q8BJ64	Mus musculus	Metazoa	596		0	False	2
P49299	Cucurbita maxima	Plants	516		0	False	5
P36093	Saccharomyces cerevisiae (strain ATCC 204508 / S288c)	Fungi	366		0	False	3
Q9WV78	Rattus norvegicus	Metazoa	438		0	True	2
P61961	Mus musculus	Metazoa	85		0	False	2
O35049	Rattus norvegicus	Metazoa	655		0	False	2
Q8R4N0	Mus musculus	Metazoa	338		0	False	4
P50106	Saccharomyces cerevisiae (strain ATCC 204508 / S288c)	Fungi	137		0	False	2
Q94K66	Arabidopsis thaliana	Plants	193		0	False	3
Q9BQT8	Homo sapiens	Metazoa	299		0	True	5
P25697	Arabidopsis thaliana	Plants	395		0	False	4
P25627	Saccharomyces cerevisiae (strain ATCC 204508 / S288c)	Fungi	275		0	False	2
P38969	Saccharomyces cerevisiae (strain ATCC 204508 / S288c)	Fungi	423		0	False	3
Q8LK56	Arabidopsis thaliana	Plants	1987		0	False	5
Q8IZF0	Homo sapiens	Metazoa	1738		0	True	4
Q70KY4	Mus musculus	Metazoa	559		0	False	3
Q9W157	Drosophila melanogaster	Metazoa	971		0	False	4
Q9UBB6	Homo sapiens	Metazoa	729		0	False	5
P10834	Saccharomyces cerevisiae (strain ATCC 204508 / S288c)	Fungi	293		0	False	2
Q09770	Schizosaccharomyces pombe (strain 972 / ATCC 24843)	Fungi	542		0	False	5
Q8BUE1	Mus musculus	Metazoa	797		0	False	1
P29539	Saccharomyces cerevisiae (strain ATCC 204508 / S288c)	Fungi	1916		0	False	3
Q9HAP2	Homo sapiens	Metazoa	919		0	False	1
Q6ZQL4	Mus musculus	Metazoa	677		0	False	5
P18089	Homo sapiens	Metazoa	450		0	True	2
Q9P7M1	Schizosaccharomyces pombe (strain 972 / ATCC 24843)	Fungi	491		0	False	3
P13619	Bos taurus	Metazoa	256		0	False	5
P82916	Bos taurus	Metazoa	130		0	False	5
Q94JQ6	Arabidopsis thaliana	Plants	1084		0	False	2
Q99720	Homo sapiens	Metazoa	223		0	True	4
P40161	Saccharomyces cerevisiae (strain ATCC 204508 / S288c)	Fungi	455		0	False	2
Q8BLY2	Mus musculus	Metazoa	790		0	False	3
F4JP43	Arabidopsis thaliana	Plants	2037		0	False	5
P06813	Oryctolagus cuniculus	Metazoa	266		0	False	5
P04101	Sus scrofa	Metazoa	50		0	False	4
A0A8I5ZN27	Rattus norvegicus	Metazoa	1307		0	False	5
O74804	Schizosaccharomyces pombe (strain 972 / ATCC 24843)	Fungi	490		0	False	3
Q6PH85	Homo sapiens	Metazoa	259		0	False	3
Q12019	Saccharomyces cerevisiae (strain ATCC 204508 / S288c)	Fungi	4910		0	False	2
Q42400	Arabidopsis thaliana	Plants	485		0	True	4
Q9P7F8	Schizosaccharomyces pombe (strain 972 / ATCC 24843)	Fungi	329		0	False	1
Q9CWE0	Mus musculus	Metazoa	289		0	False	2
Q9C9Y6	Arabidopsis thaliana	Plants	140		0	False	1
Q9EPI6	Rattus norvegicus	Metazoa	532		0	False	4
Q62711	Rattus norvegicus	Metazoa	772		0	False	5
Q9FEF8	Arabidopsis thaliana	Plants	308		0	False	2
Q13702	Homo sapiens	Metazoa	412		0	False	2
Q941D3	Arabidopsis thaliana	Plants	239		0	False	3
Q05201	Drosophila melanogaster	Metazoa	766		0	False	3
Q9LFV6	Arabidopsis thaliana	Plants	1011		0	False	4
Q9XGX9	Arabidopsis thaliana	Plants	93		0	False	1
Q12692	Saccharomyces cerevisiae (strain ATCC 204508 / S288c)	Fungi	134		0	False	1
P06624	Bos taurus	Metazoa	263		0	True	1
Q14129	Homo sapiens	Metazoa	220		0	False	4
Q9NVL8	Homo sapiens	Metazoa	296		0	False	5
Q99884	Homo sapiens	Metazoa	636		0	True	3
Q62167	Mus musculus	Metazoa	662		0	False	3
Q18425	Caenorhabditis elegans	Metazoa	473		0	False	3
Q6PIV2	Homo sapiens	Metazoa	292		0	False	3
Q3ZBF6	Bos taurus	Metazoa	412		0	False	2
P47074	Saccharomyces cerevisiae (strain ATCC 204508 / S288c)	Fungi	515		0	False	1
Q9LTX3	Arabidopsis thaliana	Plants	530		0	False	4
P83291	Arabidopsis thaliana	Plants	328		0	False	1
P35465	Rattus norvegicus	Metazoa	544		0	False	3
P08152	Mus musculus	Metazoa	470		0	False	1
P62894	Bos taurus	Metazoa	105		0	False	3
P22108	Saccharomyces cerevisiae (strain ATCC 204508 / S288c)	Fungi	325		0	False	1
O74362	Schizosaccharomyces pombe (strain 972 / ATCC 24843)	Fungi	334		0	False	4
Q8LCS8	Arabidopsis thaliana	Plants	124		0	False	2
P33750	Saccharomyces cerevisiae (strain ATCC 204508 / S288c)	Fungi	489		0	False	4
P53694	Schizosaccharomyces pombe (strain 972 / ATCC 24843)	Fungi	308		0	False	3
Q96BA8	Homo sapiens	Metazoa	519		0	False	5
Q9BXV9	Homo sapiens	Metazoa	100		0	False	5
P38242	Saccharomyces cerevisiae (strain ATCC 204508 / S288c)	Fungi	237		0	True	4
Q9FFR3	Arabidopsis thaliana	Plants	487		0	False	5
Q9BRQ8	Homo sapiens	Metazoa	373		0	True	3
Q66I42	Danio rerio	Metazoa	579		0	False	4
Q9UUH6	Schizosaccharomyces pombe (strain 972 / ATCC 24843)	Fungi	188		0	False	5
Q14493	Homo sapiens	Metazoa	270		0	False	1
Q91836	Xenopus laevis	Metazoa	298		0	False	1
Q8NC60	Homo sapiens	Metazoa	698		0	False	4
Q68FT6	Rattus norvegicus	Metazoa	455		0	True	5
P24226	Brassica oleracea var. capitata	Plants	469		0	False	5
Q9VGZ5	Drosophila melanogaster	Metazoa	698		0	False	3
P68432	Bos taurus	Metazoa	136		0	False	3
Q9D883	Mus musculus	Metazoa	239		0	False	4
Q8IWD4	Homo sapiens	Metazoa	279		0	False	3
O00204	Homo sapiens	Metazoa	365		0	False	1
P35638	Homo sapiens	Metazoa	169		0	False	2
Q9C811	Arabidopsis thaliana	Plants	1495		0	False	5
Q93WK5	Arabidopsis thaliana	Plants	727		0	False	5
P28347	Homo sapiens	Metazoa	426		0	False	3
O95786	Homo sapiens	Metazoa	925		0	False	4
P53077	Saccharomyces cerevisiae (strain ATCC 204508 / S288c)	Fungi	123		0	False	3
O14925	Homo sapiens	Metazoa	209		0	True	1
P53869	Saccharomyces cerevisiae (strain ATCC 204508 / S288c)	Fungi	86		0	False	2
P42685	Homo sapiens	Metazoa	505		0	False	1
Q9P0L2	Homo sapiens	Metazoa	795		0	False	4
Q9NVS2	Homo sapiens	Metazoa	196		0	False	3
Q8IWZ4	Homo sapiens	Metazoa	224		0	False	3
Q38FI2	Trypanosoma brucei brucei (strain 927/4 GUTat10.1)	Other	143		0	False	5
P33244	Drosophila melanogaster	Metazoa	1027		0	False	3
O60158	Schizosaccharomyces pombe (strain 972 / ATCC 24843)	Fungi	432		0	False	4
Q42379	Arabidopsis thaliana	Plants	269		0	False	2
P60510	Homo sapiens	Metazoa	307		0	False	3
Q6LA53	Schizosaccharomyces pombe (strain 972 / ATCC 24843)	Fungi	346		0	False	3
Q8K0E1	Mus musculus	Metazoa	283		0	False	2
Q9SG86	Arabidopsis thaliana	Plants	675		0	False	5
Q6NZ36	Homo sapiens	Metazoa	180		0	False	3
Q9BVI4	Homo sapiens	Metazoa	516		0	False	3
Q02085	Mus musculus	Metazoa	264		0	False	1
Q96HD9	Homo sapiens	Metazoa	319		0	False	2
O48716	Arabidopsis thaliana	Plants	465		0	False	2
P28037	Rattus norvegicus	Metazoa	902		0	False	5
Q8NF91	Homo sapiens	Metazoa	8797		0	False	4
O43680	Homo sapiens	Metazoa	179		0	False	4
Q9VF27	Drosophila melanogaster	Metazoa	217		0	False	1
Q9NRN7	Homo sapiens	Metazoa	309		0	False	3
Q99684	Homo sapiens	Metazoa	422		0	False	4
Q99436	Homo sapiens	Metazoa	277		0	False	3
Q8L7S8	Arabidopsis thaliana	Plants	748		0	False	5
Q9JK42	Mus musculus	Metazoa	407		0	False	1
Q8BH07	Mus musculus	Metazoa	226		0	False	3
Q9VGA4	Drosophila melanogaster	Metazoa	1169		0	False	3
G3XKQ9	Oryza sativa subsp. japonica	Plants	394		0	False	1
Q05062	Caenorhabditis elegans	Metazoa	191		0	False	3
Q00910	Rattus norvegicus	Metazoa	644		0	True	5
Q00987	Homo sapiens	Metazoa	491		0	False	3
P93045	Arabidopsis thaliana	Plants	240		0	False	1
Q04031	Saccharomyces cerevisiae (strain ATCC 204508 / S288c)	Fungi	235		0	False	5
Q8CIG8	Mus musculus	Metazoa	637		0	False	5
Q15022	Homo sapiens	Metazoa	739		0	False	5
O42254	Gallus gallus	Metazoa	576		0	False	3
Q9NVT9	Homo sapiens	Metazoa	282		0	False	5
Q9FH18	Arabidopsis thaliana	Plants	509		0	False	1
Q80T22	Rattus norvegicus	Metazoa	484		0	True	2
Q22038	Caenorhabditis elegans	Metazoa	192		0	False	2
Q571I4	Mus musculus	Metazoa	1373		0	False	4
Q8LPS2	Arabidopsis thaliana	Plants	670		0	False	3
O75603	Homo sapiens	Metazoa	506		0	False	3
P63045	Rattus norvegicus	Metazoa	116		0	False	1
Q9NUM3	Homo sapiens	Metazoa	307		0	True	1
P09079	Mus musculus	Metazoa	269		0	False	3
Q24572	Drosophila melanogaster	Metazoa	430		0	False	2
O95625	Homo sapiens	Metazoa	1053		0	False	1
P32379	Saccharomyces cerevisiae (strain ATCC 204508 / S288c)	Fungi	260		0	False	3
Q922Q1	Mus musculus	Metazoa	338		0	False	3
Q9NZN3	Homo sapiens	Metazoa	535		0	False	2
Q5VT66	Homo sapiens	Metazoa	337		0	True	5
Q9FL26	Arabidopsis thaliana	Plants	326		0	False	5
Q03525	Saccharomyces cerevisiae (strain ATCC 204508 / S288c)	Fungi	211		0	False	4
Q10569	Bos taurus	Metazoa	1444		0	False	3
Q9JHZ9	Rattus norvegicus	Metazoa	504		0	True	1
Q8UUZ1	Danio rerio	Metazoa	359		0	False	2
O76054	Homo sapiens	Metazoa	403		0	False	5
O88441	Mus musculus	Metazoa	263		0	False	4
P09562	Zea mays	Plants	339		0	False	4
Q21776	Caenorhabditis elegans	Metazoa	987		0	False	2
F4HQA1	Arabidopsis thaliana	Plants	589		0	False	4
P42900	Saccharomyces cerevisiae (strain ATCC 204508 / S288c)	Fungi	643		0	False	2
Q9Y817	Schizosaccharomyces pombe (strain 972 / ATCC 24843)	Fungi	1297		0	False	2
Q9SU71	Arabidopsis thaliana	Plants	629		0	False	2
P55957	Homo sapiens	Metazoa	195		0	False	2
O60488	Homo sapiens	Metazoa	711		0	True	2
C4QY68	Komagataella phaffii (strain GS115 / ATCC 20864)	Fungi	713		0	False	3
Q75QN2	Homo sapiens	Metazoa	995		0	False	4
Q9VSK8	Drosophila melanogaster	Metazoa	597		0	False	5
O75533	Homo sapiens	Metazoa	1304		0	False	2
Q6Q152	Arabidopsis thaliana	Plants	504		0	False	2
Q9W420	Drosophila melanogaster	Metazoa	1831		0	False	1
Q9SZD6	Arabidopsis thaliana	Plants	953		0	False	4
Q336R3	Oryza sativa subsp. japonica	Plants	844		0	False	3
Q8INB9	Drosophila melanogaster	Metazoa	611		0	False	2
Q9SCY2	Arabidopsis thaliana	Plants	208		0	False	5
O14467	Saccharomyces cerevisiae (strain ATCC 204508 / S288c)	Fungi	151		0	False	2
P13434	Saccharomyces cerevisiae (strain ATCC 204508 / S288c)	Fungi	144		0	False	4
A0A1L8FDW4	Xenopus laevis	Metazoa	619		0	False	1
Q6ZVX9	Homo sapiens	Metazoa	377		0	True	2
Q3U1N2	Mus musculus	Metazoa	1130		0	False	2
Q924W6	Mus musculus	Metazoa	1344		0	False	2
O43593	Homo sapiens	Metazoa	1189		0	False	3
P38439	Saccharomyces cerevisiae (strain ATCC 204508 / S288c)	Fungi	464		0	False	1
Q9UHH9	Homo sapiens	Metazoa	426		0	False	2
Q3E757	Saccharomyces cerevisiae (strain ATCC 204508 / S288c)	Fungi	174		0	False	3
P42804	Arabidopsis thaliana	Plants	543		0	False	2
Q65ZG8	Caenorhabditis elegans	Metazoa	597		0	False	1
Q7Z434	Homo sapiens	Metazoa	540		0	False	3
P32378	Saccharomyces cerevisiae (strain ATCC 204508 / S288c)	Fungi	372		0	False	4
Q9NQC3	Homo sapiens	Metazoa	1192		0	False	3
P02276	Triticum aestivum	Plants	151		0	False	1
O60481	Homo sapiens	Metazoa	467		0	False	1
Q9H8V3	Homo sapiens	Metazoa	914		0	False	1
Q9VFG8	Drosophila melanogaster	Metazoa	1288		0	False	3
O74826	Schizosaccharomyces pombe (strain 972 / ATCC 24843)	Fungi	216		0	False	2
Q8LDF9	Arabidopsis thaliana	Plants	241		0	False	3
Q5VWQ8	Homo sapiens	Metazoa	1189		0	False	2
Q9C552	Arabidopsis thaliana	Plants	753		0	False	1
Q9FVC8	Arabidopsis thaliana	Plants	365		0	False	3
P02270	Sipunculus nudus	Metazoa	124		0	False	5
Q8WUI4	Homo sapiens	Metazoa	952		0	False	3
Q12947	Homo sapiens	Metazoa	444		0	False	2
Q96JI7	Homo sapiens	Metazoa	2443		0	False	4
Q8L3Z8	Arabidopsis thaliana	Plants	483		0	False	3
Q09171	Schizosaccharomyces pombe (strain 972 / ATCC 24843)	Fungi	366		0	False	2
Q04311	Saccharomyces cerevisiae (strain ATCC 204508 / S288c)	Fungi	632		0	False	2
Q7LFL8	Homo sapiens	Metazoa	322		0	False	2
Q19404	Caenorhabditis elegans	Metazoa	442		0	False	2
Q7X809	Oryza sativa subsp. japonica	Plants	484		0	False	3
O74417	Schizosaccharomyces pombe (strain 972 / ATCC 24843)	Fungi	497		0	False	1
O24466	Arabidopsis thaliana	Plants	216		0	False	4
P04842	Komagataella phaffii (strain GS115 / ATCC 20864)	Fungi	663		0	False	4
P54609	Arabidopsis thaliana	Plants	809		0	False	1
Q65XK7	Oryza sativa subsp. japonica	Plants	381		0	False	4
P32500	Saccharomyces cerevisiae (strain ATCC 204508 / S288c)	Fungi	655		0	True	4
Q63424	Rattus norvegicus	Metazoa	729		0	True	1
P52196	Mus musculus	Metazoa	297		0	False	3
P41932	Caenorhabditis elegans	Metazoa	248		0	False	3
Q03061	Rattus norvegicus	Metazoa	357		0	False	5
Q9QX75	Rattus norvegicus	Metazoa	687		0	True	2
Q9SAJ3	Arabidopsis thaliana	Plants	1008		0	False	2
Q9H2S9	Homo sapiens	Metazoa	585		0	False	4
Q9GZR2	Homo sapiens	Metazoa	422		0	False	4
Q9Y6J6	Homo sapiens	Metazoa	123		0	True	2
Q84LM4	Arabidopsis thaliana	Plants	764		0	False	1
P62787	Zea mays	Plants	103		0	False	5
Q02764	Nicotiana tabacum	Plants	187		0	False	1
Q06449	Saccharomyces cerevisiae (strain ATCC 204508 / S288c)	Fungi	215		0	False	2
Q58FA4	Mus musculus	Metazoa	860		0	False	3
Q9JLZ3	Mus musculus	Metazoa	314		0	False	3
O22922	Arabidopsis thaliana	Plants	232		0	False	1
Q04739	Saccharomyces cerevisiae (strain ATCC 204508 / S288c)	Fungi	417		0	False	3
Q9VWY6	Drosophila melanogaster	Metazoa	328		0	False	4
A0A145P7T2	Lotus japonicus	Plants	693		0	False	3
P40522	Saccharomyces cerevisiae (strain ATCC 204508 / S288c)	Fungi	640		0	False	1
Q3SXM5	Homo sapiens	Metazoa	330		0	False	3
Q0J4I1	Oryza sativa subsp. japonica	Plants	326		0	False	2
Q08828	Homo sapiens	Metazoa	1119		0	True	5
Q8BG17	Mus musculus	Metazoa	217		0	False	5
Q90632	Gallus gallus	Metazoa	542		0	True	2
P23500	Saccharomyces cerevisiae (strain ATCC 204508 / S288c)	Fungi	304		0	True	4
O13838	Schizosaccharomyces pombe (strain 972 / ATCC 24843)	Fungi	371		0	False	3
Q15021	Homo sapiens	Metazoa	1401		0	False	1
P53940	Saccharomyces cerevisiae (strain ATCC 204508 / S288c)	Fungi	528		0	False	3
Q2MHN3	Mus musculus	Metazoa	2562		0	False	3
Q6ZY51	Arabidopsis thaliana	Plants	1196		0	False	1
Q6PIU2	Homo sapiens	Metazoa	408		0	True	1
Q9P7G6	Schizosaccharomyces pombe (strain 972 / ATCC 24843)	Fungi	566		0	False	3
Q9M424	Solanum tuberosum	Plants	498		0	False	2
P35363	Mus musculus	Metazoa	471		0	True	1
O14492	Homo sapiens	Metazoa	632		0	False	4
Q9XI36	Arabidopsis thaliana	Plants	384		0	False	5
Q9P0U3	Homo sapiens	Metazoa	644		0	False	2
Q64380	Rattus norvegicus	Metazoa	919		0	False	5
P52175	Bos taurus	Metazoa	152		0	False	1
G5EB74	Emericella nidulans (strain FGSC A4 / ATCC 38163 / CBS 112.46 / NRRL 194 / M139)	Fungi	1852		0	False	2
Q9USQ1	Schizosaccharomyces pombe (strain 972 / ATCC 24843)	Fungi	960		0	False	4
Q6R327	Homo sapiens	Metazoa	1708		0	False	1
Q9UGP5	Homo sapiens	Metazoa	575		0	False	5
P29117	Rattus norvegicus	Metazoa	206		0	False	1
Q99KD6	Mus musculus	Metazoa	113		0	True	2
Q6ZWY9	Mus musculus	Metazoa	126		0	False	2
P57752	Arabidopsis thaliana	Plants	92		0	False	3
P11413	Homo sapiens	Metazoa	515		0	False	1
P36118	Saccharomyces cerevisiae (strain ATCC 204508 / S288c)	Fungi	322		0	False	1
P31942	Homo sapiens	Metazoa	346		0	False	4
P41909	Saccharomyces cerevisiae (strain ATCC 204508 / S288c)	Fungi	870		0	True	5
P38132	Saccharomyces cerevisiae (strain ATCC 204508 / S288c)	Fungi	845		0	False	1
Q3MV14	Arabidopsis thaliana	Plants	386		0	False	5
Q8BWQ5	Mus musculus	Metazoa	790		0	False	4
Q8R537	Cricetulus griseus	Metazoa	318		0	False	2
P22289	Saccharomyces cerevisiae (strain ATCC 204508 / S288c)	Fungi	66		0	True	1
Q03631	Saccharomyces cerevisiae (strain ATCC 204508 / S288c)	Fungi	944		0	False	4
Q9Y448	Homo sapiens	Metazoa	316		0	False	3
Q9NUJ1	Homo sapiens	Metazoa	306		0	False	5
Q9LJE4	Arabidopsis thaliana	Plants	596		0	False	2
Q9FJ95	Arabidopsis thaliana	Plants	364		0	False	5
Q60670	Mus musculus	Metazoa	779		0	False	1
Q8VDY4	Mus musculus	Metazoa	628		0	False	3
Q9S9K9	Arabidopsis thaliana	Plants	257		0	False	4
P55926	Rattus norvegicus	Metazoa	526		0	True	5
P97717	Mus musculus	Metazoa	514		0	True	4
P11802	Homo sapiens	Metazoa	303		0	False	3
D3ZGB1	Rattus norvegicus	Metazoa	1548		0	False	1
F4IUY8	Arabidopsis thaliana	Plants	1006		0	False	5
Q2QWU2	Oryza sativa subsp. japonica	Plants	443		0	False	1
Q9LYT7	Arabidopsis thaliana	Plants	253		0	False	2
Q04603	Saccharomyces cerevisiae (strain ATCC 204508 / S288c)	Fungi	196		0	False	3
O59734	Schizosaccharomyces pombe (strain 972 / ATCC 24843)	Fungi	78		0	False	5
Q84VQ3	Arabidopsis thaliana	Plants	439		0	False	1
O22130	Arabidopsis thaliana	Plants	317		0	False	4
P00046	Schizosaccharomyces pombe (strain 972 / ATCC 24843)	Fungi	109		0	False	1
Q8CFN5	Mus musculus	Metazoa	474		0	False	3
Q8W593	Arabidopsis thaliana	Plants	350		0	False	5
P53330	Saccharomyces cerevisiae (strain ATCC 204508 / S288c)	Fungi	157		0	False	2
Q9H4L4	Homo sapiens	Metazoa	574		0	False	4
O74914	Schizosaccharomyces pombe (strain 972 / ATCC 24843)	Fungi	244		0	False	5
Q84LB6	Solanum lycopersicum	Plants	417		0	False	2
Q9D1M4	Mus musculus	Metazoa	174		0	False	1
Q42972	Oryza sativa subsp. japonica	Plants	356		0	False	1
Q9ZWT1	Arabidopsis thaliana	Plants	374		0	False	3
Q8WZ33	Homo sapiens	Metazoa	124		0	False	2
Q8IX03	Homo sapiens	Metazoa	1113		0	False	4
O57321	Ambystoma tigrinum	Metazoa	543		0	True	1
Q9CX60	Mus musculus	Metazoa	105		0	False	4
P41277	Saccharomyces cerevisiae (strain ATCC 204508 / S288c)	Fungi	250		0	False	3
Q05CL8	Mus musculus	Metazoa	570		0	False	3
Q99MR0	Mus musculus	Metazoa	426		0	False	5
O94761	Homo sapiens	Metazoa	1208		0	False	2
Q8LPL2	Arabidopsis thaliana	Plants	591		0	True	3
Q9S7C9	Arabidopsis thaliana	Plants	311		0	False	1
P00847	Bos taurus	Metazoa	226		0	True	2
P47898	Homo sapiens	Metazoa	357		0	True	1
Q93079	Homo sapiens	Metazoa	126		0	False	2
Q07243	Mus musculus	Metazoa	675		0	False	5
Q7RTT9	Homo sapiens	Metazoa	530		0	True	1
Q96GF1	Homo sapiens	Metazoa	192		0	False	5
P51158	Rattus norvegicus	Metazoa	221		0	False	3
P07926	Bos taurus	Metazoa	143		0	True	3
P07056	Neurospora crassa (strain ATCC 24698 / 74-OR23-1A / CBS 708.71 / DSM 1257 / FGSC 987)	Fungi	231		0	True	4
A0A1P8B590	Arabidopsis thaliana	Plants	446		0	False	2
Q21973	Caenorhabditis elegans	Metazoa	525		0	True	3
P0CX38	Saccharomyces cerevisiae (strain ATCC 204508 / S288c)	Fungi	236		0	False	5
P21771	Saccharomyces cerevisiae (strain ATCC 204508 / S288c)	Fungi	286		0	False	4
Q8N3J2	Homo sapiens	Metazoa	472		0	False	2
P48736	Homo sapiens	Metazoa	1102		0	False	5
Q7LL22	Schizosaccharomyces pombe (strain 972 / ATCC 24843)	Fungi	462		0	False	5
Q8NE35	Homo sapiens	Metazoa	698		0	False	1
Q9NUW8	Homo sapiens	Metazoa	608		0	False	2
Q94BT6	Arabidopsis thaliana	Plants	609		0	False	3
Q3UHU5	Mus musculus	Metazoa	1945		0	False	4
Q96FS4	Homo sapiens	Metazoa	1042		0	False	4
Q0WQW5	Arabidopsis thaliana	Plants	638		0	False	1
Q9H2X6	Homo sapiens	Metazoa	1198		0	False	4
Q9P0W2	Homo sapiens	Metazoa	317		0	False	4
Q9SKT7	Arabidopsis thaliana	Plants	582		0	False	5
P0C2X8	Xenopus laevis	Metazoa	363		0	False	5
P56373	Homo sapiens	Metazoa	397		0	True	2
Q32P41	Homo sapiens	Metazoa	509		0	False	5
Q9Y7U7	Schizosaccharomyces pombe (strain 972 / ATCC 24843)	Fungi	878		0	False	2
P25569	Saccharomyces cerevisiae (strain ATCC 204508 / S288c)	Fungi	745		0	False	1
P27520	Pisum sativum	Plants	265		0	False	4
P52306	Homo sapiens	Metazoa	607		0	False	4
P38989	Saccharomyces cerevisiae (strain ATCC 204508 / S288c)	Fungi	1170		0	False	5
P38143	Saccharomyces cerevisiae (strain ATCC 204508 / S288c)	Fungi	162		0	False	1
O59894	Komagataella pastoris	Fungi	376		0	False	1
Q9Y6C9	Homo sapiens	Metazoa	303		0	True	1
Q2M3R5	Homo sapiens	Metazoa	365		0	True	4
Q681Z2	Arabidopsis thaliana	Plants	203		0	False	4
Q9Y2R0	Homo sapiens	Metazoa	106		0	True	5
E9PZM4	Mus musculus	Metazoa	1827		0	False	1
Q7RYV0	Neurospora crassa (strain ATCC 24698 / 74-OR23-1A / CBS 708.71 / DSM 1257 / FGSC 987)	Fungi	176		0	False	3
P52945	Homo sapiens	Metazoa	283		0	False	4
O74553	Schizosaccharomyces pombe (strain 972 / ATCC 24843)	Fungi	326		0	False	3
Q9Z2Z7	Cricetulus griseus	Metazoa	553		0	False	5
P14234	Mus musculus	Metazoa	517		0	False	5
P54708	Rattus norvegicus	Metazoa	1036		0	False	5
Q9C0J8	Homo sapiens	Metazoa	1336		0	False	4
P53879	Saccharomyces cerevisiae (strain ATCC 204508 / S288c)	Fungi	331		0	False	5
P55160	Homo sapiens	Metazoa	1127		0	False	4
Q9P775	Schizosaccharomyces pombe (strain 972 / ATCC 24843)	Fungi	516		0	False	5
P53051	Saccharomyces cerevisiae (strain ATCC 204508 / S288c)	Fungi	589		0	False	5
Q09146	Schizosaccharomyces pombe (strain 972 / ATCC 24843)	Fungi	399		0	False	4
Q9QWV4	Mus musculus	Metazoa	267		0	False	5
Q6Z2G7	Oryza sativa subsp. japonica	Plants	361		0	False	1
Q07998	Danio rerio	Metazoa	423		0	False	1
Q6UWF3	Homo sapiens	Metazoa	145		0	True	2
Q9Y3M2	Homo sapiens	Metazoa	126		0	False	4
Q86VZ6	Homo sapiens	Metazoa	243		0	False	4
Q05192	Drosophila melanogaster	Metazoa	808		0	False	5
O74978	Schizosaccharomyces pombe (strain 972 / ATCC 24843)	Fungi	276		0	False	1
O94992	Homo sapiens	Metazoa	359		0	False	5
A4D2B0	Homo sapiens	Metazoa	266		0	False	1
Q27511	Caenorhabditis elegans	Metazoa	140		0	False	5
Q9BXF6	Homo sapiens	Metazoa	653		0	False	2
P82413	Spinacia oleracea	Plants	233		0	False	2
Q7PLI2	Drosophila melanogaster	Metazoa	2077		0	False	4
Q53GD3	Homo sapiens	Metazoa	710		0	True	3
Q9V9N4	Drosophila melanogaster	Metazoa	561		0	False	5
Q12451	Saccharomyces cerevisiae (strain ATCC 204508 / S288c)	Fungi	1283		0	False	5
Q8N6I1	Homo sapiens	Metazoa	236		0	False	5
P02687	Bos taurus	Metazoa	169		0	False	3
Q9Z206	Mus musculus	Metazoa	595		0	False	1
Q9Y512	Homo sapiens	Metazoa	469		0	False	2
P68098	Lama guanicoe	Metazoa	105		0	False	3
P00425	Saccharomyces cerevisiae (strain ATCC 204508 / S288c)	Fungi	151		0	True	2
Q02395	Mus musculus	Metazoa	593		0	False	4
Q9UNH5	Homo sapiens	Metazoa	594		0	False	3
P08703	Penicillium chrysogenum	Fungi	331		0	False	5
Q1K5G1	Neurospora crassa (strain ATCC 24698 / 74-OR23-1A / CBS 708.71 / DSM 1257 / FGSC 987)	Fungi	320		0	False	4
Q8IYU8	Homo sapiens	Metazoa	434		0	False	5
O15551	Homo sapiens	Metazoa	220		0	True	2
O13710	Schizosaccharomyces pombe (strain 972 / ATCC 24843)	Fungi	1076		0	False	3
O95948	Homo sapiens	Metazoa	504		0	False	4
P13653	Hordeum vulgare	Plants	388		0	False	4
O80536	Arabidopsis thaliana	Plants	524		0	False	4
Q9H1I8	Homo sapiens	Metazoa	757		0	False	1
A0A140LIF8	Mus musculus	Metazoa	395		0	False	3
P41903	Saccharomyces cerevisiae (strain ATCC 204508 / S288c)	Fungi	349		0	False	2
Q9V4C8	Drosophila melanogaster	Metazoa	1500		0	False	3
P47118	Saccharomyces cerevisiae (strain ATCC 204508 / S288c)	Fungi	141		0	False	1
O14318	Schizosaccharomyces pombe (strain 972 / ATCC 24843)	Fungi	295		0	False	4
Q923E4	Mus musculus	Metazoa	737		0	False	3
Q9NRQ2	Homo sapiens	Metazoa	329		0	False	4
P92549	Arabidopsis thaliana	Plants	507		0	False	3
P78540	Homo sapiens	Metazoa	354		0	False	3
Q6F6B5	Arabidopsis thaliana	Plants	741		0	False	2
Q9CXZ1	Mus musculus	Metazoa	175		0	False	5
Q8NC24	Homo sapiens	Metazoa	303		0	True	4
P20674	Homo sapiens	Metazoa	150		0	False	2
O94650	Schizosaccharomyces pombe (strain 972 / ATCC 24843)	Fungi	73		0	False	1
P34913	Homo sapiens	Metazoa	555		0	False	2
Q8WXI3	Homo sapiens	Metazoa	467		0	False	4
Q8R5A0	Mus musculus	Metazoa	433		0	False	5
B7Z0L8	Drosophila melanogaster	Metazoa	178		0	False	2
P61247	Homo sapiens	Metazoa	264		0	False	5
Q6STH5	Arabidopsis thaliana	Plants	532		0	False	4
Q64213	Mus musculus	Metazoa	653		0	False	5
O43623	Homo sapiens	Metazoa	268		0	False	3
Q9SU08	Arabidopsis thaliana	Plants	904		0	False	4
P05198	Homo sapiens	Metazoa	315		0	False	2
Q15811	Homo sapiens	Metazoa	1721		0	False	3
Q55FB8	Dictyostelium discoideum	Other	1272		0	False	2
Q99JB6	Mus musculus	Metazoa	429		0	False	5
Q0DC89	Oryza sativa subsp. japonica	Plants	214		0	False	1
P49915	Homo sapiens	Metazoa	693		0	False	4
P07253	Saccharomyces cerevisiae (strain ATCC 204508 / S288c)	Fungi	162		0	False	2
P36012	Saccharomyces cerevisiae (strain ATCC 204508 / S288c)	Fungi	229		0	False	1
Q9SRT0	Arabidopsis thaliana	Plants	460		0	False	4
Q8K480	Mus musculus	Metazoa	584		0	True	4
P37398	Oryza sativa subsp. japonica	Plants	727		0	False	1
P21281	Homo sapiens	Metazoa	511		0	False	1
F8VPJ6	Mus musculus	Metazoa	1459		0	False	3
F4IXE7	Arabidopsis thaliana	Plants	1189		0	False	2
Q15723	Homo sapiens	Metazoa	593		0	False	5
A1L3P4	Mus musculus	Metazoa	702		0	True	2
Q14145	Homo sapiens	Metazoa	624		0	False	1
P0CP68	Cryptococcus neoformans var. neoformans serotype D (strain JEC21 / ATCC MYA-565)	Fungi	365		0	False	1
P40075	Saccharomyces cerevisiae (strain ATCC 204508 / S288c)	Fungi	244		0	False	1
Q8BG67	Mus musculus	Metazoa	819		0	False	3
O70491	Mus musculus	Metazoa	670		0	True	3
Q60739	Mus musculus	Metazoa	355		0	False	5
O94516	Schizosaccharomyces pombe (strain 972 / ATCC 24843)	Fungi	364		0	False	1
P06208	Saccharomyces cerevisiae (strain ATCC 204508 / S288c)	Fungi	619		0	False	1
P50947	Saccharomyces cerevisiae (strain ATCC 204508 / S288c)	Fungi	330		0	False	4
Q9H255	Homo sapiens	Metazoa	320		0	True	3
G5EDW1	Caenorhabditis elegans	Metazoa	217		0	False	1
P17095	Mus musculus	Metazoa	107		0	False	3
Q66LM6	Mus musculus	Metazoa	333		0	False	4
P36630	Schizosaccharomyces pombe (strain 972 / ATCC 24843)	Fungi	411		0	False	2
Q9EST4	Mus musculus	Metazoa	264		0	False	5
P54254	Mus musculus	Metazoa	791		0	False	4
Q8BG21	Mus musculus	Metazoa	171		0	True	1
P25932	Drosophila melanogaster	Metazoa	470		0	False	4
Q04964	Saccharomyces cerevisiae (strain ATCC 204508 / S288c)	Fungi	104		0	False	3
Q96LD4	Homo sapiens	Metazoa	638		0	False	3
Q03435	Saccharomyces cerevisiae (strain ATCC 204508 / S288c)	Fungi	203		0	False	1
P38112	Saccharomyces cerevisiae (strain ATCC 204508 / S288c)	Fungi	773		0	False	2
Q06339	Saccharomyces cerevisiae (strain ATCC 204508 / S288c)	Fungi	672		0	False	1
O00746	Homo sapiens	Metazoa	187		0	False	3
O18158	Caenorhabditis elegans	Metazoa	1151		0	False	3
Q84T94	Oryza sativa subsp. japonica	Plants	639		0	False	3
Q9H981	Homo sapiens	Metazoa	624		0	False	4
Q7X6Y7	Arabidopsis thaliana	Plants	704		0	False	5
Q02749	Saccharomyces cerevisiae (strain ATCC 204508 / S288c)	Fungi	293		0	False	5
P01880	Homo sapiens	Metazoa	430		0	False	5
Q9UUG2	Schizosaccharomyces pombe (strain 972 / ATCC 24843)	Fungi	621		0	False	3
Q9V444	Drosophila melanogaster	Metazoa	128		0	False	3
Q78J03	Mus musculus	Metazoa	175		0	False	3
Q2TBR2	Bos taurus	Metazoa	149		0	False	5
Q9UBD5	Homo sapiens	Metazoa	711		0	False	2
Q9LS26	Arabidopsis thaliana	Plants	489		0	False	3
P20309	Homo sapiens	Metazoa	590		0	True	4
Q9QZ04	Mus musculus	Metazoa	1284		0	False	4
Q921B4	Mus musculus	Metazoa	824		0	False	1
Q9LKL2	Arabidopsis thaliana	Plants	618		0	False	4
O46411	Bos taurus	Metazoa	560		0	False	1
Q6P5G0	Mus musculus	Metazoa	583		0	False	1
Q9JLI8	Mus musculus	Metazoa	962		0	False	4
Q50L42	Mus musculus	Metazoa	875		0	False	2
Q92797	Homo sapiens	Metazoa	1274		0	False	5
P07436	Physarum polycephalum	Other	467		0	False	3
Q3UXZ9	Mus musculus	Metazoa	1690		0	False	3
Q9Y2X9	Homo sapiens	Metazoa	895		0	False	2
O00198	Homo sapiens	Metazoa	91		0	True	1
Q569Z6	Mus musculus	Metazoa	951		0	False	4
Q9NR31	Homo sapiens	Metazoa	198		0	False	3
Q9QZI9	Mus musculus	Metazoa	472		0	False	1
P25368	Saccharomyces cerevisiae (strain ATCC 204508 / S288c)	Fungi	297		0	False	5
Q94545	Drosophila melanogaster	Metazoa	556		0	False	3
Q6K881	Oryza sativa subsp. japonica	Plants	565		0	False	1
Q6PIL6	Homo sapiens	Metazoa	250		0	False	4
Q08119	Saccharomyces cerevisiae (strain ATCC 204508 / S288c)	Fungi	714		0	False	4
P09987	Gallus gallus	Metazoa	218		0	False	3
Q94A28	Arabidopsis thaliana	Plants	995		0	False	5
B7Z0X7	Drosophila melanogaster	Metazoa	61		0	True	2
Q9ZQH0	Arabidopsis thaliana	Plants	232		0	False	3
Q9D808	Mus musculus	Metazoa	123		0	True	5
Q6P9F7	Homo sapiens	Metazoa	803		0	True	4
Q9SLD2	Arabidopsis thaliana	Plants	520		0	False	1
Q9C565	Arabidopsis thaliana	Plants	373		0	False	5
Q9R269	Mus musculus	Metazoa	1755		0	False	4
Q9H832	Homo sapiens	Metazoa	354		0	False	3
P00223	Arctium lappa	Plants	97		0	False	3
O15357	Homo sapiens	Metazoa	1258		0	False	3
F4ITM1	Arabidopsis thaliana	Plants	398		0	False	5
Q42687	Chlamydomonas reinhardtii	Plants	219		0	False	2
P59044	Homo sapiens	Metazoa	892		0	False	3
Q9WVJ4	Rattus norvegicus	Metazoa	145		0	False	4
Q9H583	Homo sapiens	Metazoa	2144		0	False	2
Q9MBA2	Arabidopsis thaliana	Plants	326		0	False	4
P84087	Rattus norvegicus	Metazoa	134		0	False	4
O55003	Mus musculus	Metazoa	187		0	False	5
P53969	Saccharomyces cerevisiae (strain ATCC 204508 / S288c)	Fungi	484		0	False	2
Q18250	Caenorhabditis elegans	Metazoa	461		0	False	5
Q12981	Homo sapiens	Metazoa	228		0	False	3
P06652	Schizosaccharomyces pombe (strain 972 / ATCC 24843)	Fungi	596		0	False	4
Q8K3Y6	Rattus norvegicus	Metazoa	776		0	False	1
Q9WTI7	Mus musculus	Metazoa	1063		0	False	5
P19683	Nicotiana sylvestris	Plants	315		0	False	4
Q6ZTN6	Homo sapiens	Metazoa	605		0	False	1
Q969P5	Homo sapiens	Metazoa	355		0	False	4
Q24849	Entamoeba histolytica (strain ATCC 30459 / HM-1:IMSS / ABRM)	Other	601		0	False	5
Q8N370	Homo sapiens	Metazoa	569		0	True	1
P70704	Mus musculus	Metazoa	1164		0	True	4
P55345	Homo sapiens	Metazoa	433		0	False	4
O09047	Mus musculus	Metazoa	477		0	True	4
P40146	Rattus norvegicus	Metazoa	1248		0	False	2
O94329	Schizosaccharomyces pombe (strain 972 / ATCC 24843)	Fungi	183		0	False	4
Q7KMJ6	Drosophila melanogaster	Metazoa	793		0	False	1
Q10713	Homo sapiens	Metazoa	525		0	False	2
Q64537	Rattus norvegicus	Metazoa	270		0	False	2
Q96MB7	Homo sapiens	Metazoa	349		0	False	3
Q52K88	Arabidopsis thaliana	Plants	202		0	False	5
Q9SP35	Arabidopsis thaliana	Plants	243		0	True	5
Q1K8V2	Neurospora crassa (strain ATCC 24698 / 74-OR23-1A / CBS 708.71 / DSM 1257 / FGSC 987)	Fungi	91		0	False	2
Q8NHC4	Homo sapiens	Metazoa	309		0	True	3
Q04411	Saccharomyces cerevisiae (strain ATCC 204508 / S288c)	Fungi	772		0	False	2
P00508	Gallus gallus	Metazoa	423		0	False	1
Q63HR2	Homo sapiens	Metazoa	1409		0	False	1
Q9BV68	Homo sapiens	Metazoa	311		0	False	4
P35222	Homo sapiens	Metazoa	781		0	False	5
Q9H7S9	Homo sapiens	Metazoa	590		0	False	3
Q6DFQ7	Xenopus tropicalis	Metazoa	342		0	True	4
P40975	Saccharomyces cerevisiae (strain ATCC 204508 / S288c)	Fungi	43		0	True	5
Q9WU42	Mus musculus	Metazoa	2472		0	False	5
Q12166	Saccharomyces cerevisiae (strain ATCC 204508 / S288c)	Fungi	604		0	False	1
Q99PQ2	Mus musculus	Metazoa	467		0	False	3
Q9WVR1	Rattus norvegicus	Metazoa	648		0	False	2
Q96SQ7	Homo sapiens	Metazoa	321		0	False	3
Q9LPL4	Arabidopsis thaliana	Plants	360		0	False	3
P82925	Bos taurus	Metazoa	386		0	False	5
Q9NYV7	Homo sapiens	Metazoa	291		0	True	4
P46678	Saccharomyces cerevisiae (strain ATCC 204508 / S288c)	Fungi	594		0	False	2
Q2NL27	Bos taurus	Metazoa	190		0	False	5
Q9Y2X3	Homo sapiens	Metazoa	529		0	False	3
O35094	Rattus norvegicus	Metazoa	453		0	False	5
Q61823	Mus musculus	Metazoa	469		0	False	2
P51168	Homo sapiens	Metazoa	640		0	True	2
Q8BH64	Mus musculus	Metazoa	543		0	False	3
P39736	Drosophila melanogaster	Metazoa	547		0	False	4
Q9W6V6	Gallus gallus	Metazoa	2705		0	False	1
F4IY62	Arabidopsis thaliana	Plants	883		0	False	5
P09559	Spinacia oleracea	Plants	402		0	False	5
P43115	Homo sapiens	Metazoa	390		0	True	3
Q9JHE5	Rattus norvegicus	Metazoa	504		0	True	3
P38877	Saccharomyces cerevisiae (strain ATCC 204508 / S288c)	Fungi	133		0	False	4
Q6YXX9	Oryza sativa subsp. japonica	Plants	150		0	False	1
Q29RF7	Homo sapiens	Metazoa	1337		0	False	2
Q28177	Bos taurus	Metazoa	415		0	False	3
O65220	Arabidopsis thaliana	Plants	281		0	False	4
A2AH22	Mus musculus	Metazoa	1300		0	False	4
Q9Z2D7	Mus musculus	Metazoa	554		0	False	1
P27787	Zea mays	Plants	150		0	False	1
Q9QXG4	Mus musculus	Metazoa	701		0	False	2
Q11011	Mus musculus	Metazoa	920		0	False	4
O43497	Homo sapiens	Metazoa	2377		0	True	5
P89105	Saccharomyces cerevisiae (strain ATCC 204508 / S288c)	Fungi	1077		0	False	3
P82670	Bos taurus	Metazoa	201		0	False	3
Q801P7	Xenopus laevis	Metazoa	418		0	False	3
Q9UJX5	Homo sapiens	Metazoa	808		0	False	5
P07560	Saccharomyces cerevisiae (strain ATCC 204508 / S288c)	Fungi	215		0	False	1
O94451	Schizosaccharomyces pombe (strain 972 / ATCC 24843)	Fungi	727		0	False	1
Q26263	Drosophila melanogaster	Metazoa	435		0	False	3
P46010	Arabidopsis thaliana	Plants	346		0	False	1
P24539	Homo sapiens	Metazoa	256		0	False	3
C0HKE5	Mus musculus	Metazoa	130		0	False	1
Q8RXD4	Arabidopsis thaliana	Plants	941		0	False	3
Q8N183	Homo sapiens	Metazoa	169		0	False	2
O14512	Homo sapiens	Metazoa	581		0	False	3
O23875	Oryza sativa subsp. japonica	Plants	183		0	False	2
Q9H1Y3	Homo sapiens	Metazoa	402		0	True	4
Q42479	Arabidopsis thaliana	Plants	529		0	False	4
O15427	Homo sapiens	Metazoa	465		0	True	3
O42998	Schizosaccharomyces pombe (strain 972 / ATCC 24843)	Fungi	1919		0	False	1
Q9H3N8	Homo sapiens	Metazoa	390		0	True	2
Q12179	Saccharomyces cerevisiae (strain ATCC 204508 / S288c)	Fungi	454		0	False	2
Q9NS25	Homo sapiens	Metazoa	103		0	False	3
P31380	Saccharomyces cerevisiae (strain ATCC 204508 / S288c)	Fungi	1131		0	False	3
O74792	Schizosaccharomyces pombe (strain 972 / ATCC 24843)	Fungi	515		0	False	1
Q00978	Homo sapiens	Metazoa	393		0	False	4
P63319	Rattus norvegicus	Metazoa	697		0	False	5
O75528	Homo sapiens	Metazoa	432		0	False	2
P17987	Homo sapiens	Metazoa	556		0	False	2
O15498	Homo sapiens	Metazoa	198		0	False	5
Q17577	Caenorhabditis elegans	Metazoa	540		0	False	2
P54861	Saccharomyces cerevisiae (strain ATCC 204508 / S288c)	Fungi	757		0	False	3
Q940U6	Arabidopsis thaliana	Plants	316		0	False	2
Q01593	Arabidopsis thaliana	Plants	720		0	False	1
Q9SY66	Arabidopsis thaliana	Plants	680		0	False	3
O94716	Schizosaccharomyces pombe (strain 972 / ATCC 24843)	Fungi	233		0	False	4
P48529	Arabidopsis thaliana	Plants	305		0	False	1
Q10287	Schizosaccharomyces pombe (strain 972 / ATCC 24843)	Fungi	1729		0	False	4
Q99496	Homo sapiens	Metazoa	336		0	False	1
Q14153	Homo sapiens	Metazoa	422		0	False	2
Q9WTV0	Rattus norvegicus	Metazoa	417		0	False	2
O95602	Homo sapiens	Metazoa	1720		0	False	3
Q925E0	Mus musculus	Metazoa	539		0	False	2
P43582	Saccharomyces cerevisiae (strain ATCC 204508 / S288c)	Fungi	211		0	False	4
O94916	Homo sapiens	Metazoa	1531		0	False	2
P34730	Saccharomyces cerevisiae (strain ATCC 204508 / S288c)	Fungi	273		0	False	4
Q9LYA9	Arabidopsis thaliana	Plants	406		0	False	5
Q7KWJ5	Plasmodium falciparum (isolate 3D7)	Other	504		0	True	1
Q8IY18	Homo sapiens	Metazoa	1101		0	False	1
Q03214	Saccharomyces cerevisiae (strain ATCC 204508 / S288c)	Fungi	1411		0	False	3
P32239	Homo sapiens	Metazoa	447		0	True	1
A0FKN5	Gallus gallus	Metazoa	742		0	True	4
O13900	Schizosaccharomyces pombe (strain 972 / ATCC 24843)	Fungi	481		0	False	1
Q8N2A8	Homo sapiens	Metazoa	252		0	True	5
Q9LYT1	Arabidopsis thaliana	Plants	488		0	False	4
P49728	Chlamydomonas reinhardtii	Plants	206		0	True	2
Q7DM58	Arabidopsis thaliana	Plants	1516		0	True	2
O81796	Arabidopsis thaliana	Plants	368		0	False	3
P35064	Tetrahymena thermophila (strain SB210)	Other	138		0	False	3
P32349	Saccharomyces cerevisiae (strain ATCC 204508 / S288c)	Fungi	654		0	False	4
Q8BGV8	Mus musculus	Metazoa	463		0	True	1
O95153	Homo sapiens	Metazoa	1857		0	False	5
Q9S752	Arabidopsis thaliana	Plants	388		0	False	3
P39210	Homo sapiens	Metazoa	176		0	True	4
Q9XTB5	Caenorhabditis elegans	Metazoa	500		0	False	5
P34784	Aglaothamnion neglectum	Other	317		0	False	1
Q9UBX2	Homo sapiens	Metazoa	424		0	False	1
Q24400	Drosophila melanogaster	Metazoa	495		0	False	2
Q9QXV1	Mus musculus	Metazoa	362		0	False	4
P69571	Pseudotsuga menziesii	Plants	475		0	False	3
Q9BWF3	Homo sapiens	Metazoa	364		0	False	1
Q93XM6	Arabidopsis thaliana	Plants	481		0	False	4
Q8LPU4	Zea mays	Plants	468		0	False	2
G5EGK5	Caenorhabditis elegans	Metazoa	928		0	False	4
O94504	Schizosaccharomyces pombe (strain 972 / ATCC 24843)	Fungi	133		0	False	4
P43135	Mus musculus	Metazoa	414		0	False	3
P62070	Homo sapiens	Metazoa	204		0	False	3
Q9Y6H6	Homo sapiens	Metazoa	103		0	True	2
P29973	Homo sapiens	Metazoa	686		0	False	2
Q9ER31	Rattus norvegicus	Metazoa	455		0	True	5
O23212	Arabidopsis thaliana	Plants	573		0	False	2
P78317	Homo sapiens	Metazoa	190		0	False	1
Q5U4E2	Mus musculus	Metazoa	545		0	False	2
Q9WVR8	Rattus norvegicus	Metazoa	610		0	False	3
P37238	Mus musculus	Metazoa	505		0	False	5
P41182	Homo sapiens	Metazoa	706		0	False	3
Q810B3	Mus musculus	Metazoa	232		0	False	1
Q8WZJ8	Schizosaccharomyces pombe (strain 972 / ATCC 24843)	Fungi	210		0	False	5
Q8WWI5	Homo sapiens	Metazoa	657		0	True	2
P40630	Mus musculus	Metazoa	243		0	False	1
Q99728	Homo sapiens	Metazoa	777		0	False	3
Q7L3V2	Homo sapiens	Metazoa	364		0	False	2
P22512	Trypanosoma brucei brucei	Other	359		0	False	5
A0A0E3T552	Malus domestica	Plants	503		0	False	5
P49682	Homo sapiens	Metazoa	368		0	True	4
P60202	Mus musculus	Metazoa	277		0	True	4
O94906	Homo sapiens	Metazoa	941		0	False	5
P11031	Mus musculus	Metazoa	127		0	False	4
P22336	Saccharomyces cerevisiae (strain ATCC 204508 / S288c)	Fungi	621		0	False	1
O61125	Dictyostelium discoideum	Other	461		0	False	3
Q8GY61	Arabidopsis thaliana	Plants	335		0	False	2
P10627	Drosophila melanogaster	Metazoa	490		0	False	4
Q03112	Homo sapiens	Metazoa	1230		0	False	4
P31276	Homo sapiens	Metazoa	330		0	False	2
Q39140	Arabidopsis thaliana	Plants	330		0	False	5
Q9H0U6	Homo sapiens	Metazoa	180		0	False	5
O70191	Mus musculus	Metazoa	283		0	False	3
P0CG47	Homo sapiens	Metazoa	229		0	False	4
Q9SEI0	Arabidopsis thaliana	Plants	203		0	False	2
Q8LAA6	Arabidopsis thaliana	Plants	287		0	True	5
Q00839	Homo sapiens	Metazoa	825		0	False	5
Q5M775	Homo sapiens	Metazoa	1068		0	False	2
Q9BYI3	Homo sapiens	Metazoa	521		0	False	1
E9Q8G5	Mus musculus	Metazoa	680		0	False	2
Q7RTN6	Homo sapiens	Metazoa	431		0	False	2
Q9XFR5	Arabidopsis thaliana	Plants	268		0	False	1
Q07352	Homo sapiens	Metazoa	338		0	False	4
Q01956	Rattus norvegicus	Metazoa	889		0	False	1
Q9Y3M8	Homo sapiens	Metazoa	1113		0	False	3
Q39211	Arabidopsis thaliana	Plants	319		0	False	2
P35374	Mus musculus	Metazoa	363		0	True	2
Q9DDT5	Danio rerio	Metazoa	1084		0	False	2
Q9ASV5	Arabidopsis thaliana	Plants	650		0	True	5
Q4W9R0	Aspergillus fumigatus (strain ATCC MYA-4609 / CBS 101355 / FGSC A1100 / Af293)	Fungi	153		0	False	2
Q8IVF7	Homo sapiens	Metazoa	1028		0	False	1
Q9UL62	Homo sapiens	Metazoa	973		0	False	4
Q7Z2T5	Homo sapiens	Metazoa	733		0	False	2
Q9UDW3	Homo sapiens	Metazoa	170		0	False	3
Q09823	Schizosaccharomyces pombe (strain 972 / ATCC 24843)	Fungi	791		0	False	4
P49722	Mus musculus	Metazoa	234		0	False	2
Q9DA19	Mus musculus	Metazoa	450		0	False	2
O88491	Mus musculus	Metazoa	2588		0	False	5
Q10572	Caenorhabditis elegans	Metazoa	429		0	False	4
Q13541	Homo sapiens	Metazoa	118		0	False	3
Q9CA83	Arabidopsis thaliana	Plants	646		0	False	3
P05414	Spinacia oleracea	Plants	369		0	False	3
Q504T8	Homo sapiens	Metazoa	468		0	False	1
P69139	Psammechinus miliaris	Metazoa	126		0	False	5
Q9NVI7	Homo sapiens	Metazoa	586		0	False	3
P09594	Spinacia oleracea	Plants	199		0	False	4
Q944A6	Arabidopsis thaliana	Plants	487		0	False	2
Q15406	Homo sapiens	Metazoa	480		0	False	2
O80871	Arabidopsis thaliana	Plants	396		0	False	5
Q7SIG6	Mus musculus	Metazoa	958		0	False	1
P49450	Homo sapiens	Metazoa	140		0	False	4
P54964	Saccharomyces cerevisiae (strain ATCC 204508 / S288c)	Fungi	269		0	False	1
Q96DN6	Homo sapiens	Metazoa	1003		0	False	2
Q67Y99	Arabidopsis thaliana	Plants	330		0	False	1
Q9CPX8	Mus musculus	Metazoa	56		0	True	5
O22785	Arabidopsis thaliana	Plants	525		0	False	3
Q3UMZ3	Mus musculus	Metazoa	260		0	True	1
Q9URT4	Schizosaccharomyces pombe (strain 972 / ATCC 24843)	Fungi	697		0	False	1
Q9DCJ5	Mus musculus	Metazoa	172		0	False	4
P34326	Caenorhabditis elegans	Metazoa	187		0	False	1
O16102	Drosophila melanogaster	Metazoa	892		0	False	3
Q9NWY4	Homo sapiens	Metazoa	346		0	False	3
Q9Y4F3	Homo sapiens	Metazoa	1742		0	False	4
Q18508	Caenorhabditis elegans	Metazoa	1784		0	False	1
Q8GYT8	Arabidopsis thaliana	Plants	540		0	False	2
Q8R4U1	Mus musculus	Metazoa	393		0	False	1
O23144	Arabidopsis thaliana	Plants	612		0	False	4
Q8CFC7	Mus musculus	Metazoa	668		0	False	1
O94822	Homo sapiens	Metazoa	1766		0	False	4
Q9UBE0	Homo sapiens	Metazoa	346		0	False	5
Q9UNA4	Homo sapiens	Metazoa	740		0	False	4
O75956	Homo sapiens	Metazoa	126		0	False	2
Q96CP6	Homo sapiens	Metazoa	724		0	False	1
Q02642	Saccharomyces cerevisiae (strain ATCC 204508 / S288c)	Fungi	157		0	False	5
Q14203	Homo sapiens	Metazoa	1278		0	False	3
O95900	Homo sapiens	Metazoa	331		0	False	5
Q8CE90	Mus musculus	Metazoa	535		0	False	2
Q9GZZ1	Homo sapiens	Metazoa	169		0	False	5
Q9VT41	Drosophila melanogaster	Metazoa	1001		0	False	5
Q8IBI5	Plasmodium falciparum (isolate 3D7)	Other	553		0	False	3
P40546	Saccharomyces cerevisiae (strain ATCC 204508 / S288c)	Fungi	346		0	False	3
P00422	Neurospora crassa (strain ATCC 24698 / 74-OR23-1A / CBS 708.71 / DSM 1257 / FGSC 987)	Fungi	269		0	True	3
P62753	Homo sapiens	Metazoa	249		0	False	2
O22315	Arabidopsis thaliana	Plants	303		0	False	2
P62241	Homo sapiens	Metazoa	208		0	False	1
P43609	Saccharomyces cerevisiae (strain ATCC 204508 / S288c)	Fungi	557		0	False	4
Q9SSA5	Arabidopsis thaliana	Plants	437		0	False	5
P14604	Rattus norvegicus	Metazoa	290		0	False	1
Q9Y3D0	Homo sapiens	Metazoa	163		0	False	1
Q22717	Caenorhabditis elegans	Metazoa	170		0	False	5
O74388	Schizosaccharomyces pombe (strain 972 / ATCC 24843)	Fungi	301		0	False	1
Q9SX99	Arabidopsis thaliana	Plants	261		0	False	5
Q5QJE6	Homo sapiens	Metazoa	756		0	False	2
Q86VW1	Homo sapiens	Metazoa	577		0	True	1
Q9HCL2	Homo sapiens	Metazoa	828		0	False	2
O70467	Rattus norvegicus	Metazoa	528		0	False	2
Q8IWL3	Homo sapiens	Metazoa	235		0	False	2
Q92551	Homo sapiens	Metazoa	441		0	False	4
P12904	Saccharomyces cerevisiae (strain ATCC 204508 / S288c)	Fungi	322		0	False	3
Q9CQ79	Mus musculus	Metazoa	226		0	False	5
Q19345	Caenorhabditis elegans	Metazoa	572		0	False	1
P53992	Homo sapiens	Metazoa	1094		0	False	4
P24345	Zea mays	Plants	359		0	False	4
Q8TCC3	Homo sapiens	Metazoa	161		0	False	1
P53742	Saccharomyces cerevisiae (strain ATCC 204508 / S288c)	Fungi	486		0	False	2
O04492	Arabidopsis thaliana	Plants	419		0	False	4
Q9VEX5	Drosophila melanogaster	Metazoa	689		0	False	5
Q6ZPR5	Mus musculus	Metazoa	823		0	False	3
P53886	Saccharomyces cerevisiae (strain ATCC 204508 / S288c)	Fungi	1748		0	False	1
P68530	Bos taurus	Metazoa	227		0	True	1
Q9W123	Drosophila melanogaster	Metazoa	495		0	False	2
Q8VIE6	Mus musculus	Metazoa	465		0	True	3
G2TRN4	Schizosaccharomyces pombe (strain 972 / ATCC 24843)	Fungi	104		0	False	5
Q8N2H3	Homo sapiens	Metazoa	581		0	False	3
Q8NFH5	Homo sapiens	Metazoa	326		0	False	4
Q9H0H5	Homo sapiens	Metazoa	632		0	False	3
O74465	Schizosaccharomyces pombe (strain 972 / ATCC 24843)	Fungi	999		0	False	5
P70257	Mus musculus	Metazoa	488		0	False	4
Q56P03	Homo sapiens	Metazoa	285		0	False	5
Q8MMZ7	Toxoplasma gondii	Other	994		0	False	5
Q9Y2E8	Homo sapiens	Metazoa	581		0	True	2
Q9CA42	Arabidopsis thaliana	Plants	1085		0	False	1
P30804	Canis lupus familiaris	Metazoa	1165		0	False	1
Q6K1S6	Oryza sativa subsp. japonica	Plants	258		0	False	5
Q9P032	Homo sapiens	Metazoa	175		0	False	1
Q9VIT0	Drosophila melanogaster	Metazoa	255		0	False	3
Q7RTY1	Homo sapiens	Metazoa	509		0	True	1
Q12220	Saccharomyces cerevisiae (strain ATCC 204508 / S288c)	Fungi	943		0	False	2
Q9FJ17	Arabidopsis thaliana	Plants	211		0	False	1
Q9NZ09	Homo sapiens	Metazoa	502		0	False	3
Q8H151	Arabidopsis thaliana	Plants	608		0	False	1
Q4X006	Aspergillus fumigatus (strain ATCC MYA-4609 / CBS 101355 / FGSC A1100 / Af293)	Fungi	1499		0	False	4
P38137	Saccharomyces cerevisiae (strain ATCC 204508 / S288c)	Fungi	543		0	False	3
Q9C519	Arabidopsis thaliana	Plants	553		0	False	5
Q8WV60	Homo sapiens	Metazoa	388		0	False	2
Q9C6Z1	Arabidopsis thaliana	Plants	589		0	False	1
Q9FZ47	Arabidopsis thaliana	Plants	290		0	False	3
O82210	Arabidopsis thaliana	Plants	366		0	False	2
Q12107	Saccharomyces cerevisiae (strain ATCC 204508 / S288c)	Fungi	265		0	False	2
Q8IZD6	Homo sapiens	Metazoa	547		0	True	1
P51449	Homo sapiens	Metazoa	518		0	False	1
Q9Y3D5	Homo sapiens	Metazoa	142		0	False	1
C0HLN0	Rattus norvegicus	Metazoa	54		0	True	4
P40465	Saccharomyces cerevisiae (strain ATCC 204508 / S288c)	Fungi	213		0	False	3
Q9WVR3	Rattus norvegicus	Metazoa	1257		0	False	1
Q9UK58	Homo sapiens	Metazoa	526		0	False	4
P27476	Saccharomyces cerevisiae (strain ATCC 204508 / S288c)	Fungi	414		0	False	5
Q9D3D9	Mus musculus	Metazoa	168		0	False	1
Q9HGK2	Schizosaccharomyces pombe (strain 972 / ATCC 24843)	Fungi	216		0	False	2
Q4KLP8	Xenopus laevis	Metazoa	663		0	False	1
Q05498	Saccharomyces cerevisiae (strain ATCC 204508 / S288c)	Fungi	189		0	False	3
P82231	Spinacia oleracea	Plants	271		0	False	3
Q2TA12	Bos taurus	Metazoa	306		0	False	1
Q60700	Mus musculus	Metazoa	888		0	False	5
P53991	Chlamydomonas reinhardtii	Plants	354		0	False	1
I3W9F6	Rhizophagus irregularis	Fungi	276		0	True	1
P32302	Homo sapiens	Metazoa	372		0	True	3
Q13185	Homo sapiens	Metazoa	183		0	False	5
O55170	Rattus norvegicus	Metazoa	466		0	False	1
Q06675	Saccharomyces cerevisiae (strain ATCC 204508 / S288c)	Fungi	368		0	False	3
Q2VWA4	Homo sapiens	Metazoa	1015		0	False	5
P47096	Saccharomyces cerevisiae (strain ATCC 204508 / S288c)	Fungi	177		0	False	4
P52286	Saccharomyces cerevisiae (strain ATCC 204508 / S288c)	Fungi	194		0	False	2
Q9H147	Homo sapiens	Metazoa	329		0	False	5
P97524	Rattus norvegicus	Metazoa	620		0	True	2
A4PES0	Sus scrofa	Metazoa	565		0	False	5
P53233	Saccharomyces cerevisiae (strain ATCC 204508 / S288c)	Fungi	369		0	False	4
Q8BZ89	Mus musculus	Metazoa	410		0	False	5
Q02962	Homo sapiens	Metazoa	417		0	False	5
P49107	Arabidopsis thaliana	Plants	171		0	False	4
P32499	Saccharomyces cerevisiae (strain ATCC 204508 / S288c)	Fungi	720		0	False	3
O42227	Xenopus laevis	Metazoa	480		0	False	1
Q63087	Rattus norvegicus	Metazoa	326		0	False	4
Q9JJI5	Rattus norvegicus	Metazoa	425		0	True	3
Q63ZV0	Mus musculus	Metazoa	521		0	False	3
Q6F5E8	Homo sapiens	Metazoa	1435		0	False	3
P70392	Mus musculus	Metazoa	1189		0	False	3
Q9Y2W2	Homo sapiens	Metazoa	641		0	False	5
P32863	Saccharomyces cerevisiae (strain ATCC 204508 / S288c)	Fungi	898		0	False	5
Q9FL44	Arabidopsis thaliana	Plants	235		0	False	2
P18847	Homo sapiens	Metazoa	181		0	False	2
P31751	Homo sapiens	Metazoa	481		0	False	4
Q08921	Saccharomyces cerevisiae (strain ATCC 204508 / S288c)	Fungi	799		0	False	3
Q9ULD5	Homo sapiens	Metazoa	831		0	False	4
Q1XA76	Gallus gallus	Metazoa	527		0	True	4
Q9CXW4	Mus musculus	Metazoa	178		0	False	1
Q5U308	Rattus norvegicus	Metazoa	858		0	True	2
O43687	Homo sapiens	Metazoa	104		0	False	1
Q1PEX8	Arabidopsis thaliana	Plants	75		0	True	5
Q9FY99	Arabidopsis thaliana	Plants	596		0	False	5
O49570	Arabidopsis thaliana	Plants	650		0	False	4
Q8IYX4	Homo sapiens	Metazoa	353		0	False	5
F4I7I0	Arabidopsis thaliana	Plants	543		0	False	4
O75122	Homo sapiens	Metazoa	1294		0	False	5
O74954	Schizosaccharomyces pombe (strain 972 / ATCC 24843)	Fungi	613		0	False	3
Q9URV9	Schizosaccharomyces pombe (strain 972 / ATCC 24843)	Fungi	124		0	False	2
O95630	Homo sapiens	Metazoa	424		0	False	4
Q9C5D0	Arabidopsis thaliana	Plants	238		0	False	2
P09959	Saccharomyces cerevisiae (strain ATCC 204508 / S288c)	Fungi	803		0	False	4
Q60EW9	Oryza sativa subsp. japonica	Plants	774		0	False	5
Q63099	Rattus norvegicus	Metazoa	907		0	False	3
P53201	Saccharomyces cerevisiae (strain ATCC 204508 / S288c)	Fungi	476		0	False	4
Q9ZV24	Arabidopsis thaliana	Plants	148		0	True	3
P11155	Zea mays	Plants	947		0	False	5
O75821	Homo sapiens	Metazoa	320		0	False	1
Q7KNF2	Drosophila melanogaster	Metazoa	224		0	False	5
P10734	Drosophila melanogaster	Metazoa	429		0	False	3
Q8NFJ9	Homo sapiens	Metazoa	593		0	False	3
P29458	Schizosaccharomyces pombe (strain 972 / ATCC 24843)	Fungi	911		0	False	1
O43365	Homo sapiens	Metazoa	443		0	False	5
Q92772	Homo sapiens	Metazoa	493		0	False	2
Q6IP18	Xenopus laevis	Metazoa	276		0	False	5
Q9NS69	Homo sapiens	Metazoa	142		0	True	5
Q9LQK7	Arabidopsis thaliana	Plants	475		0	False	5
P50480	Rattus norvegicus	Metazoa	360		0	False	2
P57081	Homo sapiens	Metazoa	412		0	False	2
P81760	Arabidopsis thaliana	Plants	236		0	False	4
P82248	Spinacia oleracea	Plants	168		0	False	5
Q9NS23	Homo sapiens	Metazoa	344		0	False	3
Q8L785	Arabidopsis thaliana	Plants	1067		0	False	3
Q2NKJ3	Homo sapiens	Metazoa	1217		0	False	4
F8VPU2	Mus musculus	Metazoa	1048		0	False	2
O02751	Bos taurus	Metazoa	592		0	False	5
Q63810	Mus musculus	Metazoa	170		0	False	2
O35346	Rattus norvegicus	Metazoa	1055		0	False	3
Q6L545	Oryza sativa subsp. japonica	Plants	354		0	False	3
Q3B8Q2	Rattus norvegicus	Metazoa	411		0	False	5
Q9CQT9	Mus musculus	Metazoa	129		0	True	1
Q54S83	Dictyostelium discoideum	Other	484		0	False	4
P30181	Arabidopsis thaliana	Plants	916		0	False	5
Q18685	Caenorhabditis elegans	Metazoa	720		0	False	4
Q9QUS4	Mus musculus	Metazoa	339		0	False	2
Q10740	Saccharomyces cerevisiae (strain ATCC 204508 / S288c)	Fungi	671		0	False	5
P35221	Homo sapiens	Metazoa	906		0	False	1
P43694	Homo sapiens	Metazoa	442		0	False	4
Q43127	Arabidopsis thaliana	Plants	430		0	False	5
Q9LKW9	Arabidopsis thaliana	Plants	1146		0	True	5
Q96E11	Homo sapiens	Metazoa	262		0	False	3
P10606	Homo sapiens	Metazoa	129		0	False	3
P68519	Crotalus viridis viridis	Metazoa	105		0	False	4
Q96PX9	Homo sapiens	Metazoa	1627		0	False	4
Q62696	Rattus norvegicus	Metazoa	911		0	False	5
Q03358	Mus musculus	Metazoa	267		0	False	4
Q8NEZ2	Homo sapiens	Metazoa	397		0	False	3
P09597	Spinacia oleracea	Plants	134		0	False	3
Q6NXK7	Mus musculus	Metazoa	797		0	True	3
P32238	Homo sapiens	Metazoa	428		0	True	1
Q96301	Arabidopsis thaliana	Plants	914		0	False	3
Q08558	Saccharomyces cerevisiae (strain ATCC 204508 / S288c)	Fungi	271		0	False	2
P00288	Vicia faba	Plants	99		0	False	5
Q9WVH4	Mus musculus	Metazoa	672		0	False	5
Q9UT76	Schizosaccharomyces pombe (strain 972 / ATCC 24843)	Fungi	393		0	False	5
Q8BFZ4	Mus musculus	Metazoa	434		0	False	3
P41047	Mus musculus	Metazoa	279		0	True	5
Q6UXN9	Homo sapiens	Metazoa	313		0	False	5
P04913	Schizosaccharomyces pombe (strain 972 / ATCC 24843)	Fungi	126		0	False	4
Q8GW32	Arabidopsis thaliana	Plants	94		0	False	4
P35658	Homo sapiens	Metazoa	2090		0	False	5
Q9M9H4	Arabidopsis thaliana	Plants	500		0	False	4
P57105	Homo sapiens	Metazoa	145		0	False	1
Q6K431	Oryza sativa subsp. japonica	Plants	1022		0	False	4
Q8IYB8	Homo sapiens	Metazoa	786		0	False	4
Q92908	Homo sapiens	Metazoa	595		0	False	2
Q8R0S9	Mus musculus	Metazoa	554		0	True	4
Q6R6M4	Homo sapiens	Metazoa	530		0	False	5
P04897	Rattus norvegicus	Metazoa	355		0	False	3
Q9BZI7	Homo sapiens	Metazoa	483		0	False	4
Q9P241	Homo sapiens	Metazoa	1426		0	False	1
P05114	Homo sapiens	Metazoa	100		0	False	1
P21729	Mus musculus	Metazoa	384		0	True	5
P10827	Homo sapiens	Metazoa	490		0	False	1
P11531	Mus musculus	Metazoa	3678		0	False	1
Q12153	Saccharomyces cerevisiae (strain ATCC 204508 / S288c)	Fungi	453		0	False	1
P32367	Saccharomyces cerevisiae (strain ATCC 204508 / S288c)	Fungi	649		0	False	4
G1X9H9	Arthrobotrys oligospora (strain ATCC 24927 / CBS 115.81 / DSM 1491)	Fungi	411		0	False	5
Q9VLJ8	Drosophila melanogaster	Metazoa	453		0	False	1
P09139	Rattus norvegicus	Metazoa	414		0	False	5
A0A396IUP1	Medicago truncatula	Plants	594		0	False	2
P50518	Mus musculus	Metazoa	226		0	False	3
Q24564	Drosophila melanogaster	Metazoa	635		0	False	5
F6ZDS4	Mus musculus	Metazoa	2431		0	False	3
Q27297	Drosophila melanogaster	Metazoa	336		0	False	3
O15055	Homo sapiens	Metazoa	1255		0	False	4
O14894	Homo sapiens	Metazoa	197		0	True	4
Q9BSV6	Homo sapiens	Metazoa	310		0	False	1
P17679	Mus musculus	Metazoa	413		0	False	5
P70698	Mus musculus	Metazoa	591		0	False	1
Q9NVA1	Homo sapiens	Metazoa	299		0	False	4
Q9P805	Schizosaccharomyces pombe (strain 972 / ATCC 24843)	Fungi	127		0	False	1
F4J2K2	Arabidopsis thaliana	Plants	625		0	False	1
Q9FIB6	Arabidopsis thaliana	Plants	442		0	False	5
Q9Y8G3	Schizosaccharomyces pombe (strain 972 / ATCC 24843)	Fungi	596		0	False	3
Q9BXF3	Homo sapiens	Metazoa	1484		0	False	3
Q9SKX9	Arabidopsis thaliana	Plants	71		0	True	3
Q6PJ21	Homo sapiens	Metazoa	355		0	False	2
Q9NZN4	Homo sapiens	Metazoa	543		0	False	4
O75001	Schizosaccharomyces pombe (strain 972 / ATCC 24843)	Fungi	760		0	False	3
P14938	Raphanus sativus	Plants	96		0	False	4
Q16629	Homo sapiens	Metazoa	238		0	False	4
P60824	Mus musculus	Metazoa	172		0	False	3
Q8N8Q3	Homo sapiens	Metazoa	282		0	False	3
Q9UH99	Homo sapiens	Metazoa	717		0	False	2
Q9C5Z3	Arabidopsis thaliana	Plants	441		0	False	5
Q04116	Saccharomyces cerevisiae (strain ATCC 204508 / S288c)	Fungi	353		0	False	2
Q9Y5L0	Homo sapiens	Metazoa	923		0	False	3
O08808	Mus musculus	Metazoa	1255		0	False	1
P78364	Homo sapiens	Metazoa	1004		0	False	1
P36617	Schizosaccharomyces pombe (strain 972 / ATCC 24843)	Fungi	877		0	False	3
P48727	Caenorhabditis elegans	Metazoa	333		0	False	3
Q9VH07	Drosophila melanogaster	Metazoa	456		0	False	4
O64903	Arabidopsis thaliana	Plants	231		0	False	3
Q6R0A6	Arabidopsis thaliana	Plants	294		0	False	3
Q7ZT82	Danio rerio	Metazoa	382		0	False	5
P02253	Bos taurus	Metazoa	213		0	False	2
O75665	Homo sapiens	Metazoa	1012		0	False	2
Q9NV29	Homo sapiens	Metazoa	134		0	True	2
Q9ZUF4	Arabidopsis thaliana	Plants	462		0	False	4
O94851	Homo sapiens	Metazoa	1957		0	False	2
P40160	Saccharomyces cerevisiae (strain ATCC 204508 / S288c)	Fungi	425		0	False	5
I1CR68	Rhizopus delemar (strain RA 99-880 / ATCC MYA-4621 / FGSC 9543 / NRRL 43880)	Fungi	306		0	True	1
Q03195	Saccharomyces cerevisiae (strain ATCC 204508 / S288c)	Fungi	608		0	False	3
P38927	Saccharomyces cerevisiae (strain ATCC 204508 / S288c)	Fungi	245		0	False	1
Q9H0Z9	Homo sapiens	Metazoa	239		0	False	2
P45951	Arabidopsis thaliana	Plants	536		0	False	4
P08579	Homo sapiens	Metazoa	225		0	False	1
P34223	Saccharomyces cerevisiae (strain ATCC 204508 / S288c)	Fungi	423		0	False	5
Q99942	Homo sapiens	Metazoa	180		0	False	4
O15084	Homo sapiens	Metazoa	1053		0	False	3
O94829	Homo sapiens	Metazoa	963		0	False	3
Q9BQ04	Homo sapiens	Metazoa	359		0	False	2
P59047	Homo sapiens	Metazoa	1200		0	False	4
Q9WUM4	Mus musculus	Metazoa	474		0	False	5
P17545	Trypanosoma brucei brucei	Other	1766		0	False	5
P47043	Saccharomyces cerevisiae (strain ATCC 204508 / S288c)	Fungi	880		0	False	2
Q9VWF4	Drosophila melanogaster	Metazoa	387		0	False	5
Q9P7E0	Schizosaccharomyces pombe (strain 972 / ATCC 24843)	Fungi	79		0	True	1
P02255	Drosophila melanogaster	Metazoa	256		0	False	4
Q96Q89	Homo sapiens	Metazoa	1820		0	False	1
O15552	Homo sapiens	Metazoa	330		0	True	2
O82503	Arabidopsis thaliana	Plants	287		0	False	5
P40688	Drosophila melanogaster	Metazoa	548		0	False	1
F4IDJ0	Arabidopsis thaliana	Plants	830		0	False	5
P56501	Mus musculus	Metazoa	308		0	True	3
P47973	Rattus norvegicus	Metazoa	320		0	False	1
P13446	Euglena gracilis	Other	480		0	False	3
P15037	Mus musculus	Metazoa	468		0	False	1
P38084	Saccharomyces cerevisiae (strain ATCC 204508 / S288c)	Fungi	609		0	False	3
Q9NYB5	Homo sapiens	Metazoa	712		0	True	5
Q16281	Homo sapiens	Metazoa	694		0	False	5
Q03338	Saccharomyces cerevisiae (strain ATCC 204508 / S288c)	Fungi	469		0	False	3
Q16611	Homo sapiens	Metazoa	211		0	False	1
Q80WE1	Rattus norvegicus	Metazoa	593		0	False	2
Q6AZ28	Rattus norvegicus	Metazoa	572		0	False	4
Q9LLC1	Arabidopsis thaliana	Plants	255		0	False	5
Q5H8A6	Lotus japonicus	Plants	853		0	False	3
Q336R9	Oryza sativa subsp. japonica	Plants	263		0	False	5
Q9FVU9	Arabidopsis thaliana	Plants	358		0	False	3
O74731	Schizosaccharomyces pombe (strain 972 / ATCC 24843)	Fungi	479		0	False	4
Q9HCS4	Homo sapiens	Metazoa	588		0	False	4
P00241	Cyanidium caldarium	Other	98		0	False	3
P22342	Euglena viridis	Other	102		0	False	1
Q94AV5	Arabidopsis thaliana	Plants	459		0	False	1
Q94K73	Arabidopsis thaliana	Plants	429		0	False	4
Q5VRD7	Oryza sativa subsp. japonica	Plants	53		0	True	1
O74844	Schizosaccharomyces pombe (strain 972 / ATCC 24843)	Fungi	244		0	False	2
Q67Y93	Arabidopsis thaliana	Plants	191		0	False	5
Q03124	Saccharomyces cerevisiae (strain ATCC 204508 / S288c)	Fungi	581		0	False	4
Q86XF0	Homo sapiens	Metazoa	187		0	False	5
Q04377	Saccharomyces cerevisiae (strain ATCC 204508 / S288c)	Fungi	747		0	False	2
P97836	Rattus norvegicus	Metazoa	992		0	False	5
Q61831	Mus musculus	Metazoa	464		0	False	1
P55017	Homo sapiens	Metazoa	1021		0	False	4
A0A2R6QE26	Actinidia chinensis var. chinensis	Plants	689		0	False	1
Q17391	Caenorhabditis elegans	Metazoa	777		0	False	5
P49116	Homo sapiens	Metazoa	596		0	False	2
Q96EV2	Homo sapiens	Metazoa	1170		0	False	5
Q8TE02	Homo sapiens	Metazoa	300		0	False	1
P70169	Mus musculus	Metazoa	412		0	False	2
Q13156	Homo sapiens	Metazoa	261		0	False	2
Q8N201	Homo sapiens	Metazoa	2190		0	False	4
P19838	Homo sapiens	Metazoa	968		0	False	5
P40169	Saccharomyces cerevisiae (strain ATCC 204508 / S288c)	Fungi	301		0	True	3
A2VEY9	Drosophila melanogaster	Metazoa	693		0	True	5
Q12084	Saccharomyces cerevisiae (strain ATCC 204508 / S288c)	Fungi	232		0	False	5
O64645	Arabidopsis thaliana	Plants	214		0	False	3
Q8IBS5	Plasmodium falciparum (isolate 3D7)	Other	528		0	False	1
Q9UBY5	Homo sapiens	Metazoa	353		0	True	1
P00235	Equisetum arvense	Plants	95		0	False	5
Q9WTY4	Mus musculus	Metazoa	265		0	True	4
Q07075	Homo sapiens	Metazoa	957		0	True	3
P85125	Rattus norvegicus	Metazoa	392		0	False	3
Q1H5E9	Arabidopsis thaliana	Plants	397		0	False	3
P12532	Homo sapiens	Metazoa	417		0	False	1
Q9JJ43	Mus musculus	Metazoa	396		0	False	4
P24867	Saccharomyces cerevisiae (strain ATCC 204508 / S288c)	Fungi	279		0	False	5
Q9LY00	Arabidopsis thaliana	Plants	294		0	False	3
Q5NUL3	Homo sapiens	Metazoa	361		0	True	4
Q9FNY2	Arabidopsis thaliana	Plants	385		0	False	4
Q9M2Q6	Arabidopsis thaliana	Plants	354		0	False	5
Q13009	Homo sapiens	Metazoa	1591		0	False	5
Q9FK12	Arabidopsis thaliana	Plants	354		0	False	1
Q8WSR3	Ascaris suum	Metazoa	645		0	False	3
Q22037	Caenorhabditis elegans	Metazoa	346		0	False	3
P20428	Rattus norvegicus	Metazoa	287		0	False	3
Q5M876	Rattus norvegicus	Metazoa	319		0	False	3
Q9JKN6	Mus musculus	Metazoa	507		0	False	3
Q5VWG9	Homo sapiens	Metazoa	929		0	False	2
Q96A70	Homo sapiens	Metazoa	460		0	False	4
O00148	Homo sapiens	Metazoa	427		0	False	3
O13775	Schizosaccharomyces pombe (strain 972 / ATCC 24843)	Fungi	716		0	False	1
Q05066	Homo sapiens	Metazoa	204		0	False	2
P00062	Sambucus nigra	Plants	111		0	False	2
P25373	Saccharomyces cerevisiae (strain ATCC 204508 / S288c)	Fungi	110		0	False	4
Q60680	Mus musculus	Metazoa	745		0	False	2
Q10428	Schizosaccharomyces pombe (strain 972 / ATCC 24843)	Fungi	548		0	False	3
M9PFN0	Drosophila melanogaster	Metazoa	352		0	False	4
Q12343	Saccharomyces cerevisiae (strain ATCC 204508 / S288c)	Fungi	284		0	False	3
Q9CR68	Mus musculus	Metazoa	274		0	False	1
Q9P0M6	Homo sapiens	Metazoa	372		0	False	2
Q23917	Dictyostelium discoideum	Other	793		0	False	3
Q04599	Saccharomyces cerevisiae (strain ATCC 204508 / S288c)	Fungi	285		0	False	4
Q9UU96	Schizosaccharomyces pombe (strain 972 / ATCC 24843)	Fungi	736		0	False	5
Q3KNY0	Mus musculus	Metazoa	2849		0	False	1
Q9FLF7	Arabidopsis thaliana	Plants	445		0	False	1
O13965	Schizosaccharomyces pombe (strain 972 / ATCC 24843)	Fungi	730		0	False	3
Q03172	Mus musculus	Metazoa	2688		0	False	5
P51579	Rattus norvegicus	Metazoa	389		0	True	2
O95260	Homo sapiens	Metazoa	518		0	False	1
Q61469	Mus musculus	Metazoa	283		0	True	1
Q9LML2	Arabidopsis thaliana	Plants	979		0	False	1
Q8IUN9	Homo sapiens	Metazoa	316		0	True	1
Q3MHL3	Bos taurus	Metazoa	425		0	False	3
P0CU08	Schizosaccharomyces pombe (strain 972 / ATCC 24843)	Fungi	235		0	False	1
P26374	Homo sapiens	Metazoa	656		0	False	4
Q61880	Mus musculus	Metazoa	340		0	False	1
Q9NP58	Homo sapiens	Metazoa	842		0	True	5
O89019	Mus musculus	Metazoa	1062		0	False	3
Q75H77	Oryza sativa subsp. japonica	Plants	362		0	False	3
F2Z699	Yarrowia lipolytica (strain CLIB 122 / E 150)	Fungi	582		0	False	5
Q9CX92	Mus musculus	Metazoa	205		0	True	2
Q84Y95	Arabidopsis thaliana	Plants	173		0	False	2
P41135	Rattus norvegicus	Metazoa	164		0	False	3
Q84W56	Arabidopsis thaliana	Plants	911		0	False	4
Q64524	Mus musculus	Metazoa	126		0	False	3
Q1K548	Neurospora crassa (strain ATCC 24698 / 74-OR23-1A / CBS 708.71 / DSM 1257 / FGSC 987)	Fungi	477		0	False	2
P20618	Homo sapiens	Metazoa	241		0	False	5
Q8IE02	Plasmodium falciparum (isolate 3D7)	Other	597		0	False	2
Q93YN1	Arabidopsis thaliana	Plants	390		0	False	4
Q92826	Homo sapiens	Metazoa	284		0	False	1
P82908	Bos taurus	Metazoa	103		0	False	2
O95619	Homo sapiens	Metazoa	227		0	False	4
Q9FGH9	Arabidopsis thaliana	Plants	624		0	False	2
Q9SHJ6	Arabidopsis thaliana	Plants	323		0	False	3
Q9VV74	Drosophila melanogaster	Metazoa	226		0	False	1
Q10661	Caenorhabditis elegans	Metazoa	123		0	False	1
Q96RL7	Homo sapiens	Metazoa	3174		0	False	1
Q80Z37	Mus musculus	Metazoa	1033		0	False	4
O43511	Homo sapiens	Metazoa	780		0	True	3
A2AIV2	Mus musculus	Metazoa	1811		0	False	5
Q9CPY3	Mus musculus	Metazoa	264		0	False	2
P04049	Homo sapiens	Metazoa	648		0	False	2
A7DTF0	Caenorhabditis elegans	Metazoa	337		0	False	1
P12629	Spinacia oleracea	Plants	250		0	False	3
Q9Z2F5	Rattus norvegicus	Metazoa	430		0	False	2
Q8BX46	Mus musculus	Metazoa	964		0	False	4
Q8IS98	Crithidia fasciculata	Other	134		0	False	1
Q6I5C3	Oryza sativa subsp. japonica	Plants	209		0	False	1
P08485	Rattus norvegicus	Metazoa	478		0	True	2
Q9BUJ2	Homo sapiens	Metazoa	856		0	False	5
Q9TYY7	Caenorhabditis elegans	Metazoa	478		0	True	1
Q08214	Saccharomyces cerevisiae (strain ATCC 204508 / S288c)	Fungi	380		0	False	4
Q7Z3B3	Homo sapiens	Metazoa	1105		0	False	3
O00522	Homo sapiens	Metazoa	736		0	False	2
P48443	Homo sapiens	Metazoa	463		0	False	1
Q9JHI9	Mus musculus	Metazoa	570		0	True	5
P61221	Homo sapiens	Metazoa	599		0	False	4
Q04089	Saccharomyces cerevisiae (strain ATCC 204508 / S288c)	Fungi	582		0	False	1
Q96JC9	Homo sapiens	Metazoa	268		0	False	4
P00066	Nigella damascena	Plants	111		0	False	4
Q91V24	Mus musculus	Metazoa	2159		0	True	5
P29595	Mus musculus	Metazoa	81		0	False	3
Q8JGN5	Xenopus laevis	Metazoa	160		0	False	4
Q95QK3	Caenorhabditis elegans	Metazoa	1061		0	False	4
Q2M3C6	Homo sapiens	Metazoa	523		0	False	1
P26583	Homo sapiens	Metazoa	209		0	False	3
Q9WTJ6	Mus musculus	Metazoa	475		0	False	4
Q9R1A0	Rattus norvegicus	Metazoa	323		0	False	5
Q8NC56	Homo sapiens	Metazoa	503		0	False	5
Q9UNX4	Homo sapiens	Metazoa	943		0	False	3
Q09907	Schizosaccharomyces pombe (strain 972 / ATCC 24843)	Fungi	355		0	False	2
O08773	Rattus norvegicus	Metazoa	544		0	False	4
Q93ZN9	Arabidopsis thaliana	Plants	461		0	False	3
O00287	Homo sapiens	Metazoa	272		0	False	2
Q5Y5T5	Mus musculus	Metazoa	762		0	True	3
Q9H4B6	Homo sapiens	Metazoa	383		0	False	4
Q5DT39	Rattus norvegicus	Metazoa	243		0	True	1
Q9Y6M7	Homo sapiens	Metazoa	1214		0	False	5
Q94126	Caenorhabditis elegans	Metazoa	211		0	False	1
Q3SYS1	Bos taurus	Metazoa	178		0	False	4
P21528	Pisum sativum	Plants	441		0	False	1
Q6DKI7	Homo sapiens	Metazoa	326		0	True	4
P98197	Mus musculus	Metazoa	1187		0	True	3
Q95QW4	Caenorhabditis elegans	Metazoa	561		0	False	5
P18113	Rattus norvegicus	Metazoa	461		0	False	2
Q9Z2N6	Rattus norvegicus	Metazoa	79		0	False	3
Q03976	Saccharomyces cerevisiae (strain ATCC 204508 / S288c)	Fungi	319		0	False	4
Q6I9Y2	Homo sapiens	Metazoa	204		0	False	3
P51662	Oryctolagus cuniculus	Metazoa	346		0	False	3
Q8WZ19	Homo sapiens	Metazoa	329		0	False	2
P15847	Plasmodium falciparum	Other	184		0	False	2
P54789	Schizosaccharomyces pombe (strain 972 / ATCC 24843)	Fungi	707		0	False	2
Q84M97	Arabidopsis thaliana	Plants	742		0	False	3
P08425	Saccharomyces cerevisiae (strain ATCC 204508 / S288c)	Fungi	469		0	False	3
Q99N80	Mus musculus	Metazoa	567		0	False	2
P21279	Mus musculus	Metazoa	359		0	False	2
Q9C086	Homo sapiens	Metazoa	356		0	False	4
Q3U284	Mus musculus	Metazoa	315		0	True	5
Q9BSM1	Homo sapiens	Metazoa	259		0	False	2
Q8N371	Homo sapiens	Metazoa	416		0	False	3
G3LSH3	Lotus japonicus	Plants	483		0	False	1
P16403	Homo sapiens	Metazoa	213		0	False	4
P36970	Rattus norvegicus	Metazoa	197		0	False	1
Q9FJW3	Arabidopsis thaliana	Plants	82		0	True	4
Q9H1C0	Homo sapiens	Metazoa	372		0	True	5
Q14330	Homo sapiens	Metazoa	331		0	True	3
O81445	Arabidopsis thaliana	Plants	213		0	False	4
O60341	Homo sapiens	Metazoa	852		0	False	5
P0C5Z0	Homo sapiens	Metazoa	115		0	False	4
Q9ERI5	Mus musculus	Metazoa	403		0	False	3
Q9H8H0	Homo sapiens	Metazoa	719		0	False	2
P0CL69	Mus musculus	Metazoa	594		0	False	1
Q9LR78	Arabidopsis thaliana	Plants	793		0	False	2
O88343	Mus musculus	Metazoa	1079		0	False	1
Q9Y2I9	Homo sapiens	Metazoa	924		0	False	4
Q9UBC0	Homo sapiens	Metazoa	465		0	False	3
Q8NFT2	Homo sapiens	Metazoa	490		0	False	4
P42845	Saccharomyces cerevisiae (strain ATCC 204508 / S288c)	Fungi	420		0	False	1
Q945P1	Arabidopsis thaliana	Plants	317		0	False	3
O14098	Schizosaccharomyces pombe (strain 972 / ATCC 24843)	Fungi	593		0	False	2
P19484	Homo sapiens	Metazoa	476		0	False	5
P37292	Saccharomyces cerevisiae (strain ATCC 204508 / S288c)	Fungi	490		0	False	4
O64750	Arabidopsis thaliana	Plants	186		0	False	4
P20484	Saccharomyces cerevisiae (strain ATCC 204508 / S288c)	Fungi	414		0	False	3
O60716	Homo sapiens	Metazoa	968		0	False	4
Q6PIU1	Homo sapiens	Metazoa	500		0	False	4
Q8BGC4	Mus musculus	Metazoa	377		0	False	1
Q9UPY5	Homo sapiens	Metazoa	501		0	True	2
Q7L5D6	Homo sapiens	Metazoa	327		0	False	2
P38858	Saccharomyces cerevisiae (strain ATCC 204508 / S288c)	Fungi	249		0	False	5
D3ZUE1	Rattus norvegicus	Metazoa	857		0	False	4
Q9BSW2	Homo sapiens	Metazoa	731		0	False	1
Q9UGC7	Homo sapiens	Metazoa	380		0	False	1
Q8TAT5	Homo sapiens	Metazoa	605		0	False	1
Q64514	Mus musculus	Metazoa	1262		0	False	2
Q9H4Q4	Homo sapiens	Metazoa	367		0	False	1
Q9EPN1	Mus musculus	Metazoa	2936		0	False	2
Q8GUC3	Hordeum vulgare	Plants	350		0	False	1
Q9NZZ3	Homo sapiens	Metazoa	219		0	False	3
P32836	Saccharomyces cerevisiae (strain ATCC 204508 / S288c)	Fungi	220		0	False	4
P28033	Mus musculus	Metazoa	296		0	False	5
P24993	Zea mays	Plants	73		0	True	5
Q01560	Saccharomyces cerevisiae (strain ATCC 204508 / S288c)	Fungi	414		0	False	3
Q80VC6	Mus musculus	Metazoa	287		0	False	5
P33535	Rattus norvegicus	Metazoa	398		0	True	4
F4JEI8	Arabidopsis thaliana	Plants	317		0	False	5
Q6C793	Yarrowia lipolytica (strain CLIB 122 / E 150)	Fungi	465		0	False	4
Q14156	Homo sapiens	Metazoa	821		0	False	1
O45495	Caenorhabditis elegans	Metazoa	139		0	False	4
Q8VWH2	Oryza sativa subsp. japonica	Plants	178		0	False	2
P21727	Pisum sativum	Plants	402		0	False	1
P46561	Caenorhabditis elegans	Metazoa	538		0	False	2
Q25QX6	Xenopus laevis	Metazoa	153		0	False	1
Q8BMF8	Mus musculus	Metazoa	549		0	True	3
P30822	Saccharomyces cerevisiae (strain ATCC 204508 / S288c)	Fungi	1084		0	False	2
Q6Z965	Oryza sativa subsp. japonica	Plants	394		0	False	5
P40055	Saccharomyces cerevisiae (strain ATCC 204508 / S288c)	Fungi	554		0	False	2
Q9VW47	Drosophila melanogaster	Metazoa	2531		0	False	3
Q8WWY3	Homo sapiens	Metazoa	499		0	False	1
Q8TD22	Homo sapiens	Metazoa	340		0	False	2
P15692	Homo sapiens	Metazoa	395		0	False	1
Q7TPD6	Mus musculus	Metazoa	673		0	False	2
Q9VTL1	Drosophila melanogaster	Metazoa	395		0	False	1
P53569	Mus musculus	Metazoa	1052		0	False	5
P0DKB7	Arabidopsis thaliana	Plants	326		0	False	3
Q6ZQ88	Mus musculus	Metazoa	853		0	False	4
Q9SW27	Arabidopsis thaliana	Plants	118		0	False	5
Q9NRR8	Homo sapiens	Metazoa	79		0	False	1
Q9Y5U8	Homo sapiens	Metazoa	109		0	True	5
O88700	Mus musculus	Metazoa	1416		0	False	5
O44827	Caenorhabditis elegans	Metazoa	510		0	True	2
P70473	Rattus norvegicus	Metazoa	382		0	False	5
Q9Y5P1	Homo sapiens	Metazoa	312		0	True	5
Q8NA29	Homo sapiens	Metazoa	543		0	True	4
P55212	Homo sapiens	Metazoa	293		0	False	1
Q9CAI2	Arabidopsis thaliana	Plants	414		0	False	4
P32597	Saccharomyces cerevisiae (strain ATCC 204508 / S288c)	Fungi	1359		0	False	5
Q3V6T2	Homo sapiens	Metazoa	1871		0	False	1
Q60770	Mus musculus	Metazoa	592		0	False	2
Q9FNP1	Arabidopsis thaliana	Plants	1130		0	False	4
P38809	Saccharomyces cerevisiae (strain ATCC 204508 / S288c)	Fungi	366		0	False	3
Q13495	Homo sapiens	Metazoa	774		0	False	2
Q10317	Schizosaccharomyces pombe (strain 972 / ATCC 24843)	Fungi	193		0	False	1
Q6IDB0	Arabidopsis thaliana	Plants	193		0	False	1
Q8C0V1	Mus musculus	Metazoa	768		0	False	5
Q14166	Homo sapiens	Metazoa	644		0	False	1
Q9FNY3	Arabidopsis thaliana	Plants	292		0	False	4
D6VTK4	Saccharomyces cerevisiae (strain ATCC 204508 / S288c)	Fungi	431		0	True	2
P34914	Mus musculus	Metazoa	554		0	False	4
P0CG30	Homo sapiens	Metazoa	244		0	False	4
O46339	Drosophila melanogaster	Metazoa	487		0	False	4
B8XA41	Solanum habrochaites	Plants	777		0	False	4
P09007	Saccharomyces cerevisiae (strain ATCC 204508 / S288c)	Fungi	221		0	False	2
Q9BZD4	Homo sapiens	Metazoa	464		0	False	2
F4J264	Arabidopsis thaliana	Plants	406		0	False	3
Q9H4B0	Homo sapiens	Metazoa	414		0	False	5
Q9SID1	Arabidopsis thaliana	Plants	238		0	False	4
Q09715	Schizosaccharomyces pombe (strain 972 / ATCC 24843)	Fungi	614		0	False	3
Q4V7K4	Xenopus laevis	Metazoa	733		0	False	4
Q9LZD0	Arabidopsis thaliana	Plants	599		0	False	4
O88453	Rattus norvegicus	Metazoa	931		0	False	1
Q9DCM2	Mus musculus	Metazoa	226		0	False	2
Q9BY41	Homo sapiens	Metazoa	377		0	False	3
O74736	Schizosaccharomyces pombe (strain 972 / ATCC 24843)	Fungi	305		0	False	1
Q9GZH2	Caenorhabditis elegans	Metazoa	448		0	False	2
Q07821	Saccharomyces cerevisiae (strain ATCC 204508 / S288c)	Fungi	250		0	False	3
Q9NK54	Drosophila melanogaster	Metazoa	1711		0	False	1
Q9M5K3	Arabidopsis thaliana	Plants	507		0	False	2
P34791	Arabidopsis thaliana	Plants	260		0	False	3
Q15562	Homo sapiens	Metazoa	447		0	False	3
P32855	Saccharomyces cerevisiae (strain ATCC 204508 / S288c)	Fungi	1065		0	False	4
O04425	Arabidopsis thaliana	Plants	747		0	False	3
Q9H7T9	Homo sapiens	Metazoa	357		0	False	3
P22814	Drosophila melanogaster	Metazoa	510		0	False	2
Q96SN7	Homo sapiens	Metazoa	254		0	True	5
Q09081	Oryctolagus cuniculus	Metazoa	499		0	False	5
P35718	Saccharomyces cerevisiae (strain ATCC 204508 / S288c)	Fungi	212		0	False	1
Q94521	Drosophila melanogaster	Metazoa	275		0	False	3
A0A2P1GIW2	Catharanthus roseus	Plants	330		0	False	5
P15172	Homo sapiens	Metazoa	320		0	False	4
P43692	Gallus gallus	Metazoa	391		0	False	5
P00042	Wickerhamomyces anomalus	Fungi	109		0	False	1
P21592	Saccharomyces cerevisiae (strain ATCC 204508 / S288c)	Fungi	462		0	False	4
Q8NG11	Homo sapiens	Metazoa	270		0	True	5
Q9R0W5	Rattus norvegicus	Metazoa	495		0	True	5
Q9JIA7	Mus musculus	Metazoa	617		0	False	4
P43275	Mus musculus	Metazoa	213		0	False	4
P04911	Saccharomyces cerevisiae (strain ATCC 204508 / S288c)	Fungi	132		0	False	1
Q1LZ24	Drosophila melanogaster	Metazoa	586		0	False	3
Q7TNG8	Mus musculus	Metazoa	484		0	False	4
O60832	Homo sapiens	Metazoa	514		0	False	1
Q9UHI7	Homo sapiens	Metazoa	598		0	True	1
O43837	Homo sapiens	Metazoa	385		0	False	5
Q9P6I9	Schizosaccharomyces pombe (strain 972 / ATCC 24843)	Fungi	618		0	False	5
G5EGE9	Caenorhabditis elegans	Metazoa	1263		0	False	5
O59804	Schizosaccharomyces pombe (strain 972 / ATCC 24843)	Fungi	104		0	False	2
P49028	Drosophila melanogaster	Metazoa	147		0	False	1
O08837	Rattus norvegicus	Metazoa	802		0	False	2
Q11120	Schizosaccharomyces pombe (strain 972 / ATCC 24843)	Fungi	515		0	False	4
P08173	Homo sapiens	Metazoa	479		0	True	1
P06785	Saccharomyces cerevisiae (strain ATCC 204508 / S288c)	Fungi	304		0	False	3
Q8RWR1	Arabidopsis thaliana	Plants	429		0	False	1
Q8VEH6	Mus musculus	Metazoa	393		0	False	1
P05165	Homo sapiens	Metazoa	728		0	False	4
Q91Y55	Rattus norvegicus	Metazoa	235		0	True	3
Q09687	Schizosaccharomyces pombe (strain 972 / ATCC 24843)	Fungi	518		0	False	2
Q9C5G0	Arabidopsis thaliana	Plants	367		0	False	2
Q02793	Saccharomyces cerevisiae (strain ATCC 204508 / S288c)	Fungi	397		0	False	5
P38903	Saccharomyces cerevisiae (strain ATCC 204508 / S288c)	Fungi	757		0	False	3
A2ANU3	Mus musculus	Metazoa	258		0	False	2
P86937	Trypanosoma brucei brucei	Other	839		0	False	5
O01803	Caenorhabditis elegans	Metazoa	211		0	False	2
Q84WW2	Arabidopsis thaliana	Plants	325		0	False	3
A0A095C325	Cryptococcus deuterogattii (strain R265)	Fungi	1408		0	False	5
P00432	Bos taurus	Metazoa	527		0	False	2
Q96GR2	Homo sapiens	Metazoa	724		0	False	1
Q2NNE0	Arabidopsis thaliana	Plants	484		0	False	2
O00213	Homo sapiens	Metazoa	710		0	False	5
Q9W2H9	Drosophila melanogaster	Metazoa	541		0	False	4
P40043	Saccharomyces cerevisiae (strain ATCC 204508 / S288c)	Fungi	161		0	False	2
A0A0P0WQ90	Oryza sativa subsp. japonica	Plants	416		0	False	1
P53289	Saccharomyces cerevisiae (strain ATCC 204508 / S288c)	Fungi	263		0	False	1
P35129	Caenorhabditis elegans	Metazoa	147		0	False	4
P47738	Mus musculus	Metazoa	519		0	False	2
Q96AD5	Homo sapiens	Metazoa	504		0	True	1
Q03920	Saccharomyces cerevisiae (strain ATCC 204508 / S288c)	Fungi	221		0	False	4
O43924	Homo sapiens	Metazoa	150		0	False	4
Q8HWS3	Homo sapiens	Metazoa	928		0	False	2
P28656	Mus musculus	Metazoa	391		0	False	5
P97452	Mus musculus	Metazoa	732		0	False	5
Q8VYD8	Arabidopsis thaliana	Plants	315		0	False	5
Q8K5A9	Rattus norvegicus	Metazoa	228		0	True	1
Q8NI51	Homo sapiens	Metazoa	663		0	False	3
P38793	Saccharomyces cerevisiae (strain ATCC 204508 / S288c)	Fungi	499		0	False	3
Q14669	Homo sapiens	Metazoa	1992		0	False	4
O08839	Rattus norvegicus	Metazoa	588		0	False	3
Q9ZPX5	Arabidopsis thaliana	Plants	632		0	False	1
Q13363	Homo sapiens	Metazoa	440		0	False	4
Q9LPS1	Arabidopsis thaliana	Plants	498		0	True	3
Q96253	Arabidopsis thaliana	Plants	70		0	False	4
Q9H1K0	Homo sapiens	Metazoa	784		0	False	3
P30624	Saccharomyces cerevisiae (strain ATCC 204508 / S288c)	Fungi	700		0	False	2
P33301	Saccharomyces cerevisiae (strain ATCC 204508 / S288c)	Fungi	854		0	False	5
Q9SU30	Arabidopsis thaliana	Plants	413		0	False	1
P32063	Coriandrum sativum	Plants	385		0	False	3
Q7KSD8	Drosophila melanogaster	Metazoa	562		0	False	3
P43136	Mus musculus	Metazoa	390		0	False	2
Q966L3	Caenorhabditis elegans	Metazoa	218		0	False	4
Q9UQ90	Homo sapiens	Metazoa	795		0	False	2
P30664	Xenopus laevis	Metazoa	863		0	False	3
Q4H4B6	Danio rerio	Metazoa	1724		0	False	3
Q13501	Homo sapiens	Metazoa	440		0	False	4
P70121	Mus musculus	Metazoa	873		0	False	4
Q9S7G6	Arabidopsis thaliana	Plants	991		0	False	1
Q7XR83	Oryza sativa subsp. japonica	Plants	333		0	False	5
Q9STM3	Arabidopsis thaliana	Plants	1360		0	False	1
Q9N2W5	Caenorhabditis elegans	Metazoa	301		0	False	2
Q05437	Gallus gallus	Metazoa	245		0	False	1
Q9Y2P8	Homo sapiens	Metazoa	373		0	False	4
Q96EH3	Homo sapiens	Metazoa	234		0	False	3
P35123	Mus musculus	Metazoa	962		0	False	2
Q9R0U0	Mus musculus	Metazoa	262		0	False	4
G5ECY0	Caenorhabditis elegans	Metazoa	967		0	False	5
Q91WD5	Mus musculus	Metazoa	463		0	False	4
E9Q4F7	Mus musculus	Metazoa	2643		0	False	3
P19518	Oryctolagus cuniculus	Metazoa	222		0	True	1
O15143	Homo sapiens	Metazoa	372		0	False	1
Q9UUA8	Schizosaccharomyces pombe (strain 972 / ATCC 24843)	Fungi	120		0	False	5
Q8H113	Arabidopsis thaliana	Plants	357		0	False	4
P15650	Rattus norvegicus	Metazoa	430		0	False	4
P39990	Saccharomyces cerevisiae (strain ATCC 204508 / S288c)	Fungi	126		0	False	1
O75410	Homo sapiens	Metazoa	805		0	False	1
P07756	Rattus norvegicus	Metazoa	1500		0	False	1
Q9H5I1	Homo sapiens	Metazoa	410		0	False	4
Q9SI64	Arabidopsis thaliana	Plants	702		0	False	1
Q5RJ80	Danio rerio	Metazoa	914		0	False	4
P18583	Homo sapiens	Metazoa	2426		0	False	4
Q9FMK7	Arabidopsis thaliana	Plants	365		0	False	4
F4J284	Arabidopsis thaliana	Plants	860		0	False	2
P40547	Saccharomyces cerevisiae (strain ATCC 204508 / S288c)	Fungi	921		0	False	3
Q9WVS4	Mus musculus	Metazoa	420		0	False	3
Q86YH6	Homo sapiens	Metazoa	399		0	False	4
Q9UPI3	Homo sapiens	Metazoa	526		0	True	1
P18068	Chlamydomonas reinhardtii	Plants	145		0	False	3
Q95V55	Drosophila melanogaster	Metazoa	613		0	False	5
Q9P275	Homo sapiens	Metazoa	1123		0	False	2
Q8C3K6	Mus musculus	Metazoa	665		0	True	2
Q5ABZ2	Candida albicans (strain SC5314 / ATCC MYA-2876)	Fungi	534		0	False	4
Q9NVR2	Homo sapiens	Metazoa	710		0	False	3
Q8NEG4	Homo sapiens	Metazoa	500		0	False	3
P38253	Saccharomyces cerevisiae (strain ATCC 204508 / S288c)	Fungi	122		0	True	1
Q92629	Homo sapiens	Metazoa	289		0	True	2
Q05153	Arabidopsis thaliana	Plants	646		0	False	3
Q62881	Rattus norvegicus	Metazoa	221		0	False	4
Q7Y220	Arabidopsis thaliana	Plants	649		0	False	1
Q06011	Saccharomyces cerevisiae (strain ATCC 204508 / S288c)	Fungi	112		0	True	2
Q6GNV6	Xenopus laevis	Metazoa	856		0	False	4
P51592	Drosophila melanogaster	Metazoa	2885		0	False	4
O70433	Mus musculus	Metazoa	279		0	False	3
P14142	Mus musculus	Metazoa	509		0	True	4
P32504	Saccharomyces cerevisiae (strain ATCC 204508 / S288c)	Fungi	956		0	False	4
F4JGZ1	Arabidopsis thaliana	Plants	1278		0	False	4
P13618	Sus scrofa	Metazoa	76		0	False	2
O43541	Homo sapiens	Metazoa	496		0	False	2
Q9NQV5	Homo sapiens	Metazoa	511		0	False	1
P27216	Homo sapiens	Metazoa	316		0	False	4
Q8IZ52	Homo sapiens	Metazoa	775		0	True	1
Q8GRN0	Arabidopsis thaliana	Plants	222		0	False	1
Q61179	Mus musculus	Metazoa	399		0	False	1
Q9FJI1	Arabidopsis thaliana	Plants	178		0	False	2
Q9ESL4	Mus musculus	Metazoa	802		0	False	1
Q9DBY5	Mus musculus	Metazoa	414		0	False	1
P31392	Rattus norvegicus	Metazoa	395		0	True	1
O95210	Homo sapiens	Metazoa	358		0	True	3
Q0JJ05	Oryza sativa subsp. japonica	Plants	987		0	False	5
Q9WVR6	Rattus norvegicus	Metazoa	533		0	True	4
Q9BVS5	Homo sapiens	Metazoa	477		0	False	2
Q12772	Homo sapiens	Metazoa	1141		0	False	5
P40305	Homo sapiens	Metazoa	122		0	True	5
Q00977	Mus musculus	Metazoa	226		0	True	5
P59858	Polysiphonia urceolata	Other	162		0	False	3
Q8GXU8	Arabidopsis thaliana	Plants	356		0	False	5
Q9H171	Homo sapiens	Metazoa	429		0	False	5
Q92843	Homo sapiens	Metazoa	193		0	False	2
Q0WX00	Arabidopsis thaliana	Plants	460		0	False	2
P42028	Bos taurus	Metazoa	212		0	False	1
Q96AY2	Homo sapiens	Metazoa	570		0	False	3
P06895	Platynereis dumerilii	Metazoa	119		0	False	3
P53999	Homo sapiens	Metazoa	127		0	False	1
Q07065	Homo sapiens	Metazoa	602		0	False	3
Q14562	Homo sapiens	Metazoa	1220		0	False	1
Q9SGS4	Arabidopsis thaliana	Plants	302		0	False	2
P08740	Chlamydomonas reinhardtii	Plants	382		0	True	3
Q9NS56	Homo sapiens	Metazoa	1045		0	False	3
Q8VE42	Mus musculus	Metazoa	238		0	False	3
Q12199	Saccharomyces cerevisiae (strain ATCC 204508 / S288c)	Fungi	356		0	False	4
P08898	Caenorhabditis elegans	Metazoa	136		0	False	3
Q9FFZ7	Arabidopsis thaliana	Plants	202		0	True	2
Q12488	Saccharomyces cerevisiae (strain ATCC 204508 / S288c)	Fungi	208		0	False	1
P82411	Spinacia oleracea	Plants	116		0	False	4
Q61410	Mus musculus	Metazoa	762		0	False	4
Q01454	Saccharomyces cerevisiae (strain ATCC 204508 / S288c)	Fungi	927		0	False	5
P97629	Rattus norvegicus	Metazoa	1025		0	False	1
O01670	Lymnaea stagnalis	Metazoa	578		0	True	5
P11141	Caenorhabditis elegans	Metazoa	657		0	False	4
P32807	Saccharomyces cerevisiae (strain ATCC 204508 / S288c)	Fungi	602		0	False	5
P11416	Mus musculus	Metazoa	462		0	False	1
Q9UNG2	Homo sapiens	Metazoa	177		0	True	5
Q96LL9	Homo sapiens	Metazoa	226		0	False	5
F4JF14	Arabidopsis thaliana	Plants	953		0	False	3
P02511	Homo sapiens	Metazoa	175		0	False	3
P09450	Mus musculus	Metazoa	344		0	False	3
Q9SX98	Arabidopsis thaliana	Plants	519		0	False	2
Q9HCX4	Homo sapiens	Metazoa	862		0	False	1
Q06707	Saccharomyces cerevisiae (strain ATCC 204508 / S288c)	Fungi	132		0	False	4
O75970	Homo sapiens	Metazoa	2070		0	False	2
Q8N573	Homo sapiens	Metazoa	874		0	False	1
O74365	Schizosaccharomyces pombe (strain 972 / ATCC 24843)	Fungi	865		0	False	3
P00560	Saccharomyces cerevisiae (strain ATCC 204508 / S288c)	Fungi	416		0	False	2
O95704	Homo sapiens	Metazoa	486		0	False	5
Q12849	Homo sapiens	Metazoa	480		0	False	2
Q6VVB1	Homo sapiens	Metazoa	395		0	False	2
Q9BXL5	Homo sapiens	Metazoa	484		0	False	2
P53239	Saccharomyces cerevisiae (strain ATCC 204508 / S288c)	Fungi	316		0	False	1
F7VJQ1	Homo sapiens	Metazoa	73		0	True	4
A0A5S9MMK5	Caenorhabditis elegans	Metazoa	443		0	False	3
Q08162	Saccharomyces cerevisiae (strain ATCC 204508 / S288c)	Fungi	1001		0	False	2
Q03701	Homo sapiens	Metazoa	1054		0	False	4
Q8LGJ5	Arabidopsis thaliana	Plants	276		0	False	1
Q9R210	Mus musculus	Metazoa	475		0	False	1
Q8CGP1	Mus musculus	Metazoa	126		0	False	5
Q9ER69	Mus musculus	Metazoa	396		0	False	1
Q9QY24	Mus musculus	Metazoa	411		0	False	2
P25801	Mus musculus	Metazoa	158		0	False	2
A7UL74	Arabidopsis thaliana	Plants	345		0	False	2
Q9NWQ8	Homo sapiens	Metazoa	432		0	True	2
Q8CFT2	Mus musculus	Metazoa	1985		0	False	4
Q9C682	Arabidopsis thaliana	Plants	226		0	False	5
Q156A1	Homo sapiens	Metazoa	80		0	False	5
Q32065	Chlamydomonas reinhardtii	Plants	2971		0	False	1
Q8II12	Plasmodium falciparum (isolate 3D7)	Other	409		0	True	4
Q8LDU4	Arabidopsis thaliana	Plants	319		0	False	1
Q9NP80	Homo sapiens	Metazoa	782		0	False	5
P82024	Spinacia oleracea	Plants	180		0	False	1
Q6PD24	Mus musculus	Metazoa	605		0	False	1
Q5SSJ5	Homo sapiens	Metazoa	553		0	False	5
Q3TSG4	Mus musculus	Metazoa	395		0	False	3
Q05541	Saccharomyces cerevisiae (strain ATCC 204508 / S288c)	Fungi	303		0	False	2
P0DOV1	Mus musculus	Metazoa	425		0	False	2
P17655	Homo sapiens	Metazoa	700		0	False	2
P05388	Homo sapiens	Metazoa	317		0	False	3
Q9Y618	Homo sapiens	Metazoa	2514		0	False	5
O80462	Arabidopsis thaliana	Plants	888		0	False	3
P59108	Mus musculus	Metazoa	548		0	False	3
Q9Z0X1	Mus musculus	Metazoa	612		0	False	4
Q9M394	Arabidopsis thaliana	Plants	471		0	False	4
P09661	Homo sapiens	Metazoa	255		0	False	3
Q9UBC1	Homo sapiens	Metazoa	381		0	False	3
Q96N64	Homo sapiens	Metazoa	755		0	False	3
P00830	Saccharomyces cerevisiae (strain ATCC 204508 / S288c)	Fungi	511		0	False	2
Q9SIJ0	Arabidopsis thaliana	Plants	270		0	False	5
Q6NS38	Homo sapiens	Metazoa	261		0	False	5
Q8RWG1	Arabidopsis thaliana	Plants	682		0	False	2
Q708S3	Danio rerio	Metazoa	558		0	True	5
Q8CGT6	Mus musculus	Metazoa	848		0	False	5
P39006	Saccharomyces cerevisiae (strain ATCC 204508 / S288c)	Fungi	500		0	True	3
Q14739	Homo sapiens	Metazoa	615		0	False	5
P00041	Pichia kudriavzevii	Fungi	109		0	False	4
Q9UL03	Homo sapiens	Metazoa	887		0	False	2
Q01831	Homo sapiens	Metazoa	940		0	False	2
P42225	Mus musculus	Metazoa	749		0	False	5
P57735	Homo sapiens	Metazoa	213		0	False	1
Q99741	Homo sapiens	Metazoa	560		0	False	1
Q791V5	Mus musculus	Metazoa	303		0	True	5
Q8NBS3	Homo sapiens	Metazoa	875		0	False	2
Q15596	Homo sapiens	Metazoa	1464		0	False	4
Q9FHR8	Arabidopsis thaliana	Plants	278		0	False	1
O82277	Arabidopsis thaliana	Plants	361		0	False	4
Q76MV0	Nicotiana tabacum	Plants	136		0	False	5
P10964	Saccharomyces cerevisiae (strain ATCC 204508 / S288c)	Fungi	1664		0	False	3
P53332	Saccharomyces cerevisiae (strain ATCC 204508 / S288c)	Fungi	305		0	False	3
Q5F3T7	Gallus gallus	Metazoa	489		0	False	2
Q8K400	Mus musculus	Metazoa	1152		0	False	2
P46674	Saccharomyces cerevisiae (strain ATCC 204508 / S288c)	Fungi	1301		0	False	2
Q9JJV4	Mus musculus	Metazoa	327		0	True	2
Q9BZM3	Homo sapiens	Metazoa	304		0	False	5
D2K8N5	Nicotiana benthamiana	Plants	403		0	False	1
Q9VA38	Drosophila melanogaster	Metazoa	1105		0	False	3
Q80US8	Mus musculus	Metazoa	206		0	False	5
Q7RTP6	Homo sapiens	Metazoa	2002		0	False	1
Q8K1R3	Mus musculus	Metazoa	783		0	False	2
P43005	Homo sapiens	Metazoa	524		0	True	4
O00590	Homo sapiens	Metazoa	384		0	True	1
P00058	Gossypium barbadense	Plants	111		0	False	3
P46101	Rattus norvegicus	Metazoa	859		0	True	2
Q86UR1	Homo sapiens	Metazoa	476		0	False	3
A4FVR1	Arabidopsis thaliana	Plants	575		0	False	2
Q6NS65	Mus musculus	Metazoa	339		0	True	3
Q8IZA0	Homo sapiens	Metazoa	1049		0	True	3
Q8K3G5	Mus musculus	Metazoa	453		0	False	2
C4R6F0	Komagataella phaffii (strain GS115 / ATCC 20864)	Fungi	455		0	False	4
Q6NZF1	Mus musculus	Metazoa	792		0	False	1
F8VQB6	Mus musculus	Metazoa	2062		0	False	4
O16000	Caenorhabditis elegans	Metazoa	291		0	False	5
F4JRS4	Arabidopsis thaliana	Plants	707		0	False	2
Q9Y3I0	Homo sapiens	Metazoa	505		0	False	2
P56287	Schizosaccharomyces pombe (strain 972 / ATCC 24843)	Fungi	678		0	False	2
Q9Y3E5	Homo sapiens	Metazoa	179		0	True	3
P28288	Homo sapiens	Metazoa	659		0	True	4
Q6PIZ9	Homo sapiens	Metazoa	186		0	True	5
O75964	Homo sapiens	Metazoa	103		0	False	4
Q04683	Mus musculus	Metazoa	374		0	True	4
Q9UUG1	Schizosaccharomyces pombe (strain 972 / ATCC 24843)	Fungi	317		0	False	3
Q96JM3	Homo sapiens	Metazoa	812		0	False	1
O08691	Mus musculus	Metazoa	354		0	False	1
F4IW47	Arabidopsis thaliana	Plants	741		0	False	4
Q8L5W8	Arabidopsis thaliana	Plants	416		0	False	2
P63212	Bos taurus	Metazoa	71		0	False	2
Q9SII8	Arabidopsis thaliana	Plants	551		0	False	3
Q9ZU28	Arabidopsis thaliana	Plants	351		0	False	5
Q9SZ42	Arabidopsis thaliana	Plants	323		0	False	5
P0C7R2	Arabidopsis thaliana	Plants	280		0	False	3
P17658	Homo sapiens	Metazoa	529		0	False	1
Q8R3L2	Mus musculus	Metazoa	676		0	False	1
Q8HYL8	Phascolarctos cinereus	Metazoa	661		0	False	3
Q9FYT6	Zea mays	Plants	715		0	False	3
P39994	Saccharomyces cerevisiae (strain ATCC 204508 / S288c)	Fungi	560		0	False	3
Q9BYV1	Homo sapiens	Metazoa	514		0	False	3
O08586	Mus musculus	Metazoa	403		0	False	1
P19684	Nicotiana sylvestris	Plants	324		0	False	4
Q96A56	Homo sapiens	Metazoa	240		0	False	1
P33893	Saccharomyces cerevisiae (strain ATCC 204508 / S288c)	Fungi	541		0	False	5
Q6S5G3	Arabidopsis thaliana	Plants	793		0	False	4
F4HZD1	Arabidopsis thaliana	Plants	944		0	False	3
P22626	Homo sapiens	Metazoa	353		0	False	5
P78946	Schizosaccharomyces pombe (strain 972 / ATCC 24843)	Fungi	126		0	False	4
E9Q5F9	Mus musculus	Metazoa	2537		0	False	4
Q8K4K6	Mus musculus	Metazoa	548		0	False	3
Q9UFW8	Homo sapiens	Metazoa	167		0	False	2
Q9VCH5	Drosophila melanogaster	Metazoa	1960		0	False	5
Q13356	Homo sapiens	Metazoa	520		0	False	1
Q9NWD9	Homo sapiens	Metazoa	120		0	False	5
P53987	Rattus norvegicus	Metazoa	494		0	True	3
Q924W5	Mus musculus	Metazoa	1097		0	False	4
P31391	Homo sapiens	Metazoa	388		0	True	2
O75164	Homo sapiens	Metazoa	1064		0	False	2
P82914	Homo sapiens	Metazoa	257		0	False	1
Q3ZN08	Mus musculus	Metazoa	260		0	False	1
P49654	Rattus norvegicus	Metazoa	397		0	True	3
P57678	Homo sapiens	Metazoa	1058		0	False	2
O15819	Dictyostelium discoideum	Other	139		0	False	3
Q9NBK5	Drosophila melanogaster	Metazoa	463		0	False	2
A2T1U1	Brassica oleracea var. botrytis	Plants	305		0	False	4
P08985	Drosophila melanogaster	Metazoa	141		0	False	5
P39002	Saccharomyces cerevisiae (strain ATCC 204508 / S288c)	Fungi	694		0	False	4
Q12381	Schizosaccharomyces pombe (strain 972 / ATCC 24843)	Fungi	906		0	False	2
P47929	Homo sapiens	Metazoa	136		0	False	2
Q9Z0G9	Mus musculus	Metazoa	219		0	True	1
P10823	Saccharomyces cerevisiae (strain ATCC 204508 / S288c)	Fungi	449		0	False	5
Q8K3Q3	Mus musculus	Metazoa	521		0	False	5
Q9GQN5	Drosophila melanogaster	Metazoa	1311		0	False	2
Q96G03	Homo sapiens	Metazoa	612		0	False	5
Q86WJ1	Homo sapiens	Metazoa	897		0	False	2
Q12283	Saccharomyces cerevisiae (strain ATCC 204508 / S288c)	Fungi	360		0	False	2
Q07845	Saccharomyces cerevisiae (strain ATCC 204508 / S288c)	Fungi	632		0	False	4
A9XMT3	Lotus japonicus	Plants	518		0	False	4
O02326	Caenorhabditis elegans	Metazoa	467		0	False	5
P53276	Saccharomyces cerevisiae (strain ATCC 204508 / S288c)	Fungi	713		0	False	5
Q9UBN4	Homo sapiens	Metazoa	977		0	False	3
O77932	Homo sapiens	Metazoa	396		0	False	3
Q9HBW0	Homo sapiens	Metazoa	348		0	True	1
Q9VFI9	Drosophila melanogaster	Metazoa	1118		0	False	3
Q06213	Saccharomyces cerevisiae (strain ATCC 204508 / S288c)	Fungi	157		0	False	5
Q8LDD3	Arabidopsis thaliana	Plants	193		0	False	3
Q9ERQ3	Mus musculus	Metazoa	566		0	False	3
P34427	Caenorhabditis elegans	Metazoa	962		0	False	3
P26686	Drosophila melanogaster	Metazoa	376		0	False	3
P53763	Phaseolus vulgaris	Plants	308		0	False	5
Q8C551	Mus musculus	Metazoa	337		0	False	1
Q9VN60	Drosophila melanogaster	Metazoa	278		0	False	3
Q9UNY4	Homo sapiens	Metazoa	1162		0	False	1
Q9NQV8	Homo sapiens	Metazoa	689		0	False	2
Q9DEX1	Xenopus laevis	Metazoa	560		0	False	1
P04166	Rattus norvegicus	Metazoa	146		0	False	3
Q9ESQ5	Rattus norvegicus	Metazoa	1208		0	False	2
Q5IRJ6	Mus musculus	Metazoa	567		0	False	1
Q9M815	Arabidopsis thaliana	Plants	190		0	False	3
Q5TB30	Homo sapiens	Metazoa	811		0	False	5
Q00578	Saccharomyces cerevisiae (strain ATCC 204508 / S288c)	Fungi	843		0	False	5
Q03153	Saccharomyces cerevisiae (strain ATCC 204508 / S288c)	Fungi	612		0	False	1
P00295	Mercurialis perennis	Plants	99		0	False	4
Q04206	Homo sapiens	Metazoa	551		0	False	1
P29276	Rattus norvegicus	Metazoa	332		0	True	2
Q9LUA3	Arabidopsis thaliana	Plants	122		0	False	2
Q5VMP0	Oryza sativa subsp. japonica	Plants	720		0	False	2
P49916	Homo sapiens	Metazoa	1009		0	False	4
Q9D495	Mus musculus	Metazoa	329		0	False	5
Q80ZW0	Mus musculus	Metazoa	539		0	False	4
Q9FMZ0	Arabidopsis thaliana	Plants	337		0	False	3
Q9HBL7	Homo sapiens	Metazoa	147		0	True	1
P17659	Rattus norvegicus	Metazoa	530		0	False	4
Q6PR54	Mus musculus	Metazoa	2419		0	False	5
Q08245	Saccharomyces cerevisiae (strain ATCC 204508 / S288c)	Fungi	113		0	False	3
O74499	Schizosaccharomyces pombe (strain 972 / ATCC 24843)	Fungi	113		0	False	2
Q00535	Homo sapiens	Metazoa	292		0	False	1
Q94AI7	Arabidopsis thaliana	Plants	1131		0	False	4
P32970	Homo sapiens	Metazoa	193		0	True	4
P04053	Homo sapiens	Metazoa	509		0	False	5
Q9UBQ5	Homo sapiens	Metazoa	218		0	False	2
Q96HA9	Homo sapiens	Metazoa	241		0	False	2
P39964	Schizosaccharomyces pombe (strain 972 / ATCC 24843)	Fungi	757		0	False	5
P20448	Saccharomyces cerevisiae (strain ATCC 204508 / S288c)	Fungi	770		0	False	4
P10069	Emericella nidulans (strain FGSC A4 / ATCC 38163 / CBS 112.46 / NRRL 194 / M139)	Fungi	432		0	False	4
Q8NHZ7	Homo sapiens	Metazoa	208		0	False	3
P51432	Mus musculus	Metazoa	1234		0	False	4
P09077	Drosophila melanogaster	Metazoa	417		0	False	3
Q3T0L3	Bos taurus	Metazoa	172		0	False	4
P06271	Nicotiana tabacum	Plants	1070		0	False	3
P61218	Homo sapiens	Metazoa	127		0	False	3
I1RAW4	Gibberella zeae (strain ATCC MYA-4620 / CBS 123657 / FGSC 9075 / NRRL 31084 / PH-1)	Fungi	316		0	False	1
Q6PB70	Mus musculus	Metazoa	1060		0	False	5
Q38897	Arabidopsis thaliana	Plants	611		0	False	2
Q9VP22	Drosophila melanogaster	Metazoa	1157		0	False	2
Q9NS73	Homo sapiens	Metazoa	344		0	False	5
Q04741	Homo sapiens	Metazoa	290		0	False	1
O09018	Rattus norvegicus	Metazoa	414		0	False	4
P40060	Saccharomyces cerevisiae (strain ATCC 204508 / S288c)	Fungi	125		0	False	1
O94953	Homo sapiens	Metazoa	1096		0	False	5
Q9Y2K7	Homo sapiens	Metazoa	1162		0	False	1
O18475	Drosophila melanogaster	Metazoa	2059		0	False	2
Q9JMJ4	Rattus norvegicus	Metazoa	504		0	False	5
Q10325	Schizosaccharomyces pombe (strain 972 / ATCC 24843)	Fungi	407		0	False	2
Q15915	Homo sapiens	Metazoa	447		0	False	3
P50105	Saccharomyces cerevisiae (strain ATCC 204508 / S288c)	Fungi	388		0	False	3
J9VWW9	Cryptococcus neoformans var. grubii serotype A (strain H99 / ATCC 208821 / CBS 10515 / FGSC 9487)	Fungi	225		0	False	2
Q90257	Danio rerio	Metazoa	270		0	False	3
Q9Y6D9	Homo sapiens	Metazoa	718		0	False	4
Q6PGP7	Homo sapiens	Metazoa	1564		0	False	3
P43587	Saccharomyces cerevisiae (strain ATCC 204508 / S288c)	Fungi	155		0	False	4
Q02880	Homo sapiens	Metazoa	1626		0	False	2
Q9JMA9	Mus musculus	Metazoa	638		0	True	2
Q9H910	Homo sapiens	Metazoa	190		0	False	3
Q27368	Drosophila melanogaster	Metazoa	805		0	False	3
P0DPK5	Homo sapiens	Metazoa	147		0	False	4
P70451	Mus musculus	Metazoa	823		0	False	5
O14370	Schizosaccharomyces pombe (strain 972 / ATCC 24843)	Fungi	427		0	False	3
D0VWV4	Sus scrofa	Metazoa	169		0	True	4
P38009	Saccharomyces cerevisiae (strain ATCC 204508 / S288c)	Fungi	592		0	False	4
Q12029	Saccharomyces cerevisiae (strain ATCC 204508 / S288c)	Fungi	327		0	False	5
Q9LXI8	Arabidopsis thaliana	Plants	67		0	False	5
Q14781	Homo sapiens	Metazoa	532		0	False	5
Q9NX76	Homo sapiens	Metazoa	183		0	True	1
Q9UQ49	Homo sapiens	Metazoa	428		0	False	3
Q9SEU8	Arabidopsis thaliana	Plants	186		0	False	4
Q12298	Saccharomyces cerevisiae (strain ATCC 204508 / S288c)	Fungi	539		0	False	3
P22980	Caenorhabditis elegans	Metazoa	324		0	False	4
Q12486	Saccharomyces cerevisiae (strain ATCC 204508 / S288c)	Fungi	218		0	False	2
Q9H902	Homo sapiens	Metazoa	201		0	True	2
Q8BHN1	Mus musculus	Metazoa	524		0	False	1
Q9D3G9	Mus musculus	Metazoa	191		0	False	2
Q08553	Saccharomyces cerevisiae (strain ATCC 204508 / S288c)	Fungi	188		0	False	3
Q00598	Cyanophora paradoxa	Other	363		0	False	1
Q9TUP7	Canis lupus familiaris	Metazoa	444		0	True	3
P13620	Bos taurus	Metazoa	161		0	False	4
O75608	Homo sapiens	Metazoa	230		0	False	3
P47084	Saccharomyces cerevisiae (strain ATCC 204508 / S288c)	Fungi	519		0	False	4
Q5GLZ8	Homo sapiens	Metazoa	1057		0	False	1
Q9M0V3	Arabidopsis thaliana	Plants	1088		0	False	5
I7HD01	Leishmania donovani	Other	189		0	False	1
Q9HAB3	Homo sapiens	Metazoa	445		0	True	2
O74443	Schizosaccharomyces pombe (strain 972 / ATCC 24843)	Fungi	272		0	False	3
A0A6P3HVI0	Bison bison bison	Metazoa	535		0	True	3
Q9JJL0	Mus musculus	Metazoa	238		0	False	2
Q99801	Homo sapiens	Metazoa	234		0	False	4
P53230	Saccharomyces cerevisiae (strain ATCC 204508 / S288c)	Fungi	385		0	False	2
Q61967	Mus musculus	Metazoa	636		0	False	5
P08638	Saccharomyces cerevisiae (strain ATCC 204508 / S288c)	Fungi	886		0	False	2
Q10MC0	Oryza sativa subsp. japonica	Plants	628		0	False	1
G5EBH1	Caenorhabditis elegans	Metazoa	1074		0	False	2
Q9UT23	Schizosaccharomyces pombe (strain 972 / ATCC 24843)	Fungi	834		0	False	2
P10826	Homo sapiens	Metazoa	455		0	False	5
Q5VV67	Homo sapiens	Metazoa	1664		0	False	3
O00750	Homo sapiens	Metazoa	1634		0	False	3
O36024	Schizosaccharomyces pombe (strain 972 / ATCC 24843)	Fungi	280		0	False	2
P80217	Homo sapiens	Metazoa	286		0	False	2
P48499	Leishmania mexicana	Other	251		0	False	4
Q7SHR9	Neurospora crassa (strain ATCC 24698 / 74-OR23-1A / CBS 708.71 / DSM 1257 / FGSC 987)	Fungi	316		0	False	4
O75116	Homo sapiens	Metazoa	1388		0	False	3
P53986	Mus musculus	Metazoa	493		0	True	3
Q6TRW4	Rattus norvegicus	Metazoa	1447		0	False	2
O74856	Schizosaccharomyces pombe (strain 972 / ATCC 24843)	Fungi	335		0	False	4
P31267	Homo sapiens	Metazoa	233		0	False	2
P48525	Saccharomyces cerevisiae (strain ATCC 204508 / S288c)	Fungi	536		0	False	2
Q10173	Schizosaccharomyces pombe (strain 972 / ATCC 24843)	Fungi	441		0	False	2
Q9SUA1	Arabidopsis thaliana	Plants	763		0	False	1
Q9S7E4	Arabidopsis thaliana	Plants	384		0	False	5
Q9P3W1	Schizosaccharomyces pombe (strain 972 / ATCC 24843)	Fungi	434		0	False	4
Q60674	Mus musculus	Metazoa	576		0	False	1
Q9S757	Arabidopsis thaliana	Plants	368		0	False	1
Q8TAE7	Homo sapiens	Metazoa	436		0	False	2
Q03060	Homo sapiens	Metazoa	345		0	False	4
A0A7U2QXY7	Aspergillus flavus (strain ATCC 200026 / FGSC A1120 / IAM 13836 / NRRL 3357 / JCM 12722 / SRRC 167)	Fungi	438		0	False	5
Q812E9	Rattus norvegicus	Metazoa	278		0	True	1
P20339	Homo sapiens	Metazoa	215		0	False	1
Q1JPL4	Arabidopsis thaliana	Plants	571		0	False	4
Q60929	Mus musculus	Metazoa	498		0	False	4
Q9H160	Homo sapiens	Metazoa	280		0	False	4
P00074	Ginkgo biloba	Plants	113		0	False	2
Q12309	Saccharomyces cerevisiae (strain ATCC 204508 / S288c)	Fungi	687		0	False	5
P06505	Spinacia oleracea	Plants	335		0	False	3
P05982	Rattus norvegicus	Metazoa	274		0	False	5
Q99551	Homo sapiens	Metazoa	399		0	False	1
Q9UUJ4	Schizosaccharomyces pombe (strain 972 / ATCC 24843)	Fungi	333		0	False	4
Q9SU91	Arabidopsis thaliana	Plants	336		0	False	5
P53618	Homo sapiens	Metazoa	953		0	False	2
P00455	Spinacia oleracea	Plants	369		0	False	4
Q969J2	Homo sapiens	Metazoa	545		0	False	1
Q9P267	Homo sapiens	Metazoa	1494		0	False	5
Q84VQ4	Arabidopsis thaliana	Plants	218		0	False	1
P19783	Mus musculus	Metazoa	169		0	False	2
Q9SHG6	Arabidopsis thaliana	Plants	849		0	False	3
P40506	Saccharomyces cerevisiae (strain ATCC 204508 / S288c)	Fungi	365		0	False	2
Q04013	Saccharomyces cerevisiae (strain ATCC 204508 / S288c)	Fungi	314		0	True	3
Q969Q6	Homo sapiens	Metazoa	453		0	False	1
Q9Y606	Homo sapiens	Metazoa	427		0	False	3
Q9P5M9	Schizosaccharomyces pombe (strain 972 / ATCC 24843)	Fungi	257		0	False	5
Q9BSJ5	Homo sapiens	Metazoa	609		0	False	3
Q708Y0	Arabidopsis thaliana	Plants	623		0	False	2
Q15397	Homo sapiens	Metazoa	648		0	False	5
Q9SW31	Arabidopsis thaliana	Plants	157		0	False	5
P43606	Saccharomyces cerevisiae (strain ATCC 204508 / S288c)	Fungi	678		0	False	1
P07378	Trypanosoma brucei brucei	Other	440		0	False	5
O23492	Arabidopsis thaliana	Plants	582		0	True	1
Q8TAF3	Homo sapiens	Metazoa	677		0	False	4
P22561	Mus musculus	Metazoa	449		0	False	2
Q16587	Homo sapiens	Metazoa	644		0	False	2
O95801	Homo sapiens	Metazoa	387		0	False	3
Q6JAN1	Canis lupus familiaris	Metazoa	1081		0	False	3
P50536	Drosophila melanogaster	Metazoa	512		0	False	3
Q8NFU0	Homo sapiens	Metazoa	473		0	True	4
P04636	Rattus norvegicus	Metazoa	338		0	False	5
Q03330	Saccharomyces cerevisiae (strain ATCC 204508 / S288c)	Fungi	439		0	False	5
P48234	Saccharomyces cerevisiae (strain ATCC 204508 / S288c)	Fungi	707		0	False	5
Q9Y4Z0	Homo sapiens	Metazoa	139		0	False	2
O22806	Arabidopsis thaliana	Plants	395		0	False	2
Q6ZPR4	Mus musculus	Metazoa	1224		0	True	1
P0C0S6	Mus musculus	Metazoa	128		0	False	1
Q6IEG0	Homo sapiens	Metazoa	339		0	False	3
G5EG51	Caenorhabditis elegans	Metazoa	1270		0	False	1
O43572	Homo sapiens	Metazoa	662		0	False	4
Q13564	Homo sapiens	Metazoa	534		0	False	2
Q04675	Saccharomyces cerevisiae (strain ATCC 204508 / S288c)	Fungi	128		0	False	1
Q9H0A0	Homo sapiens	Metazoa	1025		0	False	4
Q9H6F5	Homo sapiens	Metazoa	360		0	False	2
P49791	Rattus norvegicus	Metazoa	1468		0	False	5
P23396	Homo sapiens	Metazoa	243		0	False	3
P08657	Kluyveromyces lactis (strain ATCC 8585 / CBS 2359 / DSM 70799 / NBRC 1267 / NRRL Y-1140 / WM37)	Fungi	865		0	False	4
Q7Z713	Homo sapiens	Metazoa	158		0	False	2
Q5M729	Arabidopsis thaliana	Plants	539		0	False	5
Q86X55	Homo sapiens	Metazoa	608		0	False	3
P56286	Schizosaccharomyces pombe (strain 972 / ATCC 24843)	Fungi	306		0	False	2
B1B3P3	Sophora flavescens	Plants	410		0	False	1
Q9NWS1	Homo sapiens	Metazoa	579		0	False	3
O80786	Arabidopsis thaliana	Plants	727		0	False	3
O35638	Mus musculus	Metazoa	1231		0	False	3
P27807	Triticum aestivum	Plants	152		0	False	3
Q9ZTS2	Capsicum annuum	Plants	144		0	False	2
A0A0N7KIY3	Oryza sativa subsp. japonica	Plants	352		0	False	5
Q12248	Saccharomyces cerevisiae (strain ATCC 204508 / S288c)	Fungi	94		0	False	4
Q95TS5	Drosophila melanogaster	Metazoa	654		0	False	5
Q4PSU4	Arabidopsis thaliana	Plants	264		0	False	1
Q93560	Caenorhabditis elegans	Metazoa	817		0	False	3
Q9JIY5	Mus musculus	Metazoa	458		0	False	1
Q0E4K1	Oryza sativa subsp. japonica	Plants	492		0	False	5
P23760	Homo sapiens	Metazoa	479		0	False	3
Q12321	Saccharomyces cerevisiae (strain ATCC 204508 / S288c)	Fungi	566		0	False	3
Q7TSH3	Mus musculus	Metazoa	1157		0	False	3
Q5W7F1	Danio rerio	Metazoa	743		0	True	5
O14978	Homo sapiens	Metazoa	683		0	False	2
O81283	Arabidopsis thaliana	Plants	1503		0	True	1
P46818	Sinapis alba	Plants	1078		0	False	5
Q9NVH6	Homo sapiens	Metazoa	421		0	False	3
Q6SKR2	Mus musculus	Metazoa	214		0	False	2
Q6WN19	Rattus norvegicus	Metazoa	469		0	False	3
O43670	Homo sapiens	Metazoa	478		0	False	2
Q8LKS5	Arabidopsis thaliana	Plants	700		0	False	2
Q92804	Homo sapiens	Metazoa	592		0	False	1
Q06609	Homo sapiens	Metazoa	339		0	False	2
Q8LBB7	Arabidopsis thaliana	Plants	228		0	False	4
O74485	Schizosaccharomyces pombe (strain 972 / ATCC 24843)	Fungi	581		0	False	3
Q93YN8	Arabidopsis thaliana	Plants	296		0	False	2
Q12035	Saccharomyces cerevisiae (strain ATCC 204508 / S288c)	Fungi	217		0	False	2
P42736	Arabidopsis thaliana	Plants	248		0	False	3
P10749	Mus musculus	Metazoa	269		0	False	3
Q9SGS2	Arabidopsis thaliana	Plants	338		0	False	5
Q9FNH4	Arabidopsis thaliana	Plants	227		0	False	2
P63098	Homo sapiens	Metazoa	170		0	False	3
P0CV95	Fragaria ananassa	Plants	578		0	False	1
C4M4P4	Entamoeba histolytica (strain ATCC 30459 / HM-1:IMSS / ABRM)	Other	148		0	False	4
C0HKE9	Mus musculus	Metazoa	130		0	False	4
Q0VD86	Homo sapiens	Metazoa	236		0	False	3
P20240	Drosophila melanogaster	Metazoa	424		0	False	4
Q26457	Aedes albopictus	Metazoa	383		0	False	1
P13639	Homo sapiens	Metazoa	858		0	False	4
Q80Z36	Rattus norvegicus	Metazoa	951		0	False	4
Q9ZV65	Arabidopsis thaliana	Plants	725		0	False	2
Q9FZF1	Arabidopsis thaliana	Plants	248		0	False	2
P11831	Homo sapiens	Metazoa	508		0	False	5
P29677	Solanum tuberosum	Plants	504		0	False	3
O14920	Homo sapiens	Metazoa	756		0	False	4
Q06706	Saccharomyces cerevisiae (strain ATCC 204508 / S288c)	Fungi	1349		0	False	4
Q12235	Saccharomyces cerevisiae (strain ATCC 204508 / S288c)	Fungi	531		0	True	3
Q2HIK4	Arabidopsis thaliana	Plants	129		0	False	4
P51023	Drosophila melanogaster	Metazoa	718		0	False	2
P28805	Spinacia oleracea	Plants	66		0	False	1
P33527	Homo sapiens	Metazoa	1531		0	True	4
Q20481	Caenorhabditis elegans	Metazoa	287		0	False	5
O22527	Arabidopsis thaliana	Plants	324		0	False	2
Q07381	Saccharomyces cerevisiae (strain ATCC 204508 / S288c)	Fungi	788		0	False	1
Q13415	Homo sapiens	Metazoa	861		0	False	3
Q9V3Y0	Drosophila melanogaster	Metazoa	215		0	False	1
P12294	Saccharomyces cerevisiae	Fungi	476		0	False	2
Q8C8M1	Mus musculus	Metazoa	221		0	False	1
Q9ERD6	Mus musculus	Metazoa	590		0	False	4
O74400	Schizosaccharomyces pombe (strain 972 / ATCC 24843)	Fungi	674		0	False	5
Q9M7I7	Arabidopsis thaliana	Plants	318		0	False	2
Q9LIQ9	Arabidopsis thaliana	Plants	714		0	False	2
P27048	Mus musculus	Metazoa	231		0	False	2
Q9U3C8	Caenorhabditis elegans	Metazoa	295		0	False	2
O94522	Schizosaccharomyces pombe (strain 972 / ATCC 24843)	Fungi	390		0	False	4
Q8K3P4	Rattus norvegicus	Metazoa	362		0	False	3
P46087	Homo sapiens	Metazoa	812		0	False	4
F4JVI3	Arabidopsis thaliana	Plants	493		0	False	1
P19397	Homo sapiens	Metazoa	219		0	True	5
Q12178	Saccharomyces cerevisiae (strain ATCC 204508 / S288c)	Fungi	158		0	False	3
P38850	Saccharomyces cerevisiae (strain ATCC 204508 / S288c)	Fungi	1070		0	False	5
P62136	Homo sapiens	Metazoa	330		0	False	3
P17947	Homo sapiens	Metazoa	270		0	False	5
Q9V9M8	Drosophila melanogaster	Metazoa	293		0	False	5
Q9ULX9	Homo sapiens	Metazoa	164		0	False	2
Q96C12	Homo sapiens	Metazoa	935		0	False	2
Q9P7C9	Schizosaccharomyces pombe (strain 972 / ATCC 24843)	Fungi	304		0	False	5
O43524	Homo sapiens	Metazoa	673		0	False	5
Q06678	Saccharomyces cerevisiae (strain ATCC 204508 / S288c)	Fungi	367		0	False	1
D4ACN8	Rattus norvegicus	Metazoa	147		0	True	2
P0C510	Oryza sativa	Plants	477		0	False	1
Q9UKF6	Homo sapiens	Metazoa	684		0	False	2
Q9WVS8	Mus musculus	Metazoa	806		0	False	4
Q9C7I5	Arabidopsis thaliana	Plants	189		0	False	3
P34915	Physcomitrium patens	Plants	475		0	False	4
P22361	Mus musculus	Metazoa	628		0	False	3
O14713	Homo sapiens	Metazoa	200		0	False	5
P48985	Mus musculus	Metazoa	351		0	False	1
Q9D3F7	Mus musculus	Metazoa	229		0	False	1
Q12481	Saccharomyces cerevisiae (strain ATCC 204508 / S288c)	Fungi	300		0	False	4
Q9GZT9	Homo sapiens	Metazoa	426		0	False	2
Q9BW72	Homo sapiens	Metazoa	106		0	True	1
Q07824	Saccharomyces cerevisiae (strain ATCC 204508 / S288c)	Fungi	586		0	False	4
P25815	Homo sapiens	Metazoa	95		0	False	3
Q8ITW8	Caenorhabditis elegans	Metazoa	504		0	False	4
Q42418	Arabidopsis thaliana	Plants	131		0	False	2
Q9SJM4	Arabidopsis thaliana	Plants	414		0	False	2
Q9LYP2	Arabidopsis thaliana	Plants	401		0	False	2
Q8N4S9	Homo sapiens	Metazoa	558		0	False	4
Q810J8	Mus musculus	Metazoa	777		0	False	2
O94259	Schizosaccharomyces pombe (strain 972 / ATCC 24843)	Fungi	327		0	False	3
Q6ICL3	Homo sapiens	Metazoa	276		0	False	5
O75348	Homo sapiens	Metazoa	118		0	False	3
A0SVK0	Arabidopsis thaliana	Plants	291		0	False	4
Q93ZE2	Arabidopsis thaliana	Plants	368		0	False	2
P15791	Rattus norvegicus	Metazoa	533		0	False	4
Q15366	Homo sapiens	Metazoa	365		0	False	4
P38111	Saccharomyces cerevisiae (strain ATCC 204508 / S288c)	Fungi	2368		0	False	2
Q13107	Homo sapiens	Metazoa	963		0	False	1
P63128	Homo sapiens	Metazoa	1117		0	False	4
Q8IYR2	Homo sapiens	Metazoa	804		0	False	3
Q9P0L0	Homo sapiens	Metazoa	249		0	False	4
Q3UNH4	Mus musculus	Metazoa	932		0	False	4
Q00059	Homo sapiens	Metazoa	246		0	False	1
P01106	Homo sapiens	Metazoa	454		0	False	4
Q8TEW0	Homo sapiens	Metazoa	1356		0	False	4
P47131	Saccharomyces cerevisiae (strain ATCC 204508 / S288c)	Fungi	105		0	True	5
P29547	Saccharomyces cerevisiae (strain ATCC 204508 / S288c)	Fungi	415		0	False	1
A0A120KVR5	Trypanosoma brucei brucei	Other	1642		0	False	1
Q8WZ73	Homo sapiens	Metazoa	363		0	False	2
Q71BG9	Solanum lycopersicum	Plants	861		0	False	3
Q9H444	Homo sapiens	Metazoa	224		0	False	5
Q9Y2Y0	Homo sapiens	Metazoa	163		0	False	2
Q15714	Homo sapiens	Metazoa	1073		0	False	4
Q9MA15	Arabidopsis thaliana	Plants	711		0	False	2
A1Z7A8	Drosophila melanogaster	Metazoa	634		0	False	2
Q9SMX3	Arabidopsis thaliana	Plants	274		0	False	1
Q9M5K2	Arabidopsis thaliana	Plants	507		0	False	2
Q60EC2	Oryza sativa subsp. japonica	Plants	261		0	True	2
P69150	Tetrahymena thermophila	Other	136		0	False	3
P36626	Schizosaccharomyces pombe (strain 972 / ATCC 24843)	Fungi	561		0	False	3
Q00536	Homo sapiens	Metazoa	496		0	False	1
O60828	Homo sapiens	Metazoa	265		0	False	5
Q9UBL6	Homo sapiens	Metazoa	633		0	False	5
Q9I9N6	Danio rerio	Metazoa	203		0	False	4
P00073	Spinacia oleracea	Plants	111		0	False	4
Q9YHT1	Gallus gallus	Metazoa	665		0	False	5
Q2EMV9	Mus musculus	Metazoa	1817		0	False	5
Q68DD2	Homo sapiens	Metazoa	849		0	False	1
P55769	Homo sapiens	Metazoa	128		0	False	1
Q09309	Caenorhabditis elegans	Metazoa	454		0	False	3
Q99J95	Mus musculus	Metazoa	372		0	False	5
Q9CQ20	Mus musculus	Metazoa	182		0	False	3
Q9LW68	Arabidopsis thaliana	Plants	195		0	False	5
P42834	Saccharomyces cerevisiae (strain ATCC 204508 / S288c)	Fungi	146		0	False	1
P46782	Homo sapiens	Metazoa	204		0	False	2
Q8NCE0	Homo sapiens	Metazoa	465		0	False	1
P31167	Arabidopsis thaliana	Plants	381		0	True	3
Q8WXU2	Homo sapiens	Metazoa	420		0	False	1
Q08004	Saccharomyces cerevisiae (strain ATCC 204508 / S288c)	Fungi	166		0	False	5
P70284	Mus musculus	Metazoa	272		0	False	5
Q96PP9	Homo sapiens	Metazoa	640		0	False	1
P49847	Drosophila melanogaster	Metazoa	606		0	False	1
Q5EBM0	Homo sapiens	Metazoa	449		0	False	3
A2AIL4	Mus musculus	Metazoa	333		0	False	1
P19156	Sus scrofa	Metazoa	1034		0	False	3
P11884	Rattus norvegicus	Metazoa	519		0	False	1
Q03433	Saccharomyces cerevisiae (strain ATCC 204508 / S288c)	Fungi	280		0	False	2
A6NLJ0	Homo sapiens	Metazoa	364		0	False	1
O14146	Schizosaccharomyces pombe (strain 972 / ATCC 24843)	Fungi	159		0	False	1
F4IPE3	Arabidopsis thaliana	Plants	445		0	False	2
Q9BWT1	Homo sapiens	Metazoa	371		0	False	5
P22087	Homo sapiens	Metazoa	321		0	False	4
P0CH07	Schizosaccharomyces pombe (strain 972 / ATCC 24843)	Fungi	128		0	False	1
P25588	Saccharomyces cerevisiae (strain ATCC 204508 / S288c)	Fungi	1096		0	False	2
P53810	Mus musculus	Metazoa	271		0	False	3
Q9NPB3	Homo sapiens	Metazoa	220		0	False	2
P27601	Mus musculus	Metazoa	377		0	False	4
Q7Z2W9	Homo sapiens	Metazoa	205		0	False	4
P31384	Saccharomyces cerevisiae (strain ATCC 204508 / S288c)	Fungi	837		0	False	3
P35200	Saccharomyces cerevisiae (strain ATCC 204508 / S288c)	Fungi	230		0	False	5
Q8CCE9	Mus musculus	Metazoa	783		0	False	2
P00319	Galdieria sulphuraria	Other	161		0	False	4
Q06338	Saccharomyces cerevisiae (strain ATCC 204508 / S288c)	Fungi	283		0	False	5
O42647	Schizosaccharomyces pombe (strain 972 / ATCC 24843)	Fungi	188		0	False	4
P49443	Mus musculus	Metazoa	382		0	False	2
Q9UIV1	Homo sapiens	Metazoa	285		0	False	2
Q9GZR1	Homo sapiens	Metazoa	1112		0	False	3
O43447	Homo sapiens	Metazoa	177		0	False	3
Q9ULC5	Homo sapiens	Metazoa	683		0	True	1
Q6Z784	Oryza sativa subsp. japonica	Plants	280		0	False	5
Q80U72	Mus musculus	Metazoa	1665		0	False	5
O75381	Homo sapiens	Metazoa	377		0	False	5
Q9M7T0	Arabidopsis thaliana	Plants	201		0	False	3
Q2LAE1	Arabidopsis thaliana	Plants	1759		0	False	1
Q24JJ9	Arabidopsis thaliana	Plants	361		0	False	2
P27202	Arabidopsis thaliana	Plants	140		0	False	2
P0CZ23	Arabidopsis thaliana	Plants	675		0	False	2
Q96SB3	Homo sapiens	Metazoa	817		0	False	5
O95838	Homo sapiens	Metazoa	553		0	False	4
Q9W4S7	Drosophila melanogaster	Metazoa	717		0	False	4
Q12275	Saccharomyces cerevisiae (strain ATCC 204508 / S288c)	Fungi	1648		0	False	4
P40646	Mus musculus	Metazoa	380		0	False	5
Q9USW9	Schizosaccharomyces pombe (strain 972 / ATCC 24843)	Fungi	244		0	False	3
Q62985	Rattus norvegicus	Metazoa	756		0	False	5
P28661	Mus musculus	Metazoa	478		0	False	5
E1BF86	Bos taurus	Metazoa	512		0	True	5
A1ZAK1	Drosophila melanogaster	Metazoa	1007		0	False	5
Q96AJ1	Homo sapiens	Metazoa	413		0	False	1
Q8NEY3	Homo sapiens	Metazoa	305		0	False	5
Q9Y6I4	Homo sapiens	Metazoa	520		0	False	1
P92947	Arabidopsis thaliana	Plants	493		0	False	2
Q91V08	Mus musculus	Metazoa	207		0	True	3
P27112	Oryctolagus cuniculus	Metazoa	1035		0	False	5
Q03201	Saccharomyces cerevisiae (strain ATCC 204508 / S288c)	Fungi	203		0	False	1
O96033	Homo sapiens	Metazoa	88		0	False	3
Q93ZG9	Arabidopsis thaliana	Plants	477		0	False	5
P31228	Bos taurus	Metazoa	341		0	False	5
Q8NB91	Homo sapiens	Metazoa	859		0	False	1
P51531	Homo sapiens	Metazoa	1590		0	False	3
O70585	Mus musculus	Metazoa	659		0	False	1
Q5ANE3	Candida albicans (strain SC5314 / ATCC MYA-2876)	Fungi	170		0	True	4
Q6NN03	Arabidopsis thaliana	Plants	63		0	True	3
Q9D489	Mus musculus	Metazoa	467		0	False	3
Q09779	Schizosaccharomyces pombe (strain 972 / ATCC 24843)	Fungi	1628		0	False	5
Q42606	Arabidopsis thaliana	Plants	369		0	False	4
Q9SHS7	Arabidopsis thaliana	Plants	1006		0	False	2
Q12285	Saccharomyces cerevisiae (strain ATCC 204508 / S288c)	Fungi	212		0	False	3
Q13148	Homo sapiens	Metazoa	414		0	False	5
P04198	Homo sapiens	Metazoa	464		0	False	4
Q12167	Saccharomyces cerevisiae (strain ATCC 204508 / S288c)	Fungi	365		0	False	5
P48268	Chlamydomonas reinhardtii	Plants	82		0	True	3
Q9ZQC5	Arabidopsis thaliana	Plants	583		0	False	4
B6HQN4	Penicillium rubens (strain ATCC 28089 / DSM 1075 / NRRL 1951 / Wisconsin 54-1255)	Fungi	268		0	False	5
P35845	Saccharomyces cerevisiae (strain ATCC 204508 / S288c)	Fungi	1188		0	False	2
Q9VU86	Drosophila melanogaster	Metazoa	1873		0	False	5
O94248	Schizosaccharomyces pombe (strain 972 / ATCC 24843)	Fungi	4717		0	False	1
Q63377	Rattus norvegicus	Metazoa	279		0	True	1
P06838	Saccharomyces cerevisiae (strain ATCC 204508 / S288c)	Fungi	210		0	False	5
Q68G58	Mus musculus	Metazoa	516		0	False	3
P02290	Parechinus angulosus	Metazoa	145		0	False	5
O74957	Schizosaccharomyces pombe (strain 972 / ATCC 24843)	Fungi	834		0	False	3
P87115	Schizosaccharomyces pombe (strain 972 / ATCC 24843)	Fungi	1033		0	False	4
O17695	Caenorhabditis elegans	Metazoa	461		0	False	1
P53889	Saccharomyces cerevisiae (strain ATCC 204508 / S288c)	Fungi	259		0	False	4
O60333	Homo sapiens	Metazoa	1816		0	False	4
Q04744	Mus musculus	Metazoa	253		0	False	2
Q9YHT2	Gallus gallus	Metazoa	290		0	False	1
Q93Z18	Arabidopsis thaliana	Plants	415		0	False	3
P04051	Saccharomyces cerevisiae (strain ATCC 204508 / S288c)	Fungi	1460		0	False	5
Q10222	Schizosaccharomyces pombe (strain 972 / ATCC 24843)	Fungi	670		0	False	4
P35728	Saccharomyces cerevisiae (strain ATCC 204508 / S288c)	Fungi	441		0	False	3
Q9NUK0	Homo sapiens	Metazoa	354		0	False	3
Q9BZF9	Homo sapiens	Metazoa	1416		0	False	1
P22462	Rattus norvegicus	Metazoa	638		0	False	2
B9VRJ2	Papaver somniferum	Plants	321		0	False	1
P13866	Homo sapiens	Metazoa	664		0	True	3
Q9LY87	Arabidopsis thaliana	Plants	468		0	False	4
P62127	Nicotiana plumbaginifolia	Plants	123		0	False	2
P79832	Oncorhynchus mykiss	Metazoa	723		0	False	5
P16373	Mus musculus	Metazoa	653		0	False	4
Q9VQ30	Drosophila melanogaster	Metazoa	604		0	False	2
Q9BPW8	Homo sapiens	Metazoa	284		0	False	1
F4K8S5	Arabidopsis thaliana	Plants	355		0	False	4
Q8L9Y3	Arabidopsis thaliana	Plants	382		0	False	1
P22135	Saccharomyces cerevisiae (strain ATCC 204508 / S288c)	Fungi	325		0	False	4
Q94BN0	Arabidopsis thaliana	Plants	364		0	False	2
Q0WNZ5	Arabidopsis thaliana	Plants	812		0	False	2
Q9ES71	Rattus norvegicus	Metazoa	678		0	False	1
Q12948	Homo sapiens	Metazoa	553		0	False	3
Q9C757	Arabidopsis thaliana	Plants	580		0	True	2
Q10262	Schizosaccharomyces pombe (strain 972 / ATCC 24843)	Fungi	131		0	False	5
P26370	Saccharomyces cerevisiae (strain ATCC 204508 / S288c)	Fungi	528		0	False	1
Q3UQS8	Mus musculus	Metazoa	1199		0	False	3
Q8I2S0	Plasmodium falciparum (isolate 3D7)	Other	384		0	False	1
P49888	Homo sapiens	Metazoa	294		0	False	4
Q24134	Drosophila melanogaster	Metazoa	578		0	False	5
P22341	Euglena viridis	Other	96		0	False	2
O55135	Mus musculus	Metazoa	245		0	False	3
P10900	Hordeum vulgare	Plants	508		0	True	5
Q9Y7Y6	Schizosaccharomyces pombe (strain 972 / ATCC 24843)	Fungi	291		0	False	3
P52503	Mus musculus	Metazoa	116		0	False	1
O94494	Schizosaccharomyces pombe (strain 972 / ATCC 24843)	Fungi	277		0	False	4
P16972	Arabidopsis thaliana	Plants	148		0	False	3
Q9FG61	Arabidopsis thaliana	Plants	448		0	False	2
Q01780	Homo sapiens	Metazoa	885		0	False	4
P12297	Drosophila melanogaster	Metazoa	963		0	False	5
Q6PEY1	Homo sapiens	Metazoa	159		0	True	3
Q7L0X2	Homo sapiens	Metazoa	663		0	False	5
P26526	Chlamydomonas reinhardtii	Plants	508		0	False	4
Q62521	Mus musculus	Metazoa	466		0	False	1
O96019	Homo sapiens	Metazoa	429		0	False	2
Q96DE0	Homo sapiens	Metazoa	195		0	False	4
Q7T3R4	Takifugu rubripes	Metazoa	481		0	True	2
P04625	Gallus gallus	Metazoa	408		0	False	3
P36552	Mus musculus	Metazoa	443		0	False	1
Q91YX0	Mus musculus	Metazoa	663		0	False	2
Q8NBI5	Homo sapiens	Metazoa	491		0	True	5
P49597	Arabidopsis thaliana	Plants	434		0	False	4
Q61188	Mus musculus	Metazoa	746		0	False	1
Q9LFW1	Arabidopsis thaliana	Plants	360		0	False	5
P35434	Rattus norvegicus	Metazoa	168		0	False	3
Q9SRK5	Arabidopsis thaliana	Plants	282		0	False	5
Q8BGD7	Mus musculus	Metazoa	802		0	False	3
Q92963	Homo sapiens	Metazoa	219		0	False	2
Q28205	Bos taurus	Metazoa	1199		0	False	4
P0C1H3	Gallus gallus	Metazoa	126		0	False	5
Q16617	Homo sapiens	Metazoa	165		0	True	4
P29353	Homo sapiens	Metazoa	583		0	False	5
Q9D7X3	Mus musculus	Metazoa	185		0	False	5
Q6T264	Mus musculus	Metazoa	1020		0	False	5
O88282	Mus musculus	Metazoa	474		0	False	2
O94285	Schizosaccharomyces pombe (strain 972 / ATCC 24843)	Fungi	203		0	False	2
P39654	Mus musculus	Metazoa	663		0	False	1
Q9S736	Arabidopsis thaliana	Plants	566		0	False	5
Q9PVE4	Danio rerio	Metazoa	395		0	False	4
Q9D6Y7	Mus musculus	Metazoa	233		0	False	1
P32451	Saccharomyces cerevisiae (strain ATCC 204508 / S288c)	Fungi	375		0	False	2
Q63ZY3	Homo sapiens	Metazoa	851		0	False	1
Q7Z6Z7	Homo sapiens	Metazoa	4374		0	False	4
Q50L43	Mus musculus	Metazoa	825		0	False	1
Q03937	Saccharomyces cerevisiae (strain ATCC 204508 / S288c)	Fungi	162		0	False	4
O75751	Homo sapiens	Metazoa	556		0	True	4
D7UQM5	Patiria pectinifera	Metazoa	407		0	False	3
Q14249	Homo sapiens	Metazoa	297		0	False	5
P38197	Saccharomyces cerevisiae (strain ATCC 204508 / S288c)	Fungi	257		0	False	4
Q15080	Homo sapiens	Metazoa	339		0	False	1
O08786	Mus musculus	Metazoa	436		0	True	1
P11801	Homo sapiens	Metazoa	424		0	False	2
P51801	Homo sapiens	Metazoa	687		0	True	1
P38172	Saccharomyces cerevisiae (strain ATCC 204508 / S288c)	Fungi	270		0	False	4
Q9FKP4	Arabidopsis thaliana	Plants	1264		0	False	4
Q68FR2	Rattus norvegicus	Metazoa	507		0	False	1
P36402	Homo sapiens	Metazoa	384		0	False	3
Q9GZQ3	Homo sapiens	Metazoa	224		0	False	3
O23138	Arabidopsis thaliana	Plants	114		0	False	1
P31316	Mus musculus	Metazoa	305		0	False	4
P28356	Homo sapiens	Metazoa	352		0	False	2
Q06596	Saccharomyces cerevisiae (strain ATCC 204508 / S288c)	Fungi	294		0	False	1
P14907	Saccharomyces cerevisiae (strain ATCC 204508 / S288c)	Fungi	823		0	False	4
Q5SU73	Mus musculus	Metazoa	570		0	False	1
P00048	Neurospora crassa (strain ATCC 24698 / 74-OR23-1A / CBS 708.71 / DSM 1257 / FGSC 987)	Fungi	108		0	False	2
Q8R4P5	Mus musculus	Metazoa	757		0	False	3
Q9M5A9	Arabidopsis thaliana	Plants	388		0	False	5
Q9SFU0	Arabidopsis thaliana	Plants	1038		0	False	1
Q93VR9	Arabidopsis thaliana	Plants	326		0	False	5
O15218	Homo sapiens	Metazoa	404		0	True	5
P40303	Saccharomyces cerevisiae (strain ATCC 204508 / S288c)	Fungi	254		0	False	1
O54701	Rattus norvegicus	Metazoa	670		0	True	2
P93022	Arabidopsis thaliana	Plants	1164		0	False	1
Q86MA2	Trypanosoma brucei brucei	Other	743		0	False	2
Q01329	Saccharomyces cerevisiae (strain ATCC 204508 / S288c)	Fungi	785		0	False	3
P63163	Mus musculus	Metazoa	240		0	False	3
P55018	Rattus norvegicus	Metazoa	1002		0	False	3
Q99KE8	Mus musculus	Metazoa	643		0	False	2
P11970	Populus nigra	Plants	168		0	False	4
Q61548	Mus musculus	Metazoa	901		0	False	5
Q80TG1	Mus musculus	Metazoa	1036		0	False	4
P62804	Rattus norvegicus	Metazoa	103		0	False	5
Q9VZM7	Drosophila melanogaster	Metazoa	631		0	False	1
P49085	Zea mays	Plants	410		0	False	1
P28515	Caenorhabditis elegans	Metazoa	416		0	False	5
A0A0S2UWC9	Petunia hybrida	Plants	249		0	False	3
P28829	Schizosaccharomyces pombe (strain 972 / ATCC 24843)	Fungi	659		0	False	3
Q8BTW8	Mus musculus	Metazoa	588		0	False	3
P36036	Saccharomyces cerevisiae (strain ATCC 204508 / S288c)	Fungi	203		0	False	2
Q7FZF1	Arabidopsis thaliana	Plants	203		0	False	5
Q71F23	Homo sapiens	Metazoa	418		0	False	2
Q08211	Homo sapiens	Metazoa	1270		0	False	2
Q08753	Chlamydomonas moewusii	Plants	164		0	False	4
Q9JJF3	Mus musculus	Metazoa	603		0	False	3
Q96C03	Homo sapiens	Metazoa	454		0	True	1
Q9USX8	Schizosaccharomyces pombe (strain 972 / ATCC 24843)	Fungi	239		0	False	2
Q39024	Arabidopsis thaliana	Plants	376		0	False	3
Q01959	Homo sapiens	Metazoa	620		0	True	4
Q969F9	Homo sapiens	Metazoa	1004		0	False	5
P22954	Arabidopsis thaliana	Plants	653		0	False	5
P48813	Saccharomyces cerevisiae (strain ATCC 204508 / S288c)	Fungi	663		0	False	5
Q8H0V5	Arabidopsis thaliana	Plants	354		0	False	5
P40470	Saccharomyces cerevisiae (strain ATCC 204508 / S288c)	Fungi	206		0	False	3
P48434	Gallus gallus	Metazoa	494		0	False	4
Q8VC04	Mus musculus	Metazoa	261		0	False	4
Q03414	Xenopus laevis	Metazoa	516		0	False	1
Q08287	Saccharomyces cerevisiae (strain ATCC 204508 / S288c)	Fungi	484		0	False	5
Q8C7E9	Mus musculus	Metazoa	632		0	False	1
Q9UUC6	Schizosaccharomyces pombe (strain 972 / ATCC 24843)	Fungi	97		0	False	1
Q9W148	Drosophila melanogaster	Metazoa	731		0	False	4
Q9URX9	Schizosaccharomyces pombe (strain 972 / ATCC 24843)	Fungi	284		0	False	3
Q12320	Saccharomyces cerevisiae (strain ATCC 204508 / S288c)	Fungi	285		0	False	5
P60203	Rattus norvegicus	Metazoa	277		0	True	5
P02835	Drosophila melanogaster	Metazoa	410		0	False	3
Q9LZP9	Arabidopsis thaliana	Plants	131		0	False	2
Q8NDT2	Homo sapiens	Metazoa	890		0	False	2
Q9NY33	Homo sapiens	Metazoa	737		0	False	1
Q8R1B5	Mus musculus	Metazoa	158		0	False	1
Q9FJL3	Arabidopsis thaliana	Plants	578		0	False	1
Q8IUH3	Homo sapiens	Metazoa	476		0	False	1
Q05905	Saccharomyces cerevisiae (strain ATCC 204508 / S288c)	Fungi	244		0	False	2
P50443	Homo sapiens	Metazoa	739		0	False	1
Q9UIS9	Homo sapiens	Metazoa	605		0	False	3
Q93WG3	Arabidopsis thaliana	Plants	294		0	False	3
Q9H4B4	Homo sapiens	Metazoa	646		0	False	2
P49959	Homo sapiens	Metazoa	708		0	False	2
P63252	Homo sapiens	Metazoa	427		0	True	1
Q9UJA3	Homo sapiens	Metazoa	840		0	False	3
Q63638	Rattus norvegicus	Metazoa	3259		0	False	2
Q94AH9	Arabidopsis thaliana	Plants	320		0	False	5
P42128	Mus musculus	Metazoa	719		0	False	2
A0A3Q2IDB4	Equus caballus	Metazoa	552		0	True	3
Q60756	Mus musculus	Metazoa	195		0	False	3
P53163	Saccharomyces cerevisiae (strain ATCC 204508 / S288c)	Fungi	194		0	False	1
B6VQ60	Caenorhabditis elegans	Metazoa	612		0	False	3
Q7S711	Neurospora crassa (strain ATCC 24698 / 74-OR23-1A / CBS 708.71 / DSM 1257 / FGSC 987)	Fungi	443		0	False	1
Q9GZY0	Homo sapiens	Metazoa	626		0	False	5
Q9BYB4	Homo sapiens	Metazoa	327		0	False	4
Q9NW64	Homo sapiens	Metazoa	420		0	False	4
P0C870	Homo sapiens	Metazoa	316		0	False	2
P38228	Saccharomyces cerevisiae (strain ATCC 204508 / S288c)	Fungi	572		0	False	4
P84243	Homo sapiens	Metazoa	136		0	False	2
Q96QA6	Homo sapiens	Metazoa	119		0	False	4
Q3TWW8	Mus musculus	Metazoa	339		0	False	4
Q9BRI3	Homo sapiens	Metazoa	372		0	False	1
Q9NZ56	Homo sapiens	Metazoa	1722		0	False	2
P42731	Arabidopsis thaliana	Plants	629		0	False	4
P63329	Rattus norvegicus	Metazoa	521		0	False	4
Q8BMC0	Mus musculus	Metazoa	344		0	True	5
Q9NWZ8	Homo sapiens	Metazoa	242		0	False	1
P32876	Bos taurus	Metazoa	136		0	True	1
Q9R1U7	Rattus norvegicus	Metazoa	536		0	True	5
Q61510	Mus musculus	Metazoa	634		0	False	2
Q06991	Saccharomyces cerevisiae (strain ATCC 204508 / S288c)	Fungi	263		0	True	1
Q9P7T4	Schizosaccharomyces pombe (strain 972 / ATCC 24843)	Fungi	1019		0	False	1
A3BV95	Oryza sativa subsp. japonica	Plants	291		0	False	5
Q8CHM7	Rattus norvegicus	Metazoa	581		0	False	4
O23077	Arabidopsis thaliana	Plants	319		0	False	4
Q09330	Schizosaccharomyces pombe (strain 972 / ATCC 24843)	Fungi	199		0	False	1
Q8NFT6	Homo sapiens	Metazoa	615		0	False	3
Q67WJ8	Oryza sativa subsp. japonica	Plants	298		0	True	5
E9AE57	Leishmania major	Other	568		0	False	2
P35356	Procambarus clarkii	Metazoa	376		0	True	1
Q7G8V2	Arabidopsis thaliana	Plants	206		0	False	5
Q8RWL6	Arabidopsis thaliana	Plants	570		0	False	4
Q3T9M1	Mus musculus	Metazoa	494		0	False	1
Q8WXI8	Homo sapiens	Metazoa	215		0	True	2
Q9XZ06	Drosophila melanogaster	Metazoa	823		0	False	3
O14388	Schizosaccharomyces pombe (strain 972 / ATCC 24843)	Fungi	136		0	False	3
O14744	Homo sapiens	Metazoa	637		0	False	4
O08573	Mus musculus	Metazoa	353		0	False	4
Q9BWH2	Homo sapiens	Metazoa	189		0	True	4
Q9D8F1	Mus musculus	Metazoa	300		0	False	5
Q96255	Arabidopsis thaliana	Plants	430		0	False	4
Q7L0Q8	Homo sapiens	Metazoa	258		0	False	5
P70174	Mus musculus	Metazoa	488		0	True	5
P06168	Saccharomyces cerevisiae (strain ATCC 204508 / S288c)	Fungi	395		0	False	4
O43900	Homo sapiens	Metazoa	615		0	False	3
P35290	Mus musculus	Metazoa	203		0	False	3
P14678	Homo sapiens	Metazoa	240		0	False	4
Q9VC03	Drosophila melanogaster	Metazoa	389		0	False	1
Q9WTR8	Rattus norvegicus	Metazoa	1696		0	False	5
Q9SYD8	Arabidopsis thaliana	Plants	210		0	False	2
A0A061ACU2	Caenorhabditis elegans	Metazoa	2442		0	True	5
Q8N2C7	Homo sapiens	Metazoa	3258		0	False	1
Q7L014	Homo sapiens	Metazoa	1031		0	False	2
Q9Z2A5	Mus musculus	Metazoa	516		0	False	3
P17028	Homo sapiens	Metazoa	368		0	False	1
Q12161	Saccharomyces cerevisiae (strain ATCC 204508 / S288c)	Fungi	406		0	False	2
P05764	Schizosaccharomyces pombe (strain 972 / ATCC 24843)	Fungi	87		0	False	4
O14325	Schizosaccharomyces pombe (strain 972 / ATCC 24843)	Fungi	779		0	False	2
O13853	Schizosaccharomyces pombe (strain 972 / ATCC 24843)	Fungi	742		0	False	2
Q5RI15	Homo sapiens	Metazoa	118		0	True	3
P32388	Saccharomyces cerevisiae (strain ATCC 204508 / S288c)	Fungi	137		0	False	3
O13286	Schizosaccharomyces pombe (strain 972 / ATCC 24843)	Fungi	556		0	False	2
Q96EY7	Homo sapiens	Metazoa	689		0	False	1
Q96LA8	Homo sapiens	Metazoa	375		0	False	3
Q38879	Arabidopsis thaliana	Plants	133		0	False	1
P00352	Homo sapiens	Metazoa	501		0	False	1
Q9LS24	Arabidopsis thaliana	Plants	292		0	False	5
Q9SX65	Arabidopsis thaliana	Plants	156		0	False	2
Q9UKK6	Homo sapiens	Metazoa	140		0	False	3
Q9NS37	Homo sapiens	Metazoa	354		0	False	4
Q03429	Saccharomyces cerevisiae (strain ATCC 204508 / S288c)	Fungi	123		0	False	2
P06367	Saccharomyces cerevisiae (strain ATCC 204508 / S288c)	Fungi	137		0	False	4
P31596	Rattus norvegicus	Metazoa	573		0	True	5
P28566	Homo sapiens	Metazoa	365		0	True	3
Q920B6	Rattus norvegicus	Metazoa	426		0	True	5
Q9Y271	Homo sapiens	Metazoa	337		0	True	1
P22460	Homo sapiens	Metazoa	613		0	False	3
Q8LC79	Arabidopsis thaliana	Plants	295		0	False	2
P37299	Saccharomyces cerevisiae (strain ATCC 204508 / S288c)	Fungi	77		0	True	4
Q15269	Homo sapiens	Metazoa	919		0	False	4
Q84VV6	Arabidopsis thaliana	Plants	146		0	False	5
Q9JLT4	Mus musculus	Metazoa	524		0	False	1
O44081	Drosophila melanogaster	Metazoa	508		0	False	4
Q9NQ88	Homo sapiens	Metazoa	270		0	False	4
P34253	Saccharomyces cerevisiae (strain ATCC 204508 / S288c)	Fungi	313		0	False	4
Q10271	Schizosaccharomyces pombe (strain 972 / ATCC 24843)	Fungi	321		0	False	4
Q9LV58	Arabidopsis thaliana	Plants	148		0	False	5
Q5I7G2	Lymnaea stagnalis	Metazoa	436		0	False	3
Q64289	Rattus norvegicus	Metazoa	357		0	False	5
P28222	Homo sapiens	Metazoa	390		0	True	1
P22798	Spinacia oleracea	Plants	271		0	False	5
Q26635	Sarcophaga peregrina	Metazoa	354		0	False	5
Q9BQG0	Homo sapiens	Metazoa	1328		0	False	5
Q7M2P1	Sus scrofa	Metazoa	76		0	False	3
Q96JP5	Homo sapiens	Metazoa	570		0	False	2
Q15020	Homo sapiens	Metazoa	963		0	False	2
Q91WN3	Mus musculus	Metazoa	478		0	True	3
Q9I8D1	Gallus gallus	Metazoa	1276		0	False	3
Q9SEL5	Arabidopsis thaliana	Plants	222		0	False	1
Q13325	Homo sapiens	Metazoa	482		0	False	2
P22243	Carthamus tinctorius	Plants	396		0	False	4
G5ED66	Caenorhabditis elegans	Metazoa	308		0	False	4
P27469	Homo sapiens	Metazoa	103		0	False	3
Q54I18	Dictyostelium discoideum	Other	1046		0	False	2
Q08687	Saccharomyces cerevisiae (strain ATCC 204508 / S288c)	Fungi	178		0	False	3
Q7Z7G2	Homo sapiens	Metazoa	160		0	False	4
Q9SLJ2	Arabidopsis thaliana	Plants	98		0	False	2
Q9BSU3	Homo sapiens	Metazoa	229		0	False	3
P70032	Xenopus laevis	Metazoa	598		0	False	5
P84232	Poroderma africanum	Metazoa	136		0	False	2
O74331	Schizosaccharomyces pombe (strain 972 / ATCC 24843)	Fungi	363		0	False	1
P00157	Bos taurus	Metazoa	379		0	True	1
Q7Z7H8	Homo sapiens	Metazoa	261		0	False	1
P36037	Saccharomyces cerevisiae (strain ATCC 204508 / S288c)	Fungi	715		0	False	1
Q40541	Nicotiana tabacum	Plants	690		0	False	4
O82798	Arabidopsis thaliana	Plants	259		0	False	4
Q09M02	Mus musculus	Metazoa	886		0	False	2
P62312	Homo sapiens	Metazoa	80		0	False	3
Q9NRL2	Homo sapiens	Metazoa	1556		0	False	2
O61443	Drosophila melanogaster	Metazoa	365		0	False	4
Q9U2Z0	Caenorhabditis elegans	Metazoa	391		0	False	2
Q6U6G5	Rattus norvegicus	Metazoa	426		0	False	2
Q9UQN3	Homo sapiens	Metazoa	213		0	False	3
O76689	Caenorhabditis elegans	Metazoa	714		0	True	2
Q9PVF8	Danio rerio	Metazoa	907		0	False	1
Q9BTP7	Homo sapiens	Metazoa	215		0	False	2
C6ZJZ3	Glycine max	Plants	237		0	False	3
Q9D4W2	Mus musculus	Metazoa	315		0	False	4
P9WEU3	Cryptococcus deuterogattii (strain R265)	Fungi	1529		0	False	1
Q9JKY0	Mus musculus	Metazoa	299		0	False	2
Q8N3U4	Homo sapiens	Metazoa	1231		0	False	4
Q7Z3H4	Homo sapiens	Metazoa	446		0	False	2
Q5Z9J0	Oryza sativa subsp. japonica	Plants	580		0	False	1
Q9ZVC9	Arabidopsis thaliana	Plants	851		0	False	3
P39113	Saccharomyces cerevisiae (strain ATCC 204508 / S288c)	Fungi	1433		0	False	3
P84029	Drosophila melanogaster	Metazoa	108		0	False	2
Q8IVP5	Homo sapiens	Metazoa	155		0	True	4
P49377	Kluyveromyces lactis (strain ATCC 8585 / CBS 2359 / DSM 70799 / NBRC 1267 / NRRL Y-1140 / WM37)	Fungi	289		0	False	4
F4I718	Arabidopsis thaliana	Plants	2136		0	False	4
O13983	Schizosaccharomyces pombe (strain 972 / ATCC 24843)	Fungi	1063		0	False	2
Q9C9F5	Arabidopsis thaliana	Plants	308		0	False	3
Q9VR56	Drosophila melanogaster	Metazoa	319		0	False	4
Q9ZWB3	Arabidopsis thaliana	Plants	471		0	False	4
Q9SIS3	Arabidopsis thaliana	Plants	608		0	False	1
D4AEP3	Rattus norvegicus	Metazoa	194		0	True	2
P38114	Saccharomyces cerevisiae (strain ATCC 204508 / S288c)	Fungi	1094		0	False	3
O35445	Mus musculus	Metazoa	180		0	False	3
Q9XUS7	Caenorhabditis elegans	Metazoa	610		0	False	3
Q9NQG5	Homo sapiens	Metazoa	326		0	False	5
P38282	Saccharomyces cerevisiae (strain ATCC 204508 / S288c)	Fungi	291		0	False	4
Q9FX64	Arabidopsis thaliana	Plants	226		0	False	3
Q960X4	Drosophila melanogaster	Metazoa	541		0	False	4
P54679	Dictyostelium discoideum	Other	1058		0	False	4
Q8LPL7	Arabidopsis thaliana	Plants	355		0	False	4
P39685	Saccharomyces cerevisiae (strain ATCC 204508 / S288c)	Fungi	1337		0	False	4
Q9SJT1	Arabidopsis thaliana	Plants	700		0	False	4
Q8WWC4	Homo sapiens	Metazoa	291		0	False	3
Q6K1E7	Mus musculus	Metazoa	370		0	False	1
O43765	Homo sapiens	Metazoa	313		0	False	4
Q6UXY1	Homo sapiens	Metazoa	529		0	False	1
Q5VTD9	Homo sapiens	Metazoa	330		0	False	1
Q61694	Mus musculus	Metazoa	373		0	False	3
Q9P7H1	Schizosaccharomyces pombe (strain 972 / ATCC 24843)	Fungi	537		0	False	5
Q9U5W9	Drosophila melanogaster	Metazoa	167		0	False	2
Q946J8	Arabidopsis thaliana	Plants	445		0	False	4
Q8N414	Homo sapiens	Metazoa	524		0	False	1
Q9NRP7	Homo sapiens	Metazoa	1315		0	False	1
P29385	Arabidopsis thaliana	Plants	246		0	False	1
P46935	Mus musculus	Metazoa	887		0	False	5
Q8L3W1	Arabidopsis thaliana	Plants	341		0	False	3
Q8LBM2	Arabidopsis thaliana	Plants	131		0	False	2
O76460	Drosophila melanogaster	Metazoa	784		0	False	1
P52815	Homo sapiens	Metazoa	198		0	False	5
P21439	Homo sapiens	Metazoa	1286		0	True	5
Q5UBY2	Arabidopsis thaliana	Plants	687		0	False	2
Q9HD67	Homo sapiens	Metazoa	2058		0	False	5
Q10Q07	Oryza sativa subsp. japonica	Plants	401		0	False	2
Q38882	Arabidopsis thaliana	Plants	810		0	False	1
Q8NHG8	Homo sapiens	Metazoa	242		0	False	1
Q18909	Caenorhabditis elegans	Metazoa	319		0	False	3
P36179	Drosophila melanogaster	Metazoa	591		0	False	4
Q641K1	Mus musculus	Metazoa	1218		0	False	5
Q40412	Nicotiana plumbaginifolia	Plants	663		0	False	2
Q969S3	Homo sapiens	Metazoa	477		0	False	2
O43299	Homo sapiens	Metazoa	807		0	False	5
P22579	Saccharomyces cerevisiae (strain ATCC 204508 / S288c)	Fungi	1536		0	False	3
Q91YI4	Mus musculus	Metazoa	410		0	False	5
Q8NHW3	Homo sapiens	Metazoa	353		0	False	1
P29266	Rattus norvegicus	Metazoa	335		0	False	4
Q9H410	Homo sapiens	Metazoa	356		0	False	2
Q8N608	Homo sapiens	Metazoa	796		0	True	2
Q6NNL9	Arabidopsis thaliana	Plants	93		0	False	5
Q69P94	Oryza sativa subsp. japonica	Plants	232		0	False	4
Q9VB08	Drosophila melanogaster	Metazoa	435		0	False	1
P38911	Saccharomyces cerevisiae (strain ATCC 204508 / S288c)	Fungi	411		0	False	4
P53971	Saccharomyces cerevisiae (strain ATCC 204508 / S288c)	Fungi	965		0	False	4
Q8IVS8	Homo sapiens	Metazoa	523		0	False	4
P47979	Schizosaccharomyces pombe (strain 972 / ATCC 24843)	Fungi	404		0	False	4
O74429	Schizosaccharomyces pombe (strain 972 / ATCC 24843)	Fungi	920		0	False	1
Q6NTE8	Homo sapiens	Metazoa	343		0	False	3
P37263	Saccharomyces cerevisiae (strain ATCC 204508 / S288c)	Fungi	153		0	False	4
O94668	Schizosaccharomyces pombe (strain 972 / ATCC 24843)	Fungi	388		0	False	1
O43315	Homo sapiens	Metazoa	295		0	True	1
P49584	Cricetulus griseus	Metazoa	367		0	False	1
P15343	Equus caballus	Metazoa	58		0	False	1
O00358	Homo sapiens	Metazoa	373		0	False	5
Q9SJQ9	Arabidopsis thaliana	Plants	358		0	False	1
Q9GZM5	Homo sapiens	Metazoa	350		0	False	5
P22276	Saccharomyces cerevisiae (strain ATCC 204508 / S288c)	Fungi	1149		0	False	4
Q9UU83	Schizosaccharomyces pombe (strain 972 / ATCC 24843)	Fungi	425		0	False	4
Q66GP9	Arabidopsis thaliana	Plants	561		0	False	5
P0DKB6	Homo sapiens	Metazoa	136		0	True	4
P49698	Mus musculus	Metazoa	474		0	False	2
Q6R0H1	Arabidopsis thaliana	Plants	645		0	False	2
O95391	Homo sapiens	Metazoa	586		0	False	1
Q8IVE3	Homo sapiens	Metazoa	1493		0	False	3
Q9NUV9	Homo sapiens	Metazoa	329		0	False	2
P48023	Homo sapiens	Metazoa	281		0	True	5
O70507	Mus musculus	Metazoa	1201		0	False	2
P10518	Mus musculus	Metazoa	330		0	False	1
Q93V47	Arabidopsis thaliana	Plants	100		0	False	5
O15111	Homo sapiens	Metazoa	745		0	False	2
P32800	Saccharomyces cerevisiae (strain ATCC 204508 / S288c)	Fungi	271		0	True	5
O48538	Arabidopsis thaliana	Plants	944		0	False	3
P42858	Homo sapiens	Metazoa	3142		0	False	3
Q9UBY9	Homo sapiens	Metazoa	170		0	False	3
Q9C0C9	Homo sapiens	Metazoa	1292		0	False	3
Q9VR19	Drosophila melanogaster	Metazoa	379		0	False	1
Q92913	Homo sapiens	Metazoa	245		0	False	4
Q3T9X0	Mus musculus	Metazoa	538		0	True	5
F4HZG9	Arabidopsis thaliana	Plants	493		0	False	5
Q9VGH1	Drosophila melanogaster	Metazoa	520		0	False	4
Q5H9R7	Homo sapiens	Metazoa	873		0	False	2
Q9HC97	Homo sapiens	Metazoa	309		0	True	3
Q8WQX6	Leishmania tarentolae	Other	1120		0	False	3
Q5T8A7	Homo sapiens	Metazoa	1209		0	False	4
Q8N693	Homo sapiens	Metazoa	406		0	False	5
Q9Y371	Homo sapiens	Metazoa	365		0	False	1
Q5GH77	Homo sapiens	Metazoa	459		0	True	3
Q7ZT47	Xenopus laevis	Metazoa	196		0	False	1
P70441	Mus musculus	Metazoa	355		0	False	2
P35817	Saccharomyces cerevisiae (strain ATCC 204508 / S288c)	Fungi	686		0	False	2
Q9WTS6	Mus musculus	Metazoa	2715		0	False	3
P31941	Homo sapiens	Metazoa	199		0	False	3
O35658	Mus musculus	Metazoa	278		0	False	2
Q8N2I9	Homo sapiens	Metazoa	435		0	False	4
Q9R1U5	Rattus norvegicus	Metazoa	776		0	False	2
Q9UG56	Homo sapiens	Metazoa	409		0	True	3
Q15233	Homo sapiens	Metazoa	471		0	False	1
Q9VXG1	Drosophila melanogaster	Metazoa	1959		0	False	1
Q66GI4	Arabidopsis thaliana	Plants	572		0	False	4
Q09349	Caenorhabditis elegans	Metazoa	984		0	False	4
P58406	Mus musculus	Metazoa	445		0	True	4
P38181	Saccharomyces cerevisiae (strain ATCC 204508 / S288c)	Fungi	1502		0	False	2
P97449	Mus musculus	Metazoa	966		0	True	1
P53309	Saccharomyces cerevisiae (strain ATCC 204508 / S288c)	Fungi	568		0	False	1
Q7LBE3	Homo sapiens	Metazoa	791		0	True	2
O64740	Arabidopsis thaliana	Plants	302		0	False	2
Q9LU05	Arabidopsis thaliana	Plants	168		0	False	3
P06451	Spinacia oleracea	Plants	247		0	True	5
O96533	Drosophila melanogaster	Metazoa	456		0	False	5
Q9R1A8	Mus musculus	Metazoa	733		0	False	4
Q9XF57	Arabidopsis thaliana	Plants	317		0	False	1
Q9Y2I8	Homo sapiens	Metazoa	494		0	False	3
J9VLJ9	Cryptococcus neoformans var. grubii serotype A (strain H99 / ATCC 208821 / CBS 10515 / FGSC 9487)	Fungi	154		0	False	1
Q8VY16	Arabidopsis thaliana	Plants	819		0	False	2
P06006	Pisum sativum	Plants	353		0	True	2
P38805	Saccharomyces cerevisiae (strain ATCC 204508 / S288c)	Fungi	295		0	False	1
Q9ZPQ3	Arabidopsis thaliana	Plants	317		0	False	2
Q9C0F3	Homo sapiens	Metazoa	470		0	False	1
Q3SYS0	Bos taurus	Metazoa	216		0	False	5
P09769	Homo sapiens	Metazoa	529		0	False	4
O75044	Homo sapiens	Metazoa	1071		0	False	5
Q99459	Homo sapiens	Metazoa	802		0	False	4
O43379	Homo sapiens	Metazoa	1518		0	False	2
O14929	Homo sapiens	Metazoa	419		0	False	5
Q13523	Homo sapiens	Metazoa	1007		0	False	3
Q80ZQ9	Mus musculus	Metazoa	193		0	False	5
P27448	Homo sapiens	Metazoa	753		0	False	1
P63220	Homo sapiens	Metazoa	83		0	False	1
Q00013	Homo sapiens	Metazoa	466		0	False	2
P70600	Rattus norvegicus	Metazoa	1009		0	False	3
Q5BKR2	Mus musculus	Metazoa	547		0	True	4
P07038	Neurospora crassa (strain ATCC 24698 / 74-OR23-1A / CBS 708.71 / DSM 1257 / FGSC 987)	Fungi	920		0	False	3
P11596	Drosophila melanogaster	Metazoa	197		0	False	3
Q9LVQ7	Arabidopsis thaliana	Plants	500		0	False	3
Q9W1V7	Drosophila melanogaster	Metazoa	452		0	False	1
Q42529	Arabidopsis thaliana	Plants	312		0	False	2
Q7JXF5	Drosophila melanogaster	Metazoa	394		0	False	5
P36887	Sus scrofa	Metazoa	351		0	False	5
Q10099	Schizosaccharomyces pombe (strain 972 / ATCC 24843)	Fungi	339		0	False	5
Q8IWA0	Homo sapiens	Metazoa	830		0	False	2
O43709	Homo sapiens	Metazoa	281		0	False	2
O14006	Schizosaccharomyces pombe (strain 972 / ATCC 24843)	Fungi	271		0	False	3
Q14966	Homo sapiens	Metazoa	1978		0	False	2
P36053	Saccharomyces cerevisiae (strain ATCC 204508 / S288c)	Fungi	145		0	False	4
O70237	Mus musculus	Metazoa	330		0	False	5
Q96B77	Homo sapiens	Metazoa	213		0	True	5
Q9VMD6	Drosophila melanogaster	Metazoa	659		0	False	2
P29674	Xenopus laevis	Metazoa	403		0	False	3
Q9FRL5	Arabidopsis thaliana	Plants	309		0	False	4
P62773	Brassica oleracea	Plants	111		0	False	3
P13405	Mus musculus	Metazoa	921		0	False	5
Q5I6B8	Rattus norvegicus	Metazoa	688		0	False	4
P35001	Gallus gallus	Metazoa	246		0	False	3
Q9SUT5	Arabidopsis thaliana	Plants	358		0	False	5
P36056	Saccharomyces cerevisiae (strain ATCC 204508 / S288c)	Fungi	628		0	False	3
Q3U5F4	Mus musculus	Metazoa	280		0	False	3
O75340	Homo sapiens	Metazoa	191		0	False	4
Q13485	Homo sapiens	Metazoa	552		0	False	2
Q9Z140	Mus musculus	Metazoa	557		0	False	5
P0C170	Rattus norvegicus	Metazoa	130		0	False	2
Q6ZSB9	Homo sapiens	Metazoa	765		0	False	5
Q94BU1	Arabidopsis thaliana	Plants	692		0	False	3
Q9EQ31	Mus musculus	Metazoa	354		0	True	3
Q92247	Neurospora crassa (strain ATCC 24698 / 74-OR23-1A / CBS 708.71 / DSM 1257 / FGSC 987)	Fungi	412		0	False	3
P10898	Chlamydomonas reinhardtii	Plants	461		0	True	4
O00429	Homo sapiens	Metazoa	736		0	False	1
Q10589	Homo sapiens	Metazoa	180		0	True	5
Q8NG66	Homo sapiens	Metazoa	645		0	False	2
O42898	Schizosaccharomyces pombe (strain 972 / ATCC 24843)	Fungi	266		0	False	5
P84338	Ginkgo biloba	Plants	99		0	False	3
P28737	Saccharomyces cerevisiae (strain ATCC 204508 / S288c)	Fungi	362		0	True	4
Q96QP1	Homo sapiens	Metazoa	1244		0	False	2
P25054	Homo sapiens	Metazoa	2843		0	False	5
P38398	Homo sapiens	Metazoa	1863		0	False	3
Q9CAP8	Arabidopsis thaliana	Plants	691		0	False	3
P18491	Drosophila melanogaster	Metazoa	199		0	False	4
P0C0S8	Homo sapiens	Metazoa	130		0	False	2
P54791	Saccharomyces cerevisiae (strain ATCC 204508 / S288c)	Fungi	529		0	False	3
Q67YG7	Arabidopsis thaliana	Plants	148		0	False	3
Q95Q39	Caenorhabditis elegans	Metazoa	287		0	True	2
Q9TTY5	Bos taurus	Metazoa	342		0	True	3
Q9Y697	Homo sapiens	Metazoa	457		0	False	5
Q6PDG5	Mus musculus	Metazoa	1213		0	False	2
Q6PCP5	Mus musculus	Metazoa	291		0	False	4
Q86TM3	Homo sapiens	Metazoa	631		0	False	2
Q9BRJ7	Homo sapiens	Metazoa	211		0	False	2
Q8RUN2	Arabidopsis thaliana	Plants	213		0	False	4
P32246	Homo sapiens	Metazoa	355		0	True	1
Q9LVI9	Arabidopsis thaliana	Plants	426		0	False	4
P16951	Mus musculus	Metazoa	487		0	False	4
Q9FJW4	Arabidopsis thaliana	Plants	154		0	False	1
P15104	Homo sapiens	Metazoa	373		0	False	5
O22267	Arabidopsis thaliana	Plants	1122		0	True	1
Q21017	Caenorhabditis elegans	Metazoa	822		0	False	4
Q9R109	Mus musculus	Metazoa	243		0	False	3
P42935	Saccharomyces cerevisiae (strain ATCC 204508 / S288c)	Fungi	788		0	False	1
P67882	Meleagris gallopavo	Metazoa	105		0	False	2
Q96EP1	Homo sapiens	Metazoa	664		0	False	5
Q9STS1	Arabidopsis thaliana	Plants	503		0	False	4
Q9FZK4	Arabidopsis thaliana	Plants	122		0	False	2
P93286	Arabidopsis thaliana	Plants	442		0	True	2
Q02386	Homo sapiens	Metazoa	682		0	False	5
O95359	Homo sapiens	Metazoa	2948		0	False	5
O18412	Drosophila melanogaster	Metazoa	718		0	False	4
Q9UT19	Schizosaccharomyces pombe (strain 972 / ATCC 24843)	Fungi	764		0	False	1
O94632	Schizosaccharomyces pombe (strain 972 / ATCC 24843)	Fungi	773		0	False	3
P13808	Mus musculus	Metazoa	1237		0	False	2
P01103	Gallus gallus	Metazoa	641		0	False	2
H2L008	Caenorhabditis elegans	Metazoa	480		0	False	4
Q12297	Saccharomyces cerevisiae (strain ATCC 204508 / S288c)	Fungi	353		0	False	5
Q9BT49	Homo sapiens	Metazoa	309		0	False	5
P19367	Homo sapiens	Metazoa	917		0	False	5
Q10L01	Oryza sativa subsp. japonica	Plants	382		0	True	5
P06803	Mus musculus	Metazoa	313		0	False	4
Q9M8J9	Arabidopsis thaliana	Plants	406		0	False	4
Q10424	Schizosaccharomyces pombe (strain 972 / ATCC 24843)	Fungi	330		0	False	3
O81098	Arabidopsis thaliana	Plants	205		0	False	3
P41970	Homo sapiens	Metazoa	407		0	False	2
Q86UD0	Homo sapiens	Metazoa	394		0	False	2
Q6P4A7	Homo sapiens	Metazoa	337		0	False	2
Q15078	Homo sapiens	Metazoa	307		0	False	4
Q7TT49	Rattus norvegicus	Metazoa	1713		0	False	2
Q9S816	Arabidopsis thaliana	Plants	521		0	False	5
P52500	Rattus norvegicus	Metazoa	384		0	True	4
P11402	Spinacia oleracea	Plants	257		0	False	5
Q9ES56	Mus musculus	Metazoa	219		0	False	3
F4I2H7	Arabidopsis thaliana	Plants	790		0	False	1
A0A076FFM5	Ocimum basilicum	Plants	523		0	False	1
O60779	Homo sapiens	Metazoa	497		0	True	3
P55088	Mus musculus	Metazoa	323		0	True	3
O94580	Schizosaccharomyces pombe (strain 972 / ATCC 24843)	Fungi	282		0	False	5
O75817	Homo sapiens	Metazoa	140		0	False	2
Q15760	Homo sapiens	Metazoa	415		0	True	5
Q05825	Drosophila melanogaster	Metazoa	505		0	False	5
Q80VM7	Mus musculus	Metazoa	985		0	False	4
F4HT77	Arabidopsis thaliana	Plants	363		0	False	5
P04908	Homo sapiens	Metazoa	130		0	False	1
Q9XZE5	Dictyostelium discoideum	Other	306		0	False	5
Q8WTP8	Homo sapiens	Metazoa	325		0	False	2
Q55GJ6	Dictyostelium discoideum	Other	214		0	False	3
P43124	Saccharomyces cerevisiae (strain ATCC 204508 / S288c)	Fungi	402		0	False	3
Q9Z351	Mus musculus	Metazoa	759		0	False	1
Q8LAJ7	Arabidopsis thaliana	Plants	292		0	False	1
Q76M72	Mus musculus	Metazoa	551		0	True	4
P32598	Saccharomyces cerevisiae (strain ATCC 204508 / S288c)	Fungi	312		0	False	4
P93004	Arabidopsis thaliana	Plants	280		0	True	3
A0A0B4J2F0	Homo sapiens	Metazoa	54		0	True	5
Q8L844	Arabidopsis thaliana	Plants	709		0	False	3
P87054	Schizosaccharomyces pombe (strain 972 / ATCC 24843)	Fungi	133		0	False	3
Q6K678	Oryza sativa subsp. japonica	Plants	210		0	False	1
F4I2J8	Arabidopsis thaliana	Plants	716		0	False	2
Q9HDD0	Homo sapiens	Metazoa	168		0	False	3
Q8GXX0	Arabidopsis thaliana	Plants	191		0	False	4
Q7G065	Oryza sativa subsp. japonica	Plants	518		0	False	2
Q9BPZ7	Homo sapiens	Metazoa	522		0	False	1
P30952	Saccharomyces cerevisiae (strain ATCC 204508 / S288c)	Fungi	554		0	False	5
Q96JB5	Homo sapiens	Metazoa	506		0	False	5
O74934	Yarrowia lipolytica (strain CLIB 122 / E 150)	Fungi	689		0	False	1
A0A8I6ASZ5	Rattus norvegicus	Metazoa	666		0	False	2
Q9FTA2	Arabidopsis thaliana	Plants	239		0	False	4
Q8W4Q4	Arabidopsis thaliana	Plants	702		0	False	2
O59702	Schizosaccharomyces pombe (strain 972 / ATCC 24843)	Fungi	405		0	False	5
P51577	Rattus norvegicus	Metazoa	388		0	True	3
Q9UQC2	Homo sapiens	Metazoa	676		0	False	1
Q15057	Homo sapiens	Metazoa	778		0	False	1
P14408	Rattus norvegicus	Metazoa	507		0	False	4
P32792	Saccharomyces cerevisiae (strain ATCC 204508 / S288c)	Fungi	385		0	False	3
P06843	Saccharomyces cerevisiae (strain ATCC 204508 / S288c)	Fungi	333		0	False	3
P40070	Saccharomyces cerevisiae (strain ATCC 204508 / S288c)	Fungi	187		0	False	1
Q9UBY0	Homo sapiens	Metazoa	812		0	True	4
P53072	Saccharomyces cerevisiae (strain ATCC 204508 / S288c)	Fungi	289		0	False	4
P26284	Rattus norvegicus	Metazoa	390		0	False	5
Q8N163	Homo sapiens	Metazoa	923		0	False	3
Q86SG3	Homo sapiens	Metazoa	579		0	False	3
O14827	Homo sapiens	Metazoa	1237		0	False	2
Q9P7B7	Schizosaccharomyces pombe (strain 972 / ATCC 24843)	Fungi	295		0	False	5
Q69YU5	Homo sapiens	Metazoa	71		0	True	1
Q9Y2D0	Homo sapiens	Metazoa	317		0	False	2
Q38953	Arabidopsis thaliana	Plants	1168		0	False	1
P18492	Hordeum vulgare	Plants	469		0	False	3
Q94AI6	Arabidopsis thaliana	Plants	752		0	False	4
Q07923	Saccharomyces cerevisiae (strain ATCC 204508 / S288c)	Fungi	191		0	False	4
Q9Z2A0	Mus musculus	Metazoa	559		0	False	5
Q13315	Homo sapiens	Metazoa	3056		0	False	5
Q8N100	Homo sapiens	Metazoa	152		0	False	3
D5LXJ0	Lotus japonicus	Plants	691		0	False	1
O24591	Zea mays	Plants	307		0	False	1
Q9UTL6	Schizosaccharomyces pombe (strain 972 / ATCC 24843)	Fungi	225		0	False	4
O88735	Mus musculus	Metazoa	730		0	False	5
Q03067	Saccharomyces cerevisiae (strain ATCC 204508 / S288c)	Fungi	99		0	False	1
P56391	Mus musculus	Metazoa	86		0	False	3
Q9SRL4	Arabidopsis thaliana	Plants	701		0	False	2
O15511	Homo sapiens	Metazoa	151		0	False	1
Q63384	Rattus norvegicus	Metazoa	416		0	True	4
Q9USX3	Schizosaccharomyces pombe (strain 972 / ATCC 24843)	Fungi	406		0	False	3
P48612	Drosophila melanogaster	Metazoa	395		0	False	2
Q9HBM1	Homo sapiens	Metazoa	224		0	False	1
Q92979	Homo sapiens	Metazoa	244		0	False	1
Q2Y0W8	Homo sapiens	Metazoa	1093		0	False	5
Q9NX63	Homo sapiens	Metazoa	227		0	False	4
Q9FG73	Arabidopsis thaliana	Plants	682		0	False	3
Q0WPZ7	Arabidopsis thaliana	Plants	611		0	False	1
Q9Y113	Drosophila melanogaster	Metazoa	594		0	False	1
P24860	Mus musculus	Metazoa	430		0	False	4
O00625	Homo sapiens	Metazoa	290		0	False	1
Q8N4J0	Homo sapiens	Metazoa	409		0	False	2
P25651	Saccharomyces cerevisiae (strain ATCC 204508 / S288c)	Fungi	190		0	False	4
A0A0D1DYJ6	Mycosarcoma maydis	Fungi	619		0	True	1
K4PW38	Oryza sativa subsp. japonica	Plants	458		0	False	5
P38647	Mus musculus	Metazoa	679		0	False	1
P32786	Saccharomyces cerevisiae (strain ATCC 204508 / S288c)	Fungi	894		0	False	5
Q9H400	Homo sapiens	Metazoa	295		0	True	1
Q60848	Mus musculus	Metazoa	821		0	False	4
Q8NEM7	Homo sapiens	Metazoa	779		0	False	4
Q9CR51	Mus musculus	Metazoa	118		0	False	2
Q13489	Homo sapiens	Metazoa	604		0	False	2
Q9H6Z9	Homo sapiens	Metazoa	239		0	False	1
Q6VWJ6	Hordeum vulgare	Plants	573		0	False	3
G8GJ94	Salvia sclarea	Plants	575		0	False	5
O42848	Schizosaccharomyces pombe (strain 972 / ATCC 24843)	Fungi	197		0	False	3
Q03378	Antirrhinum majus	Plants	215		0	False	2
Q59E36	Drosophila melanogaster	Metazoa	590		0	False	2
Q9M6N7	Arabidopsis thaliana	Plants	475		0	True	5
Q9H596	Homo sapiens	Metazoa	190		0	False	5
Q07794	Saccharomyces cerevisiae (strain ATCC 204508 / S288c)	Fungi	436		0	False	3
O94294	Schizosaccharomyces pombe (strain 972 / ATCC 24843)	Fungi	886		0	False	2
Q9LZD3	Arabidopsis thaliana	Plants	638		0	False	4
Q9FIX1	Arabidopsis thaliana	Plants	172		0	False	4
P14094	Mus musculus	Metazoa	304		0	True	5
Q6TA49	Sus scrofa	Metazoa	289		0	True	3
Q9M7J4	Nicotiana tabacum	Plants	722		0	False	1
O95049	Homo sapiens	Metazoa	919		0	False	2
P34980	Rattus norvegicus	Metazoa	365		0	True	1
Q5R3K3	Homo sapiens	Metazoa	315		0	True	1
Q7Z410	Homo sapiens	Metazoa	1059		0	True	4
Q9NQ40	Homo sapiens	Metazoa	469		0	True	3
P39965	Saccharomyces cerevisiae (strain ATCC 204508 / S288c)	Fungi	576		0	False	3
Q9UUB6	Schizosaccharomyces pombe (strain 972 / ATCC 24843)	Fungi	300		0	False	4
S8GBB9	Toxoplasma gondii (strain ATCC 50611 / Me49)	Other	500		0	True	5
Q6INH0	Xenopus laevis	Metazoa	425		0	False	5
Q53GT1	Homo sapiens	Metazoa	634		0	False	2
P40847	Schizosaccharomyces pombe (strain 972 / ATCC 24843)	Fungi	254		0	False	4
Q9CWR0	Mus musculus	Metazoa	618		0	False	3
Q1MT80	Danio rerio	Metazoa	618		0	False	1
Q09967	Caenorhabditis elegans	Metazoa	551		0	True	1
Q9FNP4	Arabidopsis thaliana	Plants	174		0	False	5
Q9P2R6	Homo sapiens	Metazoa	1566		0	False	3
Q94CL6	Arabidopsis thaliana	Plants	474		0	False	2
A2A288	Homo sapiens	Metazoa	527		0	False	2
Q8TBM8	Homo sapiens	Metazoa	379		0	False	5
Q6K498	Oryza sativa subsp. japonica	Plants	277		0	False	3
Q9VPU8	Drosophila melanogaster	Metazoa	345		0	False	5
Q9H2U2	Homo sapiens	Metazoa	334		0	False	4
P46897	Arabidopsis thaliana	Plants	258		0	False	2
P12959	Zea mays	Plants	453		0	False	5
Q9UKU7	Homo sapiens	Metazoa	415		0	False	3
Q9JKD8	Mus musculus	Metazoa	530		0	False	3
Q06568	Saccharomyces cerevisiae (strain ATCC 204508 / S288c)	Fungi	189		0	False	3
Q96HR8	Homo sapiens	Metazoa	494		0	False	2
P30047	Homo sapiens	Metazoa	84		0	False	3
Q6NLW5	Arabidopsis thaliana	Plants	300		0	False	1
P53260	Saccharomyces cerevisiae (strain ATCC 204508 / S288c)	Fungi	183		0	False	2
P43353	Homo sapiens	Metazoa	468		0	False	2
Q01896	Saccharomyces cerevisiae (strain ATCC 204508 / S288c)	Fungi	1091		0	True	4
P52168	Drosophila melanogaster	Metazoa	540		0	False	2
A0A2P1GIW3	Catharanthus roseus	Plants	320		0	False	3
Q9P6N2	Schizosaccharomyces pombe (strain 972 / ATCC 24843)	Fungi	229		0	False	1
Q8NDV2	Homo sapiens	Metazoa	337		0	True	3
Q9GZT6	Homo sapiens	Metazoa	254		0	False	2
Q9UKP6	Homo sapiens	Metazoa	389		0	True	5
P14681	Saccharomyces cerevisiae (strain ATCC 204508 / S288c)	Fungi	368		0	False	5
Q8GZ79	Arabidopsis thaliana	Plants	274		0	False	2
Q8L794	Arabidopsis thaliana	Plants	478		0	False	2
Q9FN03	Arabidopsis thaliana	Plants	440		0	False	5
Q12182	Saccharomyces cerevisiae (strain ATCC 204508 / S288c)	Fungi	319		0	False	2
Q5XV40	Arabidopsis thaliana	Plants	358		0	True	2
Q9SKT1	Arabidopsis thaliana	Plants	336		0	False	2
Q9FVJ3	Arabidopsis thaliana	Plants	337		0	False	5
Q06682	Saccharomyces cerevisiae (strain ATCC 204508 / S288c)	Fungi	500		0	False	3
P08074	Mus musculus	Metazoa	244		0	False	5
Q9BVN2	Homo sapiens	Metazoa	902		0	False	1
O80506	Arabidopsis thaliana	Plants	93		0	False	3
P97562	Rattus norvegicus	Metazoa	681		0	False	4
P49435	Saccharomyces cerevisiae (strain ATCC 204508 / S288c)	Fungi	187		0	False	3
O13999	Schizosaccharomyces pombe (strain 972 / ATCC 24843)	Fungi	187		0	True	4
P61581	Homo sapiens	Metazoa	75		0	False	3
Q9URZ4	Schizosaccharomyces pombe (strain 972 / ATCC 24843)	Fungi	587		0	False	5
O96693	Plasmodium falciparum (isolate HB3)	Other	488		0	False	3
Q921D9	Mus musculus	Metazoa	618		0	False	1
P24929	Nicotiana tabacum	Plants	186		0	False	1
Q12523	Saccharomyces cerevisiae (strain ATCC 204508 / S288c)	Fungi	523		0	False	3
Q5E915	Arabidopsis thaliana	Plants	547		0	False	5
Q9R037	Rattus norvegicus	Metazoa	908		0	False	2
Q8BP27	Mus musculus	Metazoa	319		0	False	4
P32830	Saccharomyces cerevisiae (strain ATCC 204508 / S288c)	Fungi	109		0	False	3
Q5VTR2	Homo sapiens	Metazoa	975		0	False	4
P35477	Nicotiana tabacum	Plants	99		0	False	1
P07812	Gallus gallus	Metazoa	786		0	False	3
P05632	Bos taurus	Metazoa	51		0	False	5
O88291	Mus musculus	Metazoa	580		0	False	4
Q08931	Saccharomyces cerevisiae (strain ATCC 204508 / S288c)	Fungi	133		0	False	5
P21980	Homo sapiens	Metazoa	687		0	False	2
P04386	Saccharomyces cerevisiae (strain ATCC 204508 / S288c)	Fungi	881		0	False	1
Q9Y4D2	Homo sapiens	Metazoa	1042		0	True	4
Q9UQL6	Homo sapiens	Metazoa	1122		0	False	4
P92966	Arabidopsis thaliana	Plants	356		0	False	1
Q8N5K1	Homo sapiens	Metazoa	135		0	True	2
P31399	Rattus norvegicus	Metazoa	161		0	False	3
Q9Y6I9	Homo sapiens	Metazoa	313		0	True	4
Q13868	Homo sapiens	Metazoa	293		0	False	3
P43572	Saccharomyces cerevisiae (strain ATCC 204508 / S288c)	Fungi	832		0	False	3
O65683	Arabidopsis thaliana	Plants	159		0	False	1
Q15743	Homo sapiens	Metazoa	365		0	True	5
P49573	Saccharomyces cerevisiae (strain ATCC 204508 / S288c)	Fungi	406		0	False	5
P51950	Marthasterias glacialis	Metazoa	324		0	False	1
Q95XG8	Caenorhabditis elegans	Metazoa	560		0	True	1
P62937	Homo sapiens	Metazoa	165		0	False	3
Q5T5X7	Homo sapiens	Metazoa	828		0	False	4
Q2MHE4	Arabidopsis thaliana	Plants	390		0	False	3
B4FUP5	Zea mays	Plants	253		0	False	3
Q9Y399	Homo sapiens	Metazoa	296		0	False	1
P32345	Saccharomyces cerevisiae (strain ATCC 204508 / S288c)	Fungi	308		0	False	5
P84861	Polysiphonia urceolata	Other	164		0	False	4
O43688	Homo sapiens	Metazoa	288		0	True	4
P29185	Zea mays	Plants	577		0	False	4
P36038	Saccharomyces cerevisiae (strain ATCC 204508 / S288c)	Fungi	271		0	False	1
P51172	Homo sapiens	Metazoa	802		0	False	1
Q9ET78	Mus musculus	Metazoa	696		0	False	5
O35280	Mus musculus	Metazoa	476		0	False	4
B1AYL1	Mus musculus	Metazoa	1681		0	False	5
Q7RTM1	Homo sapiens	Metazoa	612		0	True	2
Q62796	Rattus norvegicus	Metazoa	647		0	False	5
P17535	Homo sapiens	Metazoa	347		0	False	5
Q12425	Saccharomyces cerevisiae (strain ATCC 204508 / S288c)	Fungi	185		0	False	2
P40495	Saccharomyces cerevisiae (strain ATCC 204508 / S288c)	Fungi	371		0	False	1
P36494	Spinacia oleracea	Plants	261		0	False	3
Q3ZCG2	Bos taurus	Metazoa	109		0	True	2
Q9SDW0	Arabidopsis thaliana	Plants	323		0	False	3
Q2KI49	Bos taurus	Metazoa	159		0	False	3
E9PT37	Rattus norvegicus	Metazoa	1207		0	False	2
Q9C9W5	Arabidopsis thaliana	Plants	386		0	False	5
Q4FZD7	Mus musculus	Metazoa	595		0	False	4
P87231	Schizosaccharomyces pombe (strain 972 / ATCC 24843)	Fungi	608		0	False	4
Q8H0U4	Arabidopsis thaliana	Plants	891		0	False	4
Q9LDE1	Arabidopsis thaliana	Plants	323		0	False	4
O00442	Homo sapiens	Metazoa	366		0	False	1
O23310	Arabidopsis thaliana	Plants	161		0	False	5
P25711	Neurospora crassa (strain ATCC 24698 / 74-OR23-1A / CBS 708.71 / DSM 1257 / FGSC 987)	Fungi	218		0	False	5
Q9Z2I0	Mus musculus	Metazoa	738		0	False	2
Q9BRG1	Homo sapiens	Metazoa	176		0	False	4
Q9Y5X4	Homo sapiens	Metazoa	410		0	False	3
Q80SU7	Mus musculus	Metazoa	2427		0	False	5
Q8GWE0	Arabidopsis thaliana	Plants	702		0	False	2
Q01574	Saccharomyces cerevisiae (strain ATCC 204508 / S288c)	Fungi	713		0	False	1
Q9JHS4	Mus musculus	Metazoa	634		0	False	1
Q9BZV1	Homo sapiens	Metazoa	441		0	False	1
P82249	Spinacia oleracea	Plants	130		0	False	3
Q9Y7Z5	Schizosaccharomyces pombe (strain 972 / ATCC 24843)	Fungi	279		0	True	2
Q7TMF2	Mus musculus	Metazoa	345		0	False	2
Q03923	Homo sapiens	Metazoa	595		0	False	1
P20248	Homo sapiens	Metazoa	432		0	False	2
G5EGA3	Caenorhabditis elegans	Metazoa	704		0	False	5
Q9NY27	Homo sapiens	Metazoa	417		0	False	2
P46093	Homo sapiens	Metazoa	362		0	True	4
Q6B860	Bos taurus	Metazoa	128		0	False	5
P40066	Saccharomyces cerevisiae (strain ATCC 204508 / S288c)	Fungi	365		0	False	3
P06240	Mus musculus	Metazoa	509		0	False	5
Q99NH7	Mus musculus	Metazoa	744		0	True	3
Q9UU91	Schizosaccharomyces pombe (strain 972 / ATCC 24843)	Fungi	182		0	True	5
Q9LZ08	Arabidopsis thaliana	Plants	214		0	False	4
P06738	Saccharomyces cerevisiae (strain ATCC 204508 / S288c)	Fungi	902		0	False	3
Q7SBA0	Neurospora crassa (strain ATCC 24698 / 74-OR23-1A / CBS 708.71 / DSM 1257 / FGSC 987)	Fungi	257		0	False	5
O14638	Homo sapiens	Metazoa	875		0	True	1
P97367	Mus musculus	Metazoa	477		0	False	4
Q92841	Homo sapiens	Metazoa	729		0	False	4
Q9NUQ9	Homo sapiens	Metazoa	324		0	False	1
Q3V0Q6	Mus musculus	Metazoa	470		0	False	3
P49724	Drosophila ananassae	Metazoa	432		0	False	2
Q9VZL5	Drosophila melanogaster	Metazoa	485		0	False	4
O35493	Mus musculus	Metazoa	481		0	False	1
Q00723	Saccharomyces cerevisiae (strain ATCC 204508 / S288c)	Fungi	242		0	False	5
P25929	Homo sapiens	Metazoa	384		0	True	1
A0A0D2Y5A7	Fusarium oxysporum f. sp. lycopersici (strain 4287 / CBS 123668 / FGSC 9935 / NRRL 34936)	Fungi	457		0	False	5
Q96E09	Homo sapiens	Metazoa	287		0	False	4
P21917	Homo sapiens	Metazoa	419		0	True	2
P59287	Ricinus communis	Plants	601		0	False	1
P55316	Homo sapiens	Metazoa	489		0	False	4
Q7Z2Z1	Homo sapiens	Metazoa	1910		0	False	2
J3QMK6	Mus musculus	Metazoa	479		0	False	5
Q1MTS0	Schizosaccharomyces pombe (strain 972 / ATCC 24843)	Fungi	597		0	False	1
Q9XFH8	Arabidopsis thaliana	Plants	178		0	False	2
P82194	Spinacia oleracea	Plants	126		0	False	3
Q6Q560	Saccharomyces cerevisiae (strain ATCC 204508 / S288c)	Fungi	94		0	False	3
Q8LAZ7	Arabidopsis thaliana	Plants	357		0	False	1
P35462	Homo sapiens	Metazoa	400		0	True	3
O80860	Arabidopsis thaliana	Plants	695		0	False	1
Q9NUP9	Homo sapiens	Metazoa	197		0	False	3
Q9Z1B3	Mus musculus	Metazoa	1216		0	False	3
P51163	Mus musculus	Metazoa	265		0	False	1
P34706	Caenorhabditis elegans	Metazoa	2150		0	False	5
A4F267	Rattus norvegicus	Metazoa	308		0	False	1
Q7Z3D4	Homo sapiens	Metazoa	306		0	False	4
Q9VUW9	Drosophila melanogaster	Metazoa	637		0	False	2
O13919	Schizosaccharomyces pombe (strain 972 / ATCC 24843)	Fungi	1075		0	False	4
Q9JMI1	Rattus norvegicus	Metazoa	672		0	False	2
P38710	Saccharomyces cerevisiae (strain ATCC 204508 / S288c)	Fungi	295		0	False	3
Q2WGK3	Trichoderma harzianum	Fungi	356		0	False	3
O08755	Mus musculus	Metazoa	465		0	False	3
P00107	Diacronema lutheri	Other	83		0	False	5
O08901	Mus musculus	Metazoa	1058		0	False	3
A0A1D8PN96	Candida albicans (strain SC5314 / ATCC MYA-2876)	Fungi	981		0	False	3
Q9R053	Mus musculus	Metazoa	1765		0	False	1
Q94AI4	Arabidopsis thaliana	Plants	775		0	False	3
P21145	Homo sapiens	Metazoa	153		0	True	2
P00306	Galdieria sulphuraria	Other	162		0	False	2
Q9ESX4	Mus musculus	Metazoa	241		0	False	2
P30044	Homo sapiens	Metazoa	214		0	False	1
Q03824	Saccharomyces cerevisiae (strain ATCC 204508 / S288c)	Fungi	705		0	False	5
Q6FI81	Homo sapiens	Metazoa	312		0	False	4
Q08157	Saccharomyces cerevisiae (strain ATCC 204508 / S288c)	Fungi	551		0	True	3
O75607	Homo sapiens	Metazoa	178		0	False	2
O82486	Arabidopsis thaliana	Plants	685		0	False	1
Q9H9L3	Homo sapiens	Metazoa	353		0	False	1
Q9JKM5	Rattus norvegicus	Metazoa	400		0	True	3
Q07820	Homo sapiens	Metazoa	350		0	False	1
Q00972	Rattus norvegicus	Metazoa	412		0	False	1
Q10M41	Oryza sativa subsp. japonica	Plants	641		0	False	4
Q8CD10	Mus musculus	Metazoa	432		0	False	4
P62814	Mus musculus	Metazoa	511		0	False	4
Q13017	Homo sapiens	Metazoa	1502		0	False	3
Q39023	Arabidopsis thaliana	Plants	370		0	False	3
Q9CAQ8	Arabidopsis thaliana	Plants	369		0	False	1
Q76MT4	Rattus norvegicus	Metazoa	842		0	False	4
P54577	Homo sapiens	Metazoa	528		0	False	2
Q7KZN9	Homo sapiens	Metazoa	410		0	True	4
O59770	Schizosaccharomyces pombe (strain 972 / ATCC 24843)	Fungi	253		0	False	4
P25021	Homo sapiens	Metazoa	359		0	True	2
O23166	Arabidopsis thaliana	Plants	261		0	False	3
Q14146	Homo sapiens	Metazoa	1524		0	False	5
Q62376	Mus musculus	Metazoa	448		0	False	4
Q1K6Q3	Neurospora crassa (strain ATCC 24698 / 74-OR23-1A / CBS 708.71 / DSM 1257 / FGSC 987)	Fungi	236		0	False	1
P51514	Rattus norvegicus	Metazoa	707		0	False	4
O14063	Schizosaccharomyces pombe (strain 972 / ATCC 24843)	Fungi	542		0	False	3
P00028	Entosphenus tridentatus	Metazoa	105		0	False	5
P48644	Bos taurus	Metazoa	501		0	False	1
O75486	Homo sapiens	Metazoa	317		0	False	2
Q8BLA8	Mus musculus	Metazoa	1125		0	False	3
P12242	Mus musculus	Metazoa	307		0	True	2
P00506	Sus scrofa	Metazoa	430		0	False	4
Q9SU14	Arabidopsis thaliana	Plants	282		0	False	2
P0DJ07	Homo sapiens	Metazoa	73		0	True	4
Q21227	Caenorhabditis elegans	Metazoa	1188		0	False	4
Q8CH25	Mus musculus	Metazoa	1031		0	False	2
Q9P6R0	Schizosaccharomyces pombe (strain 972 / ATCC 24843)	Fungi	492		0	False	3
Q9JK66	Rattus norvegicus	Metazoa	465		0	False	4
P63145	Homo sapiens	Metazoa	666		0	False	2
O14279	Schizosaccharomyces pombe (strain 972 / ATCC 24843)	Fungi	154		0	False	5
Q13882	Homo sapiens	Metazoa	451		0	False	3
A0A0F7G352	Vanilla planifolia	Plants	356		0	False	3
Q02783	Saccharomyces cerevisiae (strain ATCC 204508 / S288c)	Fungi	413		0	False	3
Q8TDB6	Homo sapiens	Metazoa	740		0	False	5
G5EBX6	Caenorhabditis elegans	Metazoa	876		0	False	4
Q96N11	Homo sapiens	Metazoa	449		0	False	1
F4JYC8	Arabidopsis thaliana	Plants	1706		0	False	4
Q6P6C2	Homo sapiens	Metazoa	394		0	False	2
P60953	Homo sapiens	Metazoa	191		0	False	4
P41218	Homo sapiens	Metazoa	407		0	False	4
O43031	Schizosaccharomyces pombe (strain 972 / ATCC 24843)	Fungi	381		0	False	1
Q99490	Homo sapiens	Metazoa	1192		0	False	5
P84817	Rattus norvegicus	Metazoa	152		0	False	5
O23344	Arabidopsis thaliana	Plants	154		0	False	4
Q9SPI9	Chlamydomonas reinhardtii	Plants	115		0	True	4
Q8H1Y0	Arabidopsis thaliana	Plants	393		0	False	1
P16048	Pisum sativum	Plants	165		0	False	1
O22446	Arabidopsis thaliana	Plants	501		0	False	4
Q6L5B5	Oryza sativa subsp. japonica	Plants	248		0	False	1
Q8NFQ8	Homo sapiens	Metazoa	470		0	False	3
Q43869	Spinacia oleracea	Plants	472		0	False	1
Q6WNK7	Saccharomyces cerevisiae (strain ATCC 204508 / S288c)	Fungi	96		0	False	1
D3ZUA0	Rattus norvegicus	Metazoa	338		0	False	3
O94941	Homo sapiens	Metazoa	541		0	False	3
P43266	Euglena gracilis	Other	100		0	True	4
V6CIV8	Caenorhabditis elegans	Metazoa	381		0	False	2
Q96P67	Homo sapiens	Metazoa	336		0	True	5
O77264	Drosophila melanogaster	Metazoa	361		0	False	3
O60427	Homo sapiens	Metazoa	444		0	False	1
Q13765	Homo sapiens	Metazoa	215		0	False	3
Q8TEH3	Homo sapiens	Metazoa	1009		0	False	3
Q94A41	Arabidopsis thaliana	Plants	887		0	False	3
A5PKW4	Homo sapiens	Metazoa	1024		0	False	4
Q96GC5	Homo sapiens	Metazoa	212		0	False	3
P18894	Mus musculus	Metazoa	345		0	False	2
P56182	Homo sapiens	Metazoa	461		0	False	3
Q9BY84	Homo sapiens	Metazoa	665		0	False	1
P35999	Saccharomyces cerevisiae (strain ATCC 204508 / S288c)	Fungi	772		0	False	4
P08992	Tetrahymena thermophila (strain SB210)	Other	146		0	False	4
O14284	Schizosaccharomyces pombe (strain 972 / ATCC 24843)	Fungi	188		0	False	3
O54902	Rattus norvegicus	Metazoa	568		0	True	1
Q13469	Homo sapiens	Metazoa	925		0	False	2
P02686	Homo sapiens	Metazoa	304		0	False	2
O00910	Dictyostelium discoideum	Other	707		0	False	4
Q12102	Saccharomyces cerevisiae (strain ATCC 204508 / S288c)	Fungi	859		0	False	1
Q8N165	Homo sapiens	Metazoa	341		0	False	3
F4HYF3	Arabidopsis thaliana	Plants	401		0	False	1
Q3E7B7	Saccharomyces cerevisiae (strain ATCC 204508 / S288c)	Fungi	68		0	False	5
Q9QXM1	Mus musculus	Metazoa	983		0	False	1
P49739	Xenopus laevis	Metazoa	807		0	False	5
P53914	Saccharomyces cerevisiae (strain ATCC 204508 / S288c)	Fungi	1056		0	False	5
O80842	Arabidopsis thaliana	Plants	366		0	False	2
Q0JEB7	Oryza sativa subsp. japonica	Plants	310		0	False	5
Q5XIC0	Rattus norvegicus	Metazoa	391		0	False	1
Q00471	Chlamydomonas reinhardtii	Plants	215		0	True	5
Q9ZVW2	Arabidopsis thaliana	Plants	995		0	False	5
A0JP82	Xenopus tropicalis	Metazoa	1901		0	False	4
P53921	Saccharomyces cerevisiae (strain ATCC 204508 / S288c)	Fungi	115		0	False	4
A0A509AN56	Plasmodium berghei (strain Anka)	Other	365		0	False	1
Q03654	Saccharomyces cerevisiae (strain ATCC 204508 / S288c)	Fungi	590		0	False	1
P21796	Homo sapiens	Metazoa	283		0	True	1
Q10B79	Oryza sativa subsp. japonica	Plants	320		0	False	5
P11181	Bos taurus	Metazoa	482		0	False	3
P04160	Spinacia oleracea	Plants	508		0	True	2
Q9Y5J1	Homo sapiens	Metazoa	556		0	False	2
P41911	Saccharomyces cerevisiae (strain ATCC 204508 / S288c)	Fungi	440		0	False	2
Q7KRY7	Drosophila melanogaster	Metazoa	1851		0	False	4
P54844	Rattus norvegicus	Metazoa	369		0	False	2
O95239	Homo sapiens	Metazoa	1232		0	False	5
P17661	Homo sapiens	Metazoa	470		0	False	2
Q9BTL4	Homo sapiens	Metazoa	223		0	False	1
P53155	Saccharomyces cerevisiae (strain ATCC 204508 / S288c)	Fungi	381		0	False	3
P10127	Saccharomyces cerevisiae (strain ATCC 204508 / S288c)	Fungi	382		0	False	4
Q10154	Schizosaccharomyces pombe (strain 972 / ATCC 24843)	Fungi	240		0	False	4
P03877	Saccharomyces cerevisiae (strain ATCC 204508 / S288c)	Fungi	415		0	True	3
Q3UIK4	Mus musculus	Metazoa	456		0	False	1
Q9LEX1	Arabidopsis thaliana	Plants	510		0	True	2
Q9UKL4	Homo sapiens	Metazoa	321		0	True	5
O60934	Homo sapiens	Metazoa	754		0	False	5
P40961	Saccharomyces cerevisiae (strain ATCC 204508 / S288c)	Fungi	287		0	False	1
Q5LJZ2	Drosophila melanogaster	Metazoa	1641		0	False	3
O13795	Schizosaccharomyces pombe (strain 972 / ATCC 24843)	Fungi	402		0	False	1
P46721	Homo sapiens	Metazoa	670		0	True	5
Q9NVH2	Homo sapiens	Metazoa	962		0	False	2
P49235	Zea mays	Plants	566		0	False	4
Q8GVZ6	Oryza sativa subsp. japonica	Plants	276		0	False	2
Q9LSQ5	Arabidopsis thaliana	Plants	204		0	False	1
Q9SQK3	Arabidopsis thaliana	Plants	315		0	False	4
P86173	Rattus norvegicus	Metazoa	426		0	False	3
Q9R1K2	Rattus norvegicus	Metazoa	2774		0	False	1
Q9TXJ0	Caenorhabditis elegans	Metazoa	348		0	False	4
P42566	Homo sapiens	Metazoa	896		0	False	3
Q9Y2B4	Homo sapiens	Metazoa	290		0	False	5
Q9MAB9	Arabidopsis thaliana	Plants	117		0	False	2
P53318	Saccharomyces cerevisiae (strain ATCC 204508 / S288c)	Fungi	479		0	False	2
P26368	Homo sapiens	Metazoa	475		0	False	2
Q9C9X7	Arabidopsis thaliana	Plants	419		0	False	2
P40240	Mus musculus	Metazoa	226		0	True	2
Q93034	Homo sapiens	Metazoa	780		0	False	4
C6TA59	Glycine max	Plants	214		0	False	5
Q96CA5	Homo sapiens	Metazoa	298		0	False	3
Q96VH5	Saccharomyces cerevisiae (strain ATCC 204508 / S288c)	Fungi	97		0	True	3
O75691	Homo sapiens	Metazoa	2785		0	False	1
Q9SLH3	Arabidopsis thaliana	Plants	587		0	False	3
Q9FNN6	Arabidopsis thaliana	Plants	298		0	False	5
Q9M879	Arabidopsis thaliana	Plants	396		0	False	3
Q86V15	Homo sapiens	Metazoa	1759		0	False	4
Q5Y4Y6	Mus musculus	Metazoa	464		0	True	5
Q08775	Mus musculus	Metazoa	607		0	False	5
P0DMU9	Homo sapiens	Metazoa	189		0	False	5
P13185	Saccharomyces cerevisiae (strain ATCC 204508 / S288c)	Fungi	1064		0	False	1
Q01954	Homo sapiens	Metazoa	994		0	False	2
Q09XV5	Mus musculus	Metazoa	2582		0	False	2
P25270	Saccharomyces cerevisiae (strain ATCC 204508 / S288c)	Fungi	412		0	False	3
P02293	Saccharomyces cerevisiae (strain ATCC 204508 / S288c)	Fungi	131		0	False	2
Q9VPT8	Drosophila melanogaster	Metazoa	296		0	False	1
P11474	Homo sapiens	Metazoa	423		0	False	3
P49599	Arabidopsis thaliana	Plants	388		0	False	1
Q8BM47	Mus musculus	Metazoa	761		0	False	2
P08559	Homo sapiens	Metazoa	390		0	False	4
C4R2L0	Komagataella phaffii (strain GS115 / ATCC 20864)	Fungi	576		0	False	4
O75879	Homo sapiens	Metazoa	557		0	False	4
P00108	Petalonia fascia	Other	85		0	False	4
P49653	Rattus norvegicus	Metazoa	472		0	True	1
A0A509APT1	Plasmodium berghei (strain Anka)	Other	258		0	True	5
Q9BRS2	Homo sapiens	Metazoa	568		0	False	5
O13294	Candida tropicalis	Fungi	411		0	False	3
Q8N635	Homo sapiens	Metazoa	442		0	False	2
Q96HA7	Homo sapiens	Metazoa	1378		0	False	2
Q9NYD6	Homo sapiens	Metazoa	342		0	False	3
Q03694	Saccharomyces cerevisiae (strain ATCC 204508 / S288c)	Fungi	420		0	False	3
P34619	Caenorhabditis elegans	Metazoa	1000		0	False	3
P36519	Saccharomyces cerevisiae (strain ATCC 204508 / S288c)	Fungi	292		0	False	5
P81183	Mus musculus	Metazoa	526		0	False	5
P06105	Saccharomyces cerevisiae (strain ATCC 204508 / S288c)	Fungi	1222		0	False	5
O80653	Arabidopsis thaliana	Plants	613		0	False	4
Q1EHB4	Homo sapiens	Metazoa	618		0	True	3
Q86TB3	Homo sapiens	Metazoa	2170		0	False	4
Q8H443	Oryza sativa subsp. japonica	Plants	436		0	False	5
P42568	Homo sapiens	Metazoa	568		0	False	5
Q5SZT7	Mus musculus	Metazoa	395		0	False	3
Q7S5M7	Neurospora crassa (strain ATCC 24698 / 74-OR23-1A / CBS 708.71 / DSM 1257 / FGSC 987)	Fungi	64		0	True	5
Q9P6I7	Schizosaccharomyces pombe (strain 972 / ATCC 24843)	Fungi	367		0	False	1
Q9U1N0	Chironomus tentans	Metazoa	535		0	False	3
Q9NR48	Homo sapiens	Metazoa	2969		0	False	4
P53188	Saccharomyces cerevisiae (strain ATCC 204508 / S288c)	Fungi	120		0	False	4
P28572	Rattus norvegicus	Metazoa	638		0	True	2
P30279	Homo sapiens	Metazoa	289		0	False	1
Q9D3A9	Mus musculus	Metazoa	450		0	True	5
Q12983	Homo sapiens	Metazoa	194		0	False	2
O60057	Schizosaccharomyces pombe (strain 972 / ATCC 24843)	Fungi	411		0	False	4
P14406	Homo sapiens	Metazoa	83		0	True	5
Q12383	Saccharomyces cerevisiae (strain ATCC 204508 / S288c)	Fungi	476		0	False	4
Q62219	Mus musculus	Metazoa	461		0	False	1
Q8MQX9	Drosophila melanogaster	Metazoa	1174		0	False	2
Q06089	Saccharomyces cerevisiae (strain ATCC 204508 / S288c)	Fungi	161		0	True	3
Q9FKA7	Arabidopsis thaliana	Plants	617		0	False	3
Q9NQ55	Homo sapiens	Metazoa	473		0	False	1
P54939	Gallus gallus	Metazoa	2541		0	False	5
Q05932	Homo sapiens	Metazoa	587		0	False	5
P40424	Homo sapiens	Metazoa	430		0	False	3
A1Z8D0	Drosophila melanogaster	Metazoa	459		0	False	1
P56382	Mus musculus	Metazoa	52		0	False	3
Q22795	Caenorhabditis elegans	Metazoa	242		0	False	1
Q38SD2	Homo sapiens	Metazoa	2015		0	False	3
Q08236	Saccharomyces cerevisiae (strain ATCC 204508 / S288c)	Fungi	1176		0	False	3
O74409	Schizosaccharomyces pombe (strain 972 / ATCC 24843)	Fungi	296		0	False	2
Q9VM71	Drosophila melanogaster	Metazoa	908		0	False	3
Q12052	Saccharomyces cerevisiae (strain ATCC 204508 / S288c)	Fungi	315		0	False	4
Q9C5J3	Arabidopsis thaliana	Plants	946		0	False	3
P54071	Mus musculus	Metazoa	452		0	False	5
Q69T99	Oryza sativa subsp. japonica	Plants	500		0	False	5
Q80X41	Mus musculus	Metazoa	440		0	False	3
P14415	Homo sapiens	Metazoa	290		0	True	4
P97303	Mus musculus	Metazoa	839		0	False	1
Q9SXP7	Arabidopsis thaliana	Plants	235		0	False	3
Q80Z29	Rattus norvegicus	Metazoa	491		0	False	1
Q9NZL3	Homo sapiens	Metazoa	707		0	False	3
Q9LJ97	Arabidopsis thaliana	Plants	262		0	False	5
P63040	Mus musculus	Metazoa	134		0	False	4
Q9VYD1	Drosophila melanogaster	Metazoa	2313		0	False	1
Q9VB74	Drosophila melanogaster	Metazoa	463		0	False	2
Q3ECR7	Arabidopsis thaliana	Plants	62		0	True	1
P36130	Saccharomyces cerevisiae (strain ATCC 204508 / S288c)	Fungi	643		0	False	2
P49380	Kluyveromyces lactis (strain ATCC 8585 / CBS 2359 / DSM 70799 / NBRC 1267 / NRRL Y-1140 / WM37)	Fungi	899		0	False	2
Q9JJ48	Mus musculus	Metazoa	305		0	False	3
Q34807	Wickerhamomyces canadensis	Fungi	231		0	False	4
Q9HBZ2	Homo sapiens	Metazoa	717		0	False	2
P04920	Homo sapiens	Metazoa	1241		0	False	1
P97490	Mus musculus	Metazoa	1249		0	False	4
P36639	Homo sapiens	Metazoa	156		0	False	3
Q9WUR2	Mus musculus	Metazoa	391		0	False	3
Q7Z417	Homo sapiens	Metazoa	695		0	False	5
Q0JD85	Oryza sativa subsp. japonica	Plants	278		0	False	5
P20020	Homo sapiens	Metazoa	1220		0	False	4
P36168	Saccharomyces cerevisiae (strain ATCC 204508 / S288c)	Fungi	1195		0	False	2
Q7LDG7	Homo sapiens	Metazoa	609		0	False	2
P97868	Mus musculus	Metazoa	1790		0	False	5
Q9LUR3	Arabidopsis thaliana	Plants	224		0	False	4
Q60707	Mus musculus	Metazoa	711		0	False	2
A1Z9P3	Drosophila melanogaster	Metazoa	1576		0	False	4
F4I902	Arabidopsis thaliana	Plants	420		0	False	2
O00257	Homo sapiens	Metazoa	560		0	False	4
Q9P7H8	Schizosaccharomyces pombe (strain 972 / ATCC 24843)	Fungi	1679		0	False	1
Q05655	Homo sapiens	Metazoa	676		0	False	2
P15919	Mus musculus	Metazoa	1040		0	False	1
Q61009	Mus musculus	Metazoa	509		0	True	2
P29382	Arabidopsis thaliana	Plants	251		0	False	2
Q6Q783	Mus musculus	Metazoa	468		0	False	1
Q8CIN9	Rattus norvegicus	Metazoa	362		0	False	4
P53722	Saccharomyces cerevisiae (strain ATCC 204508 / S288c)	Fungi	227		0	False	2
Q01130	Homo sapiens	Metazoa	221		0	False	1
A2YQD9	Oryza sativa subsp. indica	Plants	139		0	False	4
Q6PJF5	Homo sapiens	Metazoa	856		0	False	3
Q07955	Homo sapiens	Metazoa	248		0	False	3
Q8WXI9	Homo sapiens	Metazoa	593		0	False	5
Q9H204	Homo sapiens	Metazoa	178		0	False	2
Q9M3B8	Arabidopsis thaliana	Plants	597		0	False	5
Q08202	Saccharomyces cerevisiae (strain ATCC 204508 / S288c)	Fungi	246		0	False	3
Q7XP65	Oryza sativa subsp. japonica	Plants	358		0	False	4
P00519	Homo sapiens	Metazoa	1130		0	False	4
Q9NYP9	Homo sapiens	Metazoa	233		0	False	2
Q39735	Flaveria bidentis	Plants	953		0	False	4
Q8GWJ6	Arabidopsis thaliana	Plants	119		0	False	2
Q9UBF6	Homo sapiens	Metazoa	113		0	False	3
P40051	Saccharomyces cerevisiae (strain ATCC 204508 / S288c)	Fungi	511		0	False	2
Q95XA8	Caenorhabditis elegans	Metazoa	486		0	False	3
Q9DBA6	Mus musculus	Metazoa	568		0	False	3
Q9SHE8	Arabidopsis thaliana	Plants	221		0	False	4
P24389	Rattus norvegicus	Metazoa	257		0	True	3
B6HLU1	Penicillium rubens (strain ATCC 28089 / DSM 1075 / NRRL 1951 / Wisconsin 54-1255)	Fungi	3746		0	False	1
P40087	Saccharomyces cerevisiae (strain ATCC 204508 / S288c)	Fungi	428		0	False	2
O60315	Homo sapiens	Metazoa	1214		0	False	5
Q9FLH0	Arabidopsis thaliana	Plants	1010		0	False	4
Q15651	Homo sapiens	Metazoa	99		0	False	2
Q8LPI7	Arabidopsis thaliana	Plants	414		0	False	3
Q9MZT1	Canis lupus familiaris	Metazoa	976		0	False	5
Q8LA16	Arabidopsis thaliana	Plants	252		0	False	2
P50876	Homo sapiens	Metazoa	292		0	False	2
P17302	Homo sapiens	Metazoa	382		0	True	3
Q99959	Homo sapiens	Metazoa	881		0	False	5
Q8WV93	Homo sapiens	Metazoa	481		0	False	1
Q96EU6	Homo sapiens	Metazoa	259		0	False	3
P29375	Homo sapiens	Metazoa	1690		0	False	2
Q3MIT2	Homo sapiens	Metazoa	529		0	False	3
Q9Z252	Rattus norvegicus	Metazoa	207		0	False	4
Q08273	Saccharomyces cerevisiae (strain ATCC 204508 / S288c)	Fungi	121		0	False	4
P20134	Saccharomyces cerevisiae (strain ATCC 204508 / S288c)	Fungi	766		0	False	1
Q9C5H9	Arabidopsis thaliana	Plants	678		0	False	1
Q99571	Homo sapiens	Metazoa	388		0	True	5
Q15834	Homo sapiens	Metazoa	202		0	False	2
Q197W8	Arabidopsis thaliana	Plants	473		0	False	4
P15387	Rattus norvegicus	Metazoa	857		0	False	1
P27683	Spinacia oleracea	Plants	192		0	False	3
Q8WTT0	Homo sapiens	Metazoa	213		0	True	3
Q7SB98	Neurospora crassa (strain ATCC 24698 / 74-OR23-1A / CBS 708.71 / DSM 1257 / FGSC 987)	Fungi	312		0	False	1
Q00715	Rattus norvegicus	Metazoa	125		0	False	1
Q94K49	Arabidopsis thaliana	Plants	396		0	False	1
P0DH95	Arabidopsis thaliana	Plants	149		0	False	4
P59220	Arabidopsis thaliana	Plants	149		0	False	2
O44498	Caenorhabditis elegans	Metazoa	1623		0	False	2
P39962	Saccharomyces cerevisiae (strain ATCC 204508 / S288c)	Fungi	524		0	False	2
Q8WWH5	Homo sapiens	Metazoa	349		0	False	1
Q86WV1	Homo sapiens	Metazoa	359		0	False	2
P50613	Homo sapiens	Metazoa	346		0	False	3
Q9M199	Arabidopsis thaliana	Plants	517		0	False	2
Q9NPF4	Homo sapiens	Metazoa	335		0	False	1
P30186	Arabidopsis thaliana	Plants	250		0	False	5
Q8N488	Homo sapiens	Metazoa	228		0	False	3
Q6EVK6	Arabidopsis thaliana	Plants	2193		0	False	2
Q9C6B8	Arabidopsis thaliana	Plants	622		0	True	2
P32828	Saccharomyces cerevisiae (strain ATCC 204508 / S288c)	Fungi	619		0	False	4
P38241	Saccharomyces cerevisiae (strain ATCC 204508 / S288c)	Fungi	364		0	False	3
Q9H2F5	Homo sapiens	Metazoa	836		0	False	5
P23798	Mus musculus	Metazoa	342		0	False	4
Q6NZM9	Mus musculus	Metazoa	1076		0	False	5
Q9V8P9	Drosophila melanogaster	Metazoa	1038		0	False	2
Q9WUH2	Mus musculus	Metazoa	397		0	False	5
Q24142	Drosophila melanogaster	Metazoa	601		0	False	1
Q10B19	Oryza sativa subsp. japonica	Plants	250		0	False	5
Q9SJG4	Arabidopsis thaliana	Plants	257		0	False	1
Q9JIW5	Mus musculus	Metazoa	430		0	False	5
Q8VII8	Mus musculus	Metazoa	978		0	False	2
Q9H9L7	Homo sapiens	Metazoa	192		0	False	2
Q03455	Saccharomyces cerevisiae (strain ATCC 204508 / S288c)	Fungi	724		0	True	1
Q96BP2	Homo sapiens	Metazoa	118		0	False	5
Q06611	Arabidopsis thaliana	Plants	286		0	True	1
Q9VNS0	Drosophila melanogaster	Metazoa	459		0	False	5
P31040	Homo sapiens	Metazoa	664		0	False	2
Q20471	Caenorhabditis elegans	Metazoa	497		0	False	1
Q9H5Z6	Homo sapiens	Metazoa	455		0	False	4
P17014	Homo sapiens	Metazoa	697		0	False	3
Q9SRN4	Arabidopsis thaliana	Plants	117		0	False	1
P19426	Mus musculus	Metazoa	375		0	False	2
Q6DVA0	Mus musculus	Metazoa	511		0	False	3
P53107	Saccharomyces cerevisiae (strain ATCC 204508 / S288c)	Fungi	440		0	False	5
P43635	Saccharomyces cerevisiae (strain ATCC 204508 / S288c)	Fungi	486		0	False	4
P30666	Schizosaccharomyces pombe (strain 972 / ATCC 24843)	Fungi	879		0	False	5
P91938	Drosophila melanogaster	Metazoa	596		0	False	2
Q8WZK0	Schizosaccharomyces pombe (strain 972 / ATCC 24843)	Fungi	695		0	False	4
O49839	Arabidopsis thaliana	Plants	426		0	False	4
Q9LRR7	Arabidopsis thaliana	Plants	599		0	False	1
P63162	Homo sapiens	Metazoa	240		0	False	4
Q6K5X1	Oryza sativa subsp. japonica	Plants	248		0	False	5
Q9D818	Mus musculus	Metazoa	391		0	False	1
Q5FWF5	Homo sapiens	Metazoa	840		0	False	2
Q9ZVL6	Arabidopsis thaliana	Plants	285		0	False	1
Q7S1Z3	Neurospora crassa (strain ATCC 24698 / 74-OR23-1A / CBS 708.71 / DSM 1257 / FGSC 987)	Fungi	368		0	False	3
P93735	Arabidopsis thaliana	Plants	195		0	False	5
Q8IS16	Dictyostelium discoideum	Other	604		0	False	5
Q504Q3	Homo sapiens	Metazoa	1202		0	False	1
Q5VVJ2	Homo sapiens	Metazoa	828		0	False	1
Q92581	Homo sapiens	Metazoa	701		0	True	2
Q9NRA8	Homo sapiens	Metazoa	985		0	False	5
P15383	Rattus norvegicus	Metazoa	130		0	True	5
Q8S948	Arabidopsis thaliana	Plants	406		0	False	1
Q96WV9	Schizosaccharomyces pombe (strain 972 / ATCC 24843)	Fungi	591		0	False	5
P34230	Saccharomyces cerevisiae (strain ATCC 204508 / S288c)	Fungi	853		0	False	4
Q9Z2G1	Mus musculus	Metazoa	654		0	False	4
Q64092	Mus musculus	Metazoa	572		0	False	2
Q8NEJ0	Homo sapiens	Metazoa	188		0	False	2
P42208	Mus musculus	Metazoa	361		0	False	2
Q9M4A2	Arabidopsis thaliana	Plants	362		0	False	4
P00079	Tetrahymena pyriformis	Other	109		0	False	3
Q16666	Homo sapiens	Metazoa	785		0	False	5
Q8R107	Mus musculus	Metazoa	217		0	False	4
O24456	Arabidopsis thaliana	Plants	327		0	False	3
Q8BZ71	Mus musculus	Metazoa	360		0	False	1
P07247	Drosophila melanogaster	Metazoa	502		0	False	2
P62995	Homo sapiens	Metazoa	288		0	False	2
Q7XU27	Oryza sativa subsp. japonica	Plants	884		0	False	5
O75012	Saccharomyces cerevisiae (strain ATCC 204508 / S288c)	Fungi	95		0	False	1
Q7L523	Homo sapiens	Metazoa	313		0	False	5
P36069	Saccharomyces cerevisiae (strain ATCC 204508 / S288c)	Fungi	295		0	False	3
U4PAZ9	Caenorhabditis elegans	Metazoa	1112		0	False	3
O22993	Arabidopsis thaliana	Plants	946		0	False	4
Q58WW2	Homo sapiens	Metazoa	860		0	False	2
Q42968	Oryza glaberrima	Plants	609		0	False	2
Q6DN90	Homo sapiens	Metazoa	963		0	False	2
Q9UTQ7	Schizosaccharomyces pombe (strain 972 / ATCC 24843)	Fungi	523		0	False	5
Q5QGS0	Homo sapiens	Metazoa	1516		0	False	4
Q9BUU2	Homo sapiens	Metazoa	404		0	False	4
P54198	Homo sapiens	Metazoa	1017		0	False	1
O00499	Homo sapiens	Metazoa	593		0	False	2
Q13562	Homo sapiens	Metazoa	356		0	False	2
P14651	Homo sapiens	Metazoa	431		0	False	5
O97159	Drosophila melanogaster	Metazoa	1982		0	False	2
O74824	Schizosaccharomyces pombe (strain 972 / ATCC 24843)	Fungi	308		0	False	3
Q9UQ84	Homo sapiens	Metazoa	846		0	False	3
P53254	Saccharomyces cerevisiae (strain ATCC 204508 / S288c)	Fungi	1237		0	False	1
Q96H96	Homo sapiens	Metazoa	371		0	True	3
Q9S7A9	Arabidopsis thaliana	Plants	174		0	False	4
Q69WS3	Oryza sativa subsp. japonica	Plants	256		0	False	3
Q9H4K7	Homo sapiens	Metazoa	406		0	False	4
Q69IL4	Oryza sativa subsp. japonica	Plants	380		0	False	4
A0A1C3NSL9	Caenorhabditis elegans	Metazoa	1644		0	False	3
Q61169	Mus musculus	Metazoa	589		0	False	2
P00296	Solanum tuberosum	Plants	99		0	False	1
G5ECD6	Caenorhabditis elegans	Metazoa	1322		0	True	3
F4KCE9	Arabidopsis thaliana	Plants	598		0	False	3
Q8GW29	Arabidopsis thaliana	Plants	217		0	False	2
P70343	Mus musculus	Metazoa	373		0	False	3
Q7L5Y1	Homo sapiens	Metazoa	443		0	False	5
Q6NL34	Drosophila melanogaster	Metazoa	543		0	False	3
F4I8I0	Arabidopsis thaliana	Plants	596		0	True	4
Q8S307	Arabidopsis thaliana	Plants	336		0	False	4
O94643	Schizosaccharomyces pombe (strain 972 / ATCC 24843)	Fungi	441		0	False	1
Q7LG56	Homo sapiens	Metazoa	351		0	False	4
P27198	Rhodomonas sp. (strain CS 24)	Other	177		0	False	3
Q9LHJ9	Arabidopsis thaliana	Plants	385		0	False	1
P0CG29	Homo sapiens	Metazoa	244		0	False	1
O15527	Homo sapiens	Metazoa	345		0	False	3
Q00341	Homo sapiens	Metazoa	1268		0	False	5
Q07844	Saccharomyces cerevisiae (strain ATCC 204508 / S288c)	Fungi	837		0	False	4
P05022	Zea mays	Plants	507		0	False	2
Q9LVM5	Arabidopsis thaliana	Plants	324		0	False	5
Q9FLP6	Arabidopsis thaliana	Plants	103		0	False	5
Q8N6F1	Homo sapiens	Metazoa	224		0	True	2
A1Z6W3	Drosophila melanogaster	Metazoa	1299		0	False	4
Q09666	Homo sapiens	Metazoa	5890		0	False	1
Q8IY26	Homo sapiens	Metazoa	295		0	False	4
P36159	Saccharomyces cerevisiae (strain ATCC 204508 / S288c)	Fungi	838		0	False	5
P00222	Colocasia esculenta	Plants	97		0	False	4
Q5VZF2	Homo sapiens	Metazoa	373		0	False	3
P11352	Mus musculus	Metazoa	201		0	False	5
Q149M9	Homo sapiens	Metazoa	1564		0	False	1
Q9UPT9	Homo sapiens	Metazoa	525		0	False	2
Q12800	Homo sapiens	Metazoa	502		0	False	1
Q3E840	Saccharomyces cerevisiae (strain ATCC 204508 / S288c)	Fungi	82		0	False	1
Q9NVV9	Homo sapiens	Metazoa	213		0	False	1
O75056	Homo sapiens	Metazoa	442		0	False	2
P11388	Homo sapiens	Metazoa	1531		0	False	1
P40971	Saccharomyces cerevisiae (strain ATCC 204508 / S288c)	Fungi	790		0	False	1
P31115	Saccharomyces cerevisiae (strain ATCC 204508 / S288c)	Fungi	442		0	False	5
Q9C002	Homo sapiens	Metazoa	83		0	False	4
Q09675	Schizosaccharomyces pombe (strain 972 / ATCC 24843)	Fungi	240		0	False	3
Q9Y694	Homo sapiens	Metazoa	548		0	True	1
Q95216	Oryctolagus cuniculus	Metazoa	1005		0	False	3
Q22663	Caenorhabditis elegans	Metazoa	183		0	False	5
O54698	Rattus norvegicus	Metazoa	457		0	True	2
P67779	Rattus norvegicus	Metazoa	272		0	False	2
Q9FJK3	Arabidopsis thaliana	Plants	321		0	False	4
Q9Y4Y9	Homo sapiens	Metazoa	91		0	False	1
Q8L999	Arabidopsis thaliana	Plants	342		0	False	3
P07030	Silene latifolia subsp. alba	Plants	165		0	False	5
P28748	Schizosaccharomyces pombe (strain 972 / ATCC 24843)	Fungi	216		0	False	5
P40515	Saccharomyces cerevisiae (strain ATCC 204508 / S288c)	Fungi	155		0	False	2
Q9P7B8	Schizosaccharomyces pombe (strain 972 / ATCC 24843)	Fungi	399		0	False	2
Q9ZWA1	Arabidopsis thaliana	Plants	393		0	False	2
Q8VEC4	Mus musculus	Metazoa	323		0	True	3
Q9ASY8	Arabidopsis thaliana	Plants	75		0	True	4
Q9BXN2	Homo sapiens	Metazoa	247		0	True	1
Q6EKJ0	Homo sapiens	Metazoa	949		0	False	1
P53944	Saccharomyces cerevisiae (strain ATCC 204508 / S288c)	Fungi	314		0	False	4
Q9LTB0	Arabidopsis thaliana	Plants	752		0	False	2
Q8WWL7	Homo sapiens	Metazoa	1395		0	False	1
Q32PI6	Bos taurus	Metazoa	294		0	False	4
Q10426	Schizosaccharomyces pombe (strain 972 / ATCC 24843)	Fungi	1040		0	False	4
Q3UNW5	Mus musculus	Metazoa	479		0	False	2
P91926	Drosophila melanogaster	Metazoa	940		0	False	4
Q9Z0Y7	Mus musculus	Metazoa	1216		0	False	4
P61290	Mus musculus	Metazoa	254		0	False	3
Q9C8J7	Arabidopsis thaliana	Plants	509		0	False	5
P22557	Homo sapiens	Metazoa	587		0	False	1
Q7XZF5	Arabidopsis thaliana	Plants	1841		0	False	1
Q9MAM4	Arabidopsis thaliana	Plants	527		0	False	4
Q9LMR3	Arabidopsis thaliana	Plants	358		0	False	2
O14981	Homo sapiens	Metazoa	1849		0	False	5
P07278	Saccharomyces cerevisiae (strain ATCC 204508 / S288c)	Fungi	416		0	False	4
G5ECT8	Caenorhabditis elegans	Metazoa	209		0	False	1
Q12132	Saccharomyces cerevisiae (strain ATCC 204508 / S288c)	Fungi	391		0	False	5
Q9LWU9	Oryza sativa subsp. japonica	Plants	617		0	False	2
Q5A4H5	Candida albicans (strain SC5314 / ATCC MYA-2876)	Fungi	731		0	False	2
P0CT57	Schizosaccharomyces pombe (strain 972 / ATCC 24843)	Fungi	139		0	False	2
Q9BDK6	Sus scrofa	Metazoa	355		0	False	5
P25379	Saccharomyces cerevisiae (strain ATCC 204508 / S288c)	Fungi	360		0	False	3
Q9Z2V6	Mus musculus	Metazoa	1113		0	False	3
Q6WRU0	Cricetulus griseus	Metazoa	203		0	True	2
P26350	Mus musculus	Metazoa	111		0	False	3
Q9N2L7	Caenorhabditis elegans	Metazoa	632		0	False	3
Q9FNC9	Arabidopsis thaliana	Plants	99		0	True	3
B9U3F2	Gallus gallus	Metazoa	1338		0	True	2
O95278	Homo sapiens	Metazoa	331		0	False	5
Q8LDL0	Arabidopsis thaliana	Plants	231		0	False	5
P70033	Xenopus laevis	Metazoa	435		0	False	3
P82913	Bos taurus	Metazoa	256		0	False	3
P50161	Aspergillus parasiticus (strain ATCC 56775 / NRRL 5862 / SRRC 143 / SU-1)	Fungi	262		0	False	5
Q9FTY0	Oryza sativa subsp. japonica	Plants	320		0	False	1
P78380	Homo sapiens	Metazoa	273		0	True	2
P34056	Mus musculus	Metazoa	437		0	False	3
Q1PDW3	Arabidopsis thaliana	Plants	636		0	False	4
Q16719	Homo sapiens	Metazoa	465		0	False	4
A3KPQ7	Danio rerio	Metazoa	1378		0	True	2
Q9Y2Z0	Homo sapiens	Metazoa	365		0	False	2
Q9DB96	Mus musculus	Metazoa	315		0	False	5
Q17602	Caenorhabditis elegans	Metazoa	1390		0	False	4
P06777	Saccharomyces cerevisiae (strain ATCC 204508 / S288c)	Fungi	1100		0	False	5
O22131	Arabidopsis thaliana	Plants	262		0	False	4
Q08926	Saccharomyces cerevisiae (strain ATCC 204508 / S288c)	Fungi	304		0	False	4
Q9ULJ3	Homo sapiens	Metazoa	1066		0	False	1
P39516	Saccharomyces cerevisiae (strain ATCC 204508 / S288c)	Fungi	138		0	False	2
P10803	Secale cereale	Plants	353		0	True	3
Q61327	Mus musculus	Metazoa	619		0	True	1
Q9P802	Schizosaccharomyces pombe (strain 972 / ATCC 24843)	Fungi	194		0	False	4
Q6GLP4	Xenopus laevis	Metazoa	391		0	False	5
O14215	Schizosaccharomyces pombe (strain 972 / ATCC 24843)	Fungi	454		0	False	5
O81787	Arabidopsis thaliana	Plants	527		0	False	3
Q8NDQ6	Homo sapiens	Metazoa	660		0	False	4
Q9FLP0	Arabidopsis thaliana	Plants	587		0	False	3
Q9LXW7	Arabidopsis thaliana	Plants	1580		0	False	4
P43004	Homo sapiens	Metazoa	574		0	True	1
Q9SAL0	Arabidopsis thaliana	Plants	401		0	False	1
P18858	Homo sapiens	Metazoa	919		0	False	5
O00421	Homo sapiens	Metazoa	344		0	True	5
Q8CF89	Mus musculus	Metazoa	502		0	False	3
Q8VEB1	Mus musculus	Metazoa	590		0	False	5
Q9Y243	Homo sapiens	Metazoa	479		0	False	1
Q9CAF6	Arabidopsis thaliana	Plants	950		0	False	4
Q9CAD5	Arabidopsis thaliana	Plants	883		0	False	1
Q8TDV5	Homo sapiens	Metazoa	335		0	True	1
Q9VV73	Drosophila melanogaster	Metazoa	841		0	False	4
P00056	Zea mays	Plants	111		0	False	3
D3ZX63	Rattus norvegicus	Metazoa	334		0	False	5
O81316	Arabidopsis thaliana	Plants	558		0	False	4
P19262	Saccharomyces cerevisiae (strain ATCC 204508 / S288c)	Fungi	463		0	False	3
Q9V3J8	Drosophila melanogaster	Metazoa	361		0	False	3
Q9UTT1	Schizosaccharomyces pombe (strain 972 / ATCC 24843)	Fungi	1129		0	False	3
P33897	Homo sapiens	Metazoa	745		0	False	1
Q8VY06	Arabidopsis thaliana	Plants	1080		0	False	5
P38719	Saccharomyces cerevisiae (strain ATCC 204508 / S288c)	Fungi	431		0	False	5
Q63538	Rattus norvegicus	Metazoa	367		0	False	3
O73622	Xenopus laevis	Metazoa	293		0	False	1
Q96GC6	Homo sapiens	Metazoa	653		0	False	1
Q9C516	Arabidopsis thaliana	Plants	848		0	False	4
Q63046	Rattus norvegicus	Metazoa	450		0	False	2
Q9ST62	Solanum tuberosum	Plants	577		0	False	5
Q9UTQ4	Schizosaccharomyces pombe (strain 972 / ATCC 24843)	Fungi	244		0	False	2
Q24206	Drosophila melanogaster	Metazoa	880		0	False	5
Q9VUQ5	Drosophila melanogaster	Metazoa	1214		0	False	1
Q4FZU9	Rattus norvegicus	Metazoa	463		0	True	5
Q12460	Saccharomyces cerevisiae (strain ATCC 204508 / S288c)	Fungi	504		0	False	4
Q08062	Zea mays	Plants	332		0	False	5
O43613	Homo sapiens	Metazoa	425		0	True	3
Q9ZQZ6	Arabidopsis thaliana	Plants	263		0	False	4
P26793	Saccharomyces cerevisiae (strain ATCC 204508 / S288c)	Fungi	382		0	False	3
Q9Y6T7	Homo sapiens	Metazoa	804		0	False	1
Q9JKU3	Rattus norvegicus	Metazoa	1749		0	False	1
Q96EY5	Homo sapiens	Metazoa	273		0	False	4
Q9UPP1	Homo sapiens	Metazoa	1060		0	False	4
P09917	Homo sapiens	Metazoa	674		0	False	2
P0CW70	Mus musculus	Metazoa	773		0	False	1
P42775	Arabidopsis thaliana	Plants	360		0	False	5
Q9Z2A6	Rattus norvegicus	Metazoa	547		0	False	4
Q9Y803	Schizosaccharomyces pombe (strain 972 / ATCC 24843)	Fungi	127		0	False	2
Q8K4B2	Mus musculus	Metazoa	609		0	False	4
Q8N5A5	Homo sapiens	Metazoa	531		0	False	4
P41735	Saccharomyces cerevisiae (strain ATCC 204508 / S288c)	Fungi	233		0	False	4
Q62232	Mus musculus	Metazoa	296		0	False	2
O18473	Heliothis virescens	Metazoa	576		0	False	4
O00398	Homo sapiens	Metazoa	339		0	True	2
Q93ZR1	Arabidopsis thaliana	Plants	565		0	False	4
Q9Y6N9	Homo sapiens	Metazoa	552		0	False	1
Q6TEM9	Danio rerio	Metazoa	472		0	False	2
Q9BQ70	Homo sapiens	Metazoa	676		0	False	3
P15144	Homo sapiens	Metazoa	967		0	True	1
Q9XIP7	Arabidopsis thaliana	Plants	468		0	True	5
Q8K0D5	Mus musculus	Metazoa	751		0	False	4
P32338	Saccharomyces cerevisiae (strain ATCC 204508 / S288c)	Fungi	300		0	False	4
Q90ZA1	Xenopus laevis	Metazoa	631		0	False	5
P49769	Mus musculus	Metazoa	467		0	True	5
Q02770	Saccharomyces cerevisiae (strain ATCC 204508 / S288c)	Fungi	301		0	False	1
Q497V6	Mus musculus	Metazoa	772		0	False	1
O00541	Homo sapiens	Metazoa	588		0	False	4
Q9H079	Homo sapiens	Metazoa	304		0	False	4
D3ZVU9	Rattus norvegicus	Metazoa	299		0	False	2
Q9FGV1	Arabidopsis thaliana	Plants	811		0	False	4
Q6Z2Z4	Oryza sativa subsp. japonica	Plants	414		0	False	4
Q14494	Homo sapiens	Metazoa	772		0	True	5
Q86UW2	Homo sapiens	Metazoa	128		0	True	2
Q8BWG9	Mus musculus	Metazoa	304		0	True	2
P25642	Saccharomyces cerevisiae (strain ATCC 204508 / S288c)	Fungi	146		0	False	3
Q944A7	Arabidopsis thaliana	Plants	512		0	False	3
P32580	Saccharomyces cerevisiae (strain ATCC 204508 / S288c)	Fungi	737		0	False	5
Q9P2D1	Homo sapiens	Metazoa	2997		0	False	4
Q8CGP0	Mus musculus	Metazoa	126		0	False	5
Q8TDW0	Homo sapiens	Metazoa	803		0	True	3
O08560	Rattus norvegicus	Metazoa	929		0	False	5
P21951	Saccharomyces cerevisiae (strain ATCC 204508 / S288c)	Fungi	2222		0	False	1
Q9NWR8	Homo sapiens	Metazoa	336		0	False	1
Q43316	Arabidopsis thaliana	Plants	382		0	False	2
P43116	Homo sapiens	Metazoa	358		0	True	5
Q9DCR4	Mus musculus	Metazoa	169		0	False	2
P20435	Saccharomyces cerevisiae (strain ATCC 204508 / S288c)	Fungi	155		0	False	1
Q01543	Homo sapiens	Metazoa	452		0	False	5
P69744	Mus musculus	Metazoa	723		0	False	5
Q8BX57	Mus musculus	Metazoa	582		0	False	5
Q0WQ41	Arabidopsis thaliana	Plants	594		0	False	5
Q92021	Xenopus laevis	Metazoa	609		0	False	5
O74761	Schizosaccharomyces pombe (strain 972 / ATCC 24843)	Fungi	459		0	False	2
Q93YW0	Arabidopsis thaliana	Plants	684		0	False	1
O60563	Homo sapiens	Metazoa	726		0	False	3
Q9C8M2	Arabidopsis thaliana	Plants	202		0	False	1
Q99JB2	Mus musculus	Metazoa	353		0	False	3
P24942	Rattus norvegicus	Metazoa	543		0	True	2
P32037	Mus musculus	Metazoa	493		0	True	5
P35579	Homo sapiens	Metazoa	1960		0	False	4
Q09470	Homo sapiens	Metazoa	495		0	False	2
Q96F44	Homo sapiens	Metazoa	468		0	False	5
Q12510	Saccharomyces cerevisiae (strain ATCC 204508 / S288c)	Fungi	522		0	False	2
O75143	Homo sapiens	Metazoa	517		0	False	1
Q8VYJ2	Arabidopsis thaliana	Plants	356		0	False	1
O60284	Homo sapiens	Metazoa	1047		0	False	4
Q9R1X4	Mus musculus	Metazoa	1197		0	False	4
Q99M04	Mus musculus	Metazoa	373		0	False	5
Q4WSF6	Aspergillus fumigatus (strain ATCC MYA-4609 / CBS 101355 / FGSC A1100 / Af293)	Fungi	366		0	False	3
Q9BWU1	Homo sapiens	Metazoa	502		0	False	5
P53615	Saccharomyces cerevisiae (strain ATCC 204508 / S288c)	Fungi	221		0	False	1
O13563	Saccharomyces cerevisiae (strain ATCC 204508 / S288c)	Fungi	156		0	False	5
Q12219	Saccharomyces cerevisiae (strain ATCC 204508 / S288c)	Fungi	294		0	False	3
P56780	Arabidopsis thaliana	Plants	73		0	True	5
P00428	Bos taurus	Metazoa	129		0	False	5
Q20992	Caenorhabditis elegans	Metazoa	667		0	False	5
Q9SMH4	Chlamydomonas reinhardtii	Plants	410		0	False	1
Q9V463	Drosophila melanogaster	Metazoa	1365		0	False	3
P81459	Thunnus alalunga	Metazoa	103		0	False	4
P49282	Mus musculus	Metazoa	568		0	True	5
Q5ZIS0	Gallus gallus	Metazoa	157		0	True	4
Q9M5P3	Arabidopsis thaliana	Plants	354		0	False	5
P06704	Saccharomyces cerevisiae (strain ATCC 204508 / S288c)	Fungi	161		0	False	3
P00238	Scenedesmus quadricauda	Plants	96		0	False	5
P18480	Saccharomyces cerevisiae (strain ATCC 204508 / S288c)	Fungi	905		0	False	3
O43070	Schizosaccharomyces pombe (strain 972 / ATCC 24843)	Fungi	613		0	False	3
Q64700	Mus musculus	Metazoa	1135		0	False	5
P60324	Mus musculus	Metazoa	178		0	False	3
P30084	Homo sapiens	Metazoa	290		0	False	3
O89091	Mus musculus	Metazoa	479		0	False	3
Q8TE54	Homo sapiens	Metazoa	656		0	True	5
P36177	Euglena gracilis	Other	538		0	False	5
Q8BKA3	Mus musculus	Metazoa	608		0	False	2
P20436	Saccharomyces cerevisiae (strain ATCC 204508 / S288c)	Fungi	146		0	False	4
Q92794	Homo sapiens	Metazoa	2004		0	False	3
Q96EB1	Homo sapiens	Metazoa	424		0	False	5
P25122	Rattus norvegicus	Metazoa	585		0	False	5
P22732	Homo sapiens	Metazoa	501		0	True	3
Q86UF1	Homo sapiens	Metazoa	283		0	True	4
Q21502	Caenorhabditis elegans	Metazoa	870		0	False	3
P49588	Homo sapiens	Metazoa	968		0	False	4
Q9H668	Homo sapiens	Metazoa	368		0	False	2
Q9CQP8	Mus musculus	Metazoa	194		0	False	2
P20941	Homo sapiens	Metazoa	246		0	False	2
Q9NQX1	Homo sapiens	Metazoa	630		0	False	4
Q63803	Rattus norvegicus	Metazoa	1144		0	False	3
P38432	Homo sapiens	Metazoa	576		0	False	3
Q6RHR6	Medicago truncatula	Plants	882		0	False	2
Q75RY2	Oryza sativa subsp. japonica	Plants	492		0	False	5
P51679	Homo sapiens	Metazoa	360		0	True	3
P47019	Saccharomyces cerevisiae (strain ATCC 204508 / S288c)	Fungi	175		0	False	1
Q16873	Homo sapiens	Metazoa	150		0	True	4
P30100	Rattus norvegicus	Metazoa	500		0	False	5
Q4QEZ7	Leishmania major	Other	175		0	False	1
O42661	Schizosaccharomyces pombe (strain 972 / ATCC 24843)	Fungi	117		0	False	5
Q0IGK1	Arabidopsis thaliana	Plants	445		0	False	4
P27140	Arabidopsis thaliana	Plants	347		0	False	5
Q8VCF0	Mus musculus	Metazoa	503		0	False	2
Q38819	Arabidopsis thaliana	Plants	450		0	False	1
Q0P5I5	Bos taurus	Metazoa	327		0	False	4
Q9WVM1	Mus musculus	Metazoa	628		0	False	3
P10275	Homo sapiens	Metazoa	920		0	False	4
Q923Y8	Mus musculus	Metazoa	332		0	True	1
Q5XF06	Arabidopsis thaliana	Plants	469		0	False	2
Q8NI77	Homo sapiens	Metazoa	898		0	False	3
O94561	Schizosaccharomyces pombe (strain 972 / ATCC 24843)	Fungi	195		0	False	5
P41838	Schizosaccharomyces pombe (strain 972 / ATCC 24843)	Fungi	352		0	False	3
Q9C0H2	Homo sapiens	Metazoa	523		0	True	2
Q6NNI3	Arabidopsis thaliana	Plants	190		0	False	2
Q99807	Homo sapiens	Metazoa	217		0	False	1
Q6PEH4	Danio rerio	Metazoa	753		0	False	2
P97931	Mus musculus	Metazoa	306		0	False	5
P70060	Xenopus laevis	Metazoa	375		0	False	1
E9AGH7	Leishmania infantum	Other	365		0	False	3
Q13304	Homo sapiens	Metazoa	367		0	True	4
Q9UHI5	Homo sapiens	Metazoa	535		0	True	3
P27680	Saccharomyces cerevisiae (strain ATCC 204508 / S288c)	Fungi	312		0	False	2
O00488	Homo sapiens	Metazoa	134		0	False	5
O42861	Schizosaccharomyces pombe (strain 972 / ATCC 24843)	Fungi	922		0	False	1
Q9NV88	Homo sapiens	Metazoa	658		0	False	5
P36151	Saccharomyces cerevisiae (strain ATCC 204508 / S288c)	Fungi	352		0	False	1
Q96WV2	Schizosaccharomyces pombe (strain 972 / ATCC 24843)	Fungi	339		0	False	5
Q9LJG6	Arabidopsis thaliana	Plants	193		0	False	1
P05202	Mus musculus	Metazoa	430		0	False	5
Q6DE18	Xenopus laevis	Metazoa	152		0	False	5
Q91WU2	Mus musculus	Metazoa	540		0	True	3
Q7XB51	Physcomitrium patens	Plants	967		0	True	2
Q9CAX3	Arabidopsis thaliana	Plants	204		0	True	2
P40460	Saccharomyces cerevisiae (strain ATCC 204508 / S288c)	Fungi	691		0	False	2
Q9JL26	Mus musculus	Metazoa	1094		0	False	5
G5EF53	Caenorhabditis elegans	Metazoa	1474		0	False	1
P14831	Solanum lycopersicum	Plants	217		0	False	2
Q9H0W9	Homo sapiens	Metazoa	315		0	False	5
O15016	Homo sapiens	Metazoa	1351		0	False	4
O02193	Drosophila melanogaster	Metazoa	827		0	False	1
Q70Z19	Nicotiana tabacum	Plants	374		0	False	5
P53941	Saccharomyces cerevisiae (strain ATCC 204508 / S288c)	Fungi	290		0	False	5
Q9NTM9	Homo sapiens	Metazoa	273		0	False	4
P52824	Homo sapiens	Metazoa	942		0	False	5
A6NNB3	Homo sapiens	Metazoa	132		0	True	4
P82918	Bos taurus	Metazoa	258		0	False	2
Q7RYW8	Neurospora crassa (strain ATCC 24698 / 74-OR23-1A / CBS 708.71 / DSM 1257 / FGSC 987)	Fungi	258		0	False	4
P15864	Mus musculus	Metazoa	212		0	False	5
P78929	Schizosaccharomyces pombe (strain 972 / ATCC 24843)	Fungi	137		0	False	5
P03902	Bos taurus	Metazoa	98		0	True	5
P06493	Homo sapiens	Metazoa	297		0	False	1
O74208	Candida glabrata (strain ATCC 2001 / BCRC 20586 / JCM 3761 / NBRC 0622 / NRRL Y-65 / CBS 138)	Fungi	1542		0	False	2
Q9JJC8	Mus musculus	Metazoa	359		0	True	2
P12684	Saccharomyces cerevisiae (strain ATCC 204508 / S288c)	Fungi	1045		0	True	1
O04630	Arabidopsis thaliana	Plants	709		0	False	4
Q6IS41	Mus musculus	Metazoa	310		0	True	1
P87074	Schizosaccharomyces pombe (strain 972 / ATCC 24843)	Fungi	778		0	False	5
P49238	Homo sapiens	Metazoa	355		0	True	5
O76021	Homo sapiens	Metazoa	490		0	False	2
Q9LUD9	Arabidopsis thaliana	Plants	360		0	False	1
Q9P2G3	Homo sapiens	Metazoa	628		0	False	5
Q9VCE9	Drosophila melanogaster	Metazoa	751		0	False	5
O43603	Homo sapiens	Metazoa	387		0	True	1
A1Z1Q3	Homo sapiens	Metazoa	425		0	False	5
O95365	Homo sapiens	Metazoa	584		0	False	2
P22354	Saccharomyces cerevisiae (strain ATCC 204508 / S288c)	Fungi	195		0	False	2
Q39163	Arabidopsis thaliana	Plants	330		0	False	2
P53834	Saccharomyces cerevisiae (strain ATCC 204508 / S288c)	Fungi	153		0	False	1
O88708	Mus musculus	Metazoa	433		0	False	3
Q13563	Homo sapiens	Metazoa	968		0	False	3
O15042	Homo sapiens	Metazoa	1029		0	False	4
Q56XE8	Arabidopsis thaliana	Plants	502		0	True	3
Q8C8C1	Mus musculus	Metazoa	263		0	False	3
P53157	Saccharomyces cerevisiae (strain ATCC 204508 / S288c)	Fungi	130		0	True	1
Q9P7P1	Schizosaccharomyces pombe (strain 972 / ATCC 24843)	Fungi	147		0	False	4
Q9DBG9	Mus musculus	Metazoa	124		0	False	5
Q7RWZ7	Neurospora crassa (strain ATCC 24698 / 74-OR23-1A / CBS 708.71 / DSM 1257 / FGSC 987)	Fungi	201		0	False	2
Q7XM13	Oryza sativa subsp. japonica	Plants	289		0	False	1
Q9WU70	Rattus norvegicus	Metazoa	1152		0	False	4
Q54BW5	Dictyostelium discoideum	Other	179		0	False	5
Q9FS87	Solanum tuberosum	Plants	412		0	False	2
Q13625	Homo sapiens	Metazoa	1128		0	False	4
O43068	Schizosaccharomyces pombe (strain 972 / ATCC 24843)	Fungi	421		0	False	3
Q9Y3D9	Homo sapiens	Metazoa	190		0	False	2
Q6UPE0	Rattus norvegicus	Metazoa	599		0	False	2
Q96HE9	Homo sapiens	Metazoa	360		0	False	3
P10588	Homo sapiens	Metazoa	404		0	False	2
Q7YU24	Drosophila melanogaster	Metazoa	810		0	False	2
Q9NUL3	Homo sapiens	Metazoa	570		0	False	4
Q06218	Saccharomyces cerevisiae (strain ATCC 204508 / S288c)	Fungi	594		0	False	5
B2RZD2	Rattus norvegicus	Metazoa	229		0	True	5
P84040	Drosophila melanogaster	Metazoa	103		0	False	5
Q16222	Homo sapiens	Metazoa	522		0	False	4
Q6IR34	Mus musculus	Metazoa	673		0	False	5
P97855	Mus musculus	Metazoa	465		0	False	2
O61967	Caenorhabditis elegans	Metazoa	699		0	False	3
Q84U09	Brassica napus	Plants	215		0	False	4
Q683C9	Arabidopsis thaliana	Plants	282		0	False	5
Q14657	Homo sapiens	Metazoa	143		0	False	1
Q32Q92	Mus musculus	Metazoa	419		0	False	4
Q08961	Saccharomyces cerevisiae (strain ATCC 204508 / S288c)	Fungi	583		0	False	4
P03879	Saccharomyces cerevisiae (strain ATCC 204508 / S288c)	Fungi	638		0	False	1
Q6DYE4	Arabidopsis thaliana	Plants	455		0	False	3
Q9WVE0	Mus musculus	Metazoa	198		0	False	2
P11020	Scyliorhinus canicula	Metazoa	80		0	False	3
Q3U4H6	Mus musculus	Metazoa	486		0	False	1
Q96G30	Homo sapiens	Metazoa	205		0	True	1
M1J8U6	Prunus domestica	Plants	213		0	False	4
Q8WQL7	Caenorhabditis elegans	Metazoa	882		0	False	2
P00520	Mus musculus	Metazoa	1123		0	False	2
Q9LD43	Arabidopsis thaliana	Plants	769		0	False	2
O43395	Homo sapiens	Metazoa	683		0	False	4
Q9EPB5	Mus musculus	Metazoa	311		0	False	3
P53255	Saccharomyces cerevisiae (strain ATCC 204508 / S288c)	Fungi	507		0	False	4
Q9H116	Homo sapiens	Metazoa	711		0	False	2
Q9NBD7	Drosophila melanogaster	Metazoa	1491		0	False	2
Q9Z1T5	Mus musculus	Metazoa	566		0	False	5
O74113	Schizosaccharomyces pombe (strain 972 / ATCC 24843)	Fungi	638		0	False	5
P37271	Arabidopsis thaliana	Plants	422		0	False	1
P97478	Mus musculus	Metazoa	217		0	False	3
Q14973	Homo sapiens	Metazoa	349		0	True	5
Q96SB4	Homo sapiens	Metazoa	655		0	False	1
Q9CQT2	Mus musculus	Metazoa	265		0	False	3
P46948	Saccharomyces cerevisiae (strain ATCC 204508 / S288c)	Fungi	246		0	False	4
Q96AG3	Homo sapiens	Metazoa	418		0	False	5
P38237	Saccharomyces cerevisiae (strain ATCC 204508 / S288c)	Fungi	781		0	False	5
Q14289	Homo sapiens	Metazoa	1009		0	False	3
P15307	Mus musculus	Metazoa	587		0	False	2
P47897	Homo sapiens	Metazoa	775		0	False	4
Q8SYK5	Drosophila melanogaster	Metazoa	376		0	False	5
Q03973	Saccharomyces cerevisiae (strain ATCC 204508 / S288c)	Fungi	246		0	False	5
Q91YE2	Mus musculus	Metazoa	419		0	False	2
Q8GZQ3	Arabidopsis thaliana	Plants	922		0	False	4
Q402E1	Lilium longiflorum	Plants	136		0	False	4
Q9FKM2	Arabidopsis thaliana	Plants	274		0	False	4
O64682	Arabidopsis thaliana	Plants	438		0	False	1
P60484	Homo sapiens	Metazoa	403		0	False	5
Q96N21	Homo sapiens	Metazoa	525		0	False	4
P25858	Arabidopsis thaliana	Plants	338		0	False	3
P36381	Gallus gallus	Metazoa	400		0	True	3
P12074	Homo sapiens	Metazoa	109		0	True	1
Q9LW57	Arabidopsis thaliana	Plants	284		0	False	1
O59748	Schizosaccharomyces pombe (strain 972 / ATCC 24843)	Fungi	335		0	False	4
Q10J20	Oryza sativa subsp. japonica	Plants	271		0	False	2
Q4QAU9	Leishmania major	Other	549		0	False	1
Q91YT8	Mus musculus	Metazoa	804		0	True	5
F4JCX9	Arabidopsis thaliana	Plants	663		0	False	5
Q9VNA8	Drosophila melanogaster	Metazoa	568		0	False	1
P38890	Saccharomyces cerevisiae (strain ATCC 204508 / S288c)	Fungi	526		0	False	3
Q8WV41	Homo sapiens	Metazoa	574		0	False	3
Q8VE70	Mus musculus	Metazoa	212		0	False	1
A0A7J6K338	Toxoplasma gondii	Other	504		0	True	5
Q8GXW1	Arabidopsis thaliana	Plants	547		0	False	1
Q12400	Saccharomyces cerevisiae (strain ATCC 204508 / S288c)	Fungi	293		0	False	2
Q96BK5	Homo sapiens	Metazoa	328		0	False	5
Q9AUE0	Arabidopsis thaliana	Plants	1950		0	False	5
P31483	Homo sapiens	Metazoa	386		0	False	3
Q24168	Drosophila melanogaster	Metazoa	618		0	False	5
Q15672	Homo sapiens	Metazoa	202		0	False	4
O01422	Caenorhabditis elegans	Metazoa	495		0	False	5
P93407	Oryza sativa subsp. japonica	Plants	211		0	False	5
Q8LGH4	Arabidopsis thaliana	Plants	792		0	False	4
Q9UGI6	Homo sapiens	Metazoa	731		0	False	5
Q8BGY7	Mus musculus	Metazoa	273		0	False	3
Q6C6R8	Yarrowia lipolytica (strain CLIB 122 / E 150)	Fungi	417		0	False	1
P16591	Homo sapiens	Metazoa	822		0	False	3
Q9SQX9	Arabidopsis thaliana	Plants	447		0	False	1
P78395	Homo sapiens	Metazoa	509		0	False	2
Q9LXN4	Arabidopsis thaliana	Plants	1024		0	False	5
Q05043	Saccharomyces cerevisiae (strain ATCC 204508 / S288c)	Fungi	376		0	False	4
Q10422	Schizosaccharomyces pombe (strain 972 / ATCC 24843)	Fungi	297		0	False	5
A6NND4	Homo sapiens	Metazoa	320		0	True	4
Q84LH8	Arabidopsis thaliana	Plants	444		0	False	1
P35381	Drosophila melanogaster	Metazoa	552		0	False	5
O15178	Homo sapiens	Metazoa	435		0	False	4
Q92730	Homo sapiens	Metazoa	232		0	False	3
P39984	Saccharomyces cerevisiae (strain ATCC 204508 / S288c)	Fungi	401		0	False	1
Q8N140	Homo sapiens	Metazoa	333		0	False	5
P62129	Nicotiana tabacum	Plants	123		0	False	3
P22674	Homo sapiens	Metazoa	350		0	False	2
A0A509AQ68	Plasmodium berghei (strain Anka)	Other	446		0	False	4
P81900	Drosophila melanogaster	Metazoa	377		0	False	1
Q9SG79	Arabidopsis thaliana	Plants	455		0	False	3
Q99LC3	Mus musculus	Metazoa	355		0	False	5
P38088	Saccharomyces cerevisiae (strain ATCC 204508 / S288c)	Fungi	690		0	False	1
P53840	Saccharomyces cerevisiae (strain ATCC 204508 / S288c)	Fungi	1238		0	False	4
O60008	Paracoccidioides lutzii (strain ATCC MYA-826 / Pb01)	Fungi	592		0	False	3
Q9H2X8	Homo sapiens	Metazoa	130		0	True	4
Q8WV28	Homo sapiens	Metazoa	456		0	False	5
O95997	Homo sapiens	Metazoa	202		0	False	3
A0A2H1VE33	Spodoptera frugiperda	Metazoa	332		0	False	5
Q8BK30	Mus musculus	Metazoa	104		0	False	2
Q1W1G1	Xenopus laevis	Metazoa	525		0	False	2
Q569N2	Mus musculus	Metazoa	159		0	False	2
Q12507	Saccharomyces cerevisiae (strain ATCC 204508 / S288c)	Fungi	346		0	False	2
Q62769	Rattus norvegicus	Metazoa	1622		0	False	4
J9VTB0	Cryptococcus neoformans var. grubii serotype A (strain H99 / ATCC 208821 / CBS 10515 / FGSC 9487)	Fungi	2106		0	False	5
O60150	Schizosaccharomyces pombe (strain 972 / ATCC 24843)	Fungi	361		0	False	2
P62750	Homo sapiens	Metazoa	156		0	False	2
Q8BN21	Mus musculus	Metazoa	503		0	False	2
Q9WU00	Mus musculus	Metazoa	503		0	False	3
Q9SJZ6	Arabidopsis thaliana	Plants	219		0	False	3
Q92934	Homo sapiens	Metazoa	168		0	False	1
P51685	Homo sapiens	Metazoa	355		0	True	1
Q6P1R4	Homo sapiens	Metazoa	473		0	False	2
Q8IDN4	Plasmodium falciparum (isolate 3D7)	Other	211		0	False	2
Q91Z31	Mus musculus	Metazoa	531		0	False	5
Q01082	Homo sapiens	Metazoa	2364		0	False	2
P82245	Spinacia oleracea	Plants	148		0	False	3
P42677	Homo sapiens	Metazoa	84		0	False	3
P34161	Saccharomyces cerevisiae (strain ATCC 204508 / S288c)	Fungi	385		0	False	4
P20115	Arabidopsis thaliana	Plants	474		0	False	2
Q8QZV7	Mus musculus	Metazoa	732		0	False	1
Q61083	Mus musculus	Metazoa	619		0	False	3
Q00202	Emericella nidulans (strain FGSC A4 / ATCC 38163 / CBS 112.46 / NRRL 194 / M139)	Fungi	678		0	False	5
Q96LB2	Homo sapiens	Metazoa	322		0	True	5
P49841	Homo sapiens	Metazoa	420		0	False	1
Q3U182	Mus musculus	Metazoa	692		0	False	2
Q2PEG7	Lotus japonicus	Plants	499		0	False	4
P09414	Rattus norvegicus	Metazoa	509		0	False	2
A2AS55	Mus musculus	Metazoa	361		0	False	1
P38162	Saccharomyces cerevisiae (strain ATCC 204508 / S288c)	Fungi	196		0	False	2
O43865	Homo sapiens	Metazoa	530		0	False	5
Q8LB47	Arabidopsis thaliana	Plants	327		0	False	2
Q8I4V8	Plasmodium falciparum (isolate 3D7)	Other	304		0	False	4
Q03323	Saccharomyces cerevisiae (strain ATCC 204508 / S288c)	Fungi	175		0	False	1
Q8NEZ5	Homo sapiens	Metazoa	403		0	False	5
H2KYU6	Caenorhabditis elegans	Metazoa	529		0	False	4
Q4KMM3	Mus musculus	Metazoa	866		0	False	2
Q2PFD7	Mus musculus	Metazoa	1037		0	False	3
Q8TAD4	Homo sapiens	Metazoa	765		0	True	1
P20789	Rattus norvegicus	Metazoa	424		0	True	3
O08816	Rattus norvegicus	Metazoa	501		0	False	3
Q96GD4	Homo sapiens	Metazoa	344		0	False	3
O43091	Schizosaccharomyces pombe (strain 972 / ATCC 24843)	Fungi	378		0	False	5
Q99315	Saccharomyces cerevisiae (strain ATCC 204508 / S288c)	Fungi	1547		0	False	2
Q9R1X5	Mus musculus	Metazoa	1436		0	False	3
Q9DG23	Gallus gallus	Metazoa	357		0	True	1
Q13188	Homo sapiens	Metazoa	491		0	False	3
Q84JL7	Arabidopsis thaliana	Plants	330		0	False	5
P41828	Caenorhabditis elegans	Metazoa	588		0	False	1
Q13530	Homo sapiens	Metazoa	473		0	False	5
O02274	Caenorhabditis elegans	Metazoa	539		0	False	1
Q9NQX3	Homo sapiens	Metazoa	736		0	False	5
Q06667	Saccharomyces cerevisiae (strain ATCC 204508 / S288c)	Fungi	281		0	False	5
Q9M8S2	Arabidopsis thaliana	Plants	558		0	False	5
Q7TS55	Mus musculus	Metazoa	173		0	True	3
P35520	Homo sapiens	Metazoa	551		0	False	4
P49753	Homo sapiens	Metazoa	483		0	False	4
Q944I4	Arabidopsis thaliana	Plants	456		0	False	4
P55041	Mus musculus	Metazoa	295		0	False	1
Q9LF68	Arabidopsis thaliana	Plants	177		0	False	3
Q95PZ0	Caenorhabditis elegans	Metazoa	426		0	False	3
Q9LD95	Arabidopsis thaliana	Plants	547		0	False	1
O70127	Rattus norvegicus	Metazoa	1321		0	True	1
Q8S3U9	Arabidopsis thaliana	Plants	1090		0	False	5
Q695P6	Rattus norvegicus	Metazoa	343		0	True	2
P83111	Homo sapiens	Metazoa	547		0	False	5
A0T0M9	Thalassiosira pseudonana	Other	733		0	True	2
Q8TBK2	Homo sapiens	Metazoa	473		0	False	4
Q924S8	Mus musculus	Metazoa	444		0	False	5
Q92546	Homo sapiens	Metazoa	391		0	False	5
O48847	Arabidopsis thaliana	Plants	787		0	False	4
Q8NI35	Homo sapiens	Metazoa	1801		0	False	5
Q03532	Saccharomyces cerevisiae (strain ATCC 204508 / S288c)	Fungi	505		0	False	3
E9Q5K9	Mus musculus	Metazoa	736		0	False	4
Q12433	Saccharomyces cerevisiae (strain ATCC 204508 / S288c)	Fungi	566		0	False	1
Q8RXE9	Arabidopsis thaliana	Plants	408		0	False	5
P34260	Caenorhabditis elegans	Metazoa	603		0	False	4
O00141	Homo sapiens	Metazoa	431		0	False	2
P32463	Saccharomyces cerevisiae (strain ATCC 204508 / S288c)	Fungi	125		0	False	4
Q8CD54	Mus musculus	Metazoa	2822		0	True	4
P78527	Homo sapiens	Metazoa	4128		0	False	4
O75874	Homo sapiens	Metazoa	414		0	False	1
A7M7C7	Mus musculus	Metazoa	1008		0	False	3
Q61037	Mus musculus	Metazoa	1814		0	False	1
P30560	Rattus norvegicus	Metazoa	424		0	True	3
Q8H1D3	Arabidopsis thaliana	Plants	571		0	False	2
Q9HGQ2	Schizosaccharomyces pombe (strain 972 / ATCC 24843)	Fungi	688		0	False	5
O75679	Homo sapiens	Metazoa	317		0	False	1
Q8I566	Plasmodium falciparum (isolate 3D7)	Other	442		0	False	2
Q9ZVN2	Arabidopsis thaliana	Plants	704		0	False	1
Q53AQ4	Rattus norvegicus	Metazoa	245		0	True	1
P27661	Mus musculus	Metazoa	143		0	False	4
P28803	Spinacia oleracea	Plants	128		0	False	2
Q9JII6	Mus musculus	Metazoa	325		0	False	2
O65719	Arabidopsis thaliana	Plants	649		0	False	5
P63165	Homo sapiens	Metazoa	101		0	False	2
Q96JJ3	Homo sapiens	Metazoa	720		0	False	2
Q9FLV9	Arabidopsis thaliana	Plants	635		0	False	4
O74359	Schizosaccharomyces pombe (strain 972 / ATCC 24843)	Fungi	663		0	False	5
Q9FJG1	Arabidopsis thaliana	Plants	90		0	False	1
Q9UMS0	Homo sapiens	Metazoa	254		0	False	5
Q03460	Medicago sativa	Plants	2194		0	False	5
P51636	Homo sapiens	Metazoa	162		0	False	3
P22509	Rattus norvegicus	Metazoa	327		0	False	1
Q02410	Homo sapiens	Metazoa	837		0	False	2
P29466	Homo sapiens	Metazoa	404		0	False	4
O75712	Homo sapiens	Metazoa	270		0	True	2
Q53H82	Homo sapiens	Metazoa	288		0	False	5
Q4ADV7	Homo sapiens	Metazoa	1423		0	False	5
A6BLW4	Oryza sativa subsp. japonica	Plants	246		0	False	5
P38851	Saccharomyces cerevisiae (strain ATCC 204508 / S288c)	Fungi	1228		0	False	2
P50993	Homo sapiens	Metazoa	1020		0	True	4
Q10655	Caenorhabditis elegans	Metazoa	433		0	False	5
Q6VV64	Mus musculus	Metazoa	394		0	True	5
Q92968	Homo sapiens	Metazoa	403		0	False	2
Q35914	Sus scrofa	Metazoa	67		0	True	4
P42846	Saccharomyces cerevisiae (strain ATCC 204508 / S288c)	Fungi	591		0	False	5
P40576	Saccharomyces cerevisiae (strain ATCC 204508 / S288c)	Fungi	216		0	True	4
Q9D2V7	Mus musculus	Metazoa	922		0	False	4
Q21836	Caenorhabditis elegans	Metazoa	362		0	False	4
Q78YY6	Mus musculus	Metazoa	149		0	True	3
Q08473	Drosophila melanogaster	Metazoa	344		0	False	1
P97470	Mus musculus	Metazoa	307		0	False	4
Q7S300	Neurospora crassa (strain ATCC 24698 / 74-OR23-1A / CBS 708.71 / DSM 1257 / FGSC 987)	Fungi	138		0	False	5
Q93V66	Arabidopsis thaliana	Plants	226		0	False	5
Q9ZUR7	Arabidopsis thaliana	Plants	468		0	False	1
P08646	Drosophila melanogaster	Metazoa	189		0	False	5
Q90477	Danio rerio	Metazoa	275		0	False	1
P43589	Saccharomyces cerevisiae (strain ATCC 204508 / S288c)	Fungi	448		0	False	3
P04840	Saccharomyces cerevisiae (strain ATCC 204508 / S288c)	Fungi	283		0	False	5
Q06672	Saccharomyces cerevisiae (strain ATCC 204508 / S288c)	Fungi	205		0	False	4
Q9EPZ6	Mus musculus	Metazoa	613		0	False	4
O60129	Schizosaccharomyces pombe (strain 972 / ATCC 24843)	Fungi	642		0	False	4
P51827	Mus musculus	Metazoa	1254		0	False	4
Q96A61	Homo sapiens	Metazoa	297		0	False	4
Q04894	Saccharomyces cerevisiae (strain ATCC 204508 / S288c)	Fungi	360		0	False	4
C4LVG4	Entamoeba histolytica (strain ATCC 30459 / HM-1:IMSS / ABRM)	Other	138		0	False	5
Q9WUU9	Mus musculus	Metazoa	1971		0	False	1
Q8W4B1	Arabidopsis thaliana	Plants	652		0	False	5
Q9P7X2	Schizosaccharomyces pombe (strain 972 / ATCC 24843)	Fungi	533		0	False	2
P37091	Rattus norvegicus	Metazoa	650		0	True	3
Q95N27	Bos taurus	Metazoa	568		0	False	5
P47108	Saccharomyces cerevisiae (strain ATCC 204508 / S288c)	Fungi	1174		0	False	1
Q09814	Schizosaccharomyces pombe (strain 972 / ATCC 24843)	Fungi	239		0	False	2
Q9JJG9	Mus musculus	Metazoa	693		0	False	5
Q10429	Schizosaccharomyces pombe (strain 972 / ATCC 24843)	Fungi	875		0	False	4
Q9VKY1	Drosophila melanogaster	Metazoa	268		0	False	3
P32617	Saccharomyces cerevisiae (strain ATCC 204508 / S288c)	Fungi	166		0	False	3
Q06680	Saccharomyces cerevisiae (strain ATCC 204508 / S288c)	Fungi	1035		0	False	1
O74848	Schizosaccharomyces pombe (strain 972 / ATCC 24843)	Fungi	311		0	False	4
Q6ICB0	Homo sapiens	Metazoa	168		0	False	4
O95760	Homo sapiens	Metazoa	270		0	False	5
P22516	Saccharomyces cerevisiae (strain ATCC 204508 / S288c)	Fungi	861		0	False	5
O60879	Homo sapiens	Metazoa	1101		0	False	4
Q99594	Homo sapiens	Metazoa	435		0	False	3
Q9ZVH8	Arabidopsis thaliana	Plants	378		0	False	2
Q4V920	Danio rerio	Metazoa	445		0	False	2
Q42783	Glycine max	Plants	262		0	False	4
P38811	Saccharomyces cerevisiae (strain ATCC 204508 / S288c)	Fungi	3744		0	False	4
Q7Z4I7	Homo sapiens	Metazoa	341		0	False	2
Q8K0U4	Mus musculus	Metazoa	675		0	False	3
Q6Y685	Mus musculus	Metazoa	774		0	False	2
Q7TNS8	Mus musculus	Metazoa	369		0	False	1
Q12466	Saccharomyces cerevisiae (strain ATCC 204508 / S288c)	Fungi	1186		0	False	4
Q7YU29	Drosophila melanogaster	Metazoa	1051		0	False	3
Q9DBI0	Mus musculus	Metazoa	811		0	True	2
P41758	Chlamydomonas reinhardtii	Plants	461		0	False	5
Q12950	Homo sapiens	Metazoa	439		0	False	5
Q66K89	Homo sapiens	Metazoa	784		0	False	5
Q96QC0	Homo sapiens	Metazoa	940		0	False	3
Q9VTE2	Drosophila melanogaster	Metazoa	962		0	False	2
Q9Y6F1	Homo sapiens	Metazoa	533		0	False	5
P32387	Saccharomyces cerevisiae (strain ATCC 204508 / S288c)	Fungi	263		0	False	1
A0A1D5PRR9	Gallus gallus	Metazoa	2041		0	False	4
O04017	Arabidopsis thaliana	Plants	375		0	False	5
P39525	Saccharomyces cerevisiae (strain ATCC 204508 / S288c)	Fungi	442		0	False	5
Q99NB8	Mus musculus	Metazoa	596		0	False	4
P52912	Mus musculus	Metazoa	386		0	False	3
O15169	Homo sapiens	Metazoa	862		0	False	3
P32182	Rattus norvegicus	Metazoa	458		0	False	2
Q9FGT8	Arabidopsis thaliana	Plants	186		0	False	5
F4IRQ5	Arabidopsis thaliana	Plants	567		0	False	2
O80386	Arabidopsis thaliana	Plants	1058		0	False	3
Q8GZA8	Arabidopsis thaliana	Plants	237		0	False	3
Q8C2B3	Mus musculus	Metazoa	938		0	False	1
Q86UD5	Homo sapiens	Metazoa	537		0	True	3
Q92597	Homo sapiens	Metazoa	394		0	False	3
Q9HGN5	Schizosaccharomyces pombe (strain 972 / ATCC 24843)	Fungi	279		0	False	5
P32783	Saccharomyces cerevisiae (strain ATCC 204508 / S288c)	Fungi	436		0	False	2
P38064	Saccharomyces cerevisiae (strain ATCC 204508 / S288c)	Fungi	232		0	False	1
Q86U86	Homo sapiens	Metazoa	1689		0	False	4
P18911	Mus musculus	Metazoa	458		0	False	2
Q23357	Caenorhabditis elegans	Metazoa	668		0	False	5
P23739	Rattus norvegicus	Metazoa	1841		0	True	2
P15531	Homo sapiens	Metazoa	152		0	False	3
Q5NE24	Medicago truncatula	Plants	508		0	False	4
Q63622	Rattus norvegicus	Metazoa	852		0	False	4
Q96JB3	Homo sapiens	Metazoa	615		0	False	5
P00523	Gallus gallus	Metazoa	533		0	False	2
P70399	Mus musculus	Metazoa	1969		0	False	3
Q9R088	Mus musculus	Metazoa	270		0	False	4
O35144	Mus musculus	Metazoa	541		0	False	1
P62168	Rattus norvegicus	Metazoa	190		0	False	4
P36046	Saccharomyces cerevisiae (strain ATCC 204508 / S288c)	Fungi	403		0	True	1
Q15646	Homo sapiens	Metazoa	514		0	False	4
Q9UMQ3	Homo sapiens	Metazoa	279		0	False	3
Q8K4D7	Mus musculus	Metazoa	647		0	False	5
Q64541	Rattus norvegicus	Metazoa	1028		0	False	4
Q9Y2V3	Homo sapiens	Metazoa	346		0	False	4
Q08622	Saccharomyces cerevisiae (strain ATCC 204508 / S288c)	Fungi	556		0	False	4
A8JGB0	Chlamydomonas reinhardtii	Plants	777		0	False	2
P25042	Saccharomyces cerevisiae (strain ATCC 204508 / S288c)	Fungi	368		0	False	4
P53172	Saccharomyces cerevisiae (strain ATCC 204508 / S288c)	Fungi	527		0	False	5
Q70CQ3	Homo sapiens	Metazoa	517		0	True	3
P40316	Saccharomyces cerevisiae (strain ATCC 204508 / S288c)	Fungi	373		0	False	2
Q9SY88	Arabidopsis thaliana	Plants	310		0	False	4
Q80TT2	Mus musculus	Metazoa	1150		0	False	5
Q6NXH3	Mus musculus	Metazoa	473		0	False	5
Q6X893	Mus musculus	Metazoa	653		0	True	1
P19643	Rattus norvegicus	Metazoa	520		0	False	3
P37225	Solanum tuberosum	Plants	601		0	False	2
Q9LSD0	Arabidopsis thaliana	Plants	332		0	False	2
Q6NRW3	Xenopus laevis	Metazoa	199		0	False	5
Q9V727	Drosophila melanogaster	Metazoa	1669		0	False	1
Q9FT52	Arabidopsis thaliana	Plants	168		0	False	1
O75955	Homo sapiens	Metazoa	427		0	False	4
Q86TS9	Homo sapiens	Metazoa	123		0	False	1
Q9ER34	Rattus norvegicus	Metazoa	780		0	False	3
Q708S7	Danio rerio	Metazoa	501		0	True	4
Q10234	Schizosaccharomyces pombe (strain 972 / ATCC 24843)	Fungi	387		0	False	4
P29083	Homo sapiens	Metazoa	439		0	False	5
P46099	Mus musculus	Metazoa	358		0	False	3
Q9BQS6	Homo sapiens	Metazoa	159		0	False	3
Q8NI36	Homo sapiens	Metazoa	895		0	False	5
P53060	Saccharomyces cerevisiae (strain ATCC 204508 / S288c)	Fungi	241		0	False	1
Q17958	Caenorhabditis elegans	Metazoa	215		0	False	4
Q8VED8	Mus musculus	Metazoa	361		0	False	1
O49196	Arabidopsis thaliana	Plants	293		0	False	5
Q9H161	Homo sapiens	Metazoa	411		0	False	5
Q5VW36	Homo sapiens	Metazoa	1801		0	False	1
Q9GZQ8	Homo sapiens	Metazoa	125		0	False	5
Q6ZI01	Oryza sativa subsp. japonica	Plants	213		0	False	1
Q8NCU7	Homo sapiens	Metazoa	369		0	False	3
P26369	Mus musculus	Metazoa	475		0	False	1
Q7RXV8	Neurospora crassa (strain ATCC 24698 / 74-OR23-1A / CBS 708.71 / DSM 1257 / FGSC 987)	Fungi	449		0	False	4
Q6IZB5	Cricetulus griseus	Metazoa	316		0	True	5
P14068	Schizosaccharomyces pombe (strain 972 / ATCC 24843)	Fungi	1078		0	False	4
Q01448	Saccharomyces cerevisiae (strain ATCC 204508 / S288c)	Fungi	625		0	False	5
P30429	Caenorhabditis elegans	Metazoa	549		0	False	3
Q9UIF7	Homo sapiens	Metazoa	546		0	False	1
Q90ZE2	Danio rerio	Metazoa	589		0	False	5
O42662	Schizosaccharomyces pombe (strain 972 / ATCC 24843)	Fungi	385		0	False	5
Q62205	Mus musculus	Metazoa	1984		0	False	1
Q8L7F7	Arabidopsis thaliana	Plants	739		0	False	4
W8JWV8	Catharanthus roseus	Plants	378		0	False	5
Q08580	Saccharomyces cerevisiae (strain ATCC 204508 / S288c)	Fungi	376		0	False	2
P53955	Saccharomyces cerevisiae (strain ATCC 204508 / S288c)	Fungi	656		0	False	2
Q9Z1J3	Mus musculus	Metazoa	459		0	False	2
Q8L983	Arabidopsis thaliana	Plants	218		0	False	2
Q8VYP0	Arabidopsis thaliana	Plants	334		0	False	2
Q96DZ5	Homo sapiens	Metazoa	547		0	False	4
Q9S7J9	Arabidopsis thaliana	Plants	185		0	False	1
P38770	Saccharomyces cerevisiae (strain ATCC 204508 / S288c)	Fungi	471		0	False	1
Q9HGL9	Schizosaccharomyces pombe (strain 972 / ATCC 24843)	Fungi	252		0	False	4
P31001	Mus musculus	Metazoa	469		0	False	5
Q7TN79	Mus musculus	Metazoa	314		0	False	4
P13587	Saccharomyces cerevisiae (strain ATCC 204508 / S288c)	Fungi	1091		0	True	3
P36009	Saccharomyces cerevisiae (strain ATCC 204508 / S288c)	Fungi	735		0	False	2
Q9JK83	Mus musculus	Metazoa	371		0	False	5
Q96QF7	Homo sapiens	Metazoa	691		0	False	2
Q3MJK5	Rattus norvegicus	Metazoa	1484		0	False	2
P93313	Arabidopsis thaliana	Plants	495		0	True	3
P33399	Saccharomyces cerevisiae (strain ATCC 204508 / S288c)	Fungi	275		0	False	1
F4KAF2	Arabidopsis thaliana	Plants	800		0	False	4
Q9Y267	Homo sapiens	Metazoa	594		0	True	1
Q9UIL8	Homo sapiens	Metazoa	331		0	False	2
O43561	Homo sapiens	Metazoa	262		0	True	3
Q04477	Saccharomyces cerevisiae (strain ATCC 204508 / S288c)	Fungi	213		0	False	3
P0C089	Rattus norvegicus	Metazoa	193		0	False	4
Q96RN5	Homo sapiens	Metazoa	788		0	False	3
Q9SCN8	Arabidopsis thaliana	Plants	815		0	False	1
O88713	Mus musculus	Metazoa	188		0	True	2
B5DFK7	Rattus norvegicus	Metazoa	320		0	False	5
A6NHX0	Homo sapiens	Metazoa	329		0	False	3
Q10SU5	Oryza sativa subsp. japonica	Plants	598		0	False	1
Q9CQ91	Mus musculus	Metazoa	84		0	True	4
Q1PEP5	Arabidopsis thaliana	Plants	636		0	False	2
O88898	Mus musculus	Metazoa	680		0	False	5
P61353	Homo sapiens	Metazoa	136		0	False	4
O15296	Homo sapiens	Metazoa	676		0	False	2
P53148	Saccharomyces cerevisiae (strain ATCC 204508 / S288c)	Fungi	917		0	False	5
P00047	Thermomyces lanuginosus	Fungi	111		0	False	5
P27699	Mus musculus	Metazoa	357		0	False	4
Q6P3S1	Homo sapiens	Metazoa	775		0	False	1
Q9NXL9	Homo sapiens	Metazoa	1143		0	False	5
Q921N8	Mus musculus	Metazoa	327		0	False	3
P93047	Arabidopsis thaliana	Plants	141		0	False	3
P97532	Rattus norvegicus	Metazoa	297		0	False	4
Q8RY59	Arabidopsis thaliana	Plants	589		0	False	1
P20293	Mus musculus	Metazoa	436		0	False	2
P29558	Homo sapiens	Metazoa	406		0	False	1
O42804	Aspergillus niger	Fungi	945		0	False	2
X5JA13	Arabidopsis thaliana	Plants	825		0	False	5
Q8TDT2	Homo sapiens	Metazoa	470		0	True	1
O75192	Homo sapiens	Metazoa	247		0	True	1
Q9SH14	Arabidopsis thaliana	Plants	120		0	False	3
Q949P2	Arabidopsis thaliana	Plants	701		0	False	4
P38326	Saccharomyces cerevisiae (strain ATCC 204508 / S288c)	Fungi	303		0	False	5
Q14011	Homo sapiens	Metazoa	172		0	False	1
Q2M3G0	Homo sapiens	Metazoa	1257		0	True	1
Q2YDF6	Bos taurus	Metazoa	325		0	False	5
Q12373	Saccharomyces cerevisiae (strain ATCC 204508 / S288c)	Fungi	385		0	False	2
P93758	Arabidopsis thaliana	Plants	274		0	False	3
Q9UUB5	Schizosaccharomyces pombe (strain 972 / ATCC 24843)	Fungi	329		0	False	5
O54937	Rattus norvegicus	Metazoa	412		0	False	4
P11505	Rattus norvegicus	Metazoa	1220		0	False	3
O94261	Schizosaccharomyces pombe (strain 972 / ATCC 24843)	Fungi	220		0	False	4
D3Z6Q9	Mus musculus	Metazoa	489		0	False	4
O44411	Caenorhabditis elegans	Metazoa	681		0	False	3
P49768	Homo sapiens	Metazoa	467		0	True	4
Q4V7H8	Xenopus laevis	Metazoa	296		0	False	2
P21952	Mus musculus	Metazoa	449		0	False	1
Q9LSW8	Arabidopsis thaliana	Plants	251		0	False	5
Q5NBY9	Mus musculus	Metazoa	687		0	False	1
Q8LAP6	Arabidopsis thaliana	Plants	409		0	False	3
Q9VH70	Drosophila melanogaster	Metazoa	814		0	False	4
Q6RFZ7	Rattus norvegicus	Metazoa	1039		0	False	3
Q8K0H1	Mus musculus	Metazoa	567		0	True	3
O24164	Nicotiana tabacum	Plants	504		0	False	3
O75626	Homo sapiens	Metazoa	825		0	False	1
J9VI03	Cryptococcus neoformans var. grubii serotype A (strain H99 / ATCC 208821 / CBS 10515 / FGSC 9487)	Fungi	2377		0	False	5
O14423	Schizosaccharomyces pombe (strain 972 / ATCC 24843)	Fungi	514		0	False	1
Q9Y6H8	Homo sapiens	Metazoa	435		0	True	2
P07199	Homo sapiens	Metazoa	599		0	False	1
P56385	Homo sapiens	Metazoa	69		0	False	3
Q10103	Schizosaccharomyces pombe (strain 972 / ATCC 24843)	Fungi	960		0	False	2
Q64MA3	Oryza sativa subsp. japonica	Plants	629		0	False	4
P10109	Homo sapiens	Metazoa	184		0	False	3
Q9FXA8	Arabidopsis thaliana	Plants	616		0	False	3
Q9UI33	Homo sapiens	Metazoa	1791		0	False	1
Q9UTP3	Schizosaccharomyces pombe (strain 972 / ATCC 24843)	Fungi	59		0	False	4
P34164	Saccharomyces cerevisiae (strain ATCC 204508 / S288c)	Fungi	415		0	False	5
Q9BX68	Homo sapiens	Metazoa	163		0	False	5
Q10135	Schizosaccharomyces pombe (strain 972 / ATCC 24843)	Fungi	1273		0	False	4
Q6PIW4	Homo sapiens	Metazoa	674		0	False	5
Q42545	Arabidopsis thaliana	Plants	433		0	False	2
P12004	Homo sapiens	Metazoa	261		0	False	4
P33077	Arabidopsis thaliana	Plants	186		0	False	2
Q61532	Mus musculus	Metazoa	720		0	False	3
Q8CGU1	Mus musculus	Metazoa	691		0	False	4
O43008	Schizosaccharomyces pombe (strain 972 / ATCC 24843)	Fungi	300		0	False	1
P53566	Mus musculus	Metazoa	359		0	False	4
Q68D91	Homo sapiens	Metazoa	279		0	False	1
P84076	Rattus norvegicus	Metazoa	193		0	False	5
Q9Y230	Homo sapiens	Metazoa	463		0	False	5
A8MTJ6	Homo sapiens	Metazoa	420		0	False	4
Q02870	Drosophila melanogaster	Metazoa	798		0	False	5
O64852	Arabidopsis thaliana	Plants	416		0	False	1
Q05016	Saccharomyces cerevisiae (strain ATCC 204508 / S288c)	Fungi	267		0	False	1
P50534	Drosophila melanogaster	Metazoa	773		0	False	1
P00397	Mus musculus	Metazoa	514		0	True	1
Q920Q0	Rattus norvegicus	Metazoa	383		0	False	3
Q9NR28	Homo sapiens	Metazoa	239		0	False	2
Q29VN2	Zea mays	Plants	581		0	False	4
O04376	Arabidopsis thaliana	Plants	499		0	False	1
Q9SMJ3	Capsicum annuum	Plants	588		0	False	1
O80396	Arabidopsis thaliana	Plants	520		0	False	2
Q804S5	Danio rerio	Metazoa	1030		0	False	1
Q9Y6K9	Homo sapiens	Metazoa	419		0	False	3
Q8VYL1	Arabidopsis thaliana	Plants	588		0	False	4
P05085	Saccharomyces cerevisiae (strain ATCC 204508 / S288c)	Fungi	880		0	False	4
O15229	Homo sapiens	Metazoa	486		0	False	5
P20649	Arabidopsis thaliana	Plants	949		0	True	5
Q14469	Homo sapiens	Metazoa	280		0	False	1
Q9UGH3	Homo sapiens	Metazoa	650		0	False	2
P12305	Tetrahymena pyriformis	Other	165		0	False	3
P08414	Mus musculus	Metazoa	469		0	False	4
O14880	Homo sapiens	Metazoa	152		0	True	4
E5RP65	Humulus lupulus	Plants	411		0	False	3
Q9D9W1	Mus musculus	Metazoa	207		0	False	4
Q6R0G4	Arabidopsis thaliana	Plants	293		0	False	1
Q13585	Homo sapiens	Metazoa	617		0	True	5
P39688	Mus musculus	Metazoa	537		0	False	2
H9G301	Caenorhabditis elegans	Metazoa	202		0	False	1
P67809	Homo sapiens	Metazoa	324		0	False	5
Q86TI2	Homo sapiens	Metazoa	863		0	False	2
Q01085	Homo sapiens	Metazoa	375		0	False	4
O00716	Homo sapiens	Metazoa	465		0	False	1
Q04922	Saccharomyces cerevisiae (strain ATCC 204508 / S288c)	Fungi	465		0	False	1
Q584D1	Trypanosoma brucei brucei (strain 927/4 GUTat10.1)	Other	639		0	False	3
Q96HS1	Homo sapiens	Metazoa	289		0	True	4
Q9NR19	Homo sapiens	Metazoa	701		0	False	1
P33075	Schizosaccharomyces pombe (strain 972 / ATCC 24843)	Fungi	220		0	False	2
Q9FFY9	Arabidopsis thaliana	Plants	640		0	False	1
Q62318	Mus musculus	Metazoa	834		0	False	1
Q08509	Mus musculus	Metazoa	821		0	False	4
Q99MS3	Mus musculus	Metazoa	194		0	True	2
F4IF36	Arabidopsis thaliana	Plants	1295		0	False	5
Q5VT06	Homo sapiens	Metazoa	3117		0	False	4
O88554	Mus musculus	Metazoa	559		0	False	4
Q9UT32	Schizosaccharomyces pombe (strain 972 / ATCC 24843)	Fungi	373		0	False	4
Q9LPP4	Arabidopsis thaliana	Plants	128		0	False	4
Q9Y5Z4	Homo sapiens	Metazoa	205		0	False	4
D3ZGZ6	Rattus norvegicus	Metazoa	127		0	True	1
O97593	Bos taurus	Metazoa	1233		0	False	3
P09025	Mus musculus	Metazoa	242		0	False	1
P40957	Saccharomyces cerevisiae (strain ATCC 204508 / S288c)	Fungi	749		0	False	4
O35615	Mus musculus	Metazoa	995		0	False	5
Q11179	Caenorhabditis elegans	Metazoa	470		0	False	4
P42166	Homo sapiens	Metazoa	694		0	False	4
Q3UHA3	Mus musculus	Metazoa	2430		0	False	3
Q9JM54	Mus musculus	Metazoa	103		0	False	5
Q9BUB5	Homo sapiens	Metazoa	465		0	False	3
Q6ZRY4	Homo sapiens	Metazoa	209		0	False	5
P70696	Mus musculus	Metazoa	127		0	False	1
Q7K5N4	Drosophila melanogaster	Metazoa	471		0	False	1
Q9UNE7	Homo sapiens	Metazoa	303		0	False	2
P32796	Saccharomyces cerevisiae (strain ATCC 204508 / S288c)	Fungi	670		0	False	3
P28340	Homo sapiens	Metazoa	1107		0	False	3
P15806	Mus musculus	Metazoa	651		0	False	1
Q91XB0	Mus musculus	Metazoa	314		0	False	1
P58753	Homo sapiens	Metazoa	221		0	False	4
P36957	Homo sapiens	Metazoa	453		0	False	1
Q9R1K8	Rattus norvegicus	Metazoa	795		0	False	5
Q92317	Saccharomyces cerevisiae (strain ATCC 204508 / S288c)	Fungi	146		0	False	3
P03069	Saccharomyces cerevisiae (strain ATCC 204508 / S288c)	Fungi	281		0	False	2
P05626	Saccharomyces cerevisiae (strain ATCC 204508 / S288c)	Fungi	244		0	False	1
A1XBS5	Homo sapiens	Metazoa	289		0	False	4
Q9DCX2	Mus musculus	Metazoa	161		0	False	3
P40015	Saccharomyces cerevisiae (strain ATCC 204508 / S288c)	Fungi	477		0	False	5
Q8BXP5	Mus musculus	Metazoa	385		0	False	1
Q8L607	Arabidopsis thaliana	Plants	386		0	False	1
O88813	Rattus norvegicus	Metazoa	683		0	True	5
Q8W4B2	Arabidopsis thaliana	Plants	333		0	False	5
Q94A52	Arabidopsis thaliana	Plants	408		0	False	4
Q94AH6	Arabidopsis thaliana	Plants	738		0	False	2
O94519	Schizosaccharomyces pombe (strain 972 / ATCC 24843)	Fungi	311		0	False	3
P41895	Saccharomyces cerevisiae (strain ATCC 204508 / S288c)	Fungi	735		0	False	2
A2YH60	Oryza sativa subsp. indica	Plants	419		0	False	3
Q08932	Saccharomyces cerevisiae (strain ATCC 204508 / S288c)	Fungi	381		0	False	4
Q96AH0	Homo sapiens	Metazoa	204		0	False	1
Q93Z17	Arabidopsis thaliana	Plants	173		0	False	3
A0A7G5KLV3	Cananga odorata	Plants	586		0	False	3
Q9LYB9	Arabidopsis thaliana	Plants	186		0	False	4
P52909	Rattus norvegicus	Metazoa	341		0	False	2
Q9Y709	Schizosaccharomyces pombe (strain 972 / ATCC 24843)	Fungi	161		0	False	3
Q9Y657	Homo sapiens	Metazoa	262		0	False	1
Q9SXJ7	Arabidopsis thaliana	Plants	952		0	False	5
P63244	Homo sapiens	Metazoa	317		0	False	5
P02730	Homo sapiens	Metazoa	911		0	False	3
O95810	Homo sapiens	Metazoa	425		0	False	5
P33760	Saccharomyces cerevisiae (strain ATCC 204508 / S288c)	Fungi	1030		0	False	4
Q96S99	Homo sapiens	Metazoa	279		0	False	2
P20000	Bos taurus	Metazoa	520		0	False	5
O35484	Mus musculus	Metazoa	448		0	False	2
Q3ZC04	Bos taurus	Metazoa	102		0	False	4
Q9R059	Mus musculus	Metazoa	289		0	False	5
P62701	Homo sapiens	Metazoa	263		0	False	4
Q2VPU4	Mus musculus	Metazoa	917		0	False	5
Q9UT97	Schizosaccharomyces pombe (strain 972 / ATCC 24843)	Fungi	247		0	False	2
Q652K4	Oryza sativa subsp. japonica	Plants	315		0	False	5
P25809	Rattus norvegicus	Metazoa	418		0	False	2
Q39243	Arabidopsis thaliana	Plants	375		0	False	4
Q9EQ80	Mus musculus	Metazoa	376		0	False	4
Q8TEA8	Homo sapiens	Metazoa	209		0	False	2
Q9SMM5	Arabidopsis thaliana	Plants	289		0	True	5
Q8N8Q8	Homo sapiens	Metazoa	333		0	False	1
Q99MD6	Mus musculus	Metazoa	652		0	False	5
Q8NF64	Homo sapiens	Metazoa	920		0	False	4
P39533	Saccharomyces cerevisiae (strain ATCC 204508 / S288c)	Fungi	789		0	False	2
P22009	Candida tropicalis	Fungi	127		0	False	1
P37840	Homo sapiens	Metazoa	140		0	False	2
Q9ZWJ9	Arabidopsis thaliana	Plants	664		0	False	2
Q96EF0	Homo sapiens	Metazoa	704		0	False	4
Q9DC28	Mus musculus	Metazoa	415		0	False	3
Q14526	Homo sapiens	Metazoa	733		0	False	3
P48482	Arabidopsis thaliana	Plants	312		0	False	5
Q9SNB8	Arabidopsis thaliana	Plants	583		0	False	3
A0A125S9M5	Hypsibius exemplaris	Metazoa	614		0	False	4
P09440	Saccharomyces cerevisiae (strain ATCC 204508 / S288c)	Fungi	975		0	False	2
Q9UJA2	Homo sapiens	Metazoa	301		0	False	1
P08050	Rattus norvegicus	Metazoa	382		0	True	2
Q9HB96	Homo sapiens	Metazoa	536		0	False	2
P46777	Homo sapiens	Metazoa	297		0	False	3
Q8WQX5	Trypanosoma brucei brucei	Other	976		0	False	5
Q84L33	Arabidopsis thaliana	Plants	371		0	False	4
Q16514	Homo sapiens	Metazoa	161		0	False	4
Q95749	Arabidopsis thaliana	Plants	556		0	False	1
Q8BWY7	Mus musculus	Metazoa	342		0	True	5
P51145	Rattus norvegicus	Metazoa	326		0	False	2
O81208	Arabidopsis thaliana	Plants	110		0	True	1
O70361	Mus musculus	Metazoa	1113		0	False	1
Q13216	Homo sapiens	Metazoa	396		0	False	1
Q9HCF6	Homo sapiens	Metazoa	1732		0	False	2
Q9W539	Drosophila melanogaster	Metazoa	1518		0	False	1
A5A6S6	Oryctolagus cuniculus	Metazoa	295		0	True	2
Q5XIJ5	Rattus norvegicus	Metazoa	310		0	False	1
Q7SH52	Neurospora crassa (strain ATCC 24698 / 74-OR23-1A / CBS 708.71 / DSM 1257 / FGSC 987)	Fungi	1168		0	False	5
Q9H2W2	Homo sapiens	Metazoa	232		0	False	3
Q8LBB2	Arabidopsis thaliana	Plants	424		0	False	5
Q9C0B5	Homo sapiens	Metazoa	715		0	True	2
Q64152	Mus musculus	Metazoa	204		0	False	4
P97813	Mus musculus	Metazoa	933		0	False	2
P43490	Homo sapiens	Metazoa	491		0	False	2
Q04888	Mus musculus	Metazoa	466		0	False	2
O60671	Homo sapiens	Metazoa	282		0	False	3
O01811	Caenorhabditis elegans	Metazoa	377		0	True	5
Q2TA37	Bos taurus	Metazoa	184		0	False	3
P45953	Rattus norvegicus	Metazoa	655		0	False	5
P02283	Drosophila melanogaster	Metazoa	123		0	False	1
Q24JK1	Arabidopsis thaliana	Plants	352		0	False	2
O70456	Mus musculus	Metazoa	248		0	False	1
Q941D6	Arabidopsis thaliana	Plants	423		0	False	4
Q94CK3	Arabidopsis thaliana	Plants	167		0	False	3
Q38885	Arabidopsis thaliana	Plants	551		0	False	2
O75688	Homo sapiens	Metazoa	479		0	False	4
O95415	Homo sapiens	Metazoa	125		0	True	2
O43194	Homo sapiens	Metazoa	453		0	True	5
P10080	Saccharomyces cerevisiae (strain ATCC 204508 / S288c)	Fungi	294		0	False	4
O94778	Homo sapiens	Metazoa	261		0	True	2
Q9P7Y0	Schizosaccharomyces pombe (strain 972 / ATCC 24843)	Fungi	395		0	False	4
O75947	Homo sapiens	Metazoa	161		0	False	5
Q14CB8	Homo sapiens	Metazoa	494		0	False	5
P33311	Saccharomyces cerevisiae (strain ATCC 204508 / S288c)	Fungi	773		0	False	2
Q9MA79	Arabidopsis thaliana	Plants	341		0	False	2
Q6P1X5	Homo sapiens	Metazoa	1199		0	False	3
Q9FE22	Arabidopsis thaliana	Plants	292		0	False	3
Q9LVS0	Arabidopsis thaliana	Plants	365		0	False	2
Q12789	Homo sapiens	Metazoa	2109		0	False	4
P08033	Rattus norvegicus	Metazoa	283		0	True	1
P07663	Drosophila melanogaster	Metazoa	1224		0	False	3
Q96LW4	Homo sapiens	Metazoa	560		0	False	3
A2AUU0	Mus musculus	Metazoa	281		0	False	2
Q06559	Drosophila melanogaster	Metazoa	246		0	False	1
P23293	Saccharomyces cerevisiae (strain ATCC 204508 / S288c)	Fungi	657		0	False	5
Q8NFU5	Homo sapiens	Metazoa	416		0	False	3
Q9H2G9	Homo sapiens	Metazoa	400		0	False	5
P09215	Rattus norvegicus	Metazoa	673		0	False	5
Q09161	Homo sapiens	Metazoa	790		0	False	2
Q12768	Homo sapiens	Metazoa	1159		0	False	2
Q9FIK7	Arabidopsis thaliana	Plants	415		0	False	1
Q7S518	Neurospora crassa (strain ATCC 24698 / 74-OR23-1A / CBS 708.71 / DSM 1257 / FGSC 987)	Fungi	165		0	False	1
Q9LLB0	Solanum lycopersicum	Plants	510		0	False	2
Q8IZU0	Homo sapiens	Metazoa	186		0	False	1
Q9FFH3	Arabidopsis thaliana	Plants	466		0	False	3
Q9CQR4	Mus musculus	Metazoa	140		0	False	2
Q9ZU51	Arabidopsis thaliana	Plants	147		0	False	3
P41231	Homo sapiens	Metazoa	377		0	True	4
P0C7T6	Mus musculus	Metazoa	687		0	False	3
Q8K382	Mus musculus	Metazoa	1016		0	False	5
Q9P2K9	Homo sapiens	Metazoa	1392		0	True	5
P43299	Arabidopsis thaliana	Plants	716		0	False	2
Q9NQB0	Homo sapiens	Metazoa	619		0	False	4
Q8IW19	Homo sapiens	Metazoa	511		0	False	3
O49687	Arabidopsis thaliana	Plants	589		0	False	2
F4IS56	Arabidopsis thaliana	Plants	479		0	False	1
Q9UV50	Debaryomyces hansenii (strain ATCC 36239 / CBS 767 / BCRC 21394 / JCM 1990 / NBRC 0083 / IGC 2968)	Fungi	387		0	False	2
P32776	Saccharomyces cerevisiae (strain ATCC 204508 / S288c)	Fungi	642		0	False	5
Q4WIN1	Aspergillus fumigatus (strain ATCC MYA-4609 / CBS 101355 / FGSC A1100 / Af293)	Fungi	988		0	False	5
Q8LJT8	Arabidopsis thaliana	Plants	743		0	False	5
Q02908	Saccharomyces cerevisiae (strain ATCC 204508 / S288c)	Fungi	557		0	False	5
Q6PI98	Homo sapiens	Metazoa	192		0	False	3
Q9FNR3	Arabidopsis thaliana	Plants	639		0	False	2
O95707	Homo sapiens	Metazoa	220		0	False	1
O00560	Homo sapiens	Metazoa	298		0	False	2
Q96NC0	Homo sapiens	Metazoa	199		0	False	1
Q9BUK6	Homo sapiens	Metazoa	570		0	False	2
P17606	Sorghum bicolor	Plants	429		0	False	2
Q39249	Arabidopsis thaliana	Plants	462		0	False	2
Q9Y4W2	Homo sapiens	Metazoa	734		0	False	5
B0F9W3	Micropogonias undulatus	Metazoa	354		0	True	5
P29419	Rattus norvegicus	Metazoa	71		0	False	2
Q0JCC3	Oryza sativa subsp. japonica	Plants	560		0	False	5
P49146	Homo sapiens	Metazoa	381		0	True	2
Q9LW00	Arabidopsis thaliana	Plants	254		0	False	2
P93831	Arabidopsis thaliana	Plants	902		0	False	3
Q9LL85	Solanum tuberosum	Plants	274		0	False	5
Q9LXJ0	Arabidopsis thaliana	Plants	473		0	False	4
P82352	Oryctolagus cuniculus	Metazoa	238		0	True	3
Q99PE8	Mus musculus	Metazoa	652		0	False	2
P82932	Homo sapiens	Metazoa	125		0	False	2
P15646	Saccharomyces cerevisiae (strain ATCC 204508 / S288c)	Fungi	327		0	False	4
Q9NPH5	Homo sapiens	Metazoa	578		0	True	1
O00712	Homo sapiens	Metazoa	420		0	False	1
Q9JJV7	Rattus norvegicus	Metazoa	107		0	True	1
O22832	Arabidopsis thaliana	Plants	401		0	False	4
O17386	Caenorhabditis elegans	Metazoa	458		0	True	4
Q8L7N4	Arabidopsis thaliana	Plants	343		0	True	4
Q9SXZ2	Arabidopsis thaliana	Plants	175		0	False	5
P53632	Saccharomyces cerevisiae (strain ATCC 204508 / S288c)	Fungi	584		0	False	1
Q42438	Arabidopsis thaliana	Plants	533		0	False	1
Q9R1S7	Mus musculus	Metazoa	1498		0	True	2
Q8C6B9	Mus musculus	Metazoa	143		0	False	1
Q9S7Z2	Arabidopsis thaliana	Plants	319		0	False	4
P38731	Saccharomyces cerevisiae (strain ATCC 204508 / S288c)	Fungi	627		0	True	1
Q63285	Rattus norvegicus	Metazoa	419		0	False	2
P16452	Homo sapiens	Metazoa	691		0	False	4
G5EEG1	Caenorhabditis elegans	Metazoa	482		0	False	5
P09001	Homo sapiens	Metazoa	348		0	False	1
P53946	Saccharomyces cerevisiae (strain ATCC 204508 / S288c)	Fungi	755		0	False	1
P21651	Saccharomyces cerevisiae (strain ATCC 204508 / S288c)	Fungi	314		0	False	5
O74778	Schizosaccharomyces pombe (strain 972 / ATCC 24843)	Fungi	284		0	False	3
Q9UJY1	Homo sapiens	Metazoa	196		0	False	4
P49021	Drosophila melanogaster	Metazoa	1398		0	False	1
P26321	Saccharomyces cerevisiae (strain ATCC 204508 / S288c)	Fungi	297		0	False	2
E9P974	Saccharomyces cerevisiae	Fungi	234		0	False	3
O04922	Arabidopsis thaliana	Plants	169		0	False	1
F4JCB2	Arabidopsis thaliana	Plants	601		0	False	1
Q38786	Avena sativa	Plants	574		0	False	1
Q19131	Caenorhabditis elegans	Metazoa	813		0	False	4
O74311	Schizosaccharomyces pombe (strain 972 / ATCC 24843)	Fungi	150		0	False	4
D3GE74	Medicago truncatula	Plants	817		0	False	1
P70396	Mus musculus	Metazoa	289		0	False	5
Q8WZ55	Homo sapiens	Metazoa	320		0	True	1
P07150	Rattus norvegicus	Metazoa	346		0	False	4
Q9D4J1	Mus musculus	Metazoa	240		0	False	5
Q02969	Saccharomyces cerevisiae (strain ATCC 204508 / S288c)	Fungi	394		0	False	4
Q9UBC3	Homo sapiens	Metazoa	853		0	False	1
Q8WV44	Homo sapiens	Metazoa	630		0	False	1
P26150	Mus musculus	Metazoa	373		0	False	1
Q92665	Homo sapiens	Metazoa	395		0	False	2
Q21434	Caenorhabditis elegans	Metazoa	562		0	True	5
Q8GW48	Arabidopsis thaliana	Plants	86		0	False	2
Q8RY16	Arabidopsis thaliana	Plants	941		0	False	3
A0A0U2UYC4	Mycosarcoma maydis	Fungi	493		0	False	4
O43290	Homo sapiens	Metazoa	800		0	False	1
Q8GUK1	Arabidopsis thaliana	Plants	602		0	False	5
Q6U6H1	Halocynthia roretzi	Metazoa	259		0	False	1
Q3E756	Saccharomyces cerevisiae (strain ATCC 204508 / S288c)	Fungi	94		0	False	5
Q08DA1	Bos taurus	Metazoa	1021		0	True	1
Q96PZ2	Homo sapiens	Metazoa	611		0	False	1
Q13547	Homo sapiens	Metazoa	482		0	False	1
O74478	Schizosaccharomyces pombe (strain 972 / ATCC 24843)	Fungi	587		0	False	2
P11473	Homo sapiens	Metazoa	427		0	False	1
P35611	Homo sapiens	Metazoa	737		0	False	1
O54693	Mus musculus	Metazoa	391		0	True	3
P78508	Homo sapiens	Metazoa	379		0	True	5
Q7Z695	Homo sapiens	Metazoa	626		0	False	4
P78562	Homo sapiens	Metazoa	749		0	True	1
Q9Y794	Schizosaccharomyces pombe (strain 972 / ATCC 24843)	Fungi	972		0	False	2
O23342	Arabidopsis thaliana	Plants	177		0	False	3
P24642	Bufo japonicus	Metazoa	40		0	False	3
Q92830	Homo sapiens	Metazoa	837		0	False	1
Q9WTQ8	Mus musculus	Metazoa	209		0	True	4
P00950	Saccharomyces cerevisiae (strain ATCC 204508 / S288c)	Fungi	247		0	False	1
Q91Y86	Mus musculus	Metazoa	384		0	False	2
P19419	Homo sapiens	Metazoa	428		0	False	4
P50258	Physarum polycephalum	Other	450		0	False	5
Q6UXV4	Homo sapiens	Metazoa	268		0	False	1
P02258	Anser anser anser	Metazoa	193		0	False	2
Q8L3X9	Arabidopsis thaliana	Plants	461		0	False	5
P98170	Homo sapiens	Metazoa	497		0	False	4
O13855	Schizosaccharomyces pombe (strain 972 / ATCC 24843)	Fungi	455		0	False	4
Q41009	Pisum sativum	Plants	310		0	False	5
Q8L6Z4	Arabidopsis thaliana	Plants	430		0	False	4
P53131	Saccharomyces cerevisiae (strain ATCC 204508 / S288c)	Fungi	767		0	False	4
Q23590	Caenorhabditis elegans	Metazoa	1390		0	False	1
Q99608	Homo sapiens	Metazoa	321		0	False	2
Q05329	Homo sapiens	Metazoa	585		0	False	5
Q01371	Neurospora crassa (strain ATCC 24698 / 74-OR23-1A / CBS 708.71 / DSM 1257 / FGSC 987)	Fungi	1167		0	False	2
P53996	Mus musculus	Metazoa	178		0	False	1
P54797	Mus musculus	Metazoa	276		0	False	1
Q5TCQ9	Homo sapiens	Metazoa	1481		0	False	5
Q9NYJ1	Homo sapiens	Metazoa	87		0	False	2
O13998	Schizosaccharomyces pombe (strain 972 / ATCC 24843)	Fungi	392		0	False	3
B7U179	Arabidopsis thaliana	Plants	737		0	False	2
Q2TAY7	Homo sapiens	Metazoa	513		0	False	1
Q24180	Drosophila melanogaster	Metazoa	576		0	False	4
Q99933	Homo sapiens	Metazoa	345		0	False	1
P46153	Rattus norvegicus	Metazoa	587		0	False	5
P32790	Saccharomyces cerevisiae (strain ATCC 204508 / S288c)	Fungi	1244		0	False	3
P87176	Schizosaccharomyces pombe (strain 972 / ATCC 24843)	Fungi	269		0	False	3
P53833	Saccharomyces cerevisiae (strain ATCC 204508 / S288c)	Fungi	195		0	False	5
Q84TI7	Arabidopsis thaliana	Plants	506		0	True	1
Q80WJ1	Mus musculus	Metazoa	673		0	False	4
P24522	Homo sapiens	Metazoa	165		0	False	5
Q9H0A8	Homo sapiens	Metazoa	199		0	False	4
Q8VZS0	Arabidopsis thaliana	Plants	321		0	True	3
Q5SQP1	Mus musculus	Metazoa	306		0	False	1
Q9Y4P1	Homo sapiens	Metazoa	393		0	False	4
Q3TWI9	Mus musculus	Metazoa	832		0	True	2
Q03063	Saccharomyces cerevisiae (strain ATCC 204508 / S288c)	Fungi	452		0	False	2
P82094	Homo sapiens	Metazoa	1093		0	False	5
O44616	Caenorhabditis elegans	Metazoa	516		0	True	5
P0CT60	Schizosaccharomyces pombe (strain 972 / ATCC 24843)	Fungi	139		0	False	5
Q08857	Mus musculus	Metazoa	472		0	True	1
P63015	Mus musculus	Metazoa	422		0	False	4
Q84K35	Arabidopsis thaliana	Plants	330		0	False	2
Q9VIF5	Drosophila melanogaster	Metazoa	981		0	False	4
Q8BIW9	Mus musculus	Metazoa	969		0	False	4
O43508	Homo sapiens	Metazoa	249		0	True	1
P52739	Homo sapiens	Metazoa	623		0	False	5
O70325	Mus musculus	Metazoa	197		0	False	5
Q9DBR0	Mus musculus	Metazoa	687		0	False	3
Q4U2R8	Homo sapiens	Metazoa	563		0	True	2
P25100	Homo sapiens	Metazoa	572		0	False	2
P37272	Capsicum annuum	Plants	419		0	False	3
Q09357	Caenorhabditis elegans	Metazoa	479		0	False	3
Q5AJU7	Candida albicans (strain SC5314 / ATCC MYA-2876)	Fungi	499		0	False	5
P28648	Rattus norvegicus	Metazoa	238		0	True	1
O60675	Homo sapiens	Metazoa	156		0	False	1
Q6YTW6	Oryza sativa subsp. japonica	Plants	460		0	False	4
P97376	Mus musculus	Metazoa	258		0	False	2
O93530	Xenopus laevis	Metazoa	1436		0	False	4
Q9UKE5	Homo sapiens	Metazoa	1360		0	False	4
Q9NQL2	Homo sapiens	Metazoa	400		0	False	5
Q8L8T7	Arabidopsis thaliana	Plants	246		0	False	5
Q5H9S7	Homo sapiens	Metazoa	520		0	False	1
Q96BT7	Homo sapiens	Metazoa	664		0	False	4
P52593	Saccharomyces cerevisiae (strain ATCC 204508 / S288c)	Fungi	1655		0	False	4
Q9D842	Mus musculus	Metazoa	499		0	False	4
Q96IU4	Homo sapiens	Metazoa	210		0	False	3
P00846	Homo sapiens	Metazoa	226		0	True	4
L0R8F8	Homo sapiens	Metazoa	70		0	False	4
Q9SIU0	Arabidopsis thaliana	Plants	623		0	False	5
Q71MB6	Rattus norvegicus	Metazoa	724		0	False	2
Q96EQ9	Mus musculus	Metazoa	843		0	False	3
Q8N3J3	Homo sapiens	Metazoa	647		0	False	3
P70581	Rattus norvegicus	Metazoa	585		0	False	5
Q9MZ03	Oryctolagus cuniculus	Metazoa	298		0	True	5
P36383	Homo sapiens	Metazoa	396		0	True	1
Q9NH52	Caenorhabditis elegans	Metazoa	898		0	False	5
Q96J02	Homo sapiens	Metazoa	903		0	False	4
Q8NCN2	Homo sapiens	Metazoa	500		0	False	5
P92276	Chlamydomonas reinhardtii	Plants	62		0	True	1
Q00422	Mus musculus	Metazoa	454		0	False	3
Q9LTW4	Arabidopsis thaliana	Plants	461		0	False	2
Q0J7P4	Oryza sativa subsp. japonica	Plants	297		0	False	5
O94538	Schizosaccharomyces pombe (strain 972 / ATCC 24843)	Fungi	649		0	False	5
P84228	Mus musculus	Metazoa	136		0	False	1
Q16853	Homo sapiens	Metazoa	763		0	True	5
Q9FYS5	Zea mays	Plants	193		0	False	2
O13803	Schizosaccharomyces pombe (strain 972 / ATCC 24843)	Fungi	601		0	False	4
Q9NPC7	Homo sapiens	Metazoa	610		0	False	3
P25440	Homo sapiens	Metazoa	801		0	False	4
P47974	Homo sapiens	Metazoa	494		0	False	2
P81558	Sus scrofa	Metazoa	171		0	False	5
P00004	Equus caballus	Metazoa	105		0	False	4
P51649	Homo sapiens	Metazoa	535		0	False	5
G5EDN3	Caenorhabditis elegans	Metazoa	1353		0	False	5
Q8WY54	Homo sapiens	Metazoa	755		0	False	1
Q9UUD1	Schizosaccharomyces pombe (strain 972 / ATCC 24843)	Fungi	900		0	False	3
P53628	Saccharomyces cerevisiae (strain ATCC 204508 / S288c)	Fungi	566		0	False	4
Q16650	Homo sapiens	Metazoa	682		0	False	5
Q86WV5	Homo sapiens	Metazoa	123		0	False	3
P59648	Mus musculus	Metazoa	80		0	True	2
Q91WL8	Mus musculus	Metazoa	414		0	False	2
Q8BVR0	Mus musculus	Metazoa	90		0	False	5
Q05027	Saccharomyces cerevisiae (strain ATCC 204508 / S288c)	Fungi	157		0	False	3
Q8C854	Mus musculus	Metazoa	591		0	False	3
Q41188	Arabidopsis thaliana	Plants	203		0	False	3
Q8CC21	Mus musculus	Metazoa	365		0	False	3
O08590	Rattus norvegicus	Metazoa	763		0	True	5
P60602	Homo sapiens	Metazoa	79		0	True	5
Q61074	Mus musculus	Metazoa	542		0	False	3
Q9FML2	Arabidopsis thaliana	Plants	471		0	False	3
Q96Q11	Homo sapiens	Metazoa	434		0	False	2
O08581	Mus musculus	Metazoa	336		0	True	1
P17870	Bos taurus	Metazoa	418		0	False	4
Q9SLB9	Arabidopsis thaliana	Plants	450		0	False	2
Q9H0H0	Homo sapiens	Metazoa	1204		0	False	4
P15619	Drosophila melanogaster	Metazoa	869		0	False	3
Q9JMH7	Mus musculus	Metazoa	418		0	False	3
Q9STE8	Arabidopsis thaliana	Plants	818		0	False	2
Q93YU5	Arabidopsis thaliana	Plants	1053		0	False	5
E9Q557	Mus musculus	Metazoa	2883		0	False	1
Q9NX46	Homo sapiens	Metazoa	363		0	False	5
P97411	Mus musculus	Metazoa	478		0	False	1
Q13117	Homo sapiens	Metazoa	558		0	False	2
P82675	Homo sapiens	Metazoa	430		0	False	4
P38961	Saccharomyces cerevisiae (strain ATCC 204508 / S288c)	Fungi	392		0	False	2
O35854	Rattus norvegicus	Metazoa	393		0	False	5
Q7L7V1	Homo sapiens	Metazoa	743		0	False	4
Q9Y4E5	Homo sapiens	Metazoa	1061		0	False	4
Q8JHI3	Danio rerio	Metazoa	407		0	False	5
Q9UKG1	Homo sapiens	Metazoa	709		0	False	3
Q8C5P7	Mus musculus	Metazoa	182		0	False	1
Q9Z2E2	Mus musculus	Metazoa	636		0	False	5
Q5EG47	Mus musculus	Metazoa	559		0	False	2
Q9S7I0	Arabidopsis thaliana	Plants	1307		0	False	2
P09932	Saccharomyces cerevisiae (strain ATCC 204508 / S288c)	Fungi	586		0	False	3
Q8WUX2	Homo sapiens	Metazoa	184		0	False	5
Q06266	Saccharomyces cerevisiae (strain ATCC 204508 / S288c)	Fungi	489		0	False	3
P25103	Homo sapiens	Metazoa	407		0	True	1
P49796	Homo sapiens	Metazoa	1198		0	False	5
Q9FLT2	Arabidopsis thaliana	Plants	300		0	False	3
Q04225	Saccharomyces cerevisiae (strain ATCC 204508 / S288c)	Fungi	511		0	False	2
Q99NG0	Mus musculus	Metazoa	1466		0	False	2
Q7PIR5	Anopheles gambiae	Metazoa	793		0	False	5
Q0J0G7	Oryza sativa subsp. japonica	Plants	282		0	False	5
Q64521	Mus musculus	Metazoa	727		0	False	2
Q9JIQ3	Mus musculus	Metazoa	237		0	False	5
Q9H7L9	Homo sapiens	Metazoa	328		0	False	2
Q21929	Caenorhabditis elegans	Metazoa	251		0	False	1
P19335	Rattus norvegicus	Metazoa	242		0	False	2
Q9NSA0	Homo sapiens	Metazoa	550		0	True	5
Q14978	Homo sapiens	Metazoa	699		0	False	4
Q9CQG9	Mus musculus	Metazoa	134		0	True	1
P60766	Mus musculus	Metazoa	191		0	False	4
Q5T4T1	Homo sapiens	Metazoa	132		0	True	3
Q12308	Saccharomyces cerevisiae (strain ATCC 204508 / S288c)	Fungi	588		0	False	3
Q08179	Saccharomyces cerevisiae (strain ATCC 204508 / S288c)	Fungi	573		0	False	4
P08456	Saccharomyces cerevisiae (strain ATCC 204508 / S288c)	Fungi	276		0	True	4
P46637	Arabidopsis thaliana	Plants	342		0	False	2
P20226	Homo sapiens	Metazoa	339		0	False	1
O13816	Schizosaccharomyces pombe (strain 972 / ATCC 24843)	Fungi	962		0	False	3
P23326	Spinacia oleracea	Plants	159		0	False	2
Q86W50	Homo sapiens	Metazoa	562		0	False	2
P97837	Rattus norvegicus	Metazoa	1059		0	False	4
Q5VZ89	Homo sapiens	Metazoa	1909		0	False	2
Q9Y5Q9	Homo sapiens	Metazoa	886		0	False	2
Q06411	Saccharomyces cerevisiae (strain ATCC 204508 / S288c)	Fungi	708		0	False	1
Q96PU4	Homo sapiens	Metazoa	802		0	False	5
Q8GZR2	Euglena gracilis	Other	496		0	False	5
Q12354	Saccharomyces cerevisiae (strain ATCC 204508 / S288c)	Fungi	227		0	False	2
Q9BPX3	Homo sapiens	Metazoa	1015		0	False	4
Q9ZNV8	Arabidopsis thaliana	Plants	156		0	False	5
Q8K448	Mus musculus	Metazoa	1642		0	True	4
O45797	Caenorhabditis elegans	Metazoa	908		0	False	3
P19736	Saccharomyces cerevisiae (strain ATCC 204508 / S288c)	Fungi	530		0	False	3
Q9BXC0	Homo sapiens	Metazoa	346		0	True	1
Q562E2	Mus musculus	Metazoa	927		0	False	1
Q02796	Saccharomyces cerevisiae (strain ATCC 204508 / S288c)	Fungi	332		0	False	1
Q9LJ87	Arabidopsis thaliana	Plants	415		0	False	1
P32795	Saccharomyces cerevisiae (strain ATCC 204508 / S288c)	Fungi	747		0	False	1
Q9WTU3	Mus musculus	Metazoa	1978		0	False	1
O93309	Xenopus laevis	Metazoa	1209		0	False	2
P34314	Caenorhabditis elegans	Metazoa	965		0	False	5
Q9UIG8	Homo sapiens	Metazoa	710		0	True	4
P0C1H6	Homo sapiens	Metazoa	154		0	False	2
Q8L774	Arabidopsis thaliana	Plants	389		0	False	4
P14735	Homo sapiens	Metazoa	1019		0	False	1
Q9LSA9	Arabidopsis thaliana	Plants	339		0	False	2
Q8C8R3	Mus musculus	Metazoa	3898		0	False	3
Q9BTL3	Homo sapiens	Metazoa	118		0	False	4
P04406	Homo sapiens	Metazoa	335		0	False	1
Q8N684	Homo sapiens	Metazoa	471		0	False	4
Q9LMX5	Arabidopsis thaliana	Plants	348		0	False	4
O15182	Homo sapiens	Metazoa	167		0	False	5
Q9M2D9	Arabidopsis thaliana	Plants	299		0	False	1
F7VNF8	Sordaria macrospora (strain ATCC MYA-333 / DSM 997 / K(L3346) / K-hell)	Fungi	909		0	False	3
Q8LGI2	Arabidopsis thaliana	Plants	454		0	False	3
Q09260	Caenorhabditis elegans	Metazoa	490		0	False	2
Q13823	Homo sapiens	Metazoa	731		0	False	5
A0A3B3IS91	Homo sapiens	Metazoa	260		0	False	3
Q9XHV0	Arabidopsis thaliana	Plants	320		0	False	1
Q9BSF0	Homo sapiens	Metazoa	95		0	False	4
Q8RWE8	Arabidopsis thaliana	Plants	442		0	False	4
Q14872	Homo sapiens	Metazoa	753		0	False	5
O00628	Homo sapiens	Metazoa	323		0	False	2
Q9Y232	Homo sapiens	Metazoa	598		0	False	3
Q8LEE8	Arabidopsis thaliana	Plants	394		0	False	1
P40825	Saccharomyces cerevisiae (strain ATCC 204508 / S288c)	Fungi	983		0	False	4
Q9P7V3	Schizosaccharomyces pombe (strain 972 / ATCC 24843)	Fungi	220		0	False	1
A2A935	Mus musculus	Metazoa	1275		0	False	4
Q07897	Saccharomyces cerevisiae (strain ATCC 204508 / S288c)	Fungi	291		0	False	1
P28804	Spinacia oleracea	Plants	57		0	False	5
Q07349	Saccharomyces cerevisiae (strain ATCC 204508 / S288c)	Fungi	420		0	False	2
Q92372	Schizosaccharomyces pombe (strain 972 / ATCC 24843)	Fungi	609		0	False	4
Q9ULU4	Homo sapiens	Metazoa	1186		0	False	1
P32115	Mus musculus	Metazoa	349		0	False	3
Q9JJK1	Rattus norvegicus	Metazoa	265		0	True	2
Q12038	Saccharomyces cerevisiae (strain ATCC 204508 / S288c)	Fungi	1033		0	False	4
P13621	Bos taurus	Metazoa	213		0	False	5
P85121	Panax ginseng	Plants	96		0	False	5
Q08746	Saccharomyces cerevisiae (strain ATCC 204508 / S288c)	Fungi	203		0	False	5
P02398	Spinacia oleracea	Plants	189		0	False	2
P20154	Caenorhabditis elegans	Metazoa	405		0	False	1
P07257	Saccharomyces cerevisiae (strain ATCC 204508 / S288c)	Fungi	368		0	False	5
Q7L0Y3	Homo sapiens	Metazoa	403		0	False	3
Q16775	Homo sapiens	Metazoa	308		0	False	4
Q7T0L4	Gallus gallus	Metazoa	329		0	False	5
P53685	Saccharomyces cerevisiae (strain ATCC 204508 / S288c)	Fungi	503		0	False	2
O23304	Arabidopsis thaliana	Plants	487		0	False	4
P34909	Saccharomyces cerevisiae (strain ATCC 204508 / S288c)	Fungi	587		0	False	2
Q9C5C8	Arabidopsis thaliana	Plants	202		0	False	5
P37224	Amaranthus hypochondriacus	Plants	623		0	False	2
Q9VWE6	Drosophila melanogaster	Metazoa	2111		0	False	3
O82392	Arabidopsis thaliana	Plants	644		0	False	2
Q9Y4X5	Homo sapiens	Metazoa	557		0	False	5
O60566	Homo sapiens	Metazoa	1050		0	False	1
P07703	Saccharomyces cerevisiae (strain ATCC 204508 / S288c)	Fungi	335		0	False	3
P0C865	Rattus norvegicus	Metazoa	806		0	False	4
A0A2R6PN00	Actinidia chinensis var. chinensis	Plants	266		0	False	2
Q8LE52	Arabidopsis thaliana	Plants	258		0	False	2
Q9VW97	Drosophila melanogaster	Metazoa	890		0	False	4
P09624	Saccharomyces cerevisiae (strain ATCC 204508 / S288c)	Fungi	499		0	False	2
P12624	Bos taurus	Metazoa	333		0	False	5
Q94BT9	Arabidopsis thaliana	Plants	76		0	False	2
Q9EP86	Rattus norvegicus	Metazoa	432		0	True	2
Q9H7Z6	Homo sapiens	Metazoa	458		0	False	5
F5HIJ5	Neurospora crassa (strain ATCC 24698 / 74-OR23-1A / CBS 708.71 / DSM 1257 / FGSC 987)	Fungi	249		0	False	5
P49721	Homo sapiens	Metazoa	201		0	False	3
Q8VY88	Arabidopsis thaliana	Plants	175		0	False	5
Q9FV71	Arabidopsis thaliana	Plants	469		0	False	4
A6HD62	Rattus norvegicus	Metazoa	304		0	False	3
Q03940	Saccharomyces cerevisiae (strain ATCC 204508 / S288c)	Fungi	463		0	False	5
Q9UT48	Schizosaccharomyces pombe (strain 972 / ATCC 24843)	Fungi	357		0	False	5
P53866	Saccharomyces cerevisiae (strain ATCC 204508 / S288c)	Fungi	767		0	False	1
P78955	Schizosaccharomyces pombe (strain 972 / ATCC 24843)	Fungi	287		0	False	1
Q9DBM0	Mus musculus	Metazoa	673		0	False	2
Q8VXV7	Arabidopsis thaliana	Plants	844		0	False	3
Q9NZC9	Homo sapiens	Metazoa	954		0	False	5
O89094	Mus musculus	Metazoa	257		0	False	1
Q96I59	Homo sapiens	Metazoa	477		0	False	5
Q6AXS3	Rattus norvegicus	Metazoa	378		0	False	2
Q78JN3	Mus musculus	Metazoa	317		0	False	2
Q10163	Schizosaccharomyces pombe (strain 972 / ATCC 24843)	Fungi	147		0	False	3
P24452	Mus musculus	Metazoa	352		0	False	4
Q9LWB5	Spinacia oleracea	Plants	198		0	False	3
P34474	Caenorhabditis elegans	Metazoa	431		0	False	2
O95180	Homo sapiens	Metazoa	2353		0	False	2
Q9LV03	Arabidopsis thaliana	Plants	2208		0	False	2
Q94AU9	Arabidopsis thaliana	Plants	174		0	False	3
Q9SL95	Arabidopsis thaliana	Plants	456		0	True	3
Q9FUP0	Arabidopsis thaliana	Plants	391		0	False	4
Q9SA98	Arabidopsis thaliana	Plants	345		0	False	2
P08172	Homo sapiens	Metazoa	466		0	True	3
Q96H22	Homo sapiens	Metazoa	339		0	False	1
Q5Z5B7	Oryza sativa subsp. japonica	Plants	420		0	False	4
Q9M812	Arabidopsis thaliana	Plants	156		0	True	3
Q8NGU9	Homo sapiens	Metazoa	434		0	True	3
Q9UTH0	Schizosaccharomyces pombe (strain 972 / ATCC 24843)	Fungi	1162		0	False	1
Q3TH73	Mus musculus	Metazoa	532		0	True	5
Q9M0N8	Arabidopsis thaliana	Plants	71		0	False	2
Q5DT37	Rattus norvegicus	Metazoa	247		0	True	3
Q9ST63	Solanum tuberosum	Plants	495		0	False	1
P25043	Saccharomyces cerevisiae (strain ATCC 204508 / S288c)	Fungi	261		0	False	2
P37198	Homo sapiens	Metazoa	522		0	False	2
P42730	Arabidopsis thaliana	Plants	911		0	False	3
Q7SBJ8	Neurospora crassa (strain ATCC 24698 / 74-OR23-1A / CBS 708.71 / DSM 1257 / FGSC 987)	Fungi	131		0	False	2
Q00453	Saccharomyces cerevisiae (strain ATCC 204508 / S288c)	Fungi	211		0	False	1
H2L0N8	Caenorhabditis elegans	Metazoa	370		0	False	5
Q8TDD1	Homo sapiens	Metazoa	881		0	False	2
O70405	Mus musculus	Metazoa	1051		0	False	3
O13935	Schizosaccharomyces pombe (strain 972 / ATCC 24843)	Fungi	685		0	False	3
P80269	Solanum tuberosum	Plants	229		0	False	1
Q95Y80	Caenorhabditis elegans	Metazoa	853		0	False	3
Q9DBD5	Mus musculus	Metazoa	1123		0	False	4
Q8K2X8	Mus musculus	Metazoa	71		0	False	3
Q9DC29	Mus musculus	Metazoa	842		0	True	4
P56558	Rattus norvegicus	Metazoa	1036		0	False	3
Q8LPR8	Arabidopsis thaliana	Plants	871		0	False	4
Q9PSW9	Gallus gallus	Metazoa	126		0	False	3
D3ZUQ0	Rattus norvegicus	Metazoa	406		0	False	1
P14724	Saccharomyces cerevisiae (strain ATCC 204508 / S288c)	Fungi	124		0	False	1
P49683	Homo sapiens	Metazoa	370		0	True	3
Q9Y5S2	Homo sapiens	Metazoa	1711		0	False	5
P42951	Saccharomyces cerevisiae (strain ATCC 204508 / S288c)	Fungi	607		0	False	1
O09106	Mus musculus	Metazoa	482		0	False	3
Q09747	Schizosaccharomyces pombe (strain 972 / ATCC 24843)	Fungi	503		0	False	3
O74309	Schizosaccharomyces pombe (strain 972 / ATCC 24843)	Fungi	807		0	False	1
P05755	Saccharomyces cerevisiae (strain ATCC 204508 / S288c)	Fungi	195		0	False	3
Q15119	Homo sapiens	Metazoa	407		0	False	2
P22139	Saccharomyces cerevisiae (strain ATCC 204508 / S288c)	Fungi	70		0	False	3
P24919	Neurospora crassa (strain ATCC 24698 / 74-OR23-1A / CBS 708.71 / DSM 1257 / FGSC 987)	Fungi	273		0	False	1
Q8W2F3	Arabidopsis thaliana	Plants	430		0	False	5
Q5EAJ7	Strongylocentrotus purpuratus	Metazoa	857		0	False	2
Q12445	Saccharomyces cerevisiae (strain ATCC 204508 / S288c)	Fungi	299		0	True	1
P17610	Schizosaccharomyces pombe (strain 972 / ATCC 24843)	Fungi	214		0	False	4
Q00613	Homo sapiens	Metazoa	529		0	False	1
P41229	Homo sapiens	Metazoa	1560		0	False	3
Q9HB97	Rattus norvegicus	Metazoa	372		0	False	2
Q7L2E3	Homo sapiens	Metazoa	1194		0	False	3
Q9XVD5	Caenorhabditis elegans	Metazoa	303		0	False	4
P16276	Sus scrofa	Metazoa	781		0	False	3
Q99967	Homo sapiens	Metazoa	270		0	False	4
Q6PHW0	Homo sapiens	Metazoa	289		0	True	5
P17783	Citrullus lanatus	Plants	347		0	False	4
P21243	Saccharomyces cerevisiae (strain ATCC 204508 / S288c)	Fungi	252		0	False	5
O60291	Homo sapiens	Metazoa	552		0	False	1
P33302	Saccharomyces cerevisiae (strain ATCC 204508 / S288c)	Fungi	1511		0	False	2
P81451	Saccharomyces cerevisiae (strain ATCC 204508 / S288c)	Fungi	68		0	True	4
H2LRU7	Oryzias latipes	Metazoa	901		0	False	1
P25171	Drosophila melanogaster	Metazoa	547		0	False	1
Q9USP9	Schizosaccharomyces pombe (strain 972 / ATCC 24843)	Fungi	589		0	False	5
P13393	Saccharomyces cerevisiae (strain ATCC 204508 / S288c)	Fungi	240		0	False	5
O80982	Arabidopsis thaliana	Plants	345		0	False	2
Q8BYF6	Mus musculus	Metazoa	611		0	True	5
Q9Z218	Mus musculus	Metazoa	804		0	True	3
Q969T9	Homo sapiens	Metazoa	261		0	False	4
O94751	Schizosaccharomyces pombe (strain 972 / ATCC 24843)	Fungi	1044		0	False	5
Q9BW27	Homo sapiens	Metazoa	656		0	False	3
Q03713	Saccharomyces cerevisiae (strain ATCC 204508 / S288c)	Fungi	159		0	True	3
Q85FY6	Cyanidioschyzon merolae (strain NIES-3377 / 10D)	Other	732		0	True	3
Q12754	Saccharomyces cerevisiae (strain ATCC 204508 / S288c)	Fungi	1228		0	False	2
Q8IYD8	Homo sapiens	Metazoa	2048		0	False	5
P38870	Saccharomyces cerevisiae (strain ATCC 204508 / S288c)	Fungi	785		0	False	5
Q96S44	Homo sapiens	Metazoa	253		0	False	3
Q6P2H3	Homo sapiens	Metazoa	762		0	False	5
P00054	Sesamum indicum	Plants	111		0	False	4
Q9Y3B7	Homo sapiens	Metazoa	192		0	False	3
Q9ULZ2	Homo sapiens	Metazoa	295		0	False	4
P23644	Saccharomyces cerevisiae (strain ATCC 204508 / S288c)	Fungi	387		0	False	2
Q9Y605	Homo sapiens	Metazoa	127		0	False	3
P70584	Rattus norvegicus	Metazoa	432		0	False	2
P07505	Spinacia oleracea	Plants	222		0	False	1
Q852Q1	Oryza sativa subsp. japonica	Plants	509		0	False	2
Q60EN8	Oryza sativa subsp. japonica	Plants	151		0	True	3
P03898	Bos taurus	Metazoa	115		0	True	2
Q5ANA3	Candida albicans (strain SC5314 / ATCC MYA-2876)	Fungi	1501		0	False	3
Q9D2V8	Mus musculus	Metazoa	456		0	True	5
Q5BJM8	Rattus norvegicus	Metazoa	378		0	True	4
Q53TN4	Homo sapiens	Metazoa	286		0	True	3
P61982	Mus musculus	Metazoa	247		0	False	5
Q8NFH4	Homo sapiens	Metazoa	326		0	False	1
O95071	Homo sapiens	Metazoa	2799		0	False	1
Q9NQ50	Homo sapiens	Metazoa	206		0	False	1
O17514	Caenorhabditis elegans	Metazoa	773		0	False	5
Q3UPW2	Mus musculus	Metazoa	391		0	False	5
P56198	Mus musculus	Metazoa	239		0	False	4
F4I9G2	Arabidopsis thaliana	Plants	426		0	False	3
O60171	Schizosaccharomyces pombe (strain 972 / ATCC 24843)	Fungi	215		0	False	5
O48721	Arabidopsis thaliana	Plants	321		0	False	3
Q8CHV6	Mus musculus	Metazoa	443		0	False	1
Q86UY6	Homo sapiens	Metazoa	237		0	False	2
Q9JKT3	Mus musculus	Metazoa	297		0	True	2
Q9UPV9	Homo sapiens	Metazoa	953		0	False	3
Q5TEU4	Homo sapiens	Metazoa	345		0	False	2
P39014	Saccharomyces cerevisiae (strain ATCC 204508 / S288c)	Fungi	640		0	False	4
Q02785	Saccharomyces cerevisiae (strain ATCC 204508 / S288c)	Fungi	1511		0	False	4
P62280	Homo sapiens	Metazoa	158		0	False	5
Q15077	Homo sapiens	Metazoa	328		0	True	2
Q9UBK9	Homo sapiens	Metazoa	157		0	False	2
P30155	Nicotiana tabacum	Plants	179		0	False	1
B2RX12	Mus musculus	Metazoa	1523		0	True	4
Q9SCY3	Arabidopsis thaliana	Plants	217		0	False	3
Q80WG5	Mus musculus	Metazoa	810		0	True	4
Q09864	Schizosaccharomyces pombe (strain 972 / ATCC 24843)	Fungi	582		0	False	2
P49903	Homo sapiens	Metazoa	392		0	False	4
Q9M7I2	Medicago truncatula	Plants	475		0	False	4
P01583	Homo sapiens	Metazoa	271		0	False	5
Q8WWQ0	Homo sapiens	Metazoa	1821		0	False	5
Q91YM2	Mus musculus	Metazoa	1499		0	False	5
Q9Y3Y2	Homo sapiens	Metazoa	248		0	False	3
Q9NTJ3	Homo sapiens	Metazoa	1288		0	False	3
O14313	Schizosaccharomyces pombe (strain 972 / ATCC 24843)	Fungi	156		0	False	4
P46094	Homo sapiens	Metazoa	333		0	True	3
P33316	Homo sapiens	Metazoa	252		0	False	2
O60869	Homo sapiens	Metazoa	148		0	False	1
Q03790	Saccharomyces cerevisiae (strain ATCC 204508 / S288c)	Fungi	475		0	False	2
Q9UUA2	Schizosaccharomyces pombe (strain 972 / ATCC 24843)	Fungi	805		0	False	3
Q12418	Saccharomyces cerevisiae (strain ATCC 204508 / S288c)	Fungi	502		0	False	1
Q06681	Saccharomyces cerevisiae (strain ATCC 204508 / S288c)	Fungi	1438		0	False	1
Q941Q3	Arabidopsis thaliana	Plants	524		0	False	2
Q86UW9	Homo sapiens	Metazoa	622		0	False	1
Q27749	Psammechinus miliaris	Metazoa	137		0	False	2
P46312	Arabidopsis thaliana	Plants	448		0	False	2
A9D2P7	Caenorhabditis elegans	Metazoa	672		0	False	3
Q9N4A7	Caenorhabditis elegans	Metazoa	313		0	False	3
P39678	Saccharomyces cerevisiae (strain ATCC 204508 / S288c)	Fungi	833		0	False	3
O76099	Homo sapiens	Metazoa	320		0	True	3
Q9VT57	Drosophila melanogaster	Metazoa	454		0	False	5
P00287	Phaseolus vulgaris	Plants	99		0	False	3
Q03900	Saccharomyces cerevisiae (strain ATCC 204508 / S288c)	Fungi	495		0	False	2
P38283	Saccharomyces cerevisiae (strain ATCC 204508 / S288c)	Fungi	698		0	False	3
Q8H0W2	Arabidopsis thaliana	Plants	426		0	False	4
A0A0D1DMJ6	Mycosarcoma maydis	Fungi	757		0	False	2
Q7X6P3	Arabidopsis thaliana	Plants	608		0	False	1
Q75GR5	Oryza sativa subsp. japonica	Plants	281		0	False	1
Q9ERA6	Mus musculus	Metazoa	838		0	False	3
P82281	Arabidopsis thaliana	Plants	349		0	False	2
P51003	Homo sapiens	Metazoa	745		0	False	1
Q05343	Rattus norvegicus	Metazoa	467		0	False	5
P23276	Homo sapiens	Metazoa	732		0	True	4
Q9ZP05	Arabidopsis thaliana	Plants	354		0	False	4
Q9M084	Arabidopsis thaliana	Plants	558		0	False	2
F4I316	Arabidopsis thaliana	Plants	660		0	True	4
P19020	Rattus norvegicus	Metazoa	446		0	True	4
Q8C5S7	Mus musculus	Metazoa	591		0	False	4
Q9CAF2	Arabidopsis thaliana	Plants	216		0	False	2
P27065	Solanum lycopersicum	Plants	477		0	False	2
P97819	Mus musculus	Metazoa	807		0	False	1
E9QAU8	Mus musculus	Metazoa	347		0	False	1
P53854	Saccharomyces cerevisiae (strain ATCC 204508 / S288c)	Fungi	179		0	False	2
Q9SND6	Arabidopsis thaliana	Plants	342		0	False	5
P00043	Debaryomyces hansenii (strain ATCC 36239 / CBS 767 / BCRC 21394 / JCM 1990 / NBRC 0083 / IGC 2968)	Fungi	110		0	False	2
Q49A26	Homo sapiens	Metazoa	553		0	False	5
Q9SZ15	Arabidopsis thaliana	Plants	421		0	False	1
Q9SFB0	Arabidopsis thaliana	Plants	526		0	True	4
Q9GSF8	Euplotes aediculatus	Other	437		0	False	5
Q9LR30	Arabidopsis thaliana	Plants	481		0	False	3
P38792	Saccharomyces cerevisiae (strain ATCC 204508 / S288c)	Fungi	359		0	False	1
O64817	Arabidopsis thaliana	Plants	333		0	False	4
Q4VC44	Homo sapiens	Metazoa	716		0	False	1
Q80SX8	Mus musculus	Metazoa	650		0	False	2
Q9NQC7	Homo sapiens	Metazoa	956		0	False	4
O74555	Schizosaccharomyces pombe (strain 972 / ATCC 24843)	Fungi	587		0	False	5
Q96AQ6	Homo sapiens	Metazoa	731		0	False	5
P18888	Saccharomyces cerevisiae (strain ATCC 204508 / S288c)	Fungi	332		0	False	2
Q15428	Homo sapiens	Metazoa	464		0	False	2
P09974	Nicotiana tabacum	Plants	62		0	True	1
P22736	Homo sapiens	Metazoa	598		0	False	5
P17256	Rattus norvegicus	Metazoa	395		0	False	5
Q9CPU2	Mus musculus	Metazoa	105		0	False	4
A2AP18	Mus musculus	Metazoa	1501		0	False	3
Q587E3	Trypanosoma brucei brucei (strain 927/4 GUTat10.1)	Other	735		0	False	3
F1QGH7	Danio rerio	Metazoa	780		0	False	2
Q9FY74	Arabidopsis thaliana	Plants	1007		0	False	4
P43596	Saccharomyces cerevisiae (strain ATCC 204508 / S288c)	Fungi	787		0	False	3
Q9GZQ4	Homo sapiens	Metazoa	415		0	True	4
P35659	Homo sapiens	Metazoa	375		0	False	4
P48381	Mus musculus	Metazoa	749		0	False	5
Q9H0V1	Homo sapiens	Metazoa	697		0	True	2
P70335	Mus musculus	Metazoa	1354		0	False	1
G5EFF1	Caenorhabditis elegans	Metazoa	445		0	False	5
P69555	Triticum aestivum	Plants	73		0	True	5
Q84MB6	Arabidopsis thaliana	Plants	332		0	False	1
P14232	Nicotiana tabacum	Plants	359		0	False	3
Q3T040	Bos taurus	Metazoa	242		0	False	1
Q06214	Saccharomyces cerevisiae (strain ATCC 204508 / S288c)	Fungi	492		0	False	2
P53196	Saccharomyces cerevisiae (strain ATCC 204508 / S288c)	Fungi	417		0	False	2
Q9C9M7	Arabidopsis thaliana	Plants	348		0	False	5
P36877	Rattus norvegicus	Metazoa	443		0	False	2
Q62599	Rattus norvegicus	Metazoa	703		0	False	4
P23527	Homo sapiens	Metazoa	126		0	False	1
O04130	Arabidopsis thaliana	Plants	624		0	False	2
Q8CBD1	Mus musculus	Metazoa	1161		0	False	1
Q8LEK4	Arabidopsis thaliana	Plants	221		0	False	1
Q9Y6P5	Homo sapiens	Metazoa	492		0	False	1
P79745	Danio rerio	Metazoa	443		0	False	4
Q9W252	Drosophila melanogaster	Metazoa	1318		0	False	3
Q96E93	Homo sapiens	Metazoa	195		0	True	3
P07371	Pisum sativum	Plants	269		0	False	1
Q9SB92	Arabidopsis thaliana	Plants	292		0	False	3
Q12031	Saccharomyces cerevisiae (strain ATCC 204508 / S288c)	Fungi	575		0	False	4
Q9V6B9	Drosophila melanogaster	Metazoa	610		0	False	5
P47116	Saccharomyces cerevisiae (strain ATCC 204508 / S288c)	Fungi	818		0	False	5
P05783	Homo sapiens	Metazoa	430		0	False	3
Q63342	Rattus norvegicus	Metazoa	857		0	False	4
O15245	Homo sapiens	Metazoa	554		0	True	3
P53119	Saccharomyces cerevisiae (strain ATCC 204508 / S288c)	Fungi	910		0	False	2
P53076	Saccharomyces cerevisiae (strain ATCC 204508 / S288c)	Fungi	958		0	False	5
P07245	Saccharomyces cerevisiae (strain ATCC 204508 / S288c)	Fungi	946		0	False	5
Q9FV50	Arabidopsis thaliana	Plants	350		0	False	4
Q8TD08	Homo sapiens	Metazoa	544		0	False	5
G5EBR8	Caenorhabditis elegans	Metazoa	247		0	False	1
Q9UET6	Homo sapiens	Metazoa	329		0	False	4
O70302	Mus musculus	Metazoa	217		0	False	5
Q8TC90	Homo sapiens	Metazoa	406		0	False	3
O43868	Homo sapiens	Metazoa	658		0	True	4
P34982	Homo sapiens	Metazoa	312		0	True	4
Q6K271	Oryza sativa subsp. japonica	Plants	738		0	False	3
Q04207	Mus musculus	Metazoa	549		0	False	2
P61965	Mus musculus	Metazoa	334		0	False	5
Q8CJ27	Mus musculus	Metazoa	3122		0	False	3
A0A140LI88	Mus musculus	Metazoa	1857		0	False	5
Q8VIG1	Mus musculus	Metazoa	1082		0	False	2
Q8R4C2	Mus musculus	Metazoa	606		0	False	5
Q20733	Caenorhabditis elegans	Metazoa	900		0	False	4
Q9NYB9	Homo sapiens	Metazoa	513		0	False	1
P10499	Rattus norvegicus	Metazoa	495		0	False	1
Q13889	Homo sapiens	Metazoa	308		0	False	3
P57053	Homo sapiens	Metazoa	126		0	False	4
Q6GSS7	Mus musculus	Metazoa	130		0	False	4
P07250	Saccharomyces cerevisiae (strain ATCC 204508 / S288c)	Fungi	355		0	False	2
Q9H0R6	Homo sapiens	Metazoa	528		0	False	5
Q8QFR4	Xenopus laevis	Metazoa	211		0	False	5
Q9HC21	Homo sapiens	Metazoa	320		0	True	1
G4LTX4	Castanea sativa	Plants	375		0	False	3
Q8WWM7	Homo sapiens	Metazoa	1075		0	False	5
Q54XG7	Dictyostelium discoideum	Other	1230		0	False	5
Q6R3K9	Arabidopsis thaliana	Plants	664		0	True	4
Q92754	Homo sapiens	Metazoa	450		0	False	4
A8MZ59	Homo sapiens	Metazoa	198		0	False	2
O23647	Arabidopsis thaliana	Plants	858		0	False	5
O75880	Homo sapiens	Metazoa	301		0	False	2
P00890	Saccharomyces cerevisiae (strain ATCC 204508 / S288c)	Fungi	479		0	False	2
P42676	Rattus norvegicus	Metazoa	704		0	False	3
Q12389	Saccharomyces cerevisiae (strain ATCC 204508 / S288c)	Fungi	995		0	False	3
Q95U54	Drosophila melanogaster	Metazoa	959		0	False	4
O95551	Homo sapiens	Metazoa	362		0	False	5
Q66T02	Mus musculus	Metazoa	1073		0	False	2
Q59RW5	Candida albicans (strain SC5314 / ATCC MYA-2876)	Fungi	493		0	False	4
O88850	Rattus norvegicus	Metazoa	1191		0	False	2
P69447	Spinacia oleracea	Plants	81		0	True	1
Q9CPV9	Mus musculus	Metazoa	347		0	True	5
Q9M9U5	Arabidopsis thaliana	Plants	382		0	False	5
P32899	Saccharomyces cerevisiae (strain ATCC 204508 / S288c)	Fungi	183		0	False	2
O00155	Homo sapiens	Metazoa	361		0	True	2
Q93YR9	Arabidopsis thaliana	Plants	670		0	False	4
Q86Y26	Homo sapiens	Metazoa	1132		0	False	3
Q9NWV8	Homo sapiens	Metazoa	329		0	False	2
Q13610	Homo sapiens	Metazoa	501		0	False	2
O15541	Homo sapiens	Metazoa	343		0	False	5
P07275	Saccharomyces cerevisiae (strain ATCC 204508 / S288c)	Fungi	575		0	False	5
P40427	Drosophila melanogaster	Metazoa	376		0	False	4
Q8RVC7	Chlamydomonas reinhardtii	Plants	411		0	False	5
Q9QY44	Rattus norvegicus	Metazoa	741		0	False	2
Q54BF6	Dictyostelium discoideum	Other	298		0	True	2
Q9SNX8	Apium graveolens	Plants	496		0	False	5
Q9U7D5	Caenorhabditis elegans	Metazoa	611		0	True	5
Q9LKA3	Arabidopsis thaliana	Plants	341		0	False	4
F1NPG5	Gallus gallus	Metazoa	639		0	False	2
P19954	Spinacia oleracea	Plants	302		0	False	2
Q8NH19	Homo sapiens	Metazoa	301		0	True	4
Q3ZBF9	Bos taurus	Metazoa	296		0	False	3
P00411	Neurospora crassa (strain ATCC 24698 / 74-OR23-1A / CBS 708.71 / DSM 1257 / FGSC 987)	Fungi	250		0	True	5
A0A509AHB6	Plasmodium berghei (strain Anka)	Other	523		0	False	1
Q9UT49	Schizosaccharomyces pombe (strain 972 / ATCC 24843)	Fungi	578		0	False	3
Q7Z6M4	Homo sapiens	Metazoa	381		0	False	1
B2D6M2	Caenorhabditis elegans	Metazoa	612		0	False	3
Q9C8L4	Arabidopsis thaliana	Plants	294		0	False	2
O62140	Caenorhabditis elegans	Metazoa	674		0	False	5
P29549	Sterkiella nova	Other	495		0	False	5
Q3YBR2	Homo sapiens	Metazoa	411		0	False	3
P68036	Homo sapiens	Metazoa	154		0	False	5
P53140	Saccharomyces cerevisiae (strain ATCC 204508 / S288c)	Fungi	646		0	False	5
Q0VDF9	Homo sapiens	Metazoa	509		0	False	4
O74329	Schizosaccharomyces pombe (strain 972 / ATCC 24843)	Fungi	56		0	False	3
P28843	Mus musculus	Metazoa	760		0	True	4
P48595	Homo sapiens	Metazoa	397		0	False	1
P33203	Saccharomyces cerevisiae (strain ATCC 204508 / S288c)	Fungi	583		0	False	2
P69140	Parechinus angulosus	Metazoa	126		0	False	1
Q16762	Homo sapiens	Metazoa	297		0	False	3
Q8TC71	Homo sapiens	Metazoa	538		0	False	5
Q9C9T2	Arabidopsis thaliana	Plants	451		0	False	4
P28625	Saccharomyces cerevisiae (strain ATCC 204508 / S288c)	Fungi	365		0	False	2
Q21148	Caenorhabditis elegans	Metazoa	308		0	False	4
P20772	Schizosaccharomyces pombe (strain 972 / ATCC 24843)	Fungi	788		0	False	1
P48485	Arabidopsis thaliana	Plants	312		0	False	1
Q7S054	Neurospora crassa (strain ATCC 24698 / 74-OR23-1A / CBS 708.71 / DSM 1257 / FGSC 987)	Fungi	300		0	False	4
Q9Y6L6	Homo sapiens	Metazoa	691		0	True	3
Q3U5Q7	Mus musculus	Metazoa	447		0	False	3
Q12305	Saccharomyces cerevisiae (strain ATCC 204508 / S288c)	Fungi	139		0	False	3
Q8IY42	Homo sapiens	Metazoa	314		0	False	1
O43396	Homo sapiens	Metazoa	289		0	False	1
Q6NQ72	Arabidopsis thaliana	Plants	288		0	False	5
P53333	Saccharomyces cerevisiae (strain ATCC 204508 / S288c)	Fungi	577		0	False	5
O60200	Saccharomyces cerevisiae (strain ATCC 204508 / S288c)	Fungi	86		0	False	4
P16383	Homo sapiens	Metazoa	781		0	False	2
P41969	Mus musculus	Metazoa	429		0	False	5
P61841	Arabidopsis thaliana	Plants	155		0	False	3
Q949T8	Arabidopsis thaliana	Plants	497		0	False	5
O15534	Homo sapiens	Metazoa	1290		0	False	3
Q08985	Saccharomyces cerevisiae (strain ATCC 204508 / S288c)	Fungi	325		0	False	5
P48145	Homo sapiens	Metazoa	328		0	True	2
Q7L5N1	Homo sapiens	Metazoa	327		0	False	5
P34707	Caenorhabditis elegans	Metazoa	623		0	False	1
P29469	Saccharomyces cerevisiae (strain ATCC 204508 / S288c)	Fungi	868		0	False	1
Q99N57	Mus musculus	Metazoa	648		0	False	4
B6HLU0	Penicillium rubens (strain ATCC 28089 / DSM 1075 / NRRL 1951 / Wisconsin 54-1255)	Fungi	331		0	False	1
Q9D8H7	Mus musculus	Metazoa	521		0	False	4
Q09690	Schizosaccharomyces pombe (strain 972 / ATCC 24843)	Fungi	1087		0	False	3
Q06156	Saccharomyces cerevisiae (strain ATCC 204508 / S288c)	Fungi	1176		0	False	4
Q39238	Arabidopsis thaliana	Plants	688		0	False	1
O59676	Schizosaccharomyces pombe (strain 972 / ATCC 24843)	Fungi	359		0	False	3
Q15139	Homo sapiens	Metazoa	912		0	False	3
Q4VC33	Mus musculus	Metazoa	396		0	False	3
P15314	Mus musculus	Metazoa	329		0	False	3
P35192	Saccharomyces cerevisiae (strain ATCC 204508 / S288c)	Fungi	417		0	False	5
Q8TE85	Homo sapiens	Metazoa	626		0	False	1
Q8BGV5	Mus musculus	Metazoa	572		0	False	3
Q9H6U6	Homo sapiens	Metazoa	928		0	False	2
Q99PD6	Rattus norvegicus	Metazoa	461		0	False	3
Q9EQR2	Rattus norvegicus	Metazoa	644		0	False	3
Q9WVG6	Mus musculus	Metazoa	608		0	False	5
P62500	Mus musculus	Metazoa	1077		0	False	2
Q9JIF3	Mus musculus	Metazoa	477		0	True	1
Q99729	Homo sapiens	Metazoa	332		0	False	1
Q80SW1	Mus musculus	Metazoa	530		0	False	4
Q61313	Mus musculus	Metazoa	459		0	False	3
Q9EPI8	Rattus norvegicus	Metazoa	374		0	False	5
P16888	Strongylocentrotus purpuratus	Metazoa	123		0	False	3
P38169	Saccharomyces cerevisiae (strain ATCC 204508 / S288c)	Fungi	460		0	False	3
P20659	Drosophila melanogaster	Metazoa	3726		0	False	5
Q9C5Q8	Arabidopsis thaliana	Plants	942		0	False	1
Q91VH1	Mus musculus	Metazoa	375		0	False	2
Q08965	Saccharomyces cerevisiae (strain ATCC 204508 / S288c)	Fungi	1183		0	False	5
P82933	Homo sapiens	Metazoa	396		0	False	3
P61830	Saccharomyces cerevisiae (strain ATCC 204508 / S288c)	Fungi	136		0	False	1
Q9LZR5	Arabidopsis thaliana	Plants	294		0	False	5
P07834	Saccharomyces cerevisiae (strain ATCC 204508 / S288c)	Fungi	779		0	False	4
Q9UPN9	Homo sapiens	Metazoa	1127		0	False	5
O82663	Arabidopsis thaliana	Plants	634		0	False	1
Q9FNZ4	Arabidopsis thaliana	Plants	112		0	False	3
P50548	Homo sapiens	Metazoa	548		0	False	2
O43065	Schizosaccharomyces pombe (strain 972 / ATCC 24843)	Fungi	1953		0	False	1
Q16134	Homo sapiens	Metazoa	617		0	False	2
Q13761	Homo sapiens	Metazoa	415		0	False	5
Q94C69	Arabidopsis thaliana	Plants	301		0	False	1
Q62095	Mus musculus	Metazoa	658		0	False	2
P16550	Saccharomyces cerevisiae (strain ATCC 204508 / S288c)	Fungi	321		0	False	2
Q9QXK9	Mus musculus	Metazoa	374		0	False	5
Q01926	Saccharomyces cerevisiae (strain ATCC 204508 / S288c)	Fungi	470		0	False	4
Q8IZQ1	Homo sapiens	Metazoa	3526		0	False	4
P15388	Mus musculus	Metazoa	511		0	False	3
P34250	Saccharomyces cerevisiae (strain ATCC 204508 / S288c)	Fungi	1132		0	False	4
Q9LVH4	Arabidopsis thaliana	Plants	177		0	False	3
B9DFX7	Arabidopsis thaliana	Plants	883		0	False	1
Q06451	Saccharomyces cerevisiae (strain ATCC 204508 / S288c)	Fungi	622		0	False	1
P0C0E4	Homo sapiens	Metazoa	278		0	False	1
Q8VDD9	Mus musculus	Metazoa	1821		0	False	1
P00586	Bos taurus	Metazoa	297		0	False	1
O44783	Drosophila melanogaster	Metazoa	589		0	False	4
P42284	Drosophila melanogaster	Metazoa	549		0	False	4
Q3TZX8	Mus musculus	Metazoa	714		0	False	3
P82649	Bos taurus	Metazoa	359		0	False	3
P47054	Saccharomyces cerevisiae (strain ATCC 204508 / S288c)	Fungi	1683		0	False	2
P40366	Saccharomyces cerevisiae (strain ATCC 204508 / S288c)	Fungi	167		0	False	4
Q0IIM8	Homo sapiens	Metazoa	1120		0	False	3
Q23255	Caenorhabditis elegans	Metazoa	728		0	False	4
Q10198	Schizosaccharomyces pombe (strain 972 / ATCC 24843)	Fungi	624		0	False	1
Q91790	Xenopus laevis	Metazoa	369		0	False	4
P41777	Rattus norvegicus	Metazoa	704		0	False	1
Q04545	Saccharomyces cerevisiae (strain ATCC 204508 / S288c)	Fungi	1251		0	False	4
P49848	Homo sapiens	Metazoa	677		0	False	4
P82664	Homo sapiens	Metazoa	201		0	False	1
Q8N1G0	Homo sapiens	Metazoa	1237		0	False	2
Q99848	Homo sapiens	Metazoa	306		0	False	3
Q9VLJ0	Drosophila melanogaster	Metazoa	151		0	False	5
Q9DB77	Mus musculus	Metazoa	453		0	False	2
P25293	Saccharomyces cerevisiae (strain ATCC 204508 / S288c)	Fungi	417		0	False	5
Q91X84	Mus musculus	Metazoa	619		0	False	5
Q9M903	Arabidopsis thaliana	Plants	479		0	False	1
P22392	Homo sapiens	Metazoa	152		0	False	2
Q02346	Rattus norvegicus	Metazoa	318		0	False	1
Q8IPA1	Drosophila melanogaster	Metazoa	308		0	False	5
Q5T890	Homo sapiens	Metazoa	1550		0	False	5
A6NFN3	Homo sapiens	Metazoa	312		0	False	2
Q95QI7	Caenorhabditis elegans	Metazoa	892		0	False	4
Q80UP5	Mus musculus	Metazoa	588		0	False	2
Q7K4Y6	Drosophila melanogaster	Metazoa	631		0	True	3
P02489	Homo sapiens	Metazoa	173		0	False	3
Q6CLY8	Kluyveromyces lactis (strain ATCC 8585 / CBS 2359 / DSM 70799 / NBRC 1267 / NRRL Y-1140 / WM37)	Fungi	368		0	False	2
P03899	Mus musculus	Metazoa	115		0	True	1
Q9FKS0	Arabidopsis thaliana	Plants	486		0	False	3
O94667	Schizosaccharomyces pombe (strain 972 / ATCC 24843)	Fungi	560		0	False	4
Q8R0W1	Mus musculus	Metazoa	432		0	False	5
Q9BZE1	Homo sapiens	Metazoa	423		0	False	4
Q9C882	Arabidopsis thaliana	Plants	587		0	False	5
Q6Q4H1	Hydra vulgaris	Metazoa	385		0	False	1
P49019	Homo sapiens	Metazoa	387		0	True	4
Q12018	Saccharomyces cerevisiae (strain ATCC 204508 / S288c)	Fungi	815		0	False	5
O70172	Mus musculus	Metazoa	405		0	False	2
P25443	Saccharomyces cerevisiae (strain ATCC 204508 / S288c)	Fungi	254		0	False	5
Q12464	Saccharomyces cerevisiae (strain ATCC 204508 / S288c)	Fungi	471		0	False	2
Q5A287	Candida albicans (strain SC5314 / ATCC MYA-2876)	Fungi	805		0	False	2
Q9C5W3	Arabidopsis thaliana	Plants	985		0	False	2
Q39056	Arabidopsis thaliana	Plants	270		0	False	4
Q9BSC4	Homo sapiens	Metazoa	688		0	False	3
Q9STF2	Arabidopsis thaliana	Plants	510		0	False	5
Q2R3F5	Oryza sativa subsp. japonica	Plants	853		0	False	2
Q9D011	Mus musculus	Metazoa	178		0	False	3
Q96QT6	Homo sapiens	Metazoa	1004		0	False	4
P43404	Mus musculus	Metazoa	618		0	False	1
Q9H3U1	Homo sapiens	Metazoa	944		0	False	2
P06897	Xenopus laevis	Metazoa	130		0	False	4
Q6WKZ8	Mus musculus	Metazoa	1755		0	False	2
O74905	Schizosaccharomyces pombe (strain 972 / ATCC 24843)	Fungi	189		0	False	3
O75354	Homo sapiens	Metazoa	484		0	True	3
P83758	Danio rerio	Metazoa	448		0	False	2
O74399	Schizosaccharomyces pombe (strain 972 / ATCC 24843)	Fungi	740		0	False	3
Q6UXB4	Homo sapiens	Metazoa	293		0	True	1
Q62833	Rattus norvegicus	Metazoa	590		0	False	2
Q9P6M0	Schizosaccharomyces pombe (strain 972 / ATCC 24843)	Fungi	419		0	False	5
Q9NZN9	Homo sapiens	Metazoa	384		0	False	3
P41541	Bos taurus	Metazoa	961		0	False	1
Q96PN7	Homo sapiens	Metazoa	1200		0	False	1
Q92785	Homo sapiens	Metazoa	391		0	False	5
Q8W4L5	Arabidopsis thaliana	Plants	790		0	False	4
O00327	Homo sapiens	Metazoa	626		0	False	1
Q9ULW0	Homo sapiens	Metazoa	747		0	False	1
Q96HA1	Homo sapiens	Metazoa	1249		0	True	2
P15325	Emericella nidulans (strain FGSC A4 / ATCC 38163 / CBS 112.46 / NRRL 194 / M139)	Fungi	533		0	True	4
P36954	Homo sapiens	Metazoa	125		0	False	2
Q9SWW6	Arabidopsis thaliana	Plants	1026		0	False	3
Q9H869	Homo sapiens	Metazoa	796		0	False	4
Q6P2E9	Homo sapiens	Metazoa	1401		0	False	3
Q9QX98	Mus musculus	Metazoa	324		0	False	1
O60678	Homo sapiens	Metazoa	531		0	False	3
M0R7Z9	Rattus norvegicus	Metazoa	475		0	False	3
P43657	Homo sapiens	Metazoa	344		0	True	5
P62772	Brassica napus	Plants	111		0	False	5
Q03954	Saccharomyces cerevisiae (strain ATCC 204508 / S288c)	Fungi	165		0	False	1
X2JAU8	Drosophila melanogaster	Metazoa	1075		0	False	4
Q9H0F5	Homo sapiens	Metazoa	515		0	False	5
Q9QYM8	Mus musculus	Metazoa	241		0	False	2
Q10M74	Oryza sativa subsp. japonica	Plants	285		0	False	3
Q96BI1	Homo sapiens	Metazoa	424		0	True	4
Q08562	Saccharomyces cerevisiae (strain ATCC 204508 / S288c)	Fungi	1619		0	False	5
O00743	Homo sapiens	Metazoa	305		0	False	1
P49138	Mus musculus	Metazoa	386		0	False	2
P00110	Bumilleriopsis filiformis	Other	86		0	False	1
Q9C005	Homo sapiens	Metazoa	99		0	False	1
P62807	Homo sapiens	Metazoa	126		0	False	2
O94446	Schizosaccharomyces pombe (strain 972 / ATCC 24843)	Fungi	463		0	False	4
P31539	Saccharomyces cerevisiae (strain ATCC 204508 / S288c)	Fungi	908		0	False	4
P80235	Saccharomyces cerevisiae (strain ATCC 204508 / S288c)	Fungi	687		0	False	1
P51943	Mus musculus	Metazoa	422		0	False	5
B3G515	Danio rerio	Metazoa	353		0	True	5
P0C8R3	Schizosaccharomyces pombe (strain 972 / ATCC 24843)	Fungi	150		0	False	4
P40368	Saccharomyces cerevisiae (strain ATCC 204508 / S288c)	Fungi	713		0	False	4
O60346	Homo sapiens	Metazoa	1717		0	False	3
Q9D563	Mus musculus	Metazoa	222		0	True	1
O23365	Arabidopsis thaliana	Plants	580		0	False	3
Q64J17	Arabidopsis thaliana	Plants	309		0	False	5
P62684	Homo sapiens	Metazoa	666		0	False	4
Q12923	Homo sapiens	Metazoa	2485		0	False	1
Q03193	Saccharomyces cerevisiae (strain ATCC 204508 / S288c)	Fungi	310		0	True	2
Q84JG2	Arabidopsis thaliana	Plants	469		0	False	5
P40574	Saccharomyces cerevisiae (strain ATCC 204508 / S288c)	Fungi	245		0	False	1
A0A7J6KC99	Toxoplasma gondii	Other	7603		0	False	5
O13936	Schizosaccharomyces pombe (strain 972 / ATCC 24843)	Fungi	990		0	False	4
P13051	Homo sapiens	Metazoa	313		0	False	5
O75461	Homo sapiens	Metazoa	281		0	False	4
P54886	Homo sapiens	Metazoa	795		0	False	1
A0A087X1C5	Homo sapiens	Metazoa	515		0	True	5
Q69YN4	Homo sapiens	Metazoa	1812		0	False	3
Q3UZ18	Mus musculus	Metazoa	988		0	False	5
Q9UKV8	Homo sapiens	Metazoa	859		0	False	2
Q9Y3C5	Homo sapiens	Metazoa	154		0	False	4
P07236	Saccharomyces cerevisiae (strain ATCC 204508 / S288c)	Fungi	462		0	False	1
O94684	Schizosaccharomyces pombe (strain 972 / ATCC 24843)	Fungi	318		0	False	4
P70279	Mus musculus	Metazoa	355		0	False	3
Q7T2T1	Gallus gallus	Metazoa	484		0	False	4
O59767	Schizosaccharomyces pombe (strain 972 / ATCC 24843)	Fungi	310		0	False	4
Q8CCK0	Mus musculus	Metazoa	372		0	False	4
Q8BT35	Mus musculus	Metazoa	56		0	True	5
P14921	Homo sapiens	Metazoa	441		0	False	5
Q1ENB6	Arabidopsis thaliana	Plants	484		0	False	4
Q9CAI5	Arabidopsis thaliana	Plants	465		0	False	4
F4IMQ0	Arabidopsis thaliana	Plants	288		0	False	3
P48995	Homo sapiens	Metazoa	793		0	False	3
O64827	Arabidopsis thaliana	Plants	1382		0	False	4
Q9SIY3	Arabidopsis thaliana	Plants	210		0	False	3
P34708	Caenorhabditis elegans	Metazoa	1110		0	False	4
Q9VEJ0	Drosophila melanogaster	Metazoa	234		0	False	2
Q9LN09	Arabidopsis thaliana	Plants	206		0	False	3
P31645	Homo sapiens	Metazoa	630		0	True	2
Q9SYX1	Arabidopsis thaliana	Plants	262		0	False	4
O75592	Homo sapiens	Metazoa	4678		0	False	1
Q9ULX3	Homo sapiens	Metazoa	412		0	False	4
P09956	Drosophila melanogaster	Metazoa	575		0	False	3
P56747	Homo sapiens	Metazoa	220		0	True	5
P07260	Saccharomyces cerevisiae (strain ATCC 204508 / S288c)	Fungi	213		0	False	4
P31310	Mus musculus	Metazoa	416		0	False	4
Q9QUM9	Mus musculus	Metazoa	246		0	False	2
P50540	Mus musculus	Metazoa	228		0	False	1
Q9HB71	Homo sapiens	Metazoa	228		0	False	1
O95471	Homo sapiens	Metazoa	211		0	True	3
G5ECD9	Caenorhabditis elegans	Metazoa	321		0	True	1
Q05738	Mus musculus	Metazoa	392		0	False	2
P21801	Saccharomyces cerevisiae (strain ATCC 204508 / S288c)	Fungi	266		0	False	2
Q9GYU8	Drosophila melanogaster	Metazoa	702		0	False	3
P11309	Homo sapiens	Metazoa	313		0	False	4
P38907	Saccharomyces cerevisiae (strain ATCC 204508 / S288c)	Fungi	458		0	False	3
S0DHV6	Gibberella fujikuroi (strain CBS 195.34 / IMI 58289 / NRRL A-6831)	Fungi	530		0	False	1
Q9UBU9	Homo sapiens	Metazoa	619		0	False	1
P20171	Rattus norvegicus	Metazoa	189		0	False	4
Q8IUH5	Homo sapiens	Metazoa	632		0	False	2
O14329	Schizosaccharomyces pombe (strain 972 / ATCC 24843)	Fungi	386		0	False	3
Q01826	Homo sapiens	Metazoa	763		0	False	1
Q9VQ91	Drosophila melanogaster	Metazoa	576		0	False	5
Q99P99	Rattus norvegicus	Metazoa	1077		0	False	5
P50464	Caenorhabditis elegans	Metazoa	348		0	False	5
Q03760	Saccharomyces cerevisiae (strain ATCC 204508 / S288c)	Fungi	334		0	False	5
Q8SUG7	Encephalitozoon cuniculi (strain GB-M1)	Fungi	536		0	True	4
Q02890	Saccharomyces cerevisiae (strain ATCC 204508 / S288c)	Fungi	363		0	False	4
P43287	Arabidopsis thaliana	Plants	285		0	True	5
Q9FK23	Arabidopsis thaliana	Plants	500		0	False	2
G1X9E2	Arthrobotrys oligospora (strain ATCC 24927 / CBS 115.81 / DSM 1491)	Fungi	406		0	True	3
Q9BE64	Macaca fascicularis	Metazoa	695		0	False	1
Q06511	Saccharomyces cerevisiae (strain ATCC 204508 / S288c)	Fungi	250		0	False	4
Q9FK25	Arabidopsis thaliana	Plants	363		0	False	4
P70426	Mus musculus	Metazoa	219		0	False	5
Q0J954	Oryza sativa subsp. japonica	Plants	492		0	False	3
Q05946	Saccharomyces cerevisiae (strain ATCC 204508 / S288c)	Fungi	817		0	False	2
Q8VZA0	Arabidopsis thaliana	Plants	936		0	False	3
Q8ILW0	Plasmodium falciparum (isolate 3D7)	Other	347		0	False	4
Q94BV7	Arabidopsis thaliana	Plants	582		0	False	2
Q06488	Saccharomyces cerevisiae (strain ATCC 204508 / S288c)	Fungi	889		0	False	1
P48526	Saccharomyces cerevisiae (strain ATCC 204508 / S288c)	Fungi	1002		0	False	3
Q9UJ42	Homo sapiens	Metazoa	338		0	True	2
Q78ZR5	Rattus norvegicus	Metazoa	73		0	False	2
P53958	Saccharomyces cerevisiae (strain ATCC 204508 / S288c)	Fungi	396		0	False	3
D4A693	Rattus norvegicus	Metazoa	457		0	False	1
Q9GZN7	Homo sapiens	Metazoa	287		0	False	5
Q3MHJ5	Bos taurus	Metazoa	138		0	False	3
P63166	Mus musculus	Metazoa	101		0	False	5
O88696	Mus musculus	Metazoa	272		0	False	5
Q9ZTX8	Arabidopsis thaliana	Plants	935		0	False	1
P28321	Saccharomyces cerevisiae (strain ATCC 204508 / S288c)	Fungi	313		0	False	1
Q84JU6	Arabidopsis thaliana	Plants	927		0	False	5
O76090	Homo sapiens	Metazoa	585		0	True	5
Q8NFD5	Homo sapiens	Metazoa	2319		0	False	2
Q96GM8	Homo sapiens	Metazoa	510		0	False	3
Q6NXG1	Homo sapiens	Metazoa	681		0	False	3
Q9P7H0	Schizosaccharomyces pombe (strain 972 / ATCC 24843)	Fungi	154		0	False	5
P14618	Homo sapiens	Metazoa	531		0	False	3
Q03565	Caenorhabditis elegans	Metazoa	89		0	False	3
Q8IXM3	Homo sapiens	Metazoa	137		0	False	1
O15297	Homo sapiens	Metazoa	605		0	False	5
Q0DFC9	Oryza sativa subsp. japonica	Plants	154		0	False	3
P50318	Arabidopsis thaliana	Plants	478		0	False	5
O43390	Homo sapiens	Metazoa	633		0	False	1
P40341	Saccharomyces cerevisiae (strain ATCC 204508 / S288c)	Fungi	825		0	False	5
Q9P7N4	Schizosaccharomyces pombe (strain 972 / ATCC 24843)	Fungi	315		0	False	3
Q93V58	Arabidopsis thaliana	Plants	396		0	False	2
O81235	Arabidopsis thaliana	Plants	231		0	False	4
Q3MHY7	Bos taurus	Metazoa	262		0	False	1
Q6NQ54	Arabidopsis thaliana	Plants	115		0	False	5
Q8BIQ5	Mus musculus	Metazoa	580		0	False	5
P36532	Saccharomyces cerevisiae (strain ATCC 204508 / S288c)	Fungi	105		0	False	1
O81016	Arabidopsis thaliana	Plants	1420		0	False	3
Q13319	Homo sapiens	Metazoa	367		0	False	2
P13350	Xenopus laevis	Metazoa	397		0	False	1
Q9SG02	Arabidopsis thaliana	Plants	1196		0	False	3
Q9LZ60	Arabidopsis thaliana	Plants	115		0	False	5
P00015	Mus musculus	Metazoa	105		0	False	1
Q9JHC9	Mus musculus	Metazoa	593		0	False	4
P11913	Neurospora crassa (strain ATCC 24698 / 74-OR23-1A / CBS 708.71 / DSM 1257 / FGSC 987)	Fungi	476		0	False	5
Q6NZQ4	Mus musculus	Metazoa	1056		0	False	5
Q14689	Homo sapiens	Metazoa	1571		0	False	4
Q9LTC4	Arabidopsis thaliana	Plants	285		0	False	2
Q96HI0	Homo sapiens	Metazoa	755		0	False	1
O48814	Arabidopsis thaliana	Plants	395		0	False	5
D3ZXW3	Rattus norvegicus	Metazoa	298		0	False	5
Q9Y5L4	Homo sapiens	Metazoa	95		0	False	1
Q00444	Homo sapiens	Metazoa	222		0	False	3
P29473	Bos taurus	Metazoa	1205		0	False	2
Q86WR6	Homo sapiens	Metazoa	236		0	False	1
O35286	Mus musculus	Metazoa	795		0	False	1
Q8IYM1	Homo sapiens	Metazoa	358		0	False	2
P02309	Saccharomyces cerevisiae (strain ATCC 204508 / S288c)	Fungi	103		0	False	5
Q9M5P4	Zea mays	Plants	256		0	False	4
Q03265	Mus musculus	Metazoa	553		0	False	3
Q12062	Aspergillus parasiticus (strain ATCC 56775 / NRRL 5862 / SRRC 143 / SU-1)	Fungi	643		0	False	5
Q9JKD9	Mus musculus	Metazoa	465		0	False	2
Q8VYZ0	Arabidopsis thaliana	Plants	645		0	False	4
Q12420	Saccharomyces cerevisiae (strain ATCC 204508 / S288c)	Fungi	587		0	False	2
O43164	Homo sapiens	Metazoa	708		0	False	1
Q9WTJ4	Mus musculus	Metazoa	500		0	False	3
P56745	Rattus norvegicus	Metazoa	211		0	True	1
Q9C641	Arabidopsis thaliana	Plants	754		0	False	1
Q99PV0	Mus musculus	Metazoa	2335		0	False	1
Q9XW26	Caenorhabditis elegans	Metazoa	412		0	False	2
Q9Y3B4	Homo sapiens	Metazoa	125		0	False	5
Q8LC68	Arabidopsis thaliana	Plants	255		0	False	1
O15205	Homo sapiens	Metazoa	165		0	False	3
Q6K537	Oryza sativa subsp. japonica	Plants	373		0	False	2
P39677	Saccharomyces cerevisiae (strain ATCC 204508 / S288c)	Fungi	819		0	False	3
P40498	Saccharomyces cerevisiae (strain ATCC 204508 / S288c)	Fungi	721		0	False	3
Q9Z2D0	Mus musculus	Metazoa	545		0	False	3
Q5Z8S0	Oryza sativa subsp. japonica	Plants	207		0	False	5
Q96250	Arabidopsis thaliana	Plants	325		0	False	2
P11183	Gallus gallus	Metazoa	164		0	False	4
Q14587	Homo sapiens	Metazoa	947		0	False	3
Q9HCK8	Homo sapiens	Metazoa	2581		0	False	5
P33322	Saccharomyces cerevisiae (strain ATCC 204508 / S288c)	Fungi	483		0	False	5
Q5SYD0	Mus musculus	Metazoa	1006		0	False	4
Q9BXU7	Homo sapiens	Metazoa	913		0	False	2
P58557	Homo sapiens	Metazoa	167		0	False	1
Q09750	Schizosaccharomyces pombe (strain 972 / ATCC 24843)	Fungi	1522		0	False	3
Q9CQJ2	Mus musculus	Metazoa	290		0	False	5
P06454	Homo sapiens	Metazoa	111		0	False	3
Q18807	Caenorhabditis elegans	Metazoa	339		0	True	5
P18289	Drosophila melanogaster	Metazoa	289		0	False	5
Q80X86	Mus musculus	Metazoa	340		0	False	4
P0DPG2	Trypanosoma brucei brucei	Other	182		0	False	4
P03966	Mus musculus	Metazoa	462		0	False	5
P61088	Homo sapiens	Metazoa	152		0	False	5
Q8GYC7	Arabidopsis thaliana	Plants	313		0	False	1
D3YUJ3	Mus musculus	Metazoa	367		0	False	4
P0DW81	Homo sapiens	Metazoa	44		0	False	3
Q53EK2	Schizosaccharomyces pombe (strain 972 / ATCC 24843)	Fungi	232		0	False	2
Q9FYC2	Arabidopsis thaliana	Plants	537		0	False	3
P20839	Homo sapiens	Metazoa	514		0	False	4
Q62806	Rattus norvegicus	Metazoa	794		0	False	4
P26754	Saccharomyces cerevisiae (strain ATCC 204508 / S288c)	Fungi	273		0	False	1
O00159	Homo sapiens	Metazoa	1063		0	False	4
Q23541	Caenorhabditis elegans	Metazoa	1477		0	False	4
Q14320	Homo sapiens	Metazoa	339		0	False	2
Q02981	Saccharomyces cerevisiae (strain ATCC 204508 / S288c)	Fungi	657		0	False	5
P07948	Homo sapiens	Metazoa	512		0	False	1
P43188	Zea mays	Plants	222		0	False	2
Q06967	Oryza sativa subsp. japonica	Plants	260		0	False	1
O88873	Rattus norvegicus	Metazoa	529		0	False	3
Q13153	Homo sapiens	Metazoa	545		0	False	5
P70338	Mus musculus	Metazoa	423		0	False	3
D9PTN5	Caenorhabditis elegans	Metazoa	1009		0	False	1
Q8TF76	Homo sapiens	Metazoa	798		0	False	1
Q9CWH6	Mus musculus	Metazoa	250		0	False	1
P06104	Saccharomyces cerevisiae (strain ATCC 204508 / S288c)	Fungi	172		0	False	3
Q94CV1	Oryza sativa subsp. japonica	Plants	228		0	False	1
A0A509AKI1	Plasmodium berghei (strain Anka)	Other	836		0	False	4
Q10R09	Oryza sativa subsp. japonica	Plants	310		0	False	2
P81122	Mus musculus	Metazoa	1321		0	False	1
Q9FVX0	Arabidopsis thaliana	Plants	442		0	False	5
B5DFG1	Rattus norvegicus	Metazoa	580		0	False	4
Q04781	Saccharomyces cerevisiae (strain ATCC 204508 / S288c)	Fungi	1562		0	False	2
Q8VZR0	Arabidopsis thaliana	Plants	367		0	False	1
Q9M8K7	Arabidopsis thaliana	Plants	167		0	False	4
Q6IN85	Homo sapiens	Metazoa	833		0	False	4
Q8CI15	Mus musculus	Metazoa	382		0	False	1
Q9UH65	Homo sapiens	Metazoa	585		0	False	2
Q8GV05	Arabidopsis thaliana	Plants	106		0	False	1
Q9P794	Schizosaccharomyces pombe (strain 972 / ATCC 24843)	Fungi	182		0	False	2
Q9C707	Arabidopsis thaliana	Plants	298		0	False	4
Q9UT46	Schizosaccharomyces pombe (strain 972 / ATCC 24843)	Fungi	508		0	False	1
P40566	Saccharomyces cerevisiae (strain ATCC 204508 / S288c)	Fungi	764		0	False	3
Q9CWV6	Mus musculus	Metazoa	186		0	False	3
Q94AU7	Arabidopsis thaliana	Plants	258		0	False	3
P32908	Saccharomyces cerevisiae (strain ATCC 204508 / S288c)	Fungi	1225		0	False	1
P55210	Homo sapiens	Metazoa	303		0	False	2
D6MZJ6	Mus musculus	Metazoa	483		0	True	4
Q1ZXQ0	Dictyostelium discoideum	Other	1019		0	False	3
P62895	Sus scrofa	Metazoa	105		0	False	4
O95073	Homo sapiens	Metazoa	299		0	False	2
P49281	Homo sapiens	Metazoa	568		0	True	3
Q9QYE3	Mus musculus	Metazoa	835		0	False	4
Q76KJ5	Mus musculus	Metazoa	399		0	False	4
O13395	Mycosarcoma maydis	Fungi	1180		0	False	4
Q8BNX7	Mus musculus	Metazoa	165		0	False	1
Q15561	Homo sapiens	Metazoa	434		0	False	4
P48231	Saccharomyces cerevisiae (strain ATCC 204508 / S288c)	Fungi	1178		0	False	4
Q8GYX2	Arabidopsis thaliana	Plants	248		0	False	5
Q6TAS3	Solanum lycopersicum	Plants	902		0	False	5
Q99JS0	Mus musculus	Metazoa	100		0	True	4
Q9V3I2	Drosophila melanogaster	Metazoa	219		0	False	2
Q9CA19	Arabidopsis thaliana	Plants	154		0	False	5
P22666	Chlamydomonas reinhardtii	Plants	88		0	True	3
Q9UPC5	Homo sapiens	Metazoa	381		0	True	2
Q7ZT48	Xenopus laevis	Metazoa	221		0	False	2
Q9UNP9	Homo sapiens	Metazoa	301		0	False	3
Q9D6Z0	Mus musculus	Metazoa	221		0	False	2
P06585	Pisum sativum	Plants	353		0	True	4
Q9HAZ2	Homo sapiens	Metazoa	1276		0	False	2
F4IED2	Arabidopsis thaliana	Plants	528		0	False	3
Q75NZ0	Pisum sativum	Plants	685		0	False	5
Q15464	Homo sapiens	Metazoa	509		0	False	3
P31385	Saccharomyces cerevisiae (strain ATCC 204508 / S288c)	Fungi	405		0	False	3
Q12030	Saccharomyces cerevisiae (strain ATCC 204508 / S288c)	Fungi	206		0	False	2
Q94IC4	Glycine max	Plants	257		0	False	2
P35414	Homo sapiens	Metazoa	380		0	True	4
Q8MLV1	Drosophila melanogaster	Metazoa	741		0	False	2
P00427	Saccharomyces cerevisiae (strain ATCC 204508 / S288c)	Fungi	148		0	False	3
Q8L7U4	Arabidopsis thaliana	Plants	241		0	False	3
P34234	Saccharomyces cerevisiae (strain ATCC 204508 / S288c)	Fungi	306		0	False	4
Q08977	Saccharomyces cerevisiae (strain ATCC 204508 / S288c)	Fungi	551		0	False	4
G5EEM0	Caenorhabditis elegans	Metazoa	418		0	False	3
Q64104	Mus musculus	Metazoa	385		0	False	2
P00007	Hippopotamus amphibius	Metazoa	105		0	False	2
P07384	Homo sapiens	Metazoa	714		0	False	1
Q9UKT4	Homo sapiens	Metazoa	447		0	False	1
Q9SXQ6	Oryza sativa subsp. japonica	Plants	380		0	False	2
P42054	Pisum sativum	Plants	276		0	False	2
Q92800	Homo sapiens	Metazoa	747		0	False	3
O35160	Mus musculus	Metazoa	302		0	False	3
Q9VN91	Drosophila melanogaster	Metazoa	198		0	False	2
Q9NZA1	Homo sapiens	Metazoa	410		0	False	3
Q06668	Saccharomyces cerevisiae (strain ATCC 204508 / S288c)	Fungi	471		0	False	2
P32473	Saccharomyces cerevisiae (strain ATCC 204508 / S288c)	Fungi	366		0	False	3
P00410	Saccharomyces cerevisiae (strain ATCC 204508 / S288c)	Fungi	251		0	True	1
Q13427	Homo sapiens	Metazoa	754		0	False	2
Q948R9	Arabidopsis thaliana	Plants	314		0	False	3
Q9LNE8	Arabidopsis thaliana	Plants	200		0	False	1
Q9SZN7	Arabidopsis thaliana	Plants	153		0	False	2
P56537	Homo sapiens	Metazoa	245		0	False	2
P39724	Saccharomyces cerevisiae (strain ATCC 204508 / S288c)	Fungi	118		0	False	5
P82137	Spinacia oleracea	Plants	165		0	False	4
Q940D0	Arabidopsis thaliana	Plants	690		0	False	4
P0DN34	Mus musculus	Metazoa	57		0	True	5
P00037	Samia cynthia	Metazoa	108		0	False	3
E9Q8T2	Mus musculus	Metazoa	1174		0	False	4
A8MPH9	Drosophila melanogaster	Metazoa	722		0	False	4
P42658	Homo sapiens	Metazoa	865		0	False	3
P00044	Saccharomyces cerevisiae (strain ATCC 204508 / S288c)	Fungi	109		0	False	1
Q5TYM5	Homo sapiens	Metazoa	149		0	False	4
P59941	Mus musculus	Metazoa	334		0	False	1
Q9FMN2	Arabidopsis thaliana	Plants	930		0	False	1
Q91YJ3	Mus musculus	Metazoa	226		0	False	2
Q9H0E3	Homo sapiens	Metazoa	1048		0	False	3
B6HQ74	Penicillium rubens (strain ATCC 28089 / DSM 1075 / NRRL 1951 / Wisconsin 54-1255)	Fungi	390		0	False	1
Q93ZE5	Arabidopsis thaliana	Plants	223		0	False	4
Q9WV38	Mus musculus	Metazoa	501		0	True	3
Q8BJ05	Mus musculus	Metazoa	735		0	False	4
Q9ZUX4	Arabidopsis thaliana	Plants	113		0	False	2
Q9UQ80	Homo sapiens	Metazoa	394		0	False	5
Q9Y4E8	Homo sapiens	Metazoa	981		0	False	5
Q13263	Homo sapiens	Metazoa	835		0	False	5
Q94535	Drosophila melanogaster	Metazoa	264		0	False	3
Q94515	Drosophila melanogaster	Metazoa	321		0	True	4
A1YKT1	Arabidopsis thaliana	Plants	433		0	False	3
O35250	Mus musculus	Metazoa	697		0	False	1
A2AA28	Mus musculus	Metazoa	253		0	False	5
Q8GT66	Pisum sativum	Plants	436		0	False	1
Q01295	Drosophila melanogaster	Metazoa	727		0	False	5
Q15415	Homo sapiens	Metazoa	496		0	False	3
Q3URU2	Mus musculus	Metazoa	1571		0	False	4
O88484	Rattus norvegicus	Metazoa	530		0	False	1
P07276	Saccharomyces cerevisiae (strain ATCC 204508 / S288c)	Fungi	1031		0	False	4
Q02086	Homo sapiens	Metazoa	613		0	False	5
O80983	Arabidopsis thaliana	Plants	717		0	False	1
Q5KMX8	Cryptococcus neoformans var. neoformans serotype D (strain JEC21 / ATCC MYA-565)	Fungi	783		0	False	4
P11746	Saccharomyces cerevisiae (strain ATCC 204508 / S288c)	Fungi	286		0	False	1
Q62433	Mus musculus	Metazoa	394		0	False	3
Q8L7B5	Arabidopsis thaliana	Plants	585		0	False	1
Q38931	Arabidopsis thaliana	Plants	551		0	False	3
Q9BT17	Homo sapiens	Metazoa	334		0	False	3
Q9CYF5	Mus musculus	Metazoa	461		0	False	3
P31274	Homo sapiens	Metazoa	260		0	False	1
P24846	Triticum aestivum	Plants	388		0	False	4
Q4ZGE1	Schizosaccharomyces pombe (strain 972 / ATCC 24843)	Fungi	61		0	True	3
P00038	Apis mellifera	Metazoa	108		0	False	4
P42073	Saccharomyces cerevisiae (strain ATCC 204508 / S288c)	Fungi	533		0	False	1
P90992	Caenorhabditis elegans	Metazoa	306		0	True	2
Q10290	Schizosaccharomyces pombe (strain 972 / ATCC 24843)	Fungi	303		0	False	1
A4D126	Homo sapiens	Metazoa	451		0	False	2
Q8C886	Mus musculus	Metazoa	610		0	False	5
P28005	Saccharomyces cerevisiae (strain ATCC 204508 / S288c)	Fungi	173		0	False	3
Q7SEK9	Neurospora crassa (strain ATCC 24698 / 74-OR23-1A / CBS 708.71 / DSM 1257 / FGSC 987)	Fungi	163		0	False	5
Q9LX90	Arabidopsis thaliana	Plants	217		0	False	1
P41338	Saccharomyces cerevisiae (strain ATCC 204508 / S288c)	Fungi	398		0	False	3
P07806	Saccharomyces cerevisiae (strain ATCC 204508 / S288c)	Fungi	1104		0	False	3
Q5T2R2	Homo sapiens	Metazoa	415		0	False	3
P23198	Mus musculus	Metazoa	183		0	False	3
Q9SAR1	Oryza sativa subsp. japonica	Plants	248		0	False	3
Q9UMW8	Homo sapiens	Metazoa	372		0	False	2
Q6AVI1	Oryza sativa subsp. japonica	Plants	227		0	False	4
P02251	Oryctolagus cuniculus	Metazoa	213		0	False	5
Q9BVJ6	Homo sapiens	Metazoa	771		0	False	5
Q9GZR7	Homo sapiens	Metazoa	859		0	False	1
Q9P7S3	Schizosaccharomyces pombe (strain 972 / ATCC 24843)	Fungi	425		0	False	1
Q9UUE4	Schizosaccharomyces pombe (strain 972 / ATCC 24843)	Fungi	432		0	False	5
Q9Y6E0	Homo sapiens	Metazoa	443		0	False	1
O82289	Arabidopsis thaliana	Plants	568		0	False	2
Q03370	Saccharomyces cerevisiae (strain ATCC 204508 / S288c)	Fungi	554		0	False	2
P01854	Homo sapiens	Metazoa	546		0	False	5
Q9DGN0	Xenopus laevis	Metazoa	1194		0	False	2
O94679	Schizosaccharomyces pombe (strain 972 / ATCC 24843)	Fungi	1158		0	False	2
Q9V5M6	Drosophila melanogaster	Metazoa	963		0	False	2
Q12888	Homo sapiens	Metazoa	1972		0	False	2
P62797	Oncorhynchus mykiss	Metazoa	103		0	False	5
P0DJD4	Homo sapiens	Metazoa	496		0	False	5
Q9UTQ6	Schizosaccharomyces pombe (strain 972 / ATCC 24843)	Fungi	154		0	False	4
Q6PJP8	Homo sapiens	Metazoa	1040		0	False	1
Q8K459	Mus musculus	Metazoa	51		0	False	1
P04803	Saccharomyces cerevisiae (strain ATCC 204508 / S288c)	Fungi	379		0	False	1
Q9MV14	Citrus sinensis	Plants	329		0	False	1
Q9WV27	Mus musculus	Metazoa	1032		0	False	1
Q91XC0	Mus musculus	Metazoa	547		0	False	3
P41143	Homo sapiens	Metazoa	372		0	True	5
Q6ZMZ3	Homo sapiens	Metazoa	975		0	False	1
P43449	Gallus gallus	Metazoa	395		0	False	1
Q9M1E7	Arabidopsis thaliana	Plants	285		0	True	4
Q9D992	Mus musculus	Metazoa	256		0	False	3
Q92878	Homo sapiens	Metazoa	1312		0	False	3
O14682	Homo sapiens	Metazoa	589		0	False	2
P10664	Saccharomyces cerevisiae (strain ATCC 204508 / S288c)	Fungi	362		0	False	3
P82190	Spinacia oleracea	Plants	194		0	False	3
P38922	Saccharomyces cerevisiae (strain ATCC 204508 / S288c)	Fungi	454		0	False	5
Q9Y6K5	Homo sapiens	Metazoa	1087		0	False	4
Q9C469	Schizosaccharomyces pombe (strain 972 / ATCC 24843)	Fungi	648		0	False	5
P19657	Saccharomyces cerevisiae (strain ATCC 204508 / S288c)	Fungi	947		0	False	3
Q1LX78	Danio rerio	Metazoa	1485		0	True	3
Q9HFR0	Schizosaccharomyces pombe (strain 972 / ATCC 24843)	Fungi	437		0	False	3
Q08058	Saccharomyces cerevisiae (strain ATCC 204508 / S288c)	Fungi	207		0	False	3
Q9H875	Homo sapiens	Metazoa	184		0	False	5
Q5A8K2	Candida albicans (strain SC5314 / ATCC MYA-2876)	Fungi	969		0	False	5
P51677	Homo sapiens	Metazoa	355		0	True	4
O08583	Mus musculus	Metazoa	255		0	False	3
P07465	Ulva prolifera	Plants	98		0	False	5
Q86V24	Homo sapiens	Metazoa	386		0	False	2
O35394	Rattus norvegicus	Metazoa	185		0	True	4
Q9LKX9	Zea mays	Plants	867		0	False	2
P17605	Ovis aries	Metazoa	136		0	True	4
P21620	Leishmania donovani	Other	514		0	False	5
Q8BZ00	Mus musculus	Metazoa	644		0	True	2
P0C627	Rattus norvegicus	Metazoa	331		0	False	2
Q9CQQ7	Mus musculus	Metazoa	256		0	False	2
O94911	Homo sapiens	Metazoa	1621		0	True	1
Q9U308	Caenorhabditis elegans	Metazoa	1254		0	False	3
P62320	Mus musculus	Metazoa	126		0	False	3
P00158	Mus musculus	Metazoa	381		0	True	5
P15291	Homo sapiens	Metazoa	398		0	True	4
Q9HAI6	Homo sapiens	Metazoa	301		0	False	3
O43543	Homo sapiens	Metazoa	280		0	False	5
P19446	Citrullus lanatus	Plants	356		0	False	1
Q70EL2	Homo sapiens	Metazoa	814		0	False	1
Q12106	Saccharomyces cerevisiae (strain ATCC 204508 / S288c)	Fungi	302		0	True	2
P25364	Saccharomyces cerevisiae (strain ATCC 204508 / S288c)	Fungi	564		0	False	2
O46106	Drosophila melanogaster	Metazoa	503		0	False	4
P39655	Mus musculus	Metazoa	663		0	False	2
P31266	Mus musculus	Metazoa	526		0	False	4
P55060	Homo sapiens	Metazoa	971		0	False	3
Q9H9A7	Homo sapiens	Metazoa	625		0	False	4
Q16513	Homo sapiens	Metazoa	984		0	False	5
O13298	Schizosaccharomyces pombe (strain 972 / ATCC 24843)	Fungi	434		0	False	3
O88952	Mus musculus	Metazoa	197		0	False	1
O74879	Schizosaccharomyces pombe (strain 972 / ATCC 24843)	Fungi	634		0	False	4
Q5YDB6	Arabidopsis thaliana	Plants	967		0	False	1
Q5M834	Rattus norvegicus	Metazoa	352		0	False	1
Q01664	Homo sapiens	Metazoa	338		0	False	5
Q6IBW4	Homo sapiens	Metazoa	605		0	False	4
Q55BN9	Dictyostelium discoideum	Other	136		0	False	1
P46011	Arabidopsis thaliana	Plants	355		0	False	2
P53724	Saccharomyces cerevisiae (strain ATCC 204508 / S288c)	Fungi	139		0	False	5
Q8S9J1	Arabidopsis thaliana	Plants	508		0	False	4
Q96QE3	Homo sapiens	Metazoa	1844		0	False	4
P87238	Schizosaccharomyces pombe (strain 972 / ATCC 24843)	Fungi	215		0	False	1
Q5HYI7	Homo sapiens	Metazoa	312		0	False	3
Q9M4B5	Arabidopsis thaliana	Plants	129		0	False	4
Q16594	Homo sapiens	Metazoa	264		0	False	1
Q9EPW2	Mus musculus	Metazoa	415		0	False	4
P40554	Saccharomyces cerevisiae (strain ATCC 204508 / S288c)	Fungi	99		0	False	3
P13995	Homo sapiens	Metazoa	350		0	False	4
Q00317	Candida boidinii	Fungi	256		0	False	4
P06537	Mus musculus	Metazoa	792		0	False	1
Q04199	Saccharomyces cerevisiae (strain ATCC 204508 / S288c)	Fungi	468		0	False	2
Q38802	Arabidopsis thaliana	Plants	802		0	False	2
V5IMN1	Neurospora crassa (strain ATCC 24698 / 74-OR23-1A / CBS 708.71 / DSM 1257 / FGSC 987)	Fungi	325		0	False	3
Q9H9E3	Homo sapiens	Metazoa	785		0	False	3
Q5TGZ0	Homo sapiens	Metazoa	78		0	True	3
Q9LD47	Arabidopsis thaliana	Plants	320		0	False	5
Q12338	Saccharomyces cerevisiae (strain ATCC 204508 / S288c)	Fungi	110		0	False	2
Q9WTZ9	Mus musculus	Metazoa	124		0	False	1
P16059	Pisum sativum	Plants	259		0	False	2
Q8IDM6	Plasmodium falciparum (isolate 3D7)	Other	422		0	True	5
Q80T79	Mus musculus	Metazoa	3707		0	True	1
Q3URQ0	Mus musculus	Metazoa	928		0	False	3
Q99216	Saccharomyces cerevisiae (strain ATCC 204508 / S288c)	Fungi	274		0	False	1
Q6DGH9	Danio rerio	Metazoa	315		0	False	3
Q10570	Homo sapiens	Metazoa	1443		0	False	5
Q9R002	Mus musculus	Metazoa	445		0	False	5
Q23794	Chironomus tentans	Metazoa	99		0	False	3
P38626	Saccharomyces cerevisiae (strain ATCC 204508 / S288c)	Fungi	284		0	True	3
G5ED41	Caenorhabditis elegans	Metazoa	1274		0	False	2
P22515	Saccharomyces cerevisiae (strain ATCC 204508 / S288c)	Fungi	1024		0	False	4
Q75V57	Oryza sativa subsp. japonica	Plants	361		0	False	2
Q14678	Homo sapiens	Metazoa	1352		0	False	3
Q1HTZ8	Rhinella marina	Metazoa	198		0	False	2
P62191	Homo sapiens	Metazoa	440		0	False	5
Q9LUI3	Arabidopsis thaliana	Plants	695		0	False	1
P42338	Homo sapiens	Metazoa	1070		0	False	2
Q9H244	Homo sapiens	Metazoa	342		0	True	5
O89038	Rattus norvegicus	Metazoa	507		0	False	2
Q13686	Homo sapiens	Metazoa	389		0	False	1
Q91YH6	Mus musculus	Metazoa	513		0	False	4
Q66K74	Homo sapiens	Metazoa	1059		0	False	2
O22152	Arabidopsis thaliana	Plants	229		0	False	4
Q07912	Homo sapiens	Metazoa	1038		0	False	4
Q64GA5	Mus musculus	Metazoa	597		0	False	3
A8CVF3	Avicennia marina	Plants	195		0	False	5
Q3ULF4	Mus musculus	Metazoa	781		0	False	1
Q8C0R7	Mus musculus	Metazoa	736		0	False	4
P38828	Saccharomyces cerevisiae (strain ATCC 204508 / S288c)	Fungi	187		0	False	4
Q86Y01	Homo sapiens	Metazoa	620		0	False	3
P33400	Saccharomyces cerevisiae (strain ATCC 204508 / S288c)	Fungi	625		0	False	1
O08575	Mus musculus	Metazoa	532		0	False	5
Q9VFS5	Drosophila melanogaster	Metazoa	980		0	False	1
P43309	Malus domestica	Plants	593		0	False	1
Q9QYK9	Mus musculus	Metazoa	343		0	False	4
P31651	Mus musculus	Metazoa	614		0	True	2
P15512	Tetrahymena pyriformis	Other	136		0	False	3
Q60954	Mus musculus	Metazoa	390		0	False	2
P41848	Caenorhabditis elegans	Metazoa	697		0	False	5
P52270	Trypanosoma cruzi	Other	251		0	False	4
Q96LW7	Homo sapiens	Metazoa	228		0	False	2
C8VTV4	Emericella nidulans (strain FGSC A4 / ATCC 38163 / CBS 112.46 / NRRL 194 / M139)	Fungi	573		0	False	3
O43083	Schizosaccharomyces pombe (strain 972 / ATCC 24843)	Fungi	338		0	False	4
O23614	Arabidopsis thaliana	Plants	515		0	False	5
P49704	Saccharomyces cerevisiae (strain ATCC 204508 / S288c)	Fungi	494		0	False	1
Q04637	Homo sapiens	Metazoa	1599		0	False	5
Q96MI9	Homo sapiens	Metazoa	1112		0	False	3
Q9UK80	Homo sapiens	Metazoa	565		0	False	5
Q9DBY8	Mus musculus	Metazoa	855		0	False	5
Q38895	Arabidopsis thaliana	Plants	204		0	False	4
Q9Y6X0	Homo sapiens	Metazoa	1596		0	False	3
P55199	Homo sapiens	Metazoa	621		0	False	1
Q99JI1	Mus musculus	Metazoa	82		0	False	3
P22844	Xenopus laevis	Metazoa	196		0	False	2
P0C2B8	Bos taurus	Metazoa	126		0	False	3
Q06512	Saccharomyces cerevisiae (strain ATCC 204508 / S288c)	Fungi	552		0	False	3
O74895	Schizosaccharomyces pombe (strain 972 / ATCC 24843)	Fungi	201		0	False	4
Q86YA3	Homo sapiens	Metazoa	2104		0	False	5
F4IN23	Arabidopsis thaliana	Plants	321		0	False	5
A0A2I0BUK1	Plasmodium falciparum (isolate NF54)	Other	893		0	False	3
Q9YHE8	Danio rerio	Metazoa	560		0	False	5
Q63270	Rattus norvegicus	Metazoa	889		0	False	2
Q9BSK4	Homo sapiens	Metazoa	669		0	False	1
Q39026	Arabidopsis thaliana	Plants	395		0	False	4
Q24322	Drosophila melanogaster	Metazoa	899		0	True	4
P21549	Homo sapiens	Metazoa	392		0	False	2
Q6DBN4	Arabidopsis thaliana	Plants	253		0	True	5
Q17963	Caenorhabditis elegans	Metazoa	376		0	False	3
Q94A03	Arabidopsis thaliana	Plants	391		0	False	2
Q6RET7	Medicago truncatula	Plants	523		0	False	5
Q9UBH6	Homo sapiens	Metazoa	696		0	False	1
Q8VDW4	Mus musculus	Metazoa	151		0	False	5
O18404	Drosophila melanogaster	Metazoa	255		0	False	4
Q9FEN9	Arabidopsis thaliana	Plants	228		0	False	4
Q6PDY0	Mus musculus	Metazoa	202		0	False	4
Q9H1R2	Homo sapiens	Metazoa	295		0	False	5
Q6RFH8	Homo sapiens	Metazoa	374		0	False	3
P47148	Saccharomyces cerevisiae (strain ATCC 204508 / S288c)	Fungi	283		0	False	3
Q9M077	Arabidopsis thaliana	Plants	294		0	False	4
A0MP03	Xenopus laevis	Metazoa	1028		0	False	4
Q9NR00	Homo sapiens	Metazoa	106		0	False	5
Q9P0U1	Homo sapiens	Metazoa	55		0	True	1
P39717	Saccharomyces cerevisiae (strain ATCC 204508 / S288c)	Fungi	880		0	False	1
Q9VW27	Drosophila melanogaster	Metazoa	717		0	False	3
Q8C167	Mus musculus	Metazoa	725		0	False	4
O14966	Homo sapiens	Metazoa	203		0	False	3
P23706	Antirrhinum majus	Plants	227		0	False	3
Q9NPD3	Homo sapiens	Metazoa	245		0	False	5
E2JF22	Mus musculus	Metazoa	2547		0	True	4
Q19584	Caenorhabditis elegans	Metazoa	342		0	False	2
Q9M1I7	Arabidopsis thaliana	Plants	467		0	False	3
P53241	Saccharomyces cerevisiae (strain ATCC 204508 / S288c)	Fungi	593		0	False	1
Q8BUV3	Mus musculus	Metazoa	769		0	False	5
P36013	Saccharomyces cerevisiae (strain ATCC 204508 / S288c)	Fungi	669		0	False	3
O95319	Homo sapiens	Metazoa	508		0	False	4
P31273	Homo sapiens	Metazoa	242		0	False	4
Q7K5K3	Drosophila melanogaster	Metazoa	365		0	False	5
O22241	Arabidopsis thaliana	Plants	424		0	False	1
P10644	Homo sapiens	Metazoa	381		0	False	1
Q7TMA4	Mus musculus	Metazoa	361		0	True	2
O49675	Arabidopsis thaliana	Plants	595		0	False	4
Q9NTW7	Homo sapiens	Metazoa	645		0	False	3
P80001	Sepia officinalis	Metazoa	78		0	False	2
O08574	Mus musculus	Metazoa	370		0	False	5
Q9SJF0	Arabidopsis thaliana	Plants	1018		0	False	2
A6ND48	Homo sapiens	Metazoa	311		0	True	4
Q9TZC4	Caenorhabditis elegans	Metazoa	466		0	False	3
P69069	Oncorhynchus mykiss	Metazoa	124		0	False	1
P12113	Chlamydomonas reinhardtii	Plants	358		0	False	4
P15863	Homo sapiens	Metazoa	534		0	False	3
P46951	Saccharomyces cerevisiae (strain ATCC 204508 / S288c)	Fungi	817		0	False	2
P20050	Saccharomyces cerevisiae (strain ATCC 204508 / S288c)	Fungi	605		0	False	1
Q9LY28	Arabidopsis thaliana	Plants	479		0	False	1
O22265	Arabidopsis thaliana	Plants	373		0	False	3
Q9LU21	Arabidopsis thaliana	Plants	204		0	False	2
P49804	Rattus norvegicus	Metazoa	180		0	False	1
P32259	Saccharomyces cerevisiae (strain ATCC 204508 / S288c)	Fungi	974		0	False	2
Q0WVX5	Arabidopsis thaliana	Plants	1040		0	False	3
Q9NUL7	Homo sapiens	Metazoa	540		0	False	5
Q9US07	Schizosaccharomyces pombe (strain 972 / ATCC 24843)	Fungi	662		0	False	1
P27144	Homo sapiens	Metazoa	223		0	False	5
Q8WUU5	Homo sapiens	Metazoa	269		0	False	4
Q14814	Homo sapiens	Metazoa	521		0	False	2
P91853	Caenorhabditis elegans	Metazoa	356		0	False	5
Q42342	Arabidopsis thaliana	Plants	134		0	False	1
P40037	Saccharomyces cerevisiae (strain ATCC 204508 / S288c)	Fungi	129		0	False	1
P23586	Arabidopsis thaliana	Plants	522		0	True	5
F4HU58	Arabidopsis thaliana	Plants	420		0	False	4
P40491	Saccharomyces cerevisiae (strain ATCC 204508 / S288c)	Fungi	155		0	False	1
Q03862	Saccharomyces cerevisiae (strain ATCC 204508 / S288c)	Fungi	593		0	False	2
P31649	Mus musculus	Metazoa	602		0	True	3
Q9LEQ3	Arabidopsis thaliana	Plants	706		0	True	2
O00483	Homo sapiens	Metazoa	81		0	True	2
Q98TA5	Xenopus laevis	Metazoa	896		0	False	4
O96008	Homo sapiens	Metazoa	361		0	False	4
Q9LK76	Arabidopsis thaliana	Plants	389		0	False	3
Q13023	Homo sapiens	Metazoa	2319		0	False	2
Q9CA69	Arabidopsis thaliana	Plants	397		0	False	4
P17540	Homo sapiens	Metazoa	419		0	False	3
Q62440	Mus musculus	Metazoa	770		0	False	5
Q9Z258	Rattus norvegicus	Metazoa	1239		0	False	4
O60336	Homo sapiens	Metazoa	1514		0	False	2
Q6JP77	Rattus norvegicus	Metazoa	353		0	False	5
O18757	Oryctolagus cuniculus	Metazoa	475		0	False	5
Q9BWG6	Homo sapiens	Metazoa	230		0	False	4
Q923A2	Mus musculus	Metazoa	608		0	False	3
Q9NDJ2	Drosophila melanogaster	Metazoa	3198		0	False	2
Q8GUM2	Arabidopsis thaliana	Plants	682		0	False	3
P59103	Homo sapiens	Metazoa	153		0	False	2
J9VT33	Cryptococcus neoformans var. grubii serotype A (strain H99 / ATCC 208821 / CBS 10515 / FGSC 9487)	Fungi	1048		0	False	3
Q4VBD9	Mus musculus	Metazoa	706		0	False	2
P21440	Mus musculus	Metazoa	1276		0	True	3
Q9BXY8	Homo sapiens	Metazoa	128		0	False	5
O74560	Schizosaccharomyces pombe (strain 972 / ATCC 24843)	Fungi	636		0	False	1
Q8AYS7	Gallus gallus	Metazoa	753		0	False	3
Q21446	Caenorhabditis elegans	Metazoa	539		0	False	4
Q9Z1X9	Mus musculus	Metazoa	566		0	False	5
Q8W586	Arabidopsis thaliana	Plants	379		0	False	2
P92958	Arabidopsis thaliana	Plants	512		0	False	2
Q15436	Homo sapiens	Metazoa	765		0	False	5
Q03036	Saccharomyces cerevisiae (strain ATCC 204508 / S288c)	Fungi	179		0	False	2
Q9JIK9	Mus musculus	Metazoa	218		0	False	4
Q8MIR0	Sus scrofa	Metazoa	373		0	False	3
O75489	Homo sapiens	Metazoa	264		0	False	4
Q9ES70	Mus musculus	Metazoa	313		0	False	3
Q9VGL8	Drosophila melanogaster	Metazoa	363		0	False	4
O49627	Arabidopsis thaliana	Plants	167		0	False	1
P37232	Xenopus laevis	Metazoa	474		0	False	2
P35922	Mus musculus	Metazoa	614		0	False	1
P27684	Spinacia oleracea	Plants	142		0	False	2
E9Q3G8	Mus musculus	Metazoa	1462		0	False	3
Q9SW18	Arabidopsis thaliana	Plants	312		0	False	3
O43052	Schizosaccharomyces pombe (strain 972 / ATCC 24843)	Fungi	1150		0	False	2
Q944H2	Arabidopsis thaliana	Plants	391		0	False	5
Q8WZM4	Candida tropicalis	Fungi	386		0	False	1
Q9ERH7	Mus musculus	Metazoa	1192		0	False	2
Q9SZC9	Arabidopsis thaliana	Plants	949		0	False	3
Q39255	Arabidopsis thaliana	Plants	160		0	False	4
Q60823	Mus musculus	Metazoa	481		0	False	2
Q9V535	Drosophila melanogaster	Metazoa	165		0	False	5
Q9Y3Q4	Homo sapiens	Metazoa	1203		0	False	5
Q96K58	Homo sapiens	Metazoa	619		0	False	3
O35433	Rattus norvegicus	Metazoa	838		0	False	5
Q8GTR4	Arabidopsis thaliana	Plants	965		0	False	4
Q06211	Saccharomyces cerevisiae (strain ATCC 204508 / S288c)	Fungi	1407		0	False	4
P19532	Homo sapiens	Metazoa	575		0	False	3
Q10210	Schizosaccharomyces pombe (strain 972 / ATCC 24843)	Fungi	391		0	False	3
Q9P0K8	Homo sapiens	Metazoa	574		0	False	4
A0A7G5KET3	Aspergillus flavus (strain ATCC 200026 / FGSC A1120 / IAM 13836 / NRRL 3357 / JCM 12722 / SRRC 167)	Fungi	417		0	False	3
P14137	Rattus norvegicus	Metazoa	526		0	False	4
Q501D2	Arabidopsis thaliana	Plants	572		0	False	5
Q15050	Homo sapiens	Metazoa	365		0	False	5
Q8NAG6	Homo sapiens	Metazoa	615		0	False	1
P27124	Oryctolagus cuniculus	Metazoa	458		0	False	3
P06506	Spinacia oleracea	Plants	138		0	False	5
A1Z6E0	Drosophila melanogaster	Metazoa	279		0	False	1
P53281	Saccharomyces cerevisiae (strain ATCC 204508 / S288c)	Fungi	241		0	False	1
Q9XGM3	Arabidopsis thaliana	Plants	1217		0	False	4
Q9HAV4	Homo sapiens	Metazoa	1204		0	False	5
I3PB37	Petunia hybrida	Plants	544		0	False	2
Q9Y294	Homo sapiens	Metazoa	204		0	False	2
Q9LK23	Arabidopsis thaliana	Plants	516		0	False	4
Q8ND76	Homo sapiens	Metazoa	341		0	False	2
O43248	Homo sapiens	Metazoa	304		0	False	1
Q71SY5	Homo sapiens	Metazoa	747		0	False	4
Q9T0H9	Arabidopsis thaliana	Plants	359		0	False	4
P08181	Drosophila melanogaster	Metazoa	336		0	False	5
Q09428	Homo sapiens	Metazoa	1581		0	True	3
Q84XV2	Arabidopsis thaliana	Plants	386		0	False	4
Q9BZY9	Homo sapiens	Metazoa	425		0	False	5
Q80VL1	Mus musculus	Metazoa	560		0	False	5
P63241	Homo sapiens	Metazoa	154		0	False	1
Q84ZW8	Zea mays	Plants	590		0	False	1
Q9LI74	Arabidopsis thaliana	Plants	1004		0	False	1
P41348	Spinacia oleracea	Plants	144		0	False	2
P53150	Saccharomyces cerevisiae (strain ATCC 204508 / S288c)	Fungi	421		0	False	1
Q9EQR5	Mus musculus	Metazoa	269		0	True	4
Q7SA88	Neurospora crassa (strain ATCC 24698 / 74-OR23-1A / CBS 708.71 / DSM 1257 / FGSC 987)	Fungi	439		0	False	5
P51398	Homo sapiens	Metazoa	398		0	False	3
Q9JMG3	Mus musculus	Metazoa	245		0	True	4
Q32P44	Homo sapiens	Metazoa	896		0	False	4
O60260	Homo sapiens	Metazoa	465		0	False	2
B1AXD8	Mus musculus	Metazoa	201		0	False	5
Q09685	Schizosaccharomyces pombe (strain 972 / ATCC 24843)	Fungi	411		0	False	2
Q12363	Saccharomyces cerevisiae (strain ATCC 204508 / S288c)	Fungi	437		0	False	1
Q86TX2	Homo sapiens	Metazoa	421		0	False	3
Q01497	Pichia angusta	Fungi	457		0	True	1
Q8TDB8	Homo sapiens	Metazoa	520		0	True	2
Q7XJJ7	Arabidopsis thaliana	Plants	607		0	False	3
Q6PII3	Homo sapiens	Metazoa	467		0	False	2
O49447	Arabidopsis thaliana	Plants	379		0	True	3
P17070	Oryza sativa subsp. japonica	Plants	263		0	False	3
F4K6X0	Arabidopsis thaliana	Plants	121		0	False	1
O15525	Homo sapiens	Metazoa	162		0	False	4
P38882	Saccharomyces cerevisiae (strain ATCC 204508 / S288c)	Fungi	575		0	False	4
Q9QYJ6	Rattus norvegicus	Metazoa	794		0	False	1
Q15699	Homo sapiens	Metazoa	326		0	False	1
Q99KP6	Mus musculus	Metazoa	504		0	False	5
A1A5B4	Homo sapiens	Metazoa	782		0	False	2
P53114	Saccharomyces cerevisiae (strain ATCC 204508 / S288c)	Fungi	1132		0	False	4
Q9M1E2	Arabidopsis thaliana	Plants	558		0	True	2
Q14019	Homo sapiens	Metazoa	142		0	False	2
Q8NBA8	Homo sapiens	Metazoa	298		0	False	5
Q9Y224	Homo sapiens	Metazoa	244		0	False	2
P32558	Saccharomyces cerevisiae (strain ATCC 204508 / S288c)	Fungi	1035		0	False	1
P38634	Saccharomyces cerevisiae (strain ATCC 204508 / S288c)	Fungi	284		0	False	5
P67999	Rattus norvegicus	Metazoa	525		0	False	3
C8YNG6	Petunia hybrida	Plants	462		0	False	1
Q8CJ78	Mus musculus	Metazoa	1038		0	False	3
P35548	Homo sapiens	Metazoa	267		0	False	1
Q9BVJ7	Homo sapiens	Metazoa	150		0	False	3
Q6YN16	Homo sapiens	Metazoa	418		0	False	2
Q9JHR9	Mus musculus	Metazoa	270		0	False	3
Q9Y2K1	Homo sapiens	Metazoa	713		0	False	1
Q8LPR5	Arabidopsis thaliana	Plants	420		0	False	2
P38827	Saccharomyces cerevisiae (strain ATCC 204508 / S288c)	Fungi	1080		0	False	3
Q5Z8R1	Oryza sativa subsp. japonica	Plants	455		0	False	4
Q9UBX0	Homo sapiens	Metazoa	185		0	False	1
O95478	Homo sapiens	Metazoa	260		0	False	5
Q9H2U1	Homo sapiens	Metazoa	1008		0	False	1
Q9SL92	Arabidopsis thaliana	Plants	367		0	False	2
Q5T6F2	Homo sapiens	Metazoa	1119		0	False	2
Q91ZD4	Mus musculus	Metazoa	521		0	False	5
Q9QY15	Mus musculus	Metazoa	484		0	False	1
Q9D8T2	Mus musculus	Metazoa	487		0	False	2
P62784	Caenorhabditis elegans	Metazoa	103		0	False	5
Q8VY15	Arabidopsis thaliana	Plants	899		0	False	1
Q63065	Rattus norvegicus	Metazoa	434		0	False	4
Q9NYQ2	Mus musculus	Metazoa	353		0	False	1
Q03825	Saccharomyces cerevisiae (strain ATCC 204508 / S288c)	Fungi	758		0	False	4
Q94AQ8	Arabidopsis thaliana	Plants	348		0	False	4
Q9NPC1	Homo sapiens	Metazoa	358		0	True	2
Q8R507	Mus musculus	Metazoa	461		0	True	1
Q969Z0	Homo sapiens	Metazoa	631		0	False	4
Q94BQ3	Arabidopsis thaliana	Plants	757		0	False	1
A3BF39	Oryza sativa subsp. japonica	Plants	1067		0	False	5
Q9LES2	Arabidopsis thaliana	Plants	478		0	False	2
P14270	Rattus norvegicus	Metazoa	803		0	False	4
Q9FPS9	Arabidopsis thaliana	Plants	924		0	False	1
O14311	Schizosaccharomyces pombe (strain 972 / ATCC 24843)	Fungi	307		0	False	3
Q9M280	Arabidopsis thaliana	Plants	116		0	False	1
Q8BLQ0	Mus musculus	Metazoa	456		0	False	1
Q7K3L1	Drosophila melanogaster	Metazoa	921		0	False	4
O23140	Arabidopsis thaliana	Plants	438		0	False	2
Q62733	Rattus norvegicus	Metazoa	452		0	False	4
P00311	Galdieria sulphuraria	Other	172		0	False	5
Q680Q4	Arabidopsis thaliana	Plants	884		0	False	4
P38771	Saccharomyces cerevisiae (strain ATCC 204508 / S288c)	Fungi	230		0	False	2
P31643	Rattus norvegicus	Metazoa	621		0	True	5
Q9BUV8	Homo sapiens	Metazoa	137		0	True	2
P40556	Saccharomyces cerevisiae (strain ATCC 204508 / S288c)	Fungi	373		0	True	2
Q9SE43	Arabidopsis thaliana	Plants	842		0	False	5
Q8ND90	Homo sapiens	Metazoa	353		0	False	1
Q5M755	Arabidopsis thaliana	Plants	273		0	False	2
Q9LVI4	Arabidopsis thaliana	Plants	352		0	False	1
Q8WYA6	Homo sapiens	Metazoa	563		0	False	3
Q810D1	Rattus norvegicus	Metazoa	196		0	False	5
Q10308	Schizosaccharomyces pombe (strain 972 / ATCC 24843)	Fungi	269		0	False	4
Q7M3M8	Drosophila melanogaster	Metazoa	793		0	False	3
Q9WU82	Rattus norvegicus	Metazoa	781		0	False	5
O94289	Schizosaccharomyces pombe (strain 972 / ATCC 24843)	Fungi	718		0	False	1
P18115	Xenopus laevis	Metazoa	418		0	False	2
P51170	Homo sapiens	Metazoa	649		0	True	5
P33751	Saccharomyces cerevisiae (strain ATCC 204508 / S288c)	Fungi	242		0	False	3
Q8W4J9	Arabidopsis thaliana	Plants	908		0	False	3
Q6NME7	Arabidopsis thaliana	Plants	127		0	False	4
P18054	Homo sapiens	Metazoa	663		0	False	2
P14732	Gallus gallus	Metazoa	600		0	False	5
Q94B78	Arabidopsis thaliana	Plants	1037		0	False	1
Q92833	Homo sapiens	Metazoa	1246		0	False	1
P27697	Saccharomyces cerevisiae (strain ATCC 204508 / S288c)	Fungi	501		0	False	2
P40502	Saccharomyces cerevisiae (strain ATCC 204508 / S288c)	Fungi	157		0	True	2
Q811A2	Rattus norvegicus	Metazoa	172		0	True	3
Q9C4Z7	Arabidopsis thaliana	Plants	229		0	False	1
Q9FKB5	Arabidopsis thaliana	Plants	222		0	False	5
O49937	Spinacia oleracea	Plants	293		0	False	5
Q00711	Saccharomyces cerevisiae (strain ATCC 204508 / S288c)	Fungi	640		0	False	5
P53877	Saccharomyces cerevisiae (strain ATCC 204508 / S288c)	Fungi	555		0	False	3
Q06563	Saccharomyces cerevisiae (strain ATCC 204508 / S288c)	Fungi	197		0	True	4
Q9HB89	Homo sapiens	Metazoa	426		0	True	3
P87227	Schizosaccharomyces pombe (strain 972 / ATCC 24843)	Fungi	672		0	False	1
Q12530	Saccharomyces cerevisiae (strain ATCC 204508 / S288c)	Fungi	201		0	True	4
Q8BX22	Mus musculus	Metazoa	1067		0	False	2
P12755	Homo sapiens	Metazoa	728		0	False	4
Q5U249	Xenopus laevis	Metazoa	2408		0	False	3
Q8K203	Mus musculus	Metazoa	606		0	False	1
P48048	Homo sapiens	Metazoa	391		0	True	2
P49919	Mus musculus	Metazoa	348		0	False	3
Q6ZMU5	Homo sapiens	Metazoa	477		0	False	4
Q08457	Saccharomyces cerevisiae (strain ATCC 204508 / S288c)	Fungi	257		0	False	2
Q7TSD4	Mus musculus	Metazoa	393		0	False	5
Q9I9A7	Xenopus laevis	Metazoa	617		0	False	5
P38291	Saccharomyces cerevisiae (strain ATCC 204508 / S288c)	Fungi	140		0	False	5
P24350	Drosophila melanogaster	Metazoa	396		0	False	3
Q8K083	Mus musculus	Metazoa	1302		0	False	2
Q13404	Homo sapiens	Metazoa	147		0	False	1
Q99N13	Mus musculus	Metazoa	588		0	False	1
Q7Z2W7	Homo sapiens	Metazoa	1104		0	False	5
Q9FYB5	Arabidopsis thaliana	Plants	161		0	False	1
O82339	Arabidopsis thaliana	Plants	294		0	False	2
P32898	Saccharomyces cerevisiae (strain ATCC 204508 / S288c)	Fungi	989		0	False	4
P93740	Arabidopsis thaliana	Plants	280		0	False	5
Q6PDM1	Mus musculus	Metazoa	616		0	False	3
Q06236	Saccharomyces cerevisiae (strain ATCC 204508 / S288c)	Fungi	168		0	True	2
Q12300	Saccharomyces cerevisiae (strain ATCC 204508 / S288c)	Fungi	763		0	False	3
Q17632	Caenorhabditis elegans	Metazoa	961		0	False	4
Q03489	Petunia hybrida	Plants	241		0	False	4
Q8K1S6	Mus musculus	Metazoa	718		0	False	1
Q9SX29	Arabidopsis thaliana	Plants	159		0	False	2
Q9UGR2	Homo sapiens	Metazoa	977		0	False	3
Q15543	Homo sapiens	Metazoa	124		0	False	3
Q99N50	Mus musculus	Metazoa	950		0	False	2
Q9UGP4	Homo sapiens	Metazoa	676		0	False	3
Q9QYC0	Mus musculus	Metazoa	735		0	False	2
P51692	Homo sapiens	Metazoa	787		0	False	3
C0HKE1	Mus musculus	Metazoa	130		0	False	1
Q9Y4G6	Homo sapiens	Metazoa	2542		0	False	2
P39979	Saccharomyces cerevisiae (strain ATCC 204508 / S288c)	Fungi	161		0	False	4
Q7Z6K1	Homo sapiens	Metazoa	395		0	False	5
Q6H1V1	Mus musculus	Metazoa	669		0	True	5
G5EG86	Caenorhabditis elegans	Metazoa	394		0	False	5
Q9SUR3	Arabidopsis thaliana	Plants	275		0	False	2
Q12487	Saccharomyces cerevisiae (strain ATCC 204508 / S288c)	Fungi	163		0	False	2
Q1G3K8	Arabidopsis thaliana	Plants	216		0	False	3
Q9YGY3	Xenopus laevis	Metazoa	330		0	False	1
P19516	Saccharomyces cerevisiae (strain ATCC 204508 / S288c)	Fungi	300		0	True	2
Q9XIE2	Arabidopsis thaliana	Plants	1469		0	False	5
Q38HM4	Mus musculus	Metazoa	350		0	False	5
P32479	Saccharomyces cerevisiae (strain ATCC 204508 / S288c)	Fungi	840		0	False	5
P12355	Spinacia oleracea	Plants	231		0	False	2
P61160	Homo sapiens	Metazoa	394		0	False	4
P25490	Homo sapiens	Metazoa	414		0	False	2
Q9FXD6	Arabidopsis thaliana	Plants	521		0	False	5
O60293	Homo sapiens	Metazoa	1989		0	False	1
P38127	Saccharomyces cerevisiae (strain ATCC 204508 / S288c)	Fungi	377		0	True	5
P00071	Pastinaca sativa	Plants	111		0	False	4
O14131	Schizosaccharomyces pombe (strain 972 / ATCC 24843)	Fungi	442		0	False	4
P0C2C1	Rattus norvegicus	Metazoa	160		0	False	2
Q8L773	Arabidopsis thaliana	Plants	244		0	False	5
Q12467	Saccharomyces cerevisiae (strain ATCC 204508 / S288c)	Fungi	430		0	False	3
P97443	Mus musculus	Metazoa	490		0	False	5
O81126	Arabidopsis thaliana	Plants	200		0	False	1
Q6UVM4	Rattus norvegicus	Metazoa	1142		0	True	2
Q7YZH1	Drosophila melanogaster	Metazoa	3241		0	False	3
Q923X4	Mus musculus	Metazoa	156		0	False	2
Q02758	Pisum sativum	Plants	251		0	False	2
Q06801	Solanum tuberosum	Plants	576		0	False	5
P35476	Nicotiana tabacum	Plants	99		0	False	3
Q8RWN0	Arabidopsis thaliana	Plants	571		0	False	2
O74350	Schizosaccharomyces pombe (strain 972 / ATCC 24843)	Fungi	299		0	False	4
Q8QFR2	Xenopus laevis	Metazoa	1013		0	False	2
P40342	Saccharomyces cerevisiae (strain ATCC 204508 / S288c)	Fungi	146		0	False	1
Q3ZBU2	Bos taurus	Metazoa	106		0	True	2
P50110	Saccharomyces cerevisiae (strain ATCC 204508 / S288c)	Fungi	327		0	True	5
Q9USR4	Schizosaccharomyces pombe (strain 972 / ATCC 24843)	Fungi	125		0	False	2
P22469	Drosophila melanogaster	Metazoa	90		0	False	1
A6NK58	Homo sapiens	Metazoa	231		0	False	3
Q9D0R4	Mus musculus	Metazoa	546		0	False	2
O46098	Drosophila melanogaster	Metazoa	92		0	False	1
A0A0G2K047	Rattus norvegicus	Metazoa	683		0	False	2
Q92373	Schizosaccharomyces pombe (strain 972 / ATCC 24843)	Fungi	279		0	False	1
O80952	Arabidopsis thaliana	Plants	296		0	False	2
O88551	Mus musculus	Metazoa	211		0	True	2
Q32NR9	Xenopus laevis	Metazoa	708		0	False	2
P55317	Homo sapiens	Metazoa	472		0	False	4
G5EEQ5	Caenorhabditis elegans	Metazoa	367		0	False	3
Q9BXH1	Homo sapiens	Metazoa	193		0	False	2
Q7KZF4	Homo sapiens	Metazoa	910		0	False	4
K7QKH1	Humulus lupulus	Plants	393		0	False	5
Q13569	Homo sapiens	Metazoa	410		0	False	5
Q8L4H0	Arabidopsis thaliana	Plants	500		0	False	2
O14495	Homo sapiens	Metazoa	311		0	True	4
P07664	Drosophila melanogaster	Metazoa	433		0	False	2
Q5VZI3	Homo sapiens	Metazoa	342		0	False	5
Q16621	Homo sapiens	Metazoa	373		0	False	4
P28834	Saccharomyces cerevisiae (strain ATCC 204508 / S288c)	Fungi	360		0	False	2
Q8W489	Arabidopsis thaliana	Plants	865		0	False	5
Q8SUF9	Encephalitozoon cuniculi (strain GB-M1)	Fungi	553		0	True	1
Q9C8R8	Arabidopsis thaliana	Plants	711		0	False	4
F4KFT7	Arabidopsis thaliana	Plants	617		0	False	3
P17608	Schizosaccharomyces pombe (strain 972 / ATCC 24843)	Fungi	201		0	False	1
Q7M753	Mus musculus	Metazoa	456		0	False	3
Q8L796	Arabidopsis thaliana	Plants	754		0	False	4
P08433	Scyliorhinus canicula	Metazoa	51		0	False	3
O75151	Homo sapiens	Metazoa	1096		0	False	3
Q13620	Homo sapiens	Metazoa	913		0	False	1
P16388	Mus musculus	Metazoa	495		0	False	2
P20398	Xenopus laevis	Metazoa	591		0	False	2
Q9ES07	Mus musculus	Metazoa	729		0	True	2
Q9VRN3	Drosophila melanogaster	Metazoa	225		0	False	2
Q9HE07	Schizosaccharomyces pombe (strain 972 / ATCC 24843)	Fungi	534		0	False	2
K7X479	Solanum lycopersicum	Plants	313		0	False	2
P0DJI6	Mus musculus	Metazoa	106		0	False	2
Q9STX3	Arabidopsis thaliana	Plants	151		0	False	2
Q8C0L9	Mus musculus	Metazoa	675		0	False	2
P56880	Homo sapiens	Metazoa	219		0	True	3
Q9M9F0	Arabidopsis thaliana	Plants	311		0	False	1
P05205	Drosophila melanogaster	Metazoa	206		0	False	5
P23769	Homo sapiens	Metazoa	480		0	False	2
Q07478	Saccharomyces cerevisiae (strain ATCC 204508 / S288c)	Fungi	446		0	False	1
P23235	Spinacia oleracea	Plants	130		0	False	1
P83373	Fragaria ananassa	Plants	339		0	False	1
Q8MSU4	Drosophila melanogaster	Metazoa	1165		0	False	5
O49397	Arabidopsis thaliana	Plants	552		0	False	4
P16096	Spinacia oleracea	Plants	394		0	False	2
Q99816	Homo sapiens	Metazoa	390		0	False	4
O13959	Schizosaccharomyces pombe (strain 972 / ATCC 24843)	Fungi	107		0	False	5
Q9Y2G2	Homo sapiens	Metazoa	537		0	False	5
P18615	Homo sapiens	Metazoa	380		0	False	4
O74500	Schizosaccharomyces pombe (strain 972 / ATCC 24843)	Fungi	736		0	False	5
Q9HCM9	Homo sapiens	Metazoa	518		0	False	4
Q9SYM5	Arabidopsis thaliana	Plants	669		0	False	3
P60002	Homo sapiens	Metazoa	83		0	False	1
A0A509AE54	Plasmodium berghei (strain Anka)	Other	506		0	True	1
Q05982	Rattus norvegicus	Metazoa	152		0	False	2
Q96ST8	Homo sapiens	Metazoa	783		0	False	4
Q5T9L3	Homo sapiens	Metazoa	541		0	True	4
P47924	Arabidopsis thaliana	Plants	543		0	False	5
P00011	Canis lupus familiaris	Metazoa	105		0	False	5
Q9LDE4	Arabidopsis thaliana	Plants	244		0	False	2
Q60902	Mus musculus	Metazoa	907		0	False	5
Q15853	Homo sapiens	Metazoa	346		0	False	5
Q9FF75	Arabidopsis thaliana	Plants	471		0	False	3
Q8NGH7	Homo sapiens	Metazoa	329		0	True	5
P32336	Saccharomyces cerevisiae (strain ATCC 204508 / S288c)	Fungi	851		0	False	5
O43427	Homo sapiens	Metazoa	364		0	False	5
B6H9U8	Penicillium rubens (strain ATCC 28089 / DSM 1075 / NRRL 1951 / Wisconsin 54-1255)	Fungi	427		0	False	1
Q9SCR2	Arabidopsis thaliana	Plants	209		0	False	2
P24864	Homo sapiens	Metazoa	410		0	False	5
P47141	Saccharomyces cerevisiae (strain ATCC 204508 / S288c)	Fungi	266		0	False	4
Q9UKV3	Homo sapiens	Metazoa	1341		0	False	2
Q9H5V7	Homo sapiens	Metazoa	419		0	False	5
Q9SAB4	Arabidopsis thaliana	Plants	405		0	False	5
Q5RJQ4	Rattus norvegicus	Metazoa	350		0	False	2
P38873	Saccharomyces cerevisiae (strain ATCC 204508 / S288c)	Fungi	1557		0	False	3
Q43125	Arabidopsis thaliana	Plants	681		0	False	1
P25613	Saccharomyces cerevisiae (strain ATCC 204508 / S288c)	Fungi	283		0	True	5
Q498E2	Rattus norvegicus	Metazoa	182		0	False	3
P38852	Saccharomyces cerevisiae (strain ATCC 204508 / S288c)	Fungi	340		0	False	1
P78347	Homo sapiens	Metazoa	998		0	False	1
P22221	Flaveria trinervia	Plants	953		0	False	3
O74971	Schizosaccharomyces pombe (strain 972 / ATCC 24843)	Fungi	261		0	False	5
O49782	Arabidopsis thaliana	Plants	352		0	False	4
O22259	Arabidopsis thaliana	Plants	171		0	False	2
Q6Z401	Oryza sativa subsp. japonica	Plants	530		0	True	1
Q86TB9	Homo sapiens	Metazoa	770		0	False	3
P32903	Saccharomyces cerevisiae (strain ATCC 204508 / S288c)	Fungi	40		0	True	3
Q01532	Saccharomyces cerevisiae (strain ATCC 204508 / S288c)	Fungi	483		0	False	4
Q9UHI6	Homo sapiens	Metazoa	824		0	False	2
P40535	Saccharomyces cerevisiae (strain ATCC 204508 / S288c)	Fungi	587		0	False	1
Q9NXR8	Homo sapiens	Metazoa	418		0	False	1
P35195	Saccharomyces cerevisiae (strain ATCC 204508 / S288c)	Fungi	104		0	False	5
P38271	Saccharomyces cerevisiae (strain ATCC 204508 / S288c)	Fungi	328		0	False	5
O55236	Mus musculus	Metazoa	597		0	False	2
Q8T6B9	Drosophila melanogaster	Metazoa	637		0	False	1
P43006	Mus musculus	Metazoa	572		0	True	4
Q5VRM0	Oryza sativa subsp. japonica	Plants	91		0	False	5
O77475	Drosophila melanogaster	Metazoa	392		0	True	2
P63059	Rattus norvegicus	Metazoa	492		0	False	3
P30307	Homo sapiens	Metazoa	473		0	False	4
P0DPK2	Homo sapiens	Metazoa	136		0	False	2
P21146	Bos taurus	Metazoa	689		0	False	3
Q8W493	Arabidopsis thaliana	Plants	369		0	False	5
Q8IWL8	Homo sapiens	Metazoa	128		0	False	5
O14649	Homo sapiens	Metazoa	394		0	True	1
P31268	Homo sapiens	Metazoa	230		0	False	3
Q9VPQ6	Drosophila melanogaster	Metazoa	1191		0	False	3
Q9UBU7	Homo sapiens	Metazoa	674		0	False	5
Q9V3I5	Drosophila melanogaster	Metazoa	1207		0	False	3
P70062	Xenopus laevis	Metazoa	554		0	False	5
O88704	Mus musculus	Metazoa	910		0	False	1
P31944	Homo sapiens	Metazoa	242		0	False	1
Q8TBE7	Homo sapiens	Metazoa	412		0	False	1
P41934	Caenorhabditis elegans	Metazoa	542		0	False	2
P19882	Saccharomyces cerevisiae (strain ATCC 204508 / S288c)	Fungi	572		0	False	3
P85037	Homo sapiens	Metazoa	733		0	False	1
Q07913	Saccharomyces cerevisiae (strain ATCC 204508 / S288c)	Fungi	336		0	False	3
B9QMJ0	Toxoplasma gondii (strain ATCC 50861 / VEG)	Other	1338		0	False	1
Q6ISB3	Homo sapiens	Metazoa	625		0	False	5
Q3U0V2	Mus musculus	Metazoa	310		0	False	1
P04762	Rattus norvegicus	Metazoa	527		0	False	4
Q8WVQ1	Homo sapiens	Metazoa	401		0	True	4
O54794	Mus musculus	Metazoa	303		0	True	3
P21964	Homo sapiens	Metazoa	271		0	True	3
Q7XJM2	Arabidopsis thaliana	Plants	618		0	False	1
Q8CF60	Mus musculus	Metazoa	680		0	False	5
P20095	Saccharomyces cerevisiae (strain ATCC 204508 / S288c)	Fungi	876		0	False	3
Q6NPP4	Arabidopsis thaliana	Plants	1050		0	False	5
A0A0B5LB55	Penicillium brevicompactum	Fungi	433		0	False	2
O94489	Schizosaccharomyces pombe (strain 972 / ATCC 24843)	Fungi	1047		0	False	5
Q94BV2	Arabidopsis thaliana	Plants	181		0	False	3
O65435	Arabidopsis thaliana	Plants	600		0	False	4
Q9VYN8	Drosophila melanogaster	Metazoa	3004		0	False	3
G4NBR8	Pyricularia oryzae (strain 70-15 / ATCC MYA-4617 / FGSC 8958)	Fungi	548		0	False	1
Q96BT3	Homo sapiens	Metazoa	561		0	False	1
Q96LB0	Homo sapiens	Metazoa	322		0	True	1
P24699	Mus musculus	Metazoa	255		0	False	3
Q8N7B1	Homo sapiens	Metazoa	307		0	False	5
Q9LEB4	Nicotiana plumbaginifolia	Plants	409		0	False	5
P38042	Saccharomyces cerevisiae (strain ATCC 204508 / S288c)	Fungi	758		0	False	1
P79083	Schizosaccharomyces pombe (strain 972 / ATCC 24843)	Fungi	328		0	False	1
P50091	Saccharomyces cerevisiae (strain ATCC 204508 / S288c)	Fungi	288		0	False	3
P63002	Mus musculus	Metazoa	197		0	False	3
F1MA98	Rattus norvegicus	Metazoa	2360		0	False	1
Q96PH1	Homo sapiens	Metazoa	765		0	False	1
P40085	Saccharomyces cerevisiae (strain ATCC 204508 / S288c)	Fungi	556		0	True	3
P41073	Drosophila melanogaster	Metazoa	716		0	False	4
P23025	Homo sapiens	Metazoa	273		0	False	4
P48003	Schizosaccharomyces pombe (strain 972 / ATCC 24843)	Fungi	139		0	False	3
P14740	Rattus norvegicus	Metazoa	767		0	True	1
Q9D1N4	Mus musculus	Metazoa	221		0	True	5
Q9H4M9	Homo sapiens	Metazoa	534		0	False	2
P0CY08	Saccharomyces cerevisiae (strain ATCC 204508 / S288c)	Fungi	210		0	False	2
Q9VFF3	Drosophila melanogaster	Metazoa	900		0	False	2
G5EEK9	Caenorhabditis elegans	Metazoa	873		0	False	3
Q03615	Caenorhabditis elegans	Metazoa	305		0	False	3
Q66WT7	Bos taurus	Metazoa	162		0	False	5
P33303	Saccharomyces cerevisiae (strain ATCC 204508 / S288c)	Fungi	322		0	True	3
Q86XP3	Homo sapiens	Metazoa	938		0	False	3
Q63035	Rattus norvegicus	Metazoa	881		0	False	3
P39008	Saccharomyces cerevisiae (strain ATCC 204508 / S288c)	Fungi	433		0	False	5
F4JQH3	Arabidopsis thaliana	Plants	645		0	False	2
P58501	Mus musculus	Metazoa	919		0	False	1
P40999	Schizosaccharomyces pombe (strain 972 / ATCC 24843)	Fungi	330		0	False	3
P00359	Saccharomyces cerevisiae (strain ATCC 204508 / S288c)	Fungi	332		0	False	3
P30551	Rattus norvegicus	Metazoa	444		0	True	3
P16547	Saccharomyces cerevisiae (strain ATCC 204508 / S288c)	Fungi	393		0	True	2
Q9LM71	Arabidopsis thaliana	Plants	232		0	False	4
Q8VZJ1	Arabidopsis thaliana	Plants	379		0	False	4
Q8H0T5	Arabidopsis thaliana	Plants	262		0	False	1
Q02888	Saccharomyces cerevisiae (strain ATCC 204508 / S288c)	Fungi	182		0	False	4
Q8TB92	Homo sapiens	Metazoa	370		0	False	3
Q8WXD5	Homo sapiens	Metazoa	167		0	False	2
Q7SC44	Neurospora crassa (strain ATCC 24698 / 74-OR23-1A / CBS 708.71 / DSM 1257 / FGSC 987)	Fungi	274		0	False	5
O75586	Homo sapiens	Metazoa	246		0	False	2
P32191	Saccharomyces cerevisiae (strain ATCC 204508 / S288c)	Fungi	649		0	False	1
O60044	Neurospora crassa (strain ATCC 24698 / 74-OR23-1A / CBS 708.71 / DSM 1257 / FGSC 987)	Fungi	454		0	False	2
P55014	Mus musculus	Metazoa	1095		0	False	5
Q8IG69	Caenorhabditis elegans	Metazoa	100		0	False	1
Q54KF1	Dictyostelium discoideum	Other	1158		0	False	4
Q9SKY1	Arabidopsis thaliana	Plants	71		0	True	5
Q9W0I5	Drosophila melanogaster	Metazoa	251		0	False	5
G5EEV2	Caenorhabditis elegans	Metazoa	4062		0	False	3
P32559	Saccharomyces cerevisiae (strain ATCC 204508 / S288c)	Fungi	526		0	False	5
Q3UMR5	Mus musculus	Metazoa	350		0	False	4
Q53KK6	Oryza sativa subsp. japonica	Plants	784		0	False	4
Q9WVE8	Mus musculus	Metazoa	486		0	False	3
Q9LJE5	Arabidopsis thaliana	Plants	667		0	False	4
P25028	Drosophila melanogaster	Metazoa	696		0	False	1
Q9UHK0	Homo sapiens	Metazoa	495		0	False	5
Q02959	Saccharomyces cerevisiae (strain ATCC 204508 / S288c)	Fungi	697		0	False	5
Q96VH4	Saccharomyces cerevisiae (strain ATCC 204508 / S288c)	Fungi	193		0	False	4
Q5T2D3	Homo sapiens	Metazoa	398		0	False	2
P32344	Saccharomyces cerevisiae (strain ATCC 204508 / S288c)	Fungi	111		0	False	4
P36060	Saccharomyces cerevisiae (strain ATCC 204508 / S288c)	Fungi	302		0	True	2
P97675	Rattus norvegicus	Metazoa	875		0	True	1
O15375	Homo sapiens	Metazoa	505		0	True	1
P18871	Sus scrofa	Metazoa	465		0	True	2
P29275	Homo sapiens	Metazoa	332		0	True	2
Q6IA86	Homo sapiens	Metazoa	826		0	False	4
O94875	Homo sapiens	Metazoa	1100		0	False	4
Q96DU9	Homo sapiens	Metazoa	382		0	False	5
P29350	Homo sapiens	Metazoa	595		0	False	4
Q811D2	Mus musculus	Metazoa	1581		0	False	1
Q01962	Komagataella pastoris	Fungi	713		0	False	5
Q9ER60	Mus musculus	Metazoa	1841		0	False	5
O95714	Homo sapiens	Metazoa	4834		0	False	2
Q8RWN9	Arabidopsis thaliana	Plants	539		0	False	5
Q9UFF9	Homo sapiens	Metazoa	292		0	False	5
Q59LY1	Candida albicans (strain SC5314 / ATCC MYA-2876)	Fungi	422		0	False	2
Q8WY64	Homo sapiens	Metazoa	445		0	False	1
P41250	Homo sapiens	Metazoa	739		0	False	3
Q9ES19	Rattus norvegicus	Metazoa	347		0	False	3
P17225	Mus musculus	Metazoa	555		0	False	5
Q9SKT0	Arabidopsis thaliana	Plants	300		0	False	5
E5KBU4	Physcomitrium patens	Plants	394		0	False	5
Q9Y345	Homo sapiens	Metazoa	797		0	False	1
Q9LHP2	Arabidopsis thaliana	Plants	262		0	False	1
P46063	Homo sapiens	Metazoa	649		0	False	5
Q8WWM9	Homo sapiens	Metazoa	190		0	False	1
P11049	Homo sapiens	Metazoa	281		0	True	4
P16389	Homo sapiens	Metazoa	499		0	False	1
Q61285	Mus musculus	Metazoa	741		0	False	4
Q12082	Saccharomyces cerevisiae (strain ATCC 204508 / S288c)	Fungi	118		0	False	5
P40984	Schizosaccharomyces pombe (strain 972 / ATCC 24843)	Fungi	157		0	False	2
Q9R007	Mus musculus	Metazoa	190		0	True	1
Q9V461	Drosophila melanogaster	Metazoa	817		0	False	3
P10103	Bos taurus	Metazoa	215		0	False	5
Q9WTS4	Mus musculus	Metazoa	2731		0	False	5
Q19360	Caenorhabditis elegans	Metazoa	430		0	False	5
Q99LZ3	Mus musculus	Metazoa	223		0	False	1
Q62233	Mus musculus	Metazoa	333		0	False	5
Q12340	Saccharomyces cerevisiae (strain ATCC 204508 / S288c)	Fungi	786		0	False	4
Q8TDS4	Homo sapiens	Metazoa	363		0	True	1
Q3UMW7	Mus musculus	Metazoa	384		0	False	1
P35813	Homo sapiens	Metazoa	382		0	False	5
Q9NVX2	Homo sapiens	Metazoa	485		0	False	5
A0JN39	Bos taurus	Metazoa	953		0	False	2
Q12188	Saccharomyces cerevisiae (strain ATCC 204508 / S288c)	Fungi	680		0	False	4
P68543	Homo sapiens	Metazoa	259		0	False	5
Q9JIF0	Mus musculus	Metazoa	371		0	False	2
P52892	Saccharomyces cerevisiae (strain ATCC 204508 / S288c)	Fungi	507		0	False	2
P29966	Homo sapiens	Metazoa	332		0	False	4
P05549	Homo sapiens	Metazoa	437		0	False	5
Q9Z1B8	Mus musculus	Metazoa	559		0	False	3
Q13351	Homo sapiens	Metazoa	362		0	False	5
D0Q0Y7	Rattus norvegicus	Metazoa	160		0	True	3
Q96GZ6	Homo sapiens	Metazoa	507		0	True	4
Q682U6	Arabidopsis thaliana	Plants	316		0	False	3
Q8INM3	Drosophila melanogaster	Metazoa	1420		0	False	2
Q3YEC7	Homo sapiens	Metazoa	729		0	False	4
Q03164	Homo sapiens	Metazoa	3969		0	False	5
E2RU10	Giardia intestinalis (strain ATCC 50803 / WB clone C6)	Other	238		0	False	2
Q8R3N6	Mus musculus	Metazoa	657		0	False	2
Q95ZL9	Caenorhabditis elegans	Metazoa	152		0	False	1
Q99N69	Mus musculus	Metazoa	386		0	False	1
P03910	Bos taurus	Metazoa	459		0	True	5
Q99MR6	Mus musculus	Metazoa	875		0	False	5
Q61161	Mus musculus	Metazoa	821		0	False	4
P51683	Mus musculus	Metazoa	373		0	True	3
Q8TDD5	Homo sapiens	Metazoa	553		0	True	2
Q9NZC4	Homo sapiens	Metazoa	300		0	False	3
Q9P127	Homo sapiens	Metazoa	313		0	False	1
Q9SX85	Arabidopsis thaliana	Plants	887		0	False	5
Q05652	Drosophila melanogaster	Metazoa	501		0	False	2
Q9WUK6	Mus musculus	Metazoa	522		0	False	5
Q94A68	Arabidopsis thaliana	Plants	377		0	False	4
Q9Y4B6	Homo sapiens	Metazoa	1507		0	False	4
Q9HD23	Homo sapiens	Metazoa	443		0	False	3
Q9H4L5	Homo sapiens	Metazoa	887		0	False	2
Q9WV30	Mus musculus	Metazoa	1534		0	False	5
O15164	Homo sapiens	Metazoa	1050		0	False	2
P39102	Saccharomyces cerevisiae (strain ATCC 204508 / S288c)	Fungi	459		0	False	2
P39104	Saccharomyces cerevisiae (strain ATCC 204508 / S288c)	Fungi	1066		0	False	3
Q38896	Arabidopsis thaliana	Plants	201		0	False	2
Q61127	Mus musculus	Metazoa	525		0	False	4
Q8N5Y2	Homo sapiens	Metazoa	521		0	False	1
P54790	Saccharomyces cerevisiae (strain ATCC 204508 / S288c)	Fungi	616		0	False	4
Q9VYS5	Drosophila melanogaster	Metazoa	334		0	False	1
Q8N1M1	Homo sapiens	Metazoa	668		0	True	1
P56471	Sus scrofa	Metazoa	366		0	False	4
A1A6H3	Arabidopsis thaliana	Plants	379		0	False	4
C4QYG0	Komagataella phaffii (strain GS115 / ATCC 20864)	Fungi	376		0	False	4
O23299	Arabidopsis thaliana	Plants	240		0	False	2
O70200	Mus musculus	Metazoa	147		0	False	5
Q9NZC7	Homo sapiens	Metazoa	414		0	False	3
A0A1D6IEG9	Zea mays	Plants	668		0	False	2
Q8IZL2	Homo sapiens	Metazoa	1156		0	False	2
Q9FKW6	Arabidopsis thaliana	Plants	360		0	False	2
Q9UMX2	Homo sapiens	Metazoa	235		0	False	2
Q5D1E8	Homo sapiens	Metazoa	599		0	False	2
Q21952	Caenorhabditis elegans	Metazoa	490		0	False	3
P00029	Asterias rubens	Metazoa	104		0	False	4
Q9W5E1	Drosophila melanogaster	Metazoa	108		0	False	2
O22224	Arabidopsis thaliana	Plants	861		0	False	3
P13861	Homo sapiens	Metazoa	404		0	False	1
P46673	Saccharomyces cerevisiae (strain ATCC 204508 / S288c)	Fungi	744		0	False	3
Q9Y3D7	Homo sapiens	Metazoa	125		0	False	4
Q9FLQ4	Arabidopsis thaliana	Plants	464		0	False	5
Q1MTN9	Schizosaccharomyces pombe (strain 972 / ATCC 24843)	Fungi	544		0	False	5
Q9C667	Arabidopsis thaliana	Plants	611		0	False	4
P32357	Saccharomyces cerevisiae (strain ATCC 204508 / S288c)	Fungi	355		0	False	3
P39951	Rattus norvegicus	Metazoa	297		0	False	3
Q9JLB2	Mus musculus	Metazoa	675		0	False	2
P36533	Saccharomyces cerevisiae (strain ATCC 204508 / S288c)	Fungi	70		0	False	3
Q07969	Rattus norvegicus	Metazoa	472		0	True	5
Q84TI6	Arabidopsis thaliana	Plants	470		0	False	1
Q96NE9	Homo sapiens	Metazoa	622		0	False	2
Q9FNR1	Arabidopsis thaliana	Plants	309		0	False	3
Q9SLK0	Arabidopsis thaliana	Plants	416		0	False	3
P28320	Saccharomyces cerevisiae (strain ATCC 204508 / S288c)	Fungi	278		0	False	3
Q04887	Mus musculus	Metazoa	507		0	False	2
Q9FMM3	Arabidopsis thaliana	Plants	1714		0	False	5
O94411	Schizosaccharomyces pombe (strain 972 / ATCC 24843)	Fungi	509		0	False	3
Q9FUZ2	Arabidopsis thaliana	Plants	273		0	False	2
A0A075TXZ1	Penicillium expansum	Fungi	324		0	False	5
Q9W3T5	Drosophila melanogaster	Metazoa	79		0	True	1
O35078	Rattus norvegicus	Metazoa	346		0	False	3
O43707	Homo sapiens	Metazoa	911		0	False	4
Q69ZF8	Mus musculus	Metazoa	577		0	False	4
Q84Q77	Oryza sativa subsp. japonica	Plants	161		0	False	1
Q04598	Saccharomyces cerevisiae (strain ATCC 204508 / S288c)	Fungi	105		0	False	3
P00420	Saccharomyces cerevisiae (strain ATCC 204508 / S288c)	Fungi	269		0	True	5
Q9JI13	Mus musculus	Metazoa	469		0	False	2
P09874	Homo sapiens	Metazoa	1014		0	False	1
Q9P6S5	Schizosaccharomyces pombe (strain 972 / ATCC 24843)	Fungi	307		0	False	2
O70511	Rattus norvegicus	Metazoa	2622		0	False	1
P23351	Neurospora crassa (strain ATCC 24698 / 74-OR23-1A / CBS 708.71 / DSM 1257 / FGSC 987)	Fungi	508		0	False	3
O88974	Mus musculus	Metazoa	1307		0	False	1
Q9FHD7	Arabidopsis thaliana	Plants	487		0	False	5
O00566	Homo sapiens	Metazoa	681		0	False	3
F1QC45	Danio rerio	Metazoa	376		0	False	4
Q63210	Rattus norvegicus	Metazoa	379		0	False	5
Q12315	Saccharomyces cerevisiae (strain ATCC 204508 / S288c)	Fungi	538		0	False	2
Q8NFJ5	Homo sapiens	Metazoa	357		0	True	1
Q94CF0	Arabidopsis thaliana	Plants	545		0	False	3
Q4X095	Aspergillus fumigatus (strain ATCC MYA-4609 / CBS 101355 / FGSC A1100 / Af293)	Fungi	247		0	False	2
Q92565	Homo sapiens	Metazoa	580		0	False	3
P26196	Homo sapiens	Metazoa	483		0	False	1
Q02775	Saccharomyces cerevisiae (strain ATCC 204508 / S288c)	Fungi	382		0	False	2
Q60676	Mus musculus	Metazoa	499		0	False	1
Q8TCG2	Homo sapiens	Metazoa	481		0	False	3
Q9JK45	Mus musculus	Metazoa	933		0	False	1
Q9UBW7	Homo sapiens	Metazoa	1377		0	False	2
O14818	Homo sapiens	Metazoa	248		0	False	5
Q09669	Schizosaccharomyces pombe (strain 972 / ATCC 24843)	Fungi	422		0	False	4
Q9SN74	Arabidopsis thaliana	Plants	240		0	False	2
Q03262	Saccharomyces cerevisiae (strain ATCC 204508 / S288c)	Fungi	622		0	False	5
Q9NY59	Homo sapiens	Metazoa	655		0	False	5
P61326	Homo sapiens	Metazoa	146		0	False	4
Q640N2	Mus musculus	Metazoa	427		0	False	4
Q9JIK5	Mus musculus	Metazoa	851		0	False	2
Q7S5N0	Neurospora crassa (strain ATCC 24698 / 74-OR23-1A / CBS 708.71 / DSM 1257 / FGSC 987)	Fungi	364		0	False	2
Q9Y4F1	Homo sapiens	Metazoa	1045		0	False	2
Q8IP99	Drosophila melanogaster	Metazoa	308		0	False	3
P53154	Saccharomyces cerevisiae (strain ATCC 204508 / S288c)	Fungi	560		0	True	5
Q9FKS5	Arabidopsis thaliana	Plants	307		0	False	3
Q9VR38	Drosophila melanogaster	Metazoa	528		0	False	5
Q8WU08	Homo sapiens	Metazoa	396		0	False	5
P22812	Drosophila melanogaster	Metazoa	462		0	False	2
Q9Y375	Homo sapiens	Metazoa	327		0	False	1
Q07141	Rattus norvegicus	Metazoa	748		0	False	2
P26569	Arabidopsis thaliana	Plants	273		0	False	5
P41003	Schizosaccharomyces pombe (strain 972 / ATCC 24843)	Fungi	1172		0	False	2
Q10336	Schizosaccharomyces pombe (strain 972 / ATCC 24843)	Fungi	327		0	False	2
P52189	Mus musculus	Metazoa	445		0	True	3
P22134	Saccharomyces cerevisiae (strain ATCC 204508 / S288c)	Fungi	296		0	False	4
O00337	Homo sapiens	Metazoa	649		0	True	3
P53266	Saccharomyces cerevisiae (strain ATCC 204508 / S288c)	Fungi	389		0	True	1
Q9H3M7	Homo sapiens	Metazoa	391		0	False	2
Q06205	Saccharomyces cerevisiae (strain ATCC 204508 / S288c)	Fungi	392		0	False	3
Q9HC29	Homo sapiens	Metazoa	1040		0	False	4
O94708	Schizosaccharomyces pombe (strain 972 / ATCC 24843)	Fungi	394		0	False	1
Q9HB21	Homo sapiens	Metazoa	404		0	False	3
Q9NXR7	Homo sapiens	Metazoa	383		0	False	1
O43586	Homo sapiens	Metazoa	416		0	False	1
Q9LH52	Arabidopsis thaliana	Plants	325		0	False	5
P41778	Mus musculus	Metazoa	430		0	False	2
Q01534	Homo sapiens	Metazoa	308		0	False	5
Q90ZB6	Xenopus laevis	Metazoa	551		0	False	1
P00013	Miniopterus schreibersii	Metazoa	105		0	False	4
P41765	Aspergillus flavus (strain ATCC 200026 / FGSC A1120 / IAM 13836 / NRRL 3357 / JCM 12722 / SRRC 167)	Fungi	444		0	False	2
P47140	Saccharomyces cerevisiae (strain ATCC 204508 / S288c)	Fungi	327		0	False	5
B6RAL1	Penicillium expansum	Fungi	1394		0	False	2
Q9P3U7	Schizosaccharomyces pombe (strain 972 / ATCC 24843)	Fungi	547		0	True	4
Q96H86	Homo sapiens	Metazoa	408		0	False	2
Q92499	Homo sapiens	Metazoa	740		0	False	3
Q969L4	Homo sapiens	Metazoa	123		0	False	4
P32843	Saccharomyces cerevisiae (strain ATCC 204508 / S288c)	Fungi	850		0	False	3
P13073	Homo sapiens	Metazoa	169		0	False	5
Q96FV9	Homo sapiens	Metazoa	657		0	False	5
Q96ER3	Homo sapiens	Metazoa	474		0	False	4
Q99714	Homo sapiens	Metazoa	261		0	False	5
P0DO01	Oryza sativa subsp. japonica	Plants	447		0	False	1
P35212	Homo sapiens	Metazoa	333		0	True	4
Q8BFX3	Mus musculus	Metazoa	815		0	False	2
Q94A84	Arabidopsis thaliana	Plants	487		0	False	5
O13792	Schizosaccharomyces pombe (strain 972 / ATCC 24843)	Fungi	434		0	False	1
C0HLU2	Homo sapiens	Metazoa	46		0	False	3
B9DGU7	Arabidopsis thaliana	Plants	267		0	False	2
P30416	Mus musculus	Metazoa	458		0	False	3
Q9C5Q2	Arabidopsis thaliana	Plants	262		0	False	4
Q9CR21	Mus musculus	Metazoa	156		0	False	4
Q80VQ0	Mus musculus	Metazoa	468		0	False	3
Q94251	Caenorhabditis elegans	Metazoa	936		0	False	3
D3ZKB9	Rattus norvegicus	Metazoa	1072		0	False	3
Q99829	Homo sapiens	Metazoa	537		0	False	1
Q8CG46	Mus musculus	Metazoa	1101		0	False	3
P40484	Saccharomyces cerevisiae (strain ATCC 204508 / S288c)	Fungi	314		0	False	1
Q8WU10	Homo sapiens	Metazoa	500		0	False	3
O95926	Homo sapiens	Metazoa	243		0	False	1
Q6VMQ6	Homo sapiens	Metazoa	1270		0	False	3
Q9BQP7	Homo sapiens	Metazoa	344		0	False	3
Q9BYG8	Homo sapiens	Metazoa	508		0	False	3
Q9VKV5	Drosophila melanogaster	Metazoa	319		0	False	2
P49802	Homo sapiens	Metazoa	495		0	False	5
P31244	Saccharomyces cerevisiae (strain ATCC 204508 / S288c)	Fungi	790		0	False	2
Q9UP83	Homo sapiens	Metazoa	860		0	False	5
Q9Y6W6	Homo sapiens	Metazoa	482		0	False	2
Q6P4R8	Homo sapiens	Metazoa	1299		0	False	4
P30085	Homo sapiens	Metazoa	196		0	False	3
P63096	Homo sapiens	Metazoa	354		0	False	3
Q53GS9	Homo sapiens	Metazoa	565		0	False	4
Q14916	Homo sapiens	Metazoa	467		0	True	5
Q5TD97	Homo sapiens	Metazoa	284		0	False	3
Q9QZX8	Rattus norvegicus	Metazoa	687		0	True	3
Q5F2E7	Mus musculus	Metazoa	692		0	False	2
Q53R41	Homo sapiens	Metazoa	847		0	False	2
P60710	Mus musculus	Metazoa	375		0	False	5
Q0WNP8	Arabidopsis thaliana	Plants	263		0	False	4
Q12172	Saccharomyces cerevisiae (strain ATCC 204508 / S288c)	Fungi	810		0	False	5
Q9LJ04	Oryza sativa subsp. japonica	Plants	490		0	False	2
Q920N5	Cricetulus griseus	Metazoa	640		0	False	4
Q02013	Mus musculus	Metazoa	269		0	True	1
Q8BUX5	Mus musculus	Metazoa	455		0	True	3
Q9BTU6	Homo sapiens	Metazoa	479		0	False	3
Q8VYI0	Arabidopsis thaliana	Plants	98		0	False	1
P53836	Saccharomyces cerevisiae (strain ATCC 204508 / S288c)	Fungi	1060		0	False	1
Q9QZU4	Mus musculus	Metazoa	167		0	False	1
P86452	Homo sapiens	Metazoa	979		0	False	3
B3DH96	Danio rerio	Metazoa	325		0	True	1
Q7KRY6	Drosophila melanogaster	Metazoa	599		0	False	3
P39985	Saccharomyces cerevisiae (strain ATCC 204508 / S288c)	Fungi	1022		0	False	5
P27736	Triticum aestivum	Plants	615		0	False	5
Q8CHK4	Mus musculus	Metazoa	513		0	False	3
Q9JLP1	Rattus norvegicus	Metazoa	346		0	False	5
A2CEI6	Danio rerio	Metazoa	1046		0	False	5
Q9VK34	Drosophila melanogaster	Metazoa	823		0	False	4
P68100	Eschrichtius robustus	Metazoa	105		0	False	1
Q9Y5X5	Homo sapiens	Metazoa	522		0	False	3
Q8CD15	Mus musculus	Metazoa	465		0	False	4
Q62504	Mus musculus	Metazoa	3644		0	False	2
O24606	Arabidopsis thaliana	Plants	628		0	False	2
P35197	Saccharomyces cerevisiae (strain ATCC 204508 / S288c)	Fungi	352		0	False	4
Q05917	Gallus gallus	Metazoa	289		0	False	5
Q9JLN9	Mus musculus	Metazoa	2549		0	False	5
O95568	Homo sapiens	Metazoa	372		0	False	5
G5ECG2	Caenorhabditis elegans	Metazoa	467		0	False	4
Q04867	Saccharomyces cerevisiae (strain ATCC 204508 / S288c)	Fungi	317		0	False	5
C8VSZ2	Emericella nidulans (strain FGSC A4 / ATCC 38163 / CBS 112.46 / NRRL 194 / M139)	Fungi	370		0	False	3
Q8S4Q6	Arabidopsis thaliana	Plants	202		0	False	3
Q8CE22	Mus musculus	Metazoa	761		0	False	2
A0AVK6	Homo sapiens	Metazoa	867		0	False	5
Q9STL9	Arabidopsis thaliana	Plants	633		0	False	2
Q8GSA7	Arabidopsis thaliana	Plants	1032		0	False	5
Q9CR95	Mus musculus	Metazoa	275		0	False	5
P19145	Saccharomyces cerevisiae (strain ATCC 204508 / S288c)	Fungi	602		0	False	5
P38351	Saccharomyces cerevisiae (strain ATCC 204508 / S288c)	Fungi	445		0	False	3
P30189	Drosophila melanogaster	Metazoa	972		0	False	5
Q9FFF2	Arabidopsis thaliana	Plants	334		0	False	4
P47114	Saccharomyces cerevisiae (strain ATCC 204508 / S288c)	Fungi	497		0	True	3
O76075	Homo sapiens	Metazoa	338		0	False	4
O45717	Caenorhabditis elegans	Metazoa	293		0	False	5
Q6EWH2	Danio rerio	Metazoa	537		0	False	3
P40581	Saccharomyces cerevisiae (strain ATCC 204508 / S288c)	Fungi	163		0	False	4
V5ILE0	Neurospora crassa (strain ATCC 24698 / 74-OR23-1A / CBS 708.71 / DSM 1257 / FGSC 987)	Fungi	428		0	False	2
Q283Q6	Xenopus laevis	Metazoa	784		0	False	1
Q94IN5	Euglena gracilis	Other	1803		0	False	2
P18066	Canis lupus familiaris	Metazoa	215		0	False	3
P56645	Homo sapiens	Metazoa	1201		0	False	2
P26884	Bos taurus	Metazoa	224		0	False	2
Q8LGD5	Arabidopsis thaliana	Plants	222		0	False	4
Q8LCG7	Arabidopsis thaliana	Plants	199		0	False	4
Q5C9I9	Mentha piperita	Plants	265		0	False	2
Q07666	Homo sapiens	Metazoa	443		0	False	2
Q9FKB3	Arabidopsis thaliana	Plants	310		0	False	4
P36017	Saccharomyces cerevisiae (strain ATCC 204508 / S288c)	Fungi	210		0	False	3
Q8W575	Arabidopsis thaliana	Plants	429		0	False	2
Q15583	Homo sapiens	Metazoa	401		0	False	1
Q96RU2	Homo sapiens	Metazoa	1077		0	False	2
P19955	Saccharomyces cerevisiae (strain ATCC 204508 / S288c)	Fungi	123		0	False	3
P52292	Homo sapiens	Metazoa	529		0	False	4
Q06630	Saccharomyces cerevisiae (strain ATCC 204508 / S288c)	Fungi	226		0	False	4
P40459	Saccharomyces cerevisiae (strain ATCC 204508 / S288c)	Fungi	309		0	False	2
B9DGD6	Arabidopsis thaliana	Plants	743		0	False	1
Q9Y314	Homo sapiens	Metazoa	301		0	False	5
P36112	Saccharomyces cerevisiae (strain ATCC 204508 / S288c)	Fungi	540		0	True	3
Q9GZY8	Homo sapiens	Metazoa	342		0	False	4
P15337	Rattus norvegicus	Metazoa	327		0	False	2
Q96KN3	Homo sapiens	Metazoa	472		0	False	3
O88508	Mus musculus	Metazoa	908		0	False	1
O44548	Caenorhabditis elegans	Metazoa	877		0	False	5
Q39548	Cucurbita maxima	Plants	789		0	False	1
Q06188	Saccharomyces cerevisiae (strain ATCC 204508 / S288c)	Fungi	304		0	False	5
Q12063	Saccharomyces cerevisiae (strain ATCC 204508 / S288c)	Fungi	375		0	False	5
Q8K120	Mus musculus	Metazoa	901		0	False	1
Q22024	Caenorhabditis elegans	Metazoa	543		0	False	4
Q07307	Emericella nidulans (strain FGSC A4 / ATCC 38163 / CBS 112.46 / NRRL 194 / M139)	Fungi	574		0	True	2
Q9LZW4	Arabidopsis thaliana	Plants	442		0	False	2
Q9H9L4	Homo sapiens	Metazoa	492		0	False	3
O62618	Drosophila melanogaster	Metazoa	366		0	False	1
Q8GUU3	Arabidopsis thaliana	Plants	613		0	False	5
P0C6T3	Rattus norvegicus	Metazoa	269		0	True	5
O88867	Rattus norvegicus	Metazoa	478		0	False	1
P38830	Saccharomyces cerevisiae (strain ATCC 204508 / S288c)	Fungi	627		0	False	1
F4KHI3	Arabidopsis thaliana	Plants	1168		0	False	1
A0A1P8B0B7	Arabidopsis thaliana	Plants	597		0	False	1
P35228	Homo sapiens	Metazoa	1153		0	False	2
Q9BSH4	Homo sapiens	Metazoa	297		0	False	5
P33207	Arabidopsis thaliana	Plants	319		0	False	3
Q64096	Mus musculus	Metazoa	1149		0	False	3
Q08303	Solanum lycopersicum	Plants	630		0	False	1
Q5SWU9	Mus musculus	Metazoa	2345		0	False	1
Q8L7G0	Arabidopsis thaliana	Plants	665		0	False	3
O70422	Mus musculus	Metazoa	463		0	False	3
Q12242	Saccharomyces cerevisiae (strain ATCC 204508 / S288c)	Fungi	671		0	False	5
Q14318	Homo sapiens	Metazoa	412		0	False	5
Q9FVV7	Arabidopsis thaliana	Plants	176		0	False	4
Q5T440	Homo sapiens	Metazoa	356		0	False	2
P39683	Saccharomyces cerevisiae (strain ATCC 204508 / S288c)	Fungi	429		0	False	1
Q91WE2	Mus musculus	Metazoa	254		0	False	3
Q9W1R4	Drosophila melanogaster	Metazoa	1395		0	False	2
Q8N4Q1	Homo sapiens	Metazoa	142		0	False	3
P33749	Saccharomyces cerevisiae (strain ATCC 204508 / S288c)	Fungi	630		0	False	3
K4CF70	Solanum lycopersicum	Plants	476		0	False	1
Q8BKC5	Mus musculus	Metazoa	1097		0	False	5
Q9UL42	Homo sapiens	Metazoa	364		0	False	1
Q7KHG2	Drosophila melanogaster	Metazoa	1486		0	False	1
Q12151	Saccharomyces cerevisiae (strain ATCC 204508 / S288c)	Fungi	913		0	False	4
Q9NQV6	Homo sapiens	Metazoa	1147		0	False	3
P82251	Homo sapiens	Metazoa	487		0	True	3
Q9SHJ5	Arabidopsis thaliana	Plants	585		0	False	1
P23347	Rattus norvegicus	Metazoa	1234		0	False	5
Q8N196	Homo sapiens	Metazoa	739		0	False	5
P0C0S5	Homo sapiens	Metazoa	128		0	False	5
Q652K1	Oryza sativa subsp. japonica	Plants	274		0	False	1
P53874	Saccharomyces cerevisiae (strain ATCC 204508 / S288c)	Fungi	792		0	False	2
P0DME0	Homo sapiens	Metazoa	292		0	False	4
Q8L7Z0	Arabidopsis thaliana	Plants	720		0	True	4
P47112	Saccharomyces cerevisiae (strain ATCC 204508 / S288c)	Fungi	604		0	False	4
Q9NZ81	Homo sapiens	Metazoa	148		0	False	3
P25046	Saccharomyces cerevisiae (strain ATCC 204508 / S288c)	Fungi	220		0	False	5
Q9VL63	Drosophila melanogaster	Metazoa	290		0	False	4
F4JLC1	Arabidopsis thaliana	Plants	331		0	False	2
P28069	Homo sapiens	Metazoa	291		0	False	3
Q9VXE6	Drosophila melanogaster	Metazoa	1883		0	False	3
Q8C2K1	Mus musculus	Metazoa	630		0	False	4
Q7KTX8	Drosophila melanogaster	Metazoa	2618		0	False	1
Q9Z339	Rattus norvegicus	Metazoa	241		0	False	4
Q9P7C8	Schizosaccharomyces pombe (strain 972 / ATCC 24843)	Fungi	214		0	False	3
O49931	Pisum sativum	Plants	553		0	False	5
P53552	Saccharomyces cerevisiae (strain ATCC 204508 / S288c)	Fungi	1597		0	False	3
Q8W4D6	Arabidopsis thaliana	Plants	598		0	False	4
Q9V3K3	Drosophila melanogaster	Metazoa	481		0	False	2
Q6IV72	Homo sapiens	Metazoa	752		0	False	2
O54931	Mus musculus	Metazoa	1089		0	False	4
Q501B2	Arabidopsis thaliana	Plants	409		0	False	3
P78563	Homo sapiens	Metazoa	741		0	False	1
Q93YU8	Arabidopsis thaliana	Plants	796		0	False	3
Q969I6	Homo sapiens	Metazoa	547		0	False	3
Q8VYM2	Arabidopsis thaliana	Plants	524		0	True	1
Q14181	Homo sapiens	Metazoa	598		0	False	4
P24468	Homo sapiens	Metazoa	414		0	False	3
Q45VV3	Drosophila melanogaster	Metazoa	395		0	False	2
P0DOV2	Mus musculus	Metazoa	619		0	False	4
Q9WTK2	Mus musculus	Metazoa	593		0	False	4
Q9HGP4	Schizosaccharomyces pombe (strain 972 / ATCC 24843)	Fungi	727		0	False	5
Q0P3K2	Ostreococcus tauri	Plants	733		0	True	3
Q39214	Arabidopsis thaliana	Plants	926		0	False	1
Q15208	Homo sapiens	Metazoa	465		0	False	1
P63036	Rattus norvegicus	Metazoa	397		0	False	2
Q80TS7	Mus musculus	Metazoa	710		0	False	5
Q9NS18	Homo sapiens	Metazoa	164		0	False	3
B8B2R4	Oryza sativa subsp. indica	Plants	377		0	False	5
Q92522	Homo sapiens	Metazoa	213		0	False	5
Q9NTI2	Homo sapiens	Metazoa	1188		0	False	1
Q5I2A0	Mus musculus	Metazoa	440		0	False	1
Q9NPI6	Homo sapiens	Metazoa	582		0	False	3
P48629	Spinacia oleracea	Plants	447		0	False	2
P10507	Saccharomyces cerevisiae (strain ATCC 204508 / S288c)	Fungi	462		0	False	4
Q9SRY4	Arabidopsis thaliana	Plants	453		0	False	1
Q9M1D3	Arabidopsis thaliana	Plants	464		0	False	4
Q86UU0	Homo sapiens	Metazoa	1499		0	False	2
A0A2R6X6S3	Marchantia polymorpha	Plants	911		0	False	4
Q9Z0P7	Mus musculus	Metazoa	484		0	False	5
Q15424	Homo sapiens	Metazoa	915		0	False	1
P00077	Strigomonas oncopelti	Other	113		0	False	5
O88764	Rattus norvegicus	Metazoa	448		0	False	4
A0A5K7RLP0	Mus musculus	Metazoa	589		0	False	4
O35857	Mus musculus	Metazoa	452		0	False	3
Q01663	Schizosaccharomyces pombe (strain 972 / ATCC 24843)	Fungi	552		0	False	5
O35987	Rattus norvegicus	Metazoa	370		0	False	5
P30556	Homo sapiens	Metazoa	359		0	True	5
Q9QXZ9	Mus musculus	Metazoa	521		0	True	1
P47083	Saccharomyces cerevisiae (strain ATCC 204508 / S288c)	Fungi	593		0	False	1
Q09842	Schizosaccharomyces pombe (strain 972 / ATCC 24843)	Fungi	407		0	False	4
P30997	Gallus gallus	Metazoa	906		0	False	3
G5EC23	Caenorhabditis elegans	Metazoa	782		0	False	1
Q96TA2	Homo sapiens	Metazoa	773		0	False	1
P50623	Saccharomyces cerevisiae (strain ATCC 204508 / S288c)	Fungi	157		0	False	4
Q5VY09	Homo sapiens	Metazoa	327		0	False	2
Q9UHW9	Homo sapiens	Metazoa	1150		0	False	4
P53166	Saccharomyces cerevisiae (strain ATCC 204508 / S288c)	Fungi	561		0	False	3
Q9S709	Arabidopsis thaliana	Plants	296		0	False	1
Q13574	Homo sapiens	Metazoa	928		0	False	3
Q8VZ10	Arabidopsis thaliana	Plants	1055		0	False	4
P09547	Saccharomyces cerevisiae (strain ATCC 204508 / S288c)	Fungi	1314		0	False	5
O81127	Arabidopsis thaliana	Plants	187		0	False	4
Q9DBS1	Mus musculus	Metazoa	400		0	True	2
O05000	Arabidopsis thaliana	Plants	499		0	True	1
B1ASB6	Mus musculus	Metazoa	1015		0	False	3
D3ZK93	Rattus norvegicus	Metazoa	322		0	True	4
P49187	Rattus norvegicus	Metazoa	464		0	False	2
O15524	Homo sapiens	Metazoa	211		0	False	1
Q3UZP0	Mus musculus	Metazoa	555		0	False	5
Q63433	Rattus norvegicus	Metazoa	946		0	False	2
Q9UKK3	Homo sapiens	Metazoa	1724		0	False	5
Q12904	Homo sapiens	Metazoa	312		0	False	1
Q9BT78	Homo sapiens	Metazoa	406		0	False	4
Q02773	Saccharomyces cerevisiae (strain ATCC 204508 / S288c)	Fungi	1202		0	False	3
Q9XWR6	Caenorhabditis elegans	Metazoa	248		0	False	1
Q9UJX4	Homo sapiens	Metazoa	755		0	False	2
Q84M92	Arabidopsis thaliana	Plants	441		0	False	4
Q8WVE7	Homo sapiens	Metazoa	144		0	True	3
Q92793	Homo sapiens	Metazoa	2442		0	False	3
Q99828	Homo sapiens	Metazoa	191		0	False	2
Q02336	Saccharomyces cerevisiae (strain ATCC 204508 / S288c)	Fungi	434		0	False	1
Q9VS05	Drosophila melanogaster	Metazoa	676		0	False	3
K7WDL7	Catharanthus roseus	Plants	388		0	False	2
P53287	Saccharomyces cerevisiae (strain ATCC 204508 / S288c)	Fungi	111		0	False	1
Q9BW91	Homo sapiens	Metazoa	350		0	False	4
Q42547	Arabidopsis thaliana	Plants	492		0	False	4
P06804	Mus musculus	Metazoa	235		0	True	4
Q9Y2Q9	Homo sapiens	Metazoa	187		0	False	2
O80575	Arabidopsis thaliana	Plants	227		0	False	4
P25976	Mus musculus	Metazoa	765		0	False	1
Q17635	Caenorhabditis elegans	Metazoa	590		0	False	5
Q9FFF5	Arabidopsis thaliana	Plants	241		0	False	2
Q9U1K1	Drosophila melanogaster	Metazoa	1020		0	False	4
Q94BR4	Arabidopsis thaliana	Plants	523		0	False	1
Q96MT3	Homo sapiens	Metazoa	831		0	False	4
Q02099	Schizosaccharomyces pombe (strain 972 / ATCC 24843)	Fungi	2386		0	False	4
Q96NW4	Homo sapiens	Metazoa	1050		0	False	2
O64530	Arabidopsis thaliana	Plants	379		0	False	5
B8ZXI1	Mus musculus	Metazoa	415		0	False	5
Q9USQ7	Schizosaccharomyces pombe (strain 972 / ATCC 24843)	Fungi	606		0	False	5
Q69YI7	Homo sapiens	Metazoa	327		0	False	1
Q6ZT62	Homo sapiens	Metazoa	677		0	False	3
O59730	Schizosaccharomyces pombe (strain 972 / ATCC 24843)	Fungi	379		0	False	4
P17442	Saccharomyces cerevisiae (strain ATCC 204508 / S288c)	Fungi	1178		0	False	1
Q93654	Caenorhabditis elegans	Metazoa	245		0	False	5
P15108	Saccharomyces cerevisiae (strain ATCC 204508 / S288c)	Fungi	705		0	False	5
O43044	Schizosaccharomyces pombe (strain 972 / ATCC 24843)	Fungi	1136		0	False	3
P47047	Saccharomyces cerevisiae (strain ATCC 204508 / S288c)	Fungi	1073		0	False	4
Q9BRL6	Homo sapiens	Metazoa	282		0	False	4
Q6XXM1	Gallus gallus	Metazoa	131		0	False	1
Q9H2K8	Homo sapiens	Metazoa	898		0	False	4
Q96GQ7	Homo sapiens	Metazoa	765		0	False	5
Q9QXK3	Mus musculus	Metazoa	871		0	False	4
Q03018	Saccharomyces cerevisiae (strain ATCC 204508 / S288c)	Fungi	1630		0	False	1
P0CS82	Saccharomyces cerevisiae	Fungi	1483		0	False	2
P06841	Scyliorhinus canicula	Metazoa	45		0	False	1
Q15642	Homo sapiens	Metazoa	601		0	False	1
Q27607	Drosophila melanogaster	Metazoa	1145		0	False	1
C4QWS8	Komagataella phaffii (strain GS115 / ATCC 20864)	Fungi	363		0	False	1
Q6NKS4	Arabidopsis thaliana	Plants	258		0	False	1
Q9ZP06	Arabidopsis thaliana	Plants	341		0	False	5
Q03267	Mus musculus	Metazoa	517		0	False	3
Q9H3D4	Homo sapiens	Metazoa	680		0	False	3
Q9QYS9	Mus musculus	Metazoa	341		0	False	2
Q91ZR5	Mus musculus	Metazoa	686		0	False	2
P48772	Mus musculus	Metazoa	70		0	True	4
Q2TA68	Rattus norvegicus	Metazoa	960		0	False	1
Q63488	Rattus norvegicus	Metazoa	656		0	True	1
P78348	Homo sapiens	Metazoa	528		0	True	5
P0CJ48	Arabidopsis thaliana	Plants	267		0	False	3
B2D6P4	Caenorhabditis elegans	Metazoa	508		0	False	2
O74356	Schizosaccharomyces pombe (strain 972 / ATCC 24843)	Fungi	585		0	False	2
P14293	Candida boidinii	Fungi	167		0	False	4
Q56WM6	Arabidopsis thaliana	Plants	576		0	False	3
F4I0K2	Arabidopsis thaliana	Plants	614		0	False	2
Q0PNE2	Homo sapiens	Metazoa	266		0	False	5
Q12216	Saccharomyces cerevisiae (strain ATCC 204508 / S288c)	Fungi	726		0	False	2
Q9NQX7	Homo sapiens	Metazoa	267		0	True	4
A6NEQ0	Homo sapiens	Metazoa	496		0	False	3
P43897	Homo sapiens	Metazoa	325		0	False	2
Q9Z2Q2	Mus musculus	Metazoa	478		0	False	3
P09132	Homo sapiens	Metazoa	144		0	False	2
P46198	Bos taurus	Metazoa	727		0	False	3
Q9LIN3	Arabidopsis thaliana	Plants	245		0	False	3
Q9FFH0	Arabidopsis thaliana	Plants	386		0	False	3
Q9H9J2	Homo sapiens	Metazoa	332		0	False	4
Q04727	Homo sapiens	Metazoa	773		0	False	1
Q9NYW8	Homo sapiens	Metazoa	714		0	False	5
Q9FNK4	Arabidopsis thaliana	Plants	475		0	False	2
Q9P286	Homo sapiens	Metazoa	719		0	False	4
O60711	Homo sapiens	Metazoa	386		0	False	4
P14832	Saccharomyces cerevisiae (strain ATCC 204508 / S288c)	Fungi	162		0	False	5
O94763	Homo sapiens	Metazoa	535		0	False	1
Q9LKZ3	Arabidopsis thaliana	Plants	1013		0	False	4
Q66JW3	Mus musculus	Metazoa	526		0	False	5
Q06683	Saccharomyces cerevisiae (strain ATCC 204508 / S288c)	Fungi	689		0	False	4
Q9JHE3	Mus musculus	Metazoa	756		0	True	2
P53062	Saccharomyces cerevisiae (strain ATCC 204508 / S288c)	Fungi	197		0	True	2
O02219	Caenorhabditis elegans	Metazoa	453		0	False	3
P42697	Arabidopsis thaliana	Plants	610		0	False	4
Q8IY92	Homo sapiens	Metazoa	1834		0	False	2
Q9NXV2	Homo sapiens	Metazoa	234		0	False	4
Q01842	Drosophila melanogaster	Metazoa	732		0	False	3
Q9DEN4	Xenopus laevis	Metazoa	371		0	False	3
O14558	Homo sapiens	Metazoa	160		0	False	5
Q08831	Saccharomyces cerevisiae (strain ATCC 204508 / S288c)	Fungi	523		0	False	4
P17890	Saccharomyces cerevisiae (strain ATCC 204508 / S288c)	Fungi	251		0	False	3
O75179	Homo sapiens	Metazoa	2603		0	False	4
Q9FMA3	Arabidopsis thaliana	Plants	728		0	False	2
P70605	Rattus norvegicus	Metazoa	732		0	False	2
P10071	Homo sapiens	Metazoa	1580		0	False	3
Q99J99	Mus musculus	Metazoa	297		0	False	4
Q9UHV7	Homo sapiens	Metazoa	2174		0	False	4
O00623	Homo sapiens	Metazoa	359		0	True	5
Q6Z6M4	Oryza sativa subsp. japonica	Plants	572		0	False	3
Q5T197	Homo sapiens	Metazoa	706		0	True	5
Q01658	Homo sapiens	Metazoa	176		0	False	4
P12887	Saccharomyces cerevisiae (strain ATCC 204508 / S288c)	Fungi	359		0	False	2
A6ND36	Homo sapiens	Metazoa	823		0	False	3
P0C169	Rattus norvegicus	Metazoa	130		0	False	1
Q9JIL4	Mus musculus	Metazoa	519		0	False	4
F4I240	Arabidopsis thaliana	Plants	1208		0	False	4
P33895	Saccharomyces cerevisiae (strain ATCC 204508 / S288c)	Fungi	451		0	False	4
Q9M315	Arabidopsis thaliana	Plants	354		0	False	3
Q05516	Homo sapiens	Metazoa	673		0	False	2
Q9JHX4	Rattus norvegicus	Metazoa	482		0	False	3
Q7YQK4	Oryctolagus cuniculus	Metazoa	503		0	True	1
Q8L3X8	Arabidopsis thaliana	Plants	262		0	False	4
Q8WXX5	Homo sapiens	Metazoa	260		0	False	4
Q04213	Saccharomyces cerevisiae (strain ATCC 204508 / S288c)	Fungi	475		0	False	3
P38323	Saccharomyces cerevisiae (strain ATCC 204508 / S288c)	Fungi	520		0	False	1
P20610	Dictyostelium discoideum	Other	55		0	True	4
P38769	Saccharomyces cerevisiae (strain ATCC 204508 / S288c)	Fungi	630		0	False	5
Q86UB2	Homo sapiens	Metazoa	503		0	False	2
Q21988	Caenorhabditis elegans	Metazoa	824		0	False	4
Q8IU99	Homo sapiens	Metazoa	346		0	True	4
Q61985	Mus musculus	Metazoa	741		0	True	5
Q91Y44	Mus musculus	Metazoa	956		0	False	1
Q9ZNT1	Arabidopsis thaliana	Plants	281		0	True	2
P49335	Homo sapiens	Metazoa	361		0	False	1
P12302	Spinacia oleracea	Plants	267		0	False	3
Q920A7	Mus musculus	Metazoa	789		0	False	4
F4JRB0	Arabidopsis thaliana	Plants	363		0	False	3
Q8VII6	Rattus norvegicus	Metazoa	656		0	True	2
O65502	Arabidopsis thaliana	Plants	395		0	False	1
Q9LZP8	Arabidopsis thaliana	Plants	146		0	False	3
A2WQE4	Oryza sativa subsp. indica	Plants	333		0	False	5
Q9BSD3	Homo sapiens	Metazoa	238		0	False	1
P22909	Rattus norvegicus	Metazoa	465		0	True	4
Q03833	Saccharomyces cerevisiae (strain ATCC 204508 / S288c)	Fungi	894		0	False	1
P68104	Homo sapiens	Metazoa	462		0	False	5
Q13772	Homo sapiens	Metazoa	614		0	False	2
Q96RS6	Homo sapiens	Metazoa	583		0	False	1
Q6K0P9	Homo sapiens	Metazoa	492		0	False	3
Q86WV6	Homo sapiens	Metazoa	379		0	True	3
P43605	Saccharomyces cerevisiae (strain ATCC 204508 / S288c)	Fungi	281		0	False	5
P48270	Chlamydomonas reinhardtii	Plants	257		0	False	4
Q9BPX6	Homo sapiens	Metazoa	476		0	False	4
O61766	Caenorhabditis elegans	Metazoa	383		0	False	2
P61202	Mus musculus	Metazoa	443		0	False	4
Q68FX6	Rattus norvegicus	Metazoa	390		0	False	5
O42709	Schizosaccharomyces pombe (strain 972 / ATCC 24843)	Fungi	593		0	False	5
P43363	Homo sapiens	Metazoa	369		0	False	5
O94609	Schizosaccharomyces pombe (strain 972 / ATCC 24843)	Fungi	1012		0	False	5
Q9LSD8	Arabidopsis thaliana	Plants	120		0	False	3
P63161	Rattus norvegicus	Metazoa	123		0	True	2
P82923	Bos taurus	Metazoa	293		0	False	2
P54578	Homo sapiens	Metazoa	494		0	False	2
Q9DCP2	Mus musculus	Metazoa	505		0	True	2
Q9JK71	Rattus norvegicus	Metazoa	1470		0	False	2
Q8VEK0	Mus musculus	Metazoa	364		0	True	5
P53985	Homo sapiens	Metazoa	500		0	True	5
Q20929	Caenorhabditis elegans	Metazoa	510		0	True	3
P32897	Saccharomyces cerevisiae (strain ATCC 204508 / S288c)	Fungi	222		0	True	5
P08994	Tetrahymena thermophila (strain SB210)	Other	122		0	False	5
P82139	Spinacia oleracea	Plants	232		0	False	3
P00127	Saccharomyces cerevisiae (strain ATCC 204508 / S288c)	Fungi	147		0	False	1
D3YZI9	Mus musculus	Metazoa	523		0	False	3
P78965	Schizosaccharomyces pombe (strain 972 / ATCC 24843)	Fungi	464		0	False	2
P31023	Pisum sativum	Plants	501		0	False	2
P40992	Saccharomyces cerevisiae (strain ATCC 204508 / S288c)	Fungi	514		0	False	3
P49640	Homo sapiens	Metazoa	407		0	False	3
D4AE48	Rattus norvegicus	Metazoa	505		0	False	5
Q96GG9	Homo sapiens	Metazoa	259		0	False	3
Q8NFG4	Homo sapiens	Metazoa	579		0	False	3
P11234	Homo sapiens	Metazoa	206		0	False	5
Q9ZPV5	Arabidopsis thaliana	Plants	764		0	False	5
P34893	Arabidopsis thaliana	Plants	98		0	False	3
P0C522	Oryza sativa subsp. japonica	Plants	509		0	False	2
P87108	Saccharomyces cerevisiae (strain ATCC 204508 / S288c)	Fungi	93		0	False	2
P06780	Saccharomyces cerevisiae (strain ATCC 204508 / S288c)	Fungi	209		0	False	5
P20081	Saccharomyces cerevisiae (strain ATCC 204508 / S288c)	Fungi	114		0	False	4
A2RVJ8	Arabidopsis thaliana	Plants	434		0	False	5
P45448	Mus musculus	Metazoa	560		0	False	3
Q9LXT3	Arabidopsis thaliana	Plants	142		0	False	3
Q8IN94	Drosophila melanogaster	Metazoa	2716		0	False	1
Q9USH6	Schizosaccharomyces pombe (strain 972 / ATCC 24843)	Fungi	204		0	False	2
Q42522	Arabidopsis thaliana	Plants	472		0	False	5
Q8CG72	Mus musculus	Metazoa	370		0	False	3
A0A2I0BVG8	Plasmodium falciparum (isolate NF54)	Other	524		0	False	1
Q9P7W8	Schizosaccharomyces pombe (strain 972 / ATCC 24843)	Fungi	780		0	False	3
P40185	Saccharomyces cerevisiae (strain ATCC 204508 / S288c)	Fungi	145		0	False	5
Q0JNI9	Oryza sativa subsp. japonica	Plants	637		0	False	3
P27489	Solanum lycopersicum	Plants	265		0	False	3
O88910	Mus musculus	Metazoa	568		0	False	5
O13907	Schizosaccharomyces pombe (strain 972 / ATCC 24843)	Fungi	492		0	False	4
Q17381	Caenorhabditis elegans	Metazoa	506		0	False	5
Q9FLW9	Arabidopsis thaliana	Plants	579		0	False	4
Q21738	Caenorhabditis elegans	Metazoa	335		0	False	3
Q99MA9	Mus musculus	Metazoa	365		0	False	2
Q9M2N5	Arabidopsis thaliana	Plants	696		0	False	5
P53620	Bos taurus	Metazoa	874		0	False	2
Q8LPJ5	Arabidopsis thaliana	Plants	485		0	False	3
Q84VG7	Arabidopsis thaliana	Plants	587		0	False	5
Q6KCD5	Mus musculus	Metazoa	2798		0	False	3
P38065	Saccharomyces cerevisiae (strain ATCC 204508 / S288c)	Fungi	1025		0	False	2
Q6ZNA4	Homo sapiens	Metazoa	994		0	False	4
Q16676	Homo sapiens	Metazoa	465		0	False	3
Q7SZL5	Xenopus laevis	Metazoa	1338		0	False	2
Q8K363	Mus musculus	Metazoa	660		0	False	2
P17505	Saccharomyces cerevisiae (strain ATCC 204508 / S288c)	Fungi	334		0	False	4
H2L0G5	Caenorhabditis elegans	Metazoa	1367		0	False	3
P38207	Saccharomyces cerevisiae (strain ATCC 204508 / S288c)	Fungi	520		0	False	3
P0C606	Rattus norvegicus	Metazoa	293		0	False	3
P17482	Homo sapiens	Metazoa	250		0	False	2
Q9FX54	Arabidopsis thaliana	Plants	338		0	False	3
P55854	Homo sapiens	Metazoa	103		0	False	2
Q9U1S7	Caenorhabditis elegans	Metazoa	716		0	True	4
P61459	Rattus norvegicus	Metazoa	104		0	False	2
P32799	Saccharomyces cerevisiae (strain ATCC 204508 / S288c)	Fungi	129		0	True	4
Q96BD6	Homo sapiens	Metazoa	273		0	False	1
P14242	Saccharomyces cerevisiae (strain ATCC 204508 / S288c)	Fungi	873		0	False	1
P02268	Sepia officinalis	Metazoa	125		0	False	1
Q76I90	Gallus gallus	Metazoa	469		0	False	2
P47171	Saccharomyces cerevisiae (strain ATCC 204508 / S288c)	Fungi	1648		0	False	1
Q9VA37	Drosophila melanogaster	Metazoa	187		0	False	5
Q8VY80	Arabidopsis thaliana	Plants	147		0	False	5
O13758	Schizosaccharomyces pombe (strain 972 / ATCC 24843)	Fungi	361		0	False	1
Q96RS0	Homo sapiens	Metazoa	853		0	False	1
Q9LV10	Arabidopsis thaliana	Plants	616		0	True	5
Q5VWP2	Homo sapiens	Metazoa	391		0	False	5
P11009	Gallus gallus	Metazoa	419		0	False	3
Q8L719	Arabidopsis thaliana	Plants	292		0	False	4
Q9Z306	Mus musculus	Metazoa	553		0	True	2
Q5T2T1	Homo sapiens	Metazoa	576		0	False	2
Q6UB98	Homo sapiens	Metazoa	2062		0	False	5
Q9Y5X3	Homo sapiens	Metazoa	404		0	False	1
O18017	Caenorhabditis elegans	Metazoa	988		0	False	3
Q04347	Saccharomyces cerevisiae (strain ATCC 204508 / S288c)	Fungi	519		0	False	5
Q13112	Homo sapiens	Metazoa	559		0	False	5
A0A5K1K8Y8	Plasmodium falciparum (isolate 3D7)	Other	372		0	False	4
Q9H299	Homo sapiens	Metazoa	93		0	False	4
P16649	Saccharomyces cerevisiae (strain ATCC 204508 / S288c)	Fungi	713		0	False	4
Q4FZB7	Homo sapiens	Metazoa	885		0	False	3
Q9S7B2	Zea mays	Plants	370		0	False	3
O61660	Caenorhabditis elegans	Metazoa	759		0	False	1
Q7TQQ0	Mus musculus	Metazoa	308		0	True	2
Q00947	Saccharomyces cerevisiae (strain ATCC 204508 / S288c)	Fungi	519		0	False	5
Q06587	Homo sapiens	Metazoa	406		0	False	2
P26755	Saccharomyces cerevisiae (strain ATCC 204508 / S288c)	Fungi	122		0	False	2
P82650	Homo sapiens	Metazoa	360		0	False	5
P32380	Saccharomyces cerevisiae (strain ATCC 204508 / S288c)	Fungi	944		0	False	1
Q8VIM5	Mus musculus	Metazoa	935		0	False	4
Q53WJ1	Oryza sativa subsp. japonica	Plants	1238		0	False	3
Q38919	Arabidopsis thaliana	Plants	195		0	False	3
Q06164	Saccharomyces cerevisiae (strain ATCC 204508 / S288c)	Fungi	1454		0	False	5
Q05123	Saccharomyces cerevisiae (strain ATCC 204508 / S288c)	Fungi	467		0	False	3
P70181	Mus musculus	Metazoa	539		0	False	1
Q15013	Homo sapiens	Metazoa	274		0	False	2
Q9UI43	Homo sapiens	Metazoa	246		0	False	5
Q10148	Schizosaccharomyces pombe (strain 972 / ATCC 24843)	Fungi	254		0	False	5
Q13029	Homo sapiens	Metazoa	1718		0	False	4
P12329	Zea mays	Plants	262		0	False	1
O94830	Homo sapiens	Metazoa	711		0	False	1
A0A509AGE2	Plasmodium berghei (strain Anka)	Other	431		0	False	1
P21784	Mus musculus	Metazoa	527		0	False	1
P49754	Homo sapiens	Metazoa	854		0	False	3
Q96AG4	Homo sapiens	Metazoa	307		0	False	1
Q9BXM0	Homo sapiens	Metazoa	1461		0	False	1
P11796	Nicotiana plumbaginifolia	Plants	228		0	False	2
P54003	Saccharomyces cerevisiae (strain ATCC 204508 / S288c)	Fungi	302		0	True	1
P04274	Mesocricetus auratus	Metazoa	418		0	True	2
Q9NYV6	Homo sapiens	Metazoa	651		0	False	4
Q6NQK2	Arabidopsis thaliana	Plants	449		0	False	1
P21912	Homo sapiens	Metazoa	280		0	False	3
Q9BX79	Homo sapiens	Metazoa	667		0	True	2
Q76B40	Cricetulus griseus	Metazoa	513		0	False	3
Q9H4X1	Homo sapiens	Metazoa	137		0	False	2
A0A5K1K8H0	Plasmodium falciparum (isolate 3D7)	Other	568		0	False	3
Q9USM1	Schizosaccharomyces pombe (strain 972 / ATCC 24843)	Fungi	388		0	False	2
Q9R226	Mus musculus	Metazoa	346		0	False	1
P63058	Mus musculus	Metazoa	492		0	False	2
Q66GR6	Arabidopsis thaliana	Plants	268		0	False	4
P79071	Schizosaccharomyces pombe (strain 972 / ATCC 24843)	Fungi	195		0	False	1
Q80WT4	Mus musculus	Metazoa	515		0	True	3
P87053	Schizosaccharomyces pombe (strain 972 / ATCC 24843)	Fungi	605		0	False	3
Q16891	Homo sapiens	Metazoa	758		0	True	4
Q84LG2	Arabidopsis thaliana	Plants	389		0	False	4
P56135	Mus musculus	Metazoa	88		0	True	3
Q9FNY7	Arabidopsis thaliana	Plants	365		0	False	4
Q04437	Saccharomyces cerevisiae (strain ATCC 204508 / S288c)	Fungi	629		0	False	1
P21399	Homo sapiens	Metazoa	889		0	False	1
Q13573	Homo sapiens	Metazoa	536		0	False	4
Q32MZ4	Homo sapiens	Metazoa	808		0	False	3
P15954	Homo sapiens	Metazoa	63		0	True	2
Q27750	Psammechinus miliaris	Metazoa	143		0	False	2
P0DPG4	Trypanosoma brucei brucei	Other	188		0	False	1
Q96NR3	Homo sapiens	Metazoa	888		0	True	1
Q8GXN9	Arabidopsis thaliana	Plants	930		0	False	1
P31275	Homo sapiens	Metazoa	282		0	False	2
Q3KRA9	Homo sapiens	Metazoa	238		0	False	5
P62879	Homo sapiens	Metazoa	340		0	False	5
Q9SZU7	Arabidopsis thaliana	Plants	270		0	False	5
Q08816	Saccharomyces cerevisiae (strain ATCC 204508 / S288c)	Fungi	343		0	False	1
Q05140	Rattus norvegicus	Metazoa	915		0	False	1
O80796	Arabidopsis thaliana	Plants	330		0	False	1
Q9H0E9	Homo sapiens	Metazoa	1235		0	False	5
Q12788	Homo sapiens	Metazoa	808		0	False	1
Q03671	Candida parapsilosis	Fungi	246		0	True	4
P70536	Rattus norvegicus	Metazoa	388		0	True	5
Q5VVY1	Homo sapiens	Metazoa	283		0	False	5
Q96MH2	Homo sapiens	Metazoa	286		0	False	2
Q9NYT0	Homo sapiens	Metazoa	353		0	False	5
P38872	Saccharomyces cerevisiae (strain ATCC 204508 / S288c)	Fungi	237		0	False	1
Q12068	Saccharomyces cerevisiae (strain ATCC 204508 / S288c)	Fungi	342		0	False	3
P97489	Mus musculus	Metazoa	404		0	False	1
O36030	Schizosaccharomyces pombe (strain 972 / ATCC 24843)	Fungi	391		0	False	4
P34897	Homo sapiens	Metazoa	504		0	False	5
Q93VD3	Arabidopsis thaliana	Plants	482		0	False	4
Q4Z1L3	Plasmodium berghei (strain Anka)	Other	376		0	False	5
Q9BV20	Homo sapiens	Metazoa	369		0	False	1
P53184	Saccharomyces cerevisiae (strain ATCC 204508 / S288c)	Fungi	216		0	False	3
Q8K585	Rattus norvegicus	Metazoa	107		0	False	5
P42776	Arabidopsis thaliana	Plants	382		0	False	4
Q43307	Arabidopsis thaliana	Plants	459		0	False	4
Q63553	Rattus norvegicus	Metazoa	746		0	False	3
Q9FJX3	Arabidopsis thaliana	Plants	276		0	False	5
P19212	Neurospora crassa (strain ATCC 24698 / 74-OR23-1A / CBS 708.71 / DSM 1257 / FGSC 987)	Fungi	1036		0	False	2
O95149	Homo sapiens	Metazoa	360		0	False	3
Q9SGD6	Arabidopsis thaliana	Plants	413		0	False	2
Q04177	Saccharomyces cerevisiae (strain ATCC 204508 / S288c)	Fungi	643		0	False	4
Q9Y2L1	Homo sapiens	Metazoa	958		0	False	3
Q9I7I0	Drosophila melanogaster	Metazoa	575		0	False	5
P35498	Homo sapiens	Metazoa	2009		0	False	5
Q14254	Homo sapiens	Metazoa	428		0	False	5
Q9NX14	Homo sapiens	Metazoa	153		0	True	5
Q9BZ67	Homo sapiens	Metazoa	464		0	False	2
Q96BY2	Homo sapiens	Metazoa	351		0	False	1
Q39261	Arabidopsis thaliana	Plants	150		0	False	4
P28231	Mus musculus	Metazoa	270		0	True	3
Q9QZM5	Rattus norvegicus	Metazoa	476		0	False	2
O88532	Mus musculus	Metazoa	1074		0	False	5
Q9CZ42	Mus musculus	Metazoa	343		0	False	2
Q9JM01	Rattus norvegicus	Metazoa	593		0	False	5
P36144	Saccharomyces cerevisiae (strain ATCC 204508 / S288c)	Fungi	274		0	False	5
Q8BGS1	Mus musculus	Metazoa	731		0	False	1
Q5VTT2	Homo sapiens	Metazoa	229		0	False	3
Q96RA2	Homo sapiens	Metazoa	312		0	True	3
P17032	Homo sapiens	Metazoa	561		0	False	2
P70278	Mus musculus	Metazoa	393		0	False	4
O74876	Schizosaccharomyces pombe (strain 972 / ATCC 24843)	Fungi	357		0	False	5
Q9ASW3	Arabidopsis thaliana	Plants	471		0	False	5
O70260	Rattus norvegicus	Metazoa	628		0	False	2
Q6Q0C1	Homo sapiens	Metazoa	308		0	True	5
Q6Z1Z3	Oryza sativa subsp. japonica	Plants	362		0	False	3
Q9UPZ3	Homo sapiens	Metazoa	1129		0	False	4
Q9FJ00	Arabidopsis thaliana	Plants	307		0	False	1
P19735	Saccharomyces cerevisiae (strain ATCC 204508 / S288c)	Fungi	899		0	False	3
O94901	Homo sapiens	Metazoa	785		0	False	2
Q9Z1A5	Rattus norvegicus	Metazoa	534		0	False	1
P12931	Homo sapiens	Metazoa	536		0	False	3
P26786	Saccharomyces cerevisiae (strain ATCC 204508 / S288c)	Fungi	190		0	False	2
P47211	Homo sapiens	Metazoa	349		0	True	2
Q8C3R1	Mus musculus	Metazoa	822		0	False	3
P14908	Saccharomyces cerevisiae (strain ATCC 204508 / S288c)	Fungi	341		0	False	1
F4IV16	Arabidopsis thaliana	Plants	267		0	False	5
P27487	Homo sapiens	Metazoa	766		0	True	4
P38285	Saccharomyces cerevisiae (strain ATCC 204508 / S288c)	Fungi	549		0	False	2
Q23229	Caenorhabditis elegans	Metazoa	417		0	False	3
Q9M2R0	Arabidopsis thaliana	Plants	773		0	False	1
A3BK75	Oryza sativa subsp. japonica	Plants	482		0	False	5
P41846	Caenorhabditis elegans	Metazoa	1009		0	False	5
Q9FQ03	Arabidopsis thaliana	Plants	1020		0	False	3
Q9VKB9	Drosophila melanogaster	Metazoa	1341		0	False	1
P36516	Saccharomyces cerevisiae (strain ATCC 204508 / S288c)	Fungi	390		0	False	3
P40477	Saccharomyces cerevisiae (strain ATCC 204508 / S288c)	Fungi	1460		0	False	5
P49137	Homo sapiens	Metazoa	400		0	False	2
P23512	Rattus norvegicus	Metazoa	466		0	False	5
Q86VI4	Homo sapiens	Metazoa	317		0	False	5
O74986	Schizosaccharomyces pombe (strain 972 / ATCC 24843)	Fungi	294		0	False	4
Q23696	Crithidia fasciculata	Other	467		0	False	2
O42716	Aspergillus parasiticus (strain ATCC 56775 / NRRL 5862 / SRRC 143 / SU-1)	Fungi	438		0	False	2
Q9H422	Homo sapiens	Metazoa	1215		0	False	5
Q12339	Saccharomyces cerevisiae (strain ATCC 204508 / S288c)	Fungi	254		0	False	1
P82869	Arabidopsis thaliana	Plants	466		0	False	4
P00067	Tropaeolum majus	Plants	111		0	False	2
O95931	Homo sapiens	Metazoa	251		0	False	2
A0A5E4M3Q4	Caenorhabditis elegans	Metazoa	554		0	False	2
Q10232	Schizosaccharomyces pombe (strain 972 / ATCC 24843)	Fungi	190		0	False	2
Q96QZ7	Homo sapiens	Metazoa	1491		0	False	5
Q03468	Homo sapiens	Metazoa	1493		0	False	5
P36543	Homo sapiens	Metazoa	226		0	False	1
P54259	Homo sapiens	Metazoa	1190		0	False	2
Q8VZI8	Arabidopsis thaliana	Plants	813		0	False	4
Q12334	Saccharomyces cerevisiae (strain ATCC 204508 / S288c)	Fungi	223		0	False	1
Q8K1P8	Rattus norvegicus	Metazoa	545		0	False	1
Q15466	Homo sapiens	Metazoa	257		0	False	4
Q9DE14	Xenopus laevis	Metazoa	2654		0	False	4
Q8BM75	Mus musculus	Metazoa	1188		0	False	1
Q6UPE1	Rattus norvegicus	Metazoa	616		0	False	1
Q6ZIK5	Oryza sativa subsp. japonica	Plants	394		0	False	2
Q9V629	Drosophila melanogaster	Metazoa	384		0	False	3
Q9H227	Homo sapiens	Metazoa	469		0	False	1
P98083	Mus musculus	Metazoa	579		0	False	1
Q32MQ0	Homo sapiens	Metazoa	723		0	False	5
Q8SRA2	Encephalitozoon cuniculi (strain GB-M1)	Fungi	559		0	True	3
Q53FT3	Homo sapiens	Metazoa	197		0	False	2
Q5ZEP9	Caenorhabditis elegans	Metazoa	281		0	False	1
Q86TW2	Homo sapiens	Metazoa	530		0	False	2
P38313	Saccharomyces cerevisiae (strain ATCC 204508 / S288c)	Fungi	324		0	False	3
A2SWM2	Danio rerio	Metazoa	504		0	True	3
Q9Y5U2	Homo sapiens	Metazoa	329		0	False	1
Q9H7Z3	Homo sapiens	Metazoa	1164		0	False	3
P23902	Hordeum vulgare	Plants	462		0	False	4
Q9NI62	Dictyostelium discoideum	Other	156		0	False	3
Q7XYY2	Arabidopsis thaliana	Plants	836		0	False	2
P46939	Homo sapiens	Metazoa	3433		0	False	5
Q5BKX8	Homo sapiens	Metazoa	364		0	False	4
Q80SY4	Mus musculus	Metazoa	1006		0	False	3
P59776	Chlamydomonas reinhardtii	Plants	92		0	False	2
P03921	Mus musculus	Metazoa	607		0	True	1
P26309	Saccharomyces cerevisiae (strain ATCC 204508 / S288c)	Fungi	610		0	False	1
P97492	Mus musculus	Metazoa	547		0	False	1
P14598	Homo sapiens	Metazoa	390		0	False	1
Q96RR4	Homo sapiens	Metazoa	588		0	False	4
P40505	Saccharomyces cerevisiae (strain ATCC 204508 / S288c)	Fungi	327		0	False	4
Q6P4Q7	Homo sapiens	Metazoa	775		0	False	4
Q56XG6	Arabidopsis thaliana	Plants	427		0	False	4
P43565	Saccharomyces cerevisiae (strain ATCC 204508 / S288c)	Fungi	1770		0	False	4
P70323	Mus musculus	Metazoa	479		0	False	4
O59678	Schizosaccharomyces pombe (strain 972 / ATCC 24843)	Fungi	166		0	False	2
P05230	Homo sapiens	Metazoa	155		0	False	3
Q80ZD3	Mus musculus	Metazoa	593		0	True	5
Q00316	Candida boidinii	Fungi	256		0	False	2
P9WEY3	Penicillium brevicompactum	Fungi	707		0	False	2
Q24320	Drosophila melanogaster	Metazoa	131		0	False	2
Q9EQN3	Mus musculus	Metazoa	387		0	False	5
P33241	Homo sapiens	Metazoa	339		0	False	4
Q8BXK9	Mus musculus	Metazoa	251		0	True	3
P82264	Chaenocephalus aceratus	Metazoa	504		0	False	5
Q9GZT3	Homo sapiens	Metazoa	109		0	False	4
P32600	Saccharomyces cerevisiae (strain ATCC 204508 / S288c)	Fungi	2474		0	False	3
F4IUJ7	Arabidopsis thaliana	Plants	527		0	False	4
Q9CZ57	Mus musculus	Metazoa	381		0	False	1
O88943	Rattus norvegicus	Metazoa	852		0	False	4
Q9U6M1	Leishmania tarentolae	Other	827		0	False	3
P31161	Caenorhabditis elegans	Metazoa	221		0	False	5
P31360	Mus musculus	Metazoa	445		0	False	4
Q1ACB3	Arabidopsis thaliana	Plants	386		0	False	3
Q92361	Schizosaccharomyces pombe (strain 972 / ATCC 24843)	Fungi	264		0	False	4
P04792	Homo sapiens	Metazoa	205		0	False	1
Q8RWD5	Arabidopsis thaliana	Plants	577		0	False	5
P53123	Saccharomyces cerevisiae (strain ATCC 204508 / S288c)	Fungi	320		0	False	5
O74889	Schizosaccharomyces pombe (strain 972 / ATCC 24843)	Fungi	1024		0	False	4
Q9SS48	Arabidopsis thaliana	Plants	629		0	False	3
Q8IRB5	Drosophila melanogaster	Metazoa	1465		0	False	4
O42975	Schizosaccharomyces pombe (strain 972 / ATCC 24843)	Fungi	972		0	False	1
P06703	Homo sapiens	Metazoa	90		0	False	1
Q9Z2C4	Mus musculus	Metazoa	669		0	False	5
Q9M5P2	Arabidopsis thaliana	Plants	289		0	False	2
Q92620	Homo sapiens	Metazoa	1227		0	False	5
G5EBK1	Caenorhabditis elegans	Metazoa	783		0	True	1
P16283	Mus musculus	Metazoa	1227		0	False	4
Q99708	Homo sapiens	Metazoa	897		0	False	1
Q925D4	Rattus norvegicus	Metazoa	263		0	True	1
P29465	Saccharomyces cerevisiae (strain ATCC 204508 / S288c)	Fungi	1165		0	False	5
A4D1E9	Homo sapiens	Metazoa	387		0	False	1
Q7TPF1	Rattus norvegicus	Metazoa	97		0	True	5
Q6RVG2	Rattus norvegicus	Metazoa	1092		0	False	2
P41151	Arabidopsis thaliana	Plants	495		0	False	1
P53043	Saccharomyces cerevisiae (strain ATCC 204508 / S288c)	Fungi	513		0	False	2
P40963	Saccharomyces cerevisiae (strain ATCC 204508 / S288c)	Fungi	338		0	False	4
O94687	Schizosaccharomyces pombe (strain 972 / ATCC 24843)	Fungi	549		0	False	5
Q96TC7	Homo sapiens	Metazoa	470		0	True	5
P80483	Amphidinium carterae	Other	323		0	False	3
Q8VDL9	Mus musculus	Metazoa	521		0	False	4
O75127	Homo sapiens	Metazoa	700		0	False	1
P82611	Candida albicans (strain SC5314 / ATCC MYA-2876)	Fungi	777		0	False	2
Q7ZYP6	Xenopus laevis	Metazoa	626		0	False	1
P32103	Euplotes eurystomus	Other	135		0	False	1
Q6UWU4	Homo sapiens	Metazoa	347		0	True	4
P54851	Homo sapiens	Metazoa	167		0	True	4
Q9URX7	Schizosaccharomyces pombe (strain 972 / ATCC 24843)	Fungi	340		0	False	5
P38781	Saccharomyces cerevisiae (strain ATCC 204508 / S288c)	Fungi	883		0	False	4
Q8LPG9	Arabidopsis thaliana	Plants	668		0	False	1
O15145	Homo sapiens	Metazoa	178		0	False	5
Q12476	Saccharomyces cerevisiae (strain ATCC 204508 / S288c)	Fungi	344		0	False	1
Q7FAD5	Oryza sativa subsp. japonica	Plants	869		0	False	4
Q9QY84	Mus musculus	Metazoa	440		0	False	2
Q9JK81	Mus musculus	Metazoa	380		0	False	1
Q9BZZ5	Homo sapiens	Metazoa	524		0	False	5
P34080	Rattus norvegicus	Metazoa	271		0	True	5
P20263	Mus musculus	Metazoa	352		0	False	2
Q94CE4	Arabidopsis thaliana	Plants	280		0	False	3
O04249	Arabidopsis thaliana	Plants	513		0	True	5
P04394	Bos taurus	Metazoa	249		0	False	3
P22518	Mus musculus	Metazoa	483		0	False	2
Q42510	Arabidopsis thaliana	Plants	1451		0	False	3
Q62417	Mus musculus	Metazoa	1290		0	False	4
P62244	Homo sapiens	Metazoa	130		0	False	4
Q05344	Drosophila melanogaster	Metazoa	723		0	False	2
Q08818	Saccharomyces cerevisiae (strain ATCC 204508 / S288c)	Fungi	692		0	False	3
Q9I7K6	Drosophila melanogaster	Metazoa	492		0	False	1
Q8TD31	Homo sapiens	Metazoa	782		0	False	4
Q99424	Homo sapiens	Metazoa	681		0	False	2
Q9HBA0	Homo sapiens	Metazoa	871		0	False	1
Q5MJ70	Homo sapiens	Metazoa	313		0	False	1
Q9TSM6	Macaca fascicularis	Metazoa	173		0	False	2
O75398	Homo sapiens	Metazoa	565		0	False	3
Q9M9V7	Arabidopsis thaliana	Plants	587		0	True	2
A0A455ZAR2	Homo sapiens	Metazoa	87		0	False	2
Q70EL3	Homo sapiens	Metazoa	339		0	False	3
Q06554	Saccharomyces cerevisiae (strain ATCC 204508 / S288c)	Fungi	1556		0	False	1
P27889	Mus musculus	Metazoa	558		0	False	1
Q61233	Mus musculus	Metazoa	627		0	False	1
Q15459	Homo sapiens	Metazoa	793		0	False	4
P10636	Homo sapiens	Metazoa	758		0	False	1
Q02248	Mus musculus	Metazoa	781		0	False	2
Q924L1	Mus musculus	Metazoa	360		0	False	3
P39551	Saccharomyces cerevisiae (strain ATCC 204508 / S288c)	Fungi	298		0	False	5
P32485	Saccharomyces cerevisiae (strain ATCC 204508 / S288c)	Fungi	435		0	False	1
Q9H1D9	Homo sapiens	Metazoa	316		0	False	1
Q09FC8	Homo sapiens	Metazoa	603		0	False	4
B3DMA2	Rattus norvegicus	Metazoa	779		0	False	1
Q9XZT7	Drosophila melanogaster	Metazoa	146		0	False	5
P17220	Rattus norvegicus	Metazoa	234		0	False	4
Q9Y244	Homo sapiens	Metazoa	141		0	False	4
P05435	Spinacia oleracea	Plants	364		0	False	3
Q8VFT4	Mus musculus	Metazoa	313		0	True	2
Q09555	Caenorhabditis elegans	Metazoa	805		0	False	5
F4IDB2	Arabidopsis thaliana	Plants	1325		0	False	2
Q96N95	Homo sapiens	Metazoa	335		0	False	3
Q9UT91	Schizosaccharomyces pombe (strain 972 / ATCC 24843)	Fungi	211		0	True	2
Q9JL19	Mus musculus	Metazoa	2067		0	False	3
Q9NVM9	Homo sapiens	Metazoa	706		0	False	3
Q10571	Homo sapiens	Metazoa	1320		0	False	1
Q9C5X4	Arabidopsis thaliana	Plants	1062		0	False	2
Q4FX73	Leishmania major	Other	264		0	False	5
O04104	Glycine max	Plants	309		0	False	2
Q9UI30	Homo sapiens	Metazoa	125		0	False	2
Q6FN94	Candida glabrata (strain ATCC 2001 / BCRC 20586 / JCM 3761 / NBRC 0622 / NRRL Y-65 / CBS 138)	Fungi	499		0	False	5
Q8N884	Homo sapiens	Metazoa	522		0	False	5
Q96PZ0	Homo sapiens	Metazoa	661		0	False	5
Q2V2P4	Saccharomyces cerevisiae (strain ATCC 204508 / S288c)	Fungi	73		0	False	3
Q5T1V6	Homo sapiens	Metazoa	619		0	False	2
P68518	Crotalus atrox	Metazoa	105		0	False	4
A0A075TMP0	Penicillium expansum	Fungi	340		0	False	3
O88477	Mus musculus	Metazoa	577		0	False	5
Q6X632	Mus musculus	Metazoa	540		0	True	1
Q02457	Saccharomyces cerevisiae (strain ATCC 204508 / S288c)	Fungi	562		0	False	1
P37275	Homo sapiens	Metazoa	1124		0	False	3
O13807	Schizosaccharomyces pombe (strain 972 / ATCC 24843)	Fungi	1072		0	False	5
O74354	Schizosaccharomyces pombe (strain 972 / ATCC 24843)	Fungi	599		0	False	3
Q9SJN0	Arabidopsis thaliana	Plants	442		0	False	1
O15381	Homo sapiens	Metazoa	856		0	False	4
O04209	Arabidopsis thaliana	Plants	258		0	False	1
E5KBU3	Pinus taeda	Plants	354		0	False	4
O02115	Caenorhabditis elegans	Metazoa	263		0	False	5
Q9ZR72	Arabidopsis thaliana	Plants	1286		0	True	1
Q9NQ31	Homo sapiens	Metazoa	210		0	False	4
P27612	Mus musculus	Metazoa	794		0	False	2
P02289	Strongylocentrotus purpuratus	Metazoa	124		0	False	1
P14893	Bos taurus	Metazoa	373		0	False	5
Q9H3K6	Homo sapiens	Metazoa	86		0	False	2
P91278	Caenorhabditis elegans	Metazoa	362		0	False	5
Q8VY27	Arabidopsis thaliana	Plants	636		0	False	5
Q8S9M1	Arabidopsis thaliana	Plants	299		0	False	2
P80021	Sus scrofa	Metazoa	553		0	False	3
Q39194	Arabidopsis thaliana	Plants	133		0	False	1
Q9SRX9	Arabidopsis thaliana	Plants	335		0	False	3
Q9CQY9	Mus musculus	Metazoa	76		0	True	2
Q9JKQ2	Meriones unguiculatus	Metazoa	744		0	True	2
Q330K2	Homo sapiens	Metazoa	333		0	False	5
Q9Z0E8	Mus musculus	Metazoa	557		0	True	4
O42924	Schizosaccharomyces pombe (strain 972 / ATCC 24843)	Fungi	272		0	False	2
P35183	Saccharomyces cerevisiae (strain ATCC 204508 / S288c)	Fungi	429		0	False	2
P21571	Rattus norvegicus	Metazoa	108		0	False	1
Q9Y2W7	Homo sapiens	Metazoa	256		0	False	3
Q9QYL0	Mus musculus	Metazoa	170		0	False	2
P91664	Drosophila melanogaster	Metazoa	161		0	False	4
P46892	Rattus norvegicus	Metazoa	436		0	False	3
Q08462	Homo sapiens	Metazoa	1091		0	True	5
Q8SKU2	Pisum sativum	Plants	534		0	False	4
Q95Y72	Caenorhabditis elegans	Metazoa	82		0	False	2
Q8N726	Homo sapiens	Metazoa	132		0	False	1
O75928	Homo sapiens	Metazoa	621		0	False	1
Q9BQ67	Homo sapiens	Metazoa	446		0	False	4
Q86WB7	Homo sapiens	Metazoa	457		0	True	3
P28700	Mus musculus	Metazoa	467		0	False	3
Q9UDR5	Homo sapiens	Metazoa	926		0	False	5
Q8VYJ1	Arabidopsis thaliana	Plants	560		0	True	5
P38265	Saccharomyces cerevisiae (strain ATCC 204508 / S288c)	Fungi	245		0	False	3
P41133	Mus musculus	Metazoa	119		0	False	1
Q8VWK4	Arabidopsis thaliana	Plants	300		0	False	5
Q91898	Xenopus laevis	Metazoa	187		0	False	5
O95665	Homo sapiens	Metazoa	410		0	True	5
P38857	Saccharomyces cerevisiae (strain ATCC 204508 / S288c)	Fungi	129		0	True	1
Q8N699	Homo sapiens	Metazoa	235		0	False	2
P91027	Caenorhabditis elegans	Metazoa	338		0	False	5
P48730	Homo sapiens	Metazoa	415		0	False	3
Q03111	Homo sapiens	Metazoa	559		0	False	4
P35612	Homo sapiens	Metazoa	726		0	False	3
Q10362	Schizosaccharomyces pombe (strain 972 / ATCC 24843)	Fungi	859		0	False	2
O43520	Homo sapiens	Metazoa	1251		0	False	2
P49906	Drosophila melanogaster	Metazoa	196		0	False	5
Q6Q0C0	Homo sapiens	Metazoa	670		0	False	3
Q42736	Flaveria pringlei	Plants	956		0	False	2
P40473	Saccharomyces cerevisiae (strain ATCC 204508 / S288c)	Fungi	351		0	False	1
Q07896	Saccharomyces cerevisiae (strain ATCC 204508 / S288c)	Fungi	663		0	False	5
Q9FK88	Arabidopsis thaliana	Plants	617		0	False	5
Q505F1	Mus musculus	Metazoa	590		0	False	4
Q99JY3	Mus musculus	Metazoa	328		0	False	2
Q9Z0Z5	Rattus norvegicus	Metazoa	600		0	True	4
P25420	Heliothis virescens	Metazoa	569		0	False	3
Q01992	Rattus norvegicus	Metazoa	710		0	False	5
P00829	Bos taurus	Metazoa	528		0	False	2
Q9VC56	Drosophila melanogaster	Metazoa	3912		0	False	3
O82170	Arabidopsis thaliana	Plants	402		0	False	2
Q06493	Saccharomyces cerevisiae (strain ATCC 204508 / S288c)	Fungi	454		0	False	1
Q38912	Arabidopsis thaliana	Plants	198		0	False	2
H2L099	Caenorhabditis elegans	Metazoa	653		0	False	4
Q08024	Mus musculus	Metazoa	187		0	False	4
Q923D5	Mus musculus	Metazoa	641		0	False	5
Q8TCJ0	Homo sapiens	Metazoa	367		0	False	3
P55081	Homo sapiens	Metazoa	439		0	False	3
Q8N567	Homo sapiens	Metazoa	271		0	False	4
Q08285	Saccharomyces cerevisiae (strain ATCC 204508 / S288c)	Fungi	240		0	False	5
O17607	Caenorhabditis elegans	Metazoa	476		0	False	2
Q8IZL8	Homo sapiens	Metazoa	1130		0	False	3
Q9LXR9	Arabidopsis thaliana	Plants	348		0	False	5
O60682	Homo sapiens	Metazoa	206		0	False	3
O94888	Homo sapiens	Metazoa	489		0	False	3
Q42384	Arabidopsis thaliana	Plants	486		0	False	4
P56693	Homo sapiens	Metazoa	466		0	False	5
Q641Y2	Rattus norvegicus	Metazoa	463		0	False	1
Q84TH4	Arabidopsis thaliana	Plants	382		0	False	2
Q04341	Saccharomyces cerevisiae (strain ATCC 204508 / S288c)	Fungi	121		0	False	3
P03999	Homo sapiens	Metazoa	345		0	True	4
Q6PFD5	Mus musculus	Metazoa	977		0	False	2
P05709	Drosophila melanogaster	Metazoa	697		0	False	2
P53168	Saccharomyces cerevisiae (strain ATCC 204508 / S288c)	Fungi	247		0	False	1
Q9NX08	Homo sapiens	Metazoa	183		0	False	3
P0DXI6	Petunia hybrida	Plants	274		0	False	1
O48963	Arabidopsis thaliana	Plants	996		0	False	1
P70353	Mus musculus	Metazoa	335		0	False	1
Q96IR7	Homo sapiens	Metazoa	371		0	False	2
O94301	Schizosaccharomyces pombe (strain 972 / ATCC 24843)	Fungi	339		0	False	5
Q9JII1	Mus musculus	Metazoa	647		0	False	3
P30874	Homo sapiens	Metazoa	369		0	True	4
Q9M2V1	Arabidopsis thaliana	Plants	405		0	False	2
P00052	Vigna radiata var. radiata	Plants	111		0	False	1
Q8NDF8	Homo sapiens	Metazoa	572		0	False	4
Q9NQR1	Homo sapiens	Metazoa	393		0	False	2
Q8NFJ6	Homo sapiens	Metazoa	384		0	True	2
Q8WVT3	Homo sapiens	Metazoa	735		0	False	5
P0C511	Oryza sativa subsp. indica	Plants	477		0	False	2
O14521	Homo sapiens	Metazoa	159		0	True	4
Q84MB5	Arabidopsis thaliana	Plants	280		0	True	1
Q9EPC1	Mus musculus	Metazoa	372		0	False	2
Q96PU8	Homo sapiens	Metazoa	341		0	False	1
Q08923	Saccharomyces cerevisiae (strain ATCC 204508 / S288c)	Fungi	506		0	False	3
Q8N3C0	Homo sapiens	Metazoa	2202		0	False	1
Q2TBE6	Mus musculus	Metazoa	479		0	False	3
O55207	Rattus norvegicus	Metazoa	1496		0	False	2
Q9Y619	Homo sapiens	Metazoa	301		0	True	3
Q7KQJ9	Plasmodium falciparum (isolate 3D7)	Other	264		0	False	1
Q8K3G9	Mus musculus	Metazoa	662		0	False	2
Q16644	Homo sapiens	Metazoa	382		0	False	3
P49686	Saccharomyces cerevisiae (strain ATCC 204508 / S288c)	Fungi	430		0	False	1
O75940	Homo sapiens	Metazoa	238		0	False	5
O22229	Arabidopsis thaliana	Plants	529		0	False	4
A0A509AKT6	Plasmodium berghei (strain Anka)	Other	455		0	True	4
O14140	Schizosaccharomyces pombe (strain 972 / ATCC 24843)	Fungi	71		0	False	2
A4IFH6	Bos taurus	Metazoa	52		0	True	5
Q15391	Homo sapiens	Metazoa	338		0	True	1
Q9Y5Y3	Homo sapiens	Metazoa	372		0	True	2
Q6FK23	Candida glabrata (strain ATCC 2001 / BCRC 20586 / JCM 3761 / NBRC 0622 / NRRL Y-65 / CBS 138)	Fungi	1499		0	False	2
Q8K4Z2	Mus musculus	Metazoa	240		0	False	4
Q8GTQ9	Solanum lycopersicum	Plants	332		0	False	1
Q9UQF2	Homo sapiens	Metazoa	711		0	False	3
P54098	Homo sapiens	Metazoa	1239		0	False	5
A0A0R4IMY7	Danio rerio	Metazoa	1470		0	False	1
Q8IZD2	Homo sapiens	Metazoa	1858		0	False	3
Q9SAZ5	Arabidopsis thaliana	Plants	155		0	False	5
Q9BRS8	Homo sapiens	Metazoa	491		0	False	1
P48029	Homo sapiens	Metazoa	635		0	True	1
P55230	Arabidopsis thaliana	Plants	518		0	False	3
A1L020	Homo sapiens	Metazoa	520		0	False	1
Q9Y4L5	Homo sapiens	Metazoa	304		0	False	3
Q8TAC2	Homo sapiens	Metazoa	188		0	False	5
Q8RX28	Arabidopsis thaliana	Plants	660		0	False	4
Q91YT7	Mus musculus	Metazoa	579		0	False	5
O13899	Schizosaccharomyces pombe (strain 972 / ATCC 24843)	Fungi	595		0	False	2
Q39709	Isochrysis galbana	Other	208		0	False	3
P13297	Mus musculus	Metazoa	303		0	False	1
P45896	Caenorhabditis elegans	Metazoa	393		0	False	5
Q9FEW9	Solanum lycopersicum	Plants	396		0	False	3
O14031	Schizosaccharomyces pombe (strain 972 / ATCC 24843)	Fungi	851		0	False	4
Q9UT55	Schizosaccharomyces pombe (strain 972 / ATCC 24843)	Fungi	438		0	False	1
P70182	Mus musculus	Metazoa	546		0	False	1
P21580	Homo sapiens	Metazoa	790		0	False	2
P56523	Schizosaccharomyces pombe (strain 972 / ATCC 24843)	Fungi	687		0	False	2
Q9BV79	Homo sapiens	Metazoa	373		0	False	3
Q5T442	Homo sapiens	Metazoa	439		0	True	2
Q96RD1	Homo sapiens	Metazoa	312		0	True	1
O60053	Schizosaccharomyces pombe (strain 972 / ATCC 24843)	Fungi	440		0	False	1
O14979	Homo sapiens	Metazoa	420		0	False	5
P25992	Drosophila melanogaster	Metazoa	1002		0	False	5
P32526	Saccharomyces cerevisiae (strain ATCC 204508 / S288c)	Fungi	644		0	False	5
O94874	Homo sapiens	Metazoa	794		0	False	2
Q16236	Homo sapiens	Metazoa	605		0	False	3
Q7TS63	Mus musculus	Metazoa	1237		0	False	4
Q9BUL5	Homo sapiens	Metazoa	403		0	False	4
O75312	Homo sapiens	Metazoa	459		0	False	3
P61970	Homo sapiens	Metazoa	127		0	False	1
Q42536	Arabidopsis thaliana	Plants	405		0	False	1
Q9M8Z5	Arabidopsis thaliana	Plants	582		0	False	3
F5H094	Homo sapiens	Metazoa	687		0	True	3
P30052	Drosophila melanogaster	Metazoa	440		0	False	1
O95140	Homo sapiens	Metazoa	757		0	False	1
Q09739	Schizosaccharomyces pombe (strain 972 / ATCC 24843)	Fungi	210		0	False	5
Q8R2Q8	Mus musculus	Metazoa	172		0	True	2
Q53H12	Homo sapiens	Metazoa	422		0	False	1
P49723	Saccharomyces cerevisiae (strain ATCC 204508 / S288c)	Fungi	345		0	False	1
F1MH24	Bos taurus	Metazoa	957		0	False	1
P36152	Saccharomyces cerevisiae (strain ATCC 204508 / S288c)	Fungi	348		0	False	4
P41139	Mus musculus	Metazoa	161		0	False	5
Q9ZV02	Arabidopsis thaliana	Plants	258		0	True	5
P40797	Drosophila melanogaster	Metazoa	539		0	False	4
Q3SZX5	Bos taurus	Metazoa	204		0	False	3
Q9DFS6	Danio rerio	Metazoa	215		0	False	4
Q94JM3	Arabidopsis thaliana	Plants	859		0	False	5
P02262	Rattus norvegicus	Metazoa	130		0	False	1
F1R5H6	Danio rerio	Metazoa	1444		0	False	3
Q9Y4K3	Homo sapiens	Metazoa	522		0	False	3
Q9M2X3	Arabidopsis thaliana	Plants	295		0	False	3
Q03280	Saccharomyces cerevisiae (strain ATCC 204508 / S288c)	Fungi	3268		0	False	2
Q9P7P2	Schizosaccharomyces pombe (strain 972 / ATCC 24843)	Fungi	528		0	False	4
P63033	Rattus norvegicus	Metazoa	266		0	False	3
O54963	Rattus norvegicus	Metazoa	1069		0	False	4
Q5PRF9	Homo sapiens	Metazoa	694		0	False	1
P13275	Scyliorhinus canicula	Metazoa	87		0	False	5
O15431	Homo sapiens	Metazoa	190		0	True	2
Q12207	Saccharomyces cerevisiae (strain ATCC 204508 / S288c)	Fungi	173		0	True	4
G5EGQ6	Caenorhabditis elegans	Metazoa	2684		0	False	2
P50875	Saccharomyces cerevisiae (strain ATCC 204508 / S288c)	Fungi	604		0	False	1
Q2TBK2	Bos taurus	Metazoa	268		0	False	1
P11147	Drosophila melanogaster	Metazoa	651		0	False	3
Q9GZQ6	Homo sapiens	Metazoa	430		0	True	2
Q9EPH0	Rattus norvegicus	Metazoa	744		0	True	2
Q9D0M3	Mus musculus	Metazoa	325		0	False	3
O57342	Coturnix japonica	Metazoa	286		0	False	5
P39880	Homo sapiens	Metazoa	1505		0	False	2
O35084	Mus musculus	Metazoa	507		0	False	3
Q10PI9	Oryza sativa subsp. japonica	Plants	459		0	False	4
Q9SRV5	Arabidopsis thaliana	Plants	765		0	False	2
O49668	Arabidopsis thaliana	Plants	214		0	False	1
P25008	Drosophila melanogaster	Metazoa	267		0	False	5
P46959	Saccharomyces cerevisiae (strain ATCC 204508 / S288c)	Fungi	383		0	False	2
Q9PTD5	Gallus gallus	Metazoa	335		0	False	2
Q9FWR5	Arabidopsis thaliana	Plants	275		0	False	2
O04375	Arabidopsis thaliana	Plants	495		0	False	3
P52948	Homo sapiens	Metazoa	1817		0	False	1
Q70GP4	Dictyostelium discoideum	Other	1148		0	False	1
P36956	Homo sapiens	Metazoa	1147		0	False	4
Q9H790	Homo sapiens	Metazoa	373		0	False	3
P06900	Xenopus laevis	Metazoa	126		0	False	1
P02991	Euglena gracilis	Other	409		0	False	5
Q94AH1	Arabidopsis thaliana	Plants	300		0	True	1
Q99177	Saccharomyces cerevisiae (strain ATCC 204508 / S288c)	Fungi	341		0	False	3
Q9NWW0	Homo sapiens	Metazoa	138		0	False	5
Q04447	Mus musculus	Metazoa	381		0	False	2
Q06945	Homo sapiens	Metazoa	474		0	False	2
Q94EH2	Arabidopsis thaliana	Plants	210		0	True	5
Q9DBL9	Mus musculus	Metazoa	351		0	False	4
Q96529	Arabidopsis thaliana	Plants	490		0	False	2
Q9CA67	Arabidopsis thaliana	Plants	467		0	False	5
O15090	Homo sapiens	Metazoa	1300		0	False	1
Q91WK7	Mus musculus	Metazoa	299		0	False	5
P36014	Saccharomyces cerevisiae (strain ATCC 204508 / S288c)	Fungi	167		0	False	5
P01252	Bos taurus	Metazoa	110		0	False	2
P34160	Saccharomyces cerevisiae (strain ATCC 204508 / S288c)	Fungi	861		0	False	4
Q6UWS5	Homo sapiens	Metazoa	81		0	False	1
Q84WV6	Arabidopsis thaliana	Plants	635		0	False	4
Q7Z699	Homo sapiens	Metazoa	444		0	False	3
Q91X52	Mus musculus	Metazoa	244		0	False	3
O43181	Homo sapiens	Metazoa	175		0	False	2
Q12493	Saccharomyces cerevisiae (strain ATCC 204508 / S288c)	Fungi	238		0	False	1
O95718	Homo sapiens	Metazoa	433		0	False	1
P16658	Saccharomyces cerevisiae (strain ATCC 204508 / S288c)	Fungi	377		0	False	2
P08473	Homo sapiens	Metazoa	750		0	True	3
P49880	Aedes aegypti	Metazoa	776		0	False	5
Q64471	Mus musculus	Metazoa	240		0	False	1
A0A0B4ZTQ2	Humulus lupulus	Plants	408		0	False	1
Q9LUJ5	Arabidopsis thaliana	Plants	293		0	False	4
Q6FI13	Homo sapiens	Metazoa	130		0	False	4
P17924	Gallus gallus	Metazoa	560		0	False	3
Q9MAM1	Arabidopsis thaliana	Plants	447		0	False	5
P15424	Saccharomyces cerevisiae (strain ATCC 204508 / S288c)	Fungi	664		0	False	4
Q91ZX6	Mus musculus	Metazoa	588		0	False	5
Q9SL67	Arabidopsis thaliana	Plants	443		0	False	3
P14734	Drosophila melanogaster	Metazoa	510		0	False	2
Q9Z1P2	Rattus norvegicus	Metazoa	892		0	False	4
Q10272	Schizosaccharomyces pombe (strain 972 / ATCC 24843)	Fungi	446		0	False	1
Q58F21	Homo sapiens	Metazoa	947		0	False	5
O13326	Schizosaccharomyces pombe (strain 972 / ATCC 24843)	Fungi	429		0	False	3
O14134	Schizosaccharomyces pombe (strain 972 / ATCC 24843)	Fungi	1057		0	False	3
Q9D1F4	Mus musculus	Metazoa	257		0	False	2
Q9JL55	Rattus norvegicus	Metazoa	331		0	True	1
Q9UTN6	Schizosaccharomyces pombe (strain 972 / ATCC 24843)	Fungi	1199		0	False	3
Q6PAC3	Mus musculus	Metazoa	445		0	False	1
P22071	Rattus norvegicus	Metazoa	373		0	False	3
Q9NZM5	Homo sapiens	Metazoa	478		0	False	5
P27882	Saccharomyces cerevisiae (strain ATCC 204508 / S288c)	Fungi	189		0	False	5
Q7M750	Mus musculus	Metazoa	143		0	True	1
Q1HFZ0	Mus musculus	Metazoa	757		0	False	4
A2A259	Mus musculus	Metazoa	760		0	False	4
P41136	Mus musculus	Metazoa	134		0	False	3
P09429	Homo sapiens	Metazoa	215		0	False	4
O89050	Mus musculus	Metazoa	735		0	False	5
P43253	Rattus norvegicus	Metazoa	416		0	True	1
P80304	Sepia officinalis	Metazoa	51		0	False	1
P10853	Mus musculus	Metazoa	126		0	False	2
Q9LFH3	Arabidopsis thaliana	Plants	215		0	False	4
P19973	Mus musculus	Metazoa	330		0	False	2
P03945	Neurospora crassa (strain ATCC 24698 / 74-OR23-1A / CBS 708.71 / DSM 1257 / FGSC 987)	Fungi	557		0	True	2
P62318	Homo sapiens	Metazoa	126		0	False	3
Q8GSI0	Oryza sativa subsp. japonica	Plants	179		0	False	4
Q9WVJ6	Rattus norvegicus	Metazoa	686		0	False	2
Q9VUK8	Drosophila melanogaster	Metazoa	765		0	False	4
Q8W4E7	Arabidopsis thaliana	Plants	598		0	False	4
Q9CA59	Arabidopsis thaliana	Plants	256		0	False	5
Q9ULY5	Homo sapiens	Metazoa	219		0	True	4
Q0E7J7	Schizosaccharomyces pombe (strain 972 / ATCC 24843)	Fungi	325		0	False	5
Q84LK0	Arabidopsis thaliana	Plants	1118		0	False	2
P54857	Saccharomyces cerevisiae (strain ATCC 204508 / S288c)	Fungi	326		0	False	4
Q14202	Homo sapiens	Metazoa	1370		0	False	2
Q03935	Saccharomyces cerevisiae (strain ATCC 204508 / S288c)	Fungi	383		0	False	4
Q02038	Sus scrofa	Metazoa	704		0	False	1
Q96K30	Homo sapiens	Metazoa	269		0	False	4
Q12873	Homo sapiens	Metazoa	2000		0	False	5
E9PYH6	Mus musculus	Metazoa	1716		0	False	4
Q24478	Drosophila melanogaster	Metazoa	1096		0	False	3
P61006	Homo sapiens	Metazoa	207		0	False	3
P23180	Saccharomyces cerevisiae (strain ATCC 204508 / S288c)	Fungi	465		0	False	2
P30938	Rattus norvegicus	Metazoa	363		0	True	1
Q5THR3	Homo sapiens	Metazoa	1501		0	False	5
Q6P4F2	Homo sapiens	Metazoa	183		0	False	2
P40165	Saccharomyces cerevisiae (strain ATCC 204508 / S288c)	Fungi	246		0	False	1
Q5SFM8	Mus musculus	Metazoa	1060		0	False	2
Q9Y2J2	Homo sapiens	Metazoa	1087		0	False	2
Q12252	Saccharomyces cerevisiae (strain ATCC 204508 / S288c)	Fungi	991		0	True	2
J9VQC4	Cryptococcus neoformans var. grubii serotype A (strain H99 / ATCC 208821 / CBS 10515 / FGSC 9487)	Fungi	366		0	True	4
P54105	Homo sapiens	Metazoa	237		0	False	1
Q9NYL2	Homo sapiens	Metazoa	800		0	False	2
Q8IV20	Homo sapiens	Metazoa	430		0	False	4
P61372	Mus musculus	Metazoa	349		0	False	4
P40154	Saccharomyces cerevisiae (strain ATCC 204508 / S288c)	Fungi	320		0	False	5
O60143	Schizosaccharomyces pombe (strain 972 / ATCC 24843)	Fungi	251		0	False	4
Q9Y3L3	Homo sapiens	Metazoa	701		0	False	4
Q680B9	Arabidopsis thaliana	Plants	528		0	False	3
Q9LSB9	Arabidopsis thaliana	Plants	755		0	False	3
Q12328	Saccharomyces cerevisiae (strain ATCC 204508 / S288c)	Fungi	207		0	True	4
Q9JLM4	Mus musculus	Metazoa	1370		0	False	1
O94782	Homo sapiens	Metazoa	785		0	False	3
Q3UHH1	Mus musculus	Metazoa	1832		0	False	5
P29620	Oryza sativa subsp. japonica	Plants	424		0	False	4
P08911	Rattus norvegicus	Metazoa	531		0	True	2
P11836	Homo sapiens	Metazoa	297		0	True	4
O14122	Schizosaccharomyces pombe (strain 972 / ATCC 24843)	Fungi	734		0	False	5
Q708S4	Danio rerio	Metazoa	539		0	True	3
Q925G1	Rattus norvegicus	Metazoa	669		0	False	4
P38418	Arabidopsis thaliana	Plants	896		0	False	3
Q7S7U5	Neurospora crassa (strain ATCC 24698 / 74-OR23-1A / CBS 708.71 / DSM 1257 / FGSC 987)	Fungi	71		0	True	2
Q6NXK8	Mus musculus	Metazoa	526		0	True	3
Q09904	Schizosaccharomyces pombe (strain 972 / ATCC 24843)	Fungi	1159		0	False	1
A9C3R9	Danio rerio	Metazoa	532		0	False	3
Q9FMS5	Arabidopsis thaliana	Plants	672		0	False	4
P25106	Homo sapiens	Metazoa	362		0	True	1
P22803	Saccharomyces cerevisiae (strain ATCC 204508 / S288c)	Fungi	104		0	False	5
Q5EN53	Oryza sativa subsp. indica	Plants	131		0	False	4
Q9HGN6	Schizosaccharomyces pombe (strain 972 / ATCC 24843)	Fungi	399		0	False	4
Q9LK34	Arabidopsis thaliana	Plants	483		0	False	4
P11229	Homo sapiens	Metazoa	460		0	True	1
O95600	Homo sapiens	Metazoa	359		0	False	4
Q10332	Schizosaccharomyces pombe (strain 972 / ATCC 24843)	Fungi	830		0	False	4
P53096	Saccharomyces cerevisiae (strain ATCC 204508 / S288c)	Fungi	452		0	False	5
Q67FY2	Mus musculus	Metazoa	1494		0	False	1
Q8N5F7	Homo sapiens	Metazoa	415		0	False	4
Q6AXT7	Rattus norvegicus	Metazoa	478		0	False	4
Q8BQP9	Mus musculus	Metazoa	257		0	False	2
P51791	Mus musculus	Metazoa	818		0	False	5
Q9FKS8	Arabidopsis thaliana	Plants	446		0	True	4
Q6Z6W2	Oryza sativa subsp. japonica	Plants	241		0	False	4
O96011	Homo sapiens	Metazoa	259		0	False	4
Q8MUF9	Dictyostelium discoideum	Other	649		0	False	5
P04818	Homo sapiens	Metazoa	313		0	False	2
Q9R194	Mus musculus	Metazoa	592		0	False	1
P49375	Kluyveromyces lactis (strain ATCC 8585 / CBS 2359 / DSM 70799 / NBRC 1267 / NRRL Y-1140 / WM37)	Fungi	548		0	False	5
P35065	Tetrahymena thermophila (strain SB210)	Other	133		0	False	4
Q6QBQ4	Rattus norvegicus	Metazoa	296		0	False	2
Q8I299	Plasmodium falciparum (isolate 3D7)	Other	791		0	False	3
Q16670	Homo sapiens	Metazoa	478		0	False	2
Q8IUY3	Homo sapiens	Metazoa	354		0	False	1
Q9UBT2	Homo sapiens	Metazoa	640		0	False	2
Q92973	Homo sapiens	Metazoa	898		0	False	2
Q9UNN5	Homo sapiens	Metazoa	650		0	False	1
Q8N0T1	Homo sapiens	Metazoa	100		0	False	2
Q68CP9	Homo sapiens	Metazoa	1835		0	False	4
Q06106	Saccharomyces cerevisiae (strain ATCC 204508 / S288c)	Fungi	887		0	False	3
Q96247	Arabidopsis thaliana	Plants	485		0	True	4
Q14974	Homo sapiens	Metazoa	876		0	False	1
Q3TWN3	Mus musculus	Metazoa	875		0	False	2
Q700D2	Arabidopsis thaliana	Plants	503		0	False	1
P08154	Rattus norvegicus	Metazoa	508		0	False	1
P02273	Tetrahymena pyriformis	Other	138		0	False	3
P38255	Saccharomyces cerevisiae (strain ATCC 204508 / S288c)	Fungi	430		0	False	2
Q00684	Saccharomyces cerevisiae (strain ATCC 204508 / S288c)	Fungi	551		0	False	4
Q8SXD4	Drosophila melanogaster	Metazoa	1122		0	False	1
Q9SP32	Arabidopsis thaliana	Plants	1909		0	False	3
Q9H2H9	Homo sapiens	Metazoa	487		0	True	2
Q16082	Homo sapiens	Metazoa	182		0	False	4
Q8VZK0	Arabidopsis thaliana	Plants	267		0	False	1
Q8N490	Homo sapiens	Metazoa	385		0	False	4
Q9NYX4	Homo sapiens	Metazoa	217		0	True	4
Q1K8C8	Neurospora crassa (strain ATCC 24698 / 74-OR23-1A / CBS 708.71 / DSM 1257 / FGSC 987)	Fungi	193		0	False	4
Q9CX97	Mus musculus	Metazoa	388		0	False	3
Q04110	Saccharomyces cerevisiae (strain ATCC 204508 / S288c)	Fungi	302		0	False	1
Q6IMB1	Mus musculus	Metazoa	242		0	False	4
P10118	Rattus norvegicus	Metazoa	51		0	False	2
P21981	Mus musculus	Metazoa	686		0	False	1
Q8NHV9	Homo sapiens	Metazoa	184		0	False	5
Q5EBL8	Homo sapiens	Metazoa	140		0	False	2
Q9S745	Arabidopsis thaliana	Plants	541		0	False	1
Q93Z53	Arabidopsis thaliana	Plants	571		0	False	5
P35559	Rattus norvegicus	Metazoa	1019		0	False	3
Q9LJZ5	Arabidopsis thaliana	Plants	181		0	False	1
Q9FKW4	Arabidopsis thaliana	Plants	523		0	False	5
Q8VYS2	Arabidopsis thaliana	Plants	890		0	False	5
Q5S006	Mus musculus	Metazoa	2527		0	False	3
Q3UK78	Mus musculus	Metazoa	256		0	False	1
Q8H1E7	Arabidopsis thaliana	Plants	754		0	False	5
P55217	Arabidopsis thaliana	Plants	563		0	False	4
O95104	Homo sapiens	Metazoa	1147		0	False	5
Q8W420	Arabidopsis thaliana	Plants	611		0	False	5
B1AUS7	Mus musculus	Metazoa	101		0	False	2
Q9SRS5	Arabidopsis thaliana	Plants	217		0	False	1
Q06455	Homo sapiens	Metazoa	604		0	False	3
Q9JHL4	Rattus norvegicus	Metazoa	436		0	False	3
Q9H6D3	Homo sapiens	Metazoa	395		0	True	1
Q8TDR2	Homo sapiens	Metazoa	534		0	False	3
Q8IYM9	Homo sapiens	Metazoa	498		0	False	4
Q39057	Arabidopsis thaliana	Plants	373		0	False	1
O15304	Homo sapiens	Metazoa	175		0	False	1
Q3UFD7	Mus musculus	Metazoa	319		0	True	2
P48552	Homo sapiens	Metazoa	1158		0	False	2
Q3UNX5	Mus musculus	Metazoa	580		0	False	5
Q8BSK8	Mus musculus	Metazoa	525		0	False	4
P83372	Fragaria ananassa	Plants	469		0	False	5
Q64525	Mus musculus	Metazoa	126		0	False	5
Q9ER99	Mus musculus	Metazoa	582		0	False	1
Q9BSF4	Homo sapiens	Metazoa	260		0	True	3
Q99MG9	Rattus norvegicus	Metazoa	250		0	False	1
Q8S8M9	Arabidopsis thaliana	Plants	256		0	False	1
Q15697	Homo sapiens	Metazoa	407		0	False	1
Q8NC51	Homo sapiens	Metazoa	408		0	False	3
P11420	Drosophila melanogaster	Metazoa	710		0	False	1
Q05823	Homo sapiens	Metazoa	741		0	False	2
Q04172	Saccharomyces cerevisiae (strain ATCC 204508 / S288c)	Fungi	456		0	False	4
Q8CFE6	Mus musculus	Metazoa	504		0	True	2
P54358	Drosophila melanogaster	Metazoa	1092		0	False	4
Q96JK9	Homo sapiens	Metazoa	1138		0	False	1
Q9UIJ7	Homo sapiens	Metazoa	227		0	False	3
O35914	Mus musculus	Metazoa	961		0	False	2
Q63934	Mus musculus	Metazoa	411		0	False	5
P30968	Homo sapiens	Metazoa	328		0	True	4
Q6IN84	Homo sapiens	Metazoa	353		0	False	2
Q8BGW1	Mus musculus	Metazoa	502		0	False	5
Q9HD33	Homo sapiens	Metazoa	250		0	False	2
O04921	Arabidopsis thaliana	Plants	512		0	False	3
Q0VC21	Bos taurus	Metazoa	297		0	False	2
Q9NYQ3	Homo sapiens	Metazoa	351		0	False	1
P35348	Homo sapiens	Metazoa	466		0	True	3
Q13368	Homo sapiens	Metazoa	585		0	False	4
P37838	Saccharomyces cerevisiae (strain ATCC 204508 / S288c)	Fungi	685		0	False	2
Q5M731	Arabidopsis thaliana	Plants	522		0	False	2
Q9NR20	Homo sapiens	Metazoa	520		0	False	5
Q6NTF7	Homo sapiens	Metazoa	200		0	False	3
Q12164	Saccharomyces cerevisiae (strain ATCC 204508 / S288c)	Fungi	279		0	True	5
P41350	Rattus norvegicus	Metazoa	178		0	False	1
P06102	Saccharomyces cerevisiae (strain ATCC 204508 / S288c)	Fungi	836		0	False	4
O70608	Rattus norvegicus	Metazoa	1505		0	False	1
P56222	Rattus norvegicus	Metazoa	445		0	False	1
O94311	Schizosaccharomyces pombe (strain 972 / ATCC 24843)	Fungi	180		0	False	4
P30999	Mus musculus	Metazoa	938		0	False	2
P34122	Dictyostelium discoideum	Other	287		0	False	4
Q9SA73	Arabidopsis thaliana	Plants	394		0	False	3
Q01469	Homo sapiens	Metazoa	135		0	False	1
B6UV92	Oryza sativa subsp. japonica	Plants	444		0	False	1
P58334	Mus musculus	Metazoa	251		0	False	4
Q9Y2R5	Homo sapiens	Metazoa	130		0	False	1
P48164	Saccharomyces cerevisiae (strain ATCC 204508 / S288c)	Fungi	190		0	False	4
P32250	Gallus gallus	Metazoa	308		0	True	3
O75324	Homo sapiens	Metazoa	88		0	True	4
P12682	Sus scrofa	Metazoa	215		0	False	1
P28328	Homo sapiens	Metazoa	305		0	True	2
P79943	Xenopus laevis	Metazoa	254		0	False	3
O96017	Homo sapiens	Metazoa	543		0	False	3
Q6UB35	Homo sapiens	Metazoa	978		0	False	2
P29344	Spinacia oleracea	Plants	411		0	False	5
Q3E7A9	Saccharomyces cerevisiae (strain ATCC 204508 / S288c)	Fungi	73		0	False	1
Q3ZK22	Mus musculus	Metazoa	780		0	False	2
Q9NY61	Homo sapiens	Metazoa	560		0	False	5
Q9BZG8	Homo sapiens	Metazoa	438		0	False	4
Q9SGU3	Arabidopsis thaliana	Plants	296		0	False	1
Q9TU17	Ovis aries	Metazoa	413		0	True	4
Q9VE86	Drosophila melanogaster	Metazoa	353		0	False	3
P22138	Saccharomyces cerevisiae (strain ATCC 204508 / S288c)	Fungi	1203		0	False	5
P04179	Homo sapiens	Metazoa	222		0	False	5
Q9NJH0	Drosophila melanogaster	Metazoa	431		0	False	4
P47999	Arabidopsis thaliana	Plants	392		0	False	5
Q84P23	Arabidopsis thaliana	Plants	562		0	False	3
P43138	Rattus norvegicus	Metazoa	317		0	False	5
Q03343	Rattus norvegicus	Metazoa	1166		0	False	5
Q9Y5W9	Homo sapiens	Metazoa	270		0	False	4
P15340	Gallus gallus	Metazoa	62		0	False	3
Q9SEE9	Arabidopsis thaliana	Plants	414		0	False	1
Q24246	Drosophila melanogaster	Metazoa	663		0	False	5
P38345	Saccharomyces cerevisiae (strain ATCC 204508 / S288c)	Fungi	138		0	False	3
J9VP29	Cryptococcus neoformans var. grubii serotype A (strain H99 / ATCC 208821 / CBS 10515 / FGSC 9487)	Fungi	331		0	False	1
Q09406	Caenorhabditis elegans	Metazoa	534		0	False	1
Q4QZZ9	Emericella nidulans	Fungi	370		0	False	3
Q56XY2	Arabidopsis thaliana	Plants	298		0	False	2
Q05022	Saccharomyces cerevisiae (strain ATCC 204508 / S288c)	Fungi	1729		0	False	2
O75344	Homo sapiens	Metazoa	327		0	False	4
P40364	Saccharomyces cerevisiae (strain ATCC 204508 / S288c)	Fungi	252		0	False	1
Q9SZA4	Arabidopsis thaliana	Plants	457		0	False	1
Q9JKD3	Mus musculus	Metazoa	235		0	True	5
Q9FGQ9	Arabidopsis thaliana	Plants	177		0	False	4
O95858	Homo sapiens	Metazoa	294		0	True	1
D3Z291	Mus musculus	Metazoa	348		0	True	3
O74958	Schizosaccharomyces pombe (strain 972 / ATCC 24843)	Fungi	488		0	False	3
Q15650	Homo sapiens	Metazoa	581		0	False	4
P63140	Rattus norvegicus	Metazoa	207		0	False	2
Q08282	Saccharomyces cerevisiae (strain ATCC 204508 / S288c)	Fungi	695		0	False	5
Q9SW33	Arabidopsis thaliana	Plants	225		0	False	4
Q9Y6V7	Homo sapiens	Metazoa	483		0	False	3
Q39081	Arabidopsis thaliana	Plants	255		0	False	5
O80439	Arabidopsis thaliana	Plants	118		0	False	4
Q0E671	Danio rerio	Metazoa	430		0	False	3
Q8WXG1	Homo sapiens	Metazoa	361		0	False	4
Q92482	Homo sapiens	Metazoa	292		0	True	5
P38086	Saccharomyces cerevisiae (strain ATCC 204508 / S288c)	Fungi	958		0	False	1
P43304	Homo sapiens	Metazoa	727		0	False	4
Q2V3L3	Arabidopsis thaliana	Plants	387		0	False	2
O35738	Mus musculus	Metazoa	402		0	False	3
Q8MI17	Oryctolagus cuniculus	Metazoa	496		0	False	4
P06602	Drosophila melanogaster	Metazoa	376		0	False	2
Q9Y6D0	Homo sapiens	Metazoa	94		0	True	5
Q8BJQ4	Mus musculus	Metazoa	232		0	False	2
Q05193	Homo sapiens	Metazoa	864		0	False	1
Q9VKJ3	Drosophila melanogaster	Metazoa	1411		0	False	5
P40072	Saccharomyces cerevisiae (strain ATCC 204508 / S288c)	Fungi	274		0	False	3
Q9UNL4	Homo sapiens	Metazoa	249		0	False	4
Q9LVV5	Arabidopsis thaliana	Plants	223		0	False	1
P82804	Drosophila melanogaster	Metazoa	207		0	False	3
Q2V2P9	Saccharomyces cerevisiae (strain ATCC 204508 / S288c)	Fungi	66		0	True	2
Q14693	Homo sapiens	Metazoa	890		0	False	1
P40968	Saccharomyces cerevisiae (strain ATCC 204508 / S288c)	Fungi	455		0	False	5
P12979	Mus musculus	Metazoa	224		0	False	4
Q7Y0F6	Oryza sativa subsp. japonica	Plants	247		0	False	1
Q86TU7	Homo sapiens	Metazoa	594		0	False	4
Q13642	Homo sapiens	Metazoa	323		0	False	4
P32260	Spinacia oleracea	Plants	383		0	False	5
Q5JPI9	Homo sapiens	Metazoa	236		0	False	3
Q9S841	Arabidopsis thaliana	Plants	331		0	False	5
Q94BR1	Arabidopsis thaliana	Plants	702		0	False	4
Q9UMX1	Homo sapiens	Metazoa	484		0	False	5
Q86B87	Drosophila melanogaster	Metazoa	610		0	False	3
Q8WQC9	Caenorhabditis elegans	Metazoa	712		0	False	2
Q9M9E1	Arabidopsis thaliana	Plants	1423		0	False	4
Q8NF99	Homo sapiens	Metazoa	534		0	False	3
Q8N4T4	Homo sapiens	Metazoa	335		0	False	5
Q08GK9	Mullus surmuletus	Metazoa	178		0	False	1
P34241	Saccharomyces cerevisiae (strain ATCC 204508 / S288c)	Fungi	1764		0	False	5
Q86YJ7	Homo sapiens	Metazoa	626		0	False	1
Q969G3	Homo sapiens	Metazoa	411		0	False	1
P28297	Arabidopsis thaliana	Plants	576		0	False	1
P31260	Homo sapiens	Metazoa	410		0	False	4
Q9ZU52	Arabidopsis thaliana	Plants	391		0	False	5
F4I700	Arabidopsis thaliana	Plants	717		0	False	3
Q05AA6	Mus musculus	Metazoa	957		0	False	3
Q9Y3R4	Homo sapiens	Metazoa	380		0	False	4
Q1XH17	Mus musculus	Metazoa	477		0	False	4
Q9LG05	Arabidopsis thaliana	Plants	485		0	False	1
P28745	Schizosaccharomyces pombe (strain 972 / ATCC 24843)	Fungi	539		0	False	3
Q62981	Rattus norvegicus	Metazoa	407		0	False	1
P13349	Homo sapiens	Metazoa	255		0	False	2
P82162	Spinacia oleracea	Plants	195		0	False	5
P09471	Homo sapiens	Metazoa	354		0	False	2
P29747	Drosophila melanogaster	Metazoa	516		0	False	2
P56280	Mus musculus	Metazoa	116		0	False	4
O55028	Mus musculus	Metazoa	412		0	False	5
Q9SGA2	Arabidopsis thaliana	Plants	361		0	False	5
Q9HBM0	Homo sapiens	Metazoa	779		0	False	2
P03888	Mus musculus	Metazoa	318		0	True	2
P61604	Homo sapiens	Metazoa	102		0	False	5
P52792	Mus musculus	Metazoa	465		0	False	5
P14866	Homo sapiens	Metazoa	589		0	False	5
P38786	Saccharomyces cerevisiae (strain ATCC 204508 / S288c)	Fungi	293		0	False	2
O13826	Schizosaccharomyces pombe (strain 972 / ATCC 24843)	Fungi	254		0	False	5
P11101	Rattus norvegicus	Metazoa	114		0	False	3
Q9NZD8	Homo sapiens	Metazoa	308		0	False	4
Q9XF59	Zea mays	Plants	289		0	True	5
Q10758	Rattus norvegicus	Metazoa	483		0	False	3
Q9ZTK5	Catharanthus roseus	Plants	439		0	False	1
Q8TCC7	Homo sapiens	Metazoa	542		0	True	1
P58876	Homo sapiens	Metazoa	126		0	False	2
P97302	Mus musculus	Metazoa	739		0	False	1
Q6ZYL4	Homo sapiens	Metazoa	71		0	False	1
O88382	Rattus norvegicus	Metazoa	1277		0	False	5
P26651	Homo sapiens	Metazoa	326		0	False	1
Q05871	Saccharomyces cerevisiae (strain ATCC 204508 / S288c)	Fungi	280		0	False	2
Q53GS7	Homo sapiens	Metazoa	698		0	False	4
P49760	Homo sapiens	Metazoa	499		0	False	2
P02291	Parechinus angulosus	Metazoa	144		0	False	4
Q9Y580	Homo sapiens	Metazoa	266		0	False	2
P47900	Homo sapiens	Metazoa	373		0	True	2
P17614	Nicotiana plumbaginifolia	Plants	560		0	False	4
Q9ZVP5	Arabidopsis thaliana	Plants	339		0	False	5
Q03071	Saccharomyces cerevisiae (strain ATCC 204508 / S288c)	Fungi	99		0	False	4
F1LVW7	Rattus norvegicus	Metazoa	1172		0	False	4
O60182	Schizosaccharomyces pombe (strain 972 / ATCC 24843)	Fungi	934		0	False	5
Q2VUH8	Komagataella pastoris	Fungi	323		0	False	2
Q8IZL9	Homo sapiens	Metazoa	346		0	False	5
A1Z9G2	Drosophila melanogaster	Metazoa	883		0	False	1
O35495	Mus musculus	Metazoa	469		0	False	2
Q867Z4	Drosophila melanogaster	Metazoa	970		0	False	5
Q8BMA3	Mus musculus	Metazoa	555		0	False	2
Q9QXA5	Mus musculus	Metazoa	137		0	False	1
P51946	Homo sapiens	Metazoa	323		0	False	4
O57406	Xenopus laevis	Metazoa	489		0	False	2
P24278	Homo sapiens	Metazoa	435		0	False	2
Q9NQW8	Homo sapiens	Metazoa	809		0	False	1
Q9U1H9	Drosophila melanogaster	Metazoa	672		0	False	2
Q9M670	Arabidopsis thaliana	Plants	366		0	False	4
Q5BPS0	Arabidopsis thaliana	Plants	213		0	False	3
Q86Y07	Homo sapiens	Metazoa	508		0	False	1
Q9BQ65	Homo sapiens	Metazoa	265		0	False	4
Q9NUQ6	Homo sapiens	Metazoa	558		0	False	5
P35583	Mus musculus	Metazoa	459		0	False	3
Q9GL77	Bos taurus	Metazoa	1079		0	False	3
Q9VLL3	Drosophila melanogaster	Metazoa	753		0	False	5
O65312	Arabidopsis thaliana	Plants	689		0	False	1
Q3UHK6	Mus musculus	Metazoa	2771		0	False	1
Q9SN78	Arabidopsis thaliana	Plants	333		0	False	2
P39996	Saccharomyces cerevisiae (strain ATCC 204508 / S288c)	Fungi	337		0	False	4
Q0ZCJ7	Mus musculus	Metazoa	421		0	False	2
Q96T23	Homo sapiens	Metazoa	1441		0	False	2
P50479	Homo sapiens	Metazoa	330		0	False	4
Q9LRH6	Arabidopsis thaliana	Plants	309		0	False	1
P0CV94	Fragaria ananassa	Plants	519		0	False	5
Q8INR6	Drosophila melanogaster	Metazoa	1848		0	False	4
Q06143	Saccharomyces cerevisiae (strain ATCC 204508 / S288c)	Fungi	298		0	True	4
Q7ZYV9	Xenopus laevis	Metazoa	1202		0	False	2
P82663	Homo sapiens	Metazoa	173		0	False	2
P36048	Saccharomyces cerevisiae (strain ATCC 204508 / S288c)	Fungi	1008		0	False	1
Q07343	Homo sapiens	Metazoa	736		0	False	5
Q8IWS0	Homo sapiens	Metazoa	365		0	False	2
P12853	Chlamydomonas reinhardtii	Plants	291		0	False	3
Q96398	Cucumis sativus	Plants	322		0	False	2
Q96327	Arabidopsis thaliana	Plants	392		0	False	5
Q9SR70	Arabidopsis thaliana	Plants	230		0	False	4
A2APF3	Mus musculus	Metazoa	636		0	False	2
Q9XH32	Spinacia oleracea	Plants	222		0	False	5
Q96IY1	Homo sapiens	Metazoa	281		0	False	4
P10809	Homo sapiens	Metazoa	573		0	False	3
A8MR65	Arabidopsis thaliana	Plants	201		0	False	3
B7SXM5	Danio rerio	Metazoa	180		0	False	1
Q9VVR6	Drosophila melanogaster	Metazoa	196		0	False	5
Q00416	Saccharomyces cerevisiae (strain ATCC 204508 / S288c)	Fungi	2231		0	False	1
P24100	Arabidopsis thaliana	Plants	294		0	False	5
P06507	Spinacia oleracea	Plants	100		0	False	3
P91277	Caenorhabditis elegans	Metazoa	397		0	False	4
P59998	Homo sapiens	Metazoa	168		0	False	1
O43592	Homo sapiens	Metazoa	962		0	False	1
P03871	Saccharomyces cerevisiae (strain ATCC 204508 / S288c)	Fungi	373		0	False	5
P41235	Homo sapiens	Metazoa	474		0	False	2
P34225	Saccharomyces cerevisiae (strain ATCC 204508 / S288c)	Fungi	687		0	False	2
Q0JB88	Oryza sativa subsp. japonica	Plants	416		0	False	2
P92204	Drosophila melanogaster	Metazoa	280		0	False	1
Q9C8Z9	Arabidopsis thaliana	Plants	221		0	False	1
P00024	Aquarana catesbeiana	Metazoa	105		0	False	4
Q96D96	Homo sapiens	Metazoa	273		0	False	4
Q9NTU4	Homo sapiens	Metazoa	200		0	False	5
Q86BP6	Drosophila melanogaster	Metazoa	1162		0	False	3
P08466	Saccharomyces cerevisiae (strain ATCC 204508 / S288c)	Fungi	329		0	False	5
Q9H6W3	Homo sapiens	Metazoa	641		0	False	2
P13106	Bumilleriopsis filiformis	Other	98		0	False	4
P18155	Mus musculus	Metazoa	350		0	False	2
P11383	Triticum aestivum	Plants	477		0	False	2
Q8UVD9	Gallus gallus	Metazoa	769		0	False	2
P98182	Homo sapiens	Metazoa	395		0	False	4
Q93ZG3	Arabidopsis thaliana	Plants	450		0	False	4
Q9XPJ9	Dictyostelium discoideum	Other	519		0	False	5
Q3TQ03	Mus musculus	Metazoa	375		0	False	2
Q5BJX1	Rattus norvegicus	Metazoa	134		0	False	5
P87112	Schizosaccharomyces pombe (strain 972 / ATCC 24843)	Fungi	2100		0	False	4
Q9NPB9	Homo sapiens	Metazoa	350		0	True	4
Q10101	Schizosaccharomyces pombe (strain 972 / ATCC 24843)	Fungi	195		0	False	5
Q1K8U2	Neurospora crassa (strain ATCC 24698 / 74-OR23-1A / CBS 708.71 / DSM 1257 / FGSC 987)	Fungi	84		0	False	4
Q9Y3V2	Homo sapiens	Metazoa	267		0	False	2
Q9QYB1	Mus musculus	Metazoa	253		0	True	4
P26659	Schizosaccharomyces pombe (strain 972 / ATCC 24843)	Fungi	772		0	False	3
Q8NB49	Homo sapiens	Metazoa	1132		0	True	3
P43569	Saccharomyces cerevisiae (strain ATCC 204508 / S288c)	Fungi	289		0	False	1
Q9Z1X4	Mus musculus	Metazoa	898		0	False	2
Q10430	Schizosaccharomyces pombe (strain 972 / ATCC 24843)	Fungi	238		0	False	2
A0A8P0N4K0	Canis lupus familiaris	Metazoa	1614		0	False	2
Q9URQ5	Saccharomyces cerevisiae (strain ATCC 204508 / S288c)	Fungi	78		0	False	2
P12762	Equus caballus	Metazoa	500		0	False	3
Q9NTK1	Homo sapiens	Metazoa	212		0	False	3
P81718	Rattus norvegicus	Metazoa	613		0	False	1
P70406	Mus musculus	Metazoa	309		0	True	4
Q92989	Homo sapiens	Metazoa	425		0	False	1
Q9P0U4	Homo sapiens	Metazoa	656		0	False	4
Q9FVW4	Arabidopsis thaliana	Plants	482		0	False	3
Q7S9I4	Neurospora crassa (strain ATCC 24698 / 74-OR23-1A / CBS 708.71 / DSM 1257 / FGSC 987)	Fungi	174		0	False	3
O94606	Schizosaccharomyces pombe (strain 972 / ATCC 24843)	Fungi	473		0	False	3
P68429	Medicago sativa	Plants	136		0	False	1
Q9ERZ6	Mus musculus	Metazoa	759		0	False	2
Q9FHW2	Arabidopsis thaliana	Plants	171		0	False	1
Q9ZW35	Arabidopsis thaliana	Plants	264		0	False	2
P79391	Bos taurus	Metazoa	270		0	True	1
Q64028	Mus musculus	Metazoa	1010		0	False	5
Q8MUJ1	Drosophila melanogaster	Metazoa	415		0	True	5
O95777	Homo sapiens	Metazoa	96		0	False	5
P38300	Saccharomyces cerevisiae (strain ATCC 204508 / S288c)	Fungi	278		0	False	2
Q8BFW6	Mus musculus	Metazoa	529		0	True	4
P10795	Arabidopsis thaliana	Plants	180		0	False	5
Q9VWF2	Drosophila melanogaster	Metazoa	2006		0	False	1
Q94JQ4	Arabidopsis thaliana	Plants	187		0	False	4
P24004	Saccharomyces cerevisiae (strain ATCC 204508 / S288c)	Fungi	1043		0	False	4
Q16773	Homo sapiens	Metazoa	422		0	False	3
Q8NB16	Homo sapiens	Metazoa	471		0	False	1
Q9JJ09	Rattus norvegicus	Metazoa	695		0	False	5
P41597	Homo sapiens	Metazoa	374		0	True	1
P39518	Saccharomyces cerevisiae (strain ATCC 204508 / S288c)	Fungi	744		0	False	1
C6KIE6	Arabidopsis thaliana	Plants	861		0	False	2
P38262	Saccharomyces cerevisiae (strain ATCC 204508 / S288c)	Fungi	535		0	False	1
Q9FNH6	Arabidopsis thaliana	Plants	231		0	True	4
Q9JKL7	Rattus norvegicus	Metazoa	494		0	False	5
P78537	Homo sapiens	Metazoa	153		0	False	2
Q9VEC3	Drosophila melanogaster	Metazoa	648		0	False	3
A8CEI3	Leucaena leucocephala	Plants	443		0	False	1
Q95RA8	Drosophila melanogaster	Metazoa	219		0	False	2
P0CX37	Saccharomyces cerevisiae (strain ATCC 204508 / S288c)	Fungi	236		0	False	5
Q805F9	Gallus gallus	Metazoa	1140		0	False	1
P28239	Saccharomyces cerevisiae (strain ATCC 204508 / S288c)	Fungi	310		0	False	5
Q9Y0E4	Drosophila melanogaster	Metazoa	2262		0	False	2
P40050	Saccharomyces cerevisiae (strain ATCC 204508 / S288c)	Fungi	688		0	False	1
P30260	Homo sapiens	Metazoa	824		0	False	4
Q8VIJ5	Rattus norvegicus	Metazoa	916		0	False	1
Q56WD9	Arabidopsis thaliana	Plants	462		0	False	3
Q6XP49	Mus musculus	Metazoa	780		0	False	4
P17789	Drosophila melanogaster	Metazoa	643		0	False	3
Q6ZVD7	Homo sapiens	Metazoa	989		0	False	2
Q10109	Schizosaccharomyces pombe (strain 972 / ATCC 24843)	Fungi	688		0	False	3
O96625	Dictyostelium discoideum	Other	169		0	False	3
Q0J995	Oryza sativa subsp. japonica	Plants	424		0	False	4
P83525	Scopolia japonica	Plants	97		0	False	5
Q9BYN7	Homo sapiens	Metazoa	854		0	False	3
E0CX11	Homo sapiens	Metazoa	47		0	True	1
O23193	Arabidopsis thaliana	Plants	236		0	False	3
Q337M4	Oryza sativa subsp. japonica	Plants	364		0	False	5
P35558	Homo sapiens	Metazoa	622		0	False	3
Q9XF23	Arabidopsis thaliana	Plants	623		0	False	4
Q8CIW6	Mus musculus	Metazoa	758		0	False	5
Q9BYD1	Homo sapiens	Metazoa	178		0	False	5
Q8GWK1	Arabidopsis thaliana	Plants	221		0	False	2
O55242	Mus musculus	Metazoa	223		0	True	2
Q08209	Homo sapiens	Metazoa	521		0	False	3
F4KAV2	Arabidopsis thaliana	Plants	442		0	False	5
Q9C5C0	Arabidopsis thaliana	Plants	615		0	False	2
Q9XJ36	Arabidopsis thaliana	Plants	279		0	False	4
Q16555	Homo sapiens	Metazoa	572		0	False	5
P18616	Arabidopsis thaliana	Plants	1839		0	False	3
Q3KNS1	Homo sapiens	Metazoa	954		0	False	3
Q9FI43	Arabidopsis thaliana	Plants	487		0	False	2
Q9ULD0	Homo sapiens	Metazoa	1010		0	False	4
P97500	Mus musculus	Metazoa	1187		0	False	1
Q8GYH7	Arabidopsis thaliana	Plants	249		0	False	3
P19793	Homo sapiens	Metazoa	462		0	False	2
Q13131	Homo sapiens	Metazoa	559		0	False	4
O95232	Homo sapiens	Metazoa	432		0	False	2
Q15388	Homo sapiens	Metazoa	145		0	True	4
Q09728	Schizosaccharomyces pombe (strain 972 / ATCC 24843)	Fungi	411		0	False	5
F1MAB7	Rattus norvegicus	Metazoa	1050		0	False	2
P16965	Saccharomyces cerevisiae (strain ATCC 204508 / S288c)	Fungi	84		0	False	2
Q6U7Q0	Homo sapiens	Metazoa	402		0	False	1
Q76PC4	Schizosaccharomyces pombe (strain 972 / ATCC 24843)	Fungi	562		0	False	5
P56522	Rattus norvegicus	Metazoa	494		0	False	3
P10896	Arabidopsis thaliana	Plants	474		0	False	2
P0C2C4	Rattus norvegicus	Metazoa	263		0	False	3
O43257	Homo sapiens	Metazoa	154		0	False	2
A1CWT6	Neosartorya fischeri (strain ATCC 1020 / DSM 3700 / CBS 544.65 / FGSC A1164 / JCM 1740 / NRRL 181 / WB 181)	Fungi	488		0	False	3
Q8JZQ2	Mus musculus	Metazoa	802		0	False	5
Q9M8M7	Arabidopsis thaliana	Plants	457		0	False	3
P20108	Mus musculus	Metazoa	257		0	False	4
Q9W3E2	Drosophila melanogaster	Metazoa	1195		0	False	2
O70131	Mus musculus	Metazoa	152		0	True	4
Q9Y6H1	Homo sapiens	Metazoa	151		0	False	5
Q09793	Schizosaccharomyces pombe (strain 972 / ATCC 24843)	Fungi	425		0	False	4
Q09902	Schizosaccharomyces pombe (strain 972 / ATCC 24843)	Fungi	85		0	False	4
Q9WUS4	Mus musculus	Metazoa	505		0	True	4
Q14680	Homo sapiens	Metazoa	651		0	False	5
P40033	Saccharomyces cerevisiae (strain ATCC 204508 / S288c)	Fungi	138		0	False	1
Q9UPW5	Homo sapiens	Metazoa	1226		0	False	5
Q9ZPF5	Arabidopsis thaliana	Plants	344		0	False	1
P12277	Homo sapiens	Metazoa	381		0	False	4
B9EJG8	Homo sapiens	Metazoa	249		0	True	5
O14777	Homo sapiens	Metazoa	642		0	False	4
P56405	Rattus norvegicus	Metazoa	263		0	True	1
Q8RXN6	Arabidopsis thaliana	Plants	485		0	False	2
Q9HB07	Homo sapiens	Metazoa	376		0	False	1
Q8CEG0	Mus musculus	Metazoa	392		0	True	3
P43896	Bos taurus	Metazoa	338		0	False	5
Q63801	Rattus norvegicus	Metazoa	678		0	False	4
Q04659	Saccharomyces cerevisiae (strain ATCC 204508 / S288c)	Fungi	317		0	False	3
Q9Y265	Homo sapiens	Metazoa	456		0	False	3
Q91VB2	Mus musculus	Metazoa	477		0	False	3
Q6DBA5	Arabidopsis thaliana	Plants	205		0	False	2
Q9Y3S1	Homo sapiens	Metazoa	2297		0	False	1
Q9M7Q4	Arabidopsis thaliana	Plants	416		0	False	2
Q9ZVZ9	Arabidopsis thaliana	Plants	199		0	False	4
O77480	Bos taurus	Metazoa	390		0	False	2
Q86WP2	Homo sapiens	Metazoa	473		0	False	4
Q12857	Homo sapiens	Metazoa	509		0	False	1
Q9P7S6	Schizosaccharomyces pombe (strain 972 / ATCC 24843)	Fungi	274		0	False	5
Q9R154	Rattus norvegicus	Metazoa	780		0	True	1
Q9HCE9	Homo sapiens	Metazoa	1232		0	False	1
O75185	Homo sapiens	Metazoa	946		0	False	5
Q22557	Caenorhabditis elegans	Metazoa	368		0	False	2
K7W9N9	Solanum lycopersicum	Plants	285		0	False	1
P92504	Ascaris suum	Metazoa	112		0	False	3
P46938	Mus musculus	Metazoa	488		0	False	5
P51948	Homo sapiens	Metazoa	309		0	False	2
Q07395	Saccharomyces cerevisiae (strain ATCC 204508 / S288c)	Fungi	620		0	False	1
Q9D915	Mus musculus	Metazoa	106		0	False	1
P29467	Saccharomyces cerevisiae (strain ATCC 204508 / S288c)	Fungi	408		0	False	4
P40228	Arabidopsis thaliana	Plants	287		0	False	2
Q15678	Homo sapiens	Metazoa	1187		0	False	4
P49005	Homo sapiens	Metazoa	469		0	False	3
O35473	Mus musculus	Metazoa	141		0	False	1
P21269	Saccharomyces cerevisiae (strain ATCC 204508 / S288c)	Fungi	546		0	False	2
Q16777	Homo sapiens	Metazoa	129		0	False	2
Q9UN81	Homo sapiens	Metazoa	338		0	False	2
O42860	Schizosaccharomyces pombe (strain 972 / ATCC 24843)	Fungi	320		0	False	1
Q9SCP7	Arabidopsis thaliana	Plants	359		0	False	2
Q86V81	Homo sapiens	Metazoa	257		0	False	1
C4R3D4	Komagataella phaffii (strain GS115 / ATCC 20864)	Fungi	461		0	True	5
P53327	Saccharomyces cerevisiae (strain ATCC 204508 / S288c)	Fungi	1967		0	False	5
O76001	Homo sapiens	Metazoa	311		0	True	2
Q6DD04	Xenopus laevis	Metazoa	898		0	False	1
Q7TQP3	Mus musculus	Metazoa	335		0	True	4
Q9H172	Homo sapiens	Metazoa	646		0	False	3
G2HK15	Caenorhabditis elegans	Metazoa	367		0	False	1
Q05050	Saccharomyces cerevisiae (strain ATCC 204508 / S288c)	Fungi	843		0	False	3
Q8K3W2	Mus musculus	Metazoa	274		0	False	1
Q9HBG4	Homo sapiens	Metazoa	840		0	False	1
P48837	Saccharomyces cerevisiae (strain ATCC 204508 / S288c)	Fungi	541		0	False	5
P13864	Mus musculus	Metazoa	1620		0	False	5
Q9ZP27	Avena sativa	Plants	578		0	False	4
Q8VZB2	Arabidopsis thaliana	Plants	221		0	True	3
Q17446	Caenorhabditis elegans	Metazoa	377		0	False	2
Q02535	Homo sapiens	Metazoa	119		0	False	2
Q920F5	Rattus norvegicus	Metazoa	492		0	False	3
Q8WUM9	Homo sapiens	Metazoa	679		0	True	5
Q53GL7	Homo sapiens	Metazoa	1025		0	False	5
Q86VP6	Homo sapiens	Metazoa	1230		0	False	3
P52631	Rattus norvegicus	Metazoa	770		0	False	4
P38863	Saccharomyces cerevisiae (strain ATCC 204508 / S288c)	Fungi	823		0	False	1
O82230	Arabidopsis thaliana	Plants	182		0	False	2
Q10CE4	Oryza sativa subsp. japonica	Plants	369		0	False	1
Q9UKT9	Homo sapiens	Metazoa	509		0	False	3
P53990	Homo sapiens	Metazoa	364		0	False	3
P55064	Homo sapiens	Metazoa	265		0	True	2
Q9FNC7	Arabidopsis thaliana	Plants	717		0	False	1
Q19087	Caenorhabditis elegans	Metazoa	470		0	False	5
O48582	Arabidopsis thaliana	Plants	723		0	False	4
Q66JZ4	Mus musculus	Metazoa	499		0	False	5
P32567	Saccharomyces cerevisiae (strain ATCC 204508 / S288c)	Fungi	862		0	False	1
G5ECU7	Caenorhabditis elegans	Metazoa	319		0	False	5
D0E0C2	Periplaneta americana	Metazoa	1553		0	False	1
P57743	Saccharomyces cerevisiae (strain ATCC 204508 / S288c)	Fungi	89		0	False	5
P02252	Oryctolagus cuniculus	Metazoa	219		0	False	4
Q9USJ8	Schizosaccharomyces pombe (strain 972 / ATCC 24843)	Fungi	218		0	False	1
P11747	Saccharomyces cerevisiae (strain ATCC 204508 / S288c)	Fungi	167		0	False	4
Q05753	Arabidopsis thaliana	Plants	435		0	False	3
Q8W2N5	Nicotiana tabacum	Plants	478		0	False	4
Q3U8K7	Mus musculus	Metazoa	883		0	False	1
Q9H1J1	Homo sapiens	Metazoa	476		0	False	4
Q9NX20	Homo sapiens	Metazoa	251		0	False	5
Q8S944	Arabidopsis thaliana	Plants	808		0	False	4
O01971	Caenorhabditis elegans	Metazoa	166		0	False	4
P38324	Saccharomyces cerevisiae (strain ATCC 204508 / S288c)	Fungi	304		0	False	5
P26038	Homo sapiens	Metazoa	577		0	False	3
Q63009	Rattus norvegicus	Metazoa	353		0	False	2
Q7KZI7	Homo sapiens	Metazoa	788		0	False	4
Q04952	Saccharomyces cerevisiae (strain ATCC 204508 / S288c)	Fungi	1785		0	False	4
Q9SKB6	Arabidopsis thaliana	Plants	350		0	False	1
Q96RQ1	Homo sapiens	Metazoa	377		0	True	5
Q8TDR4	Homo sapiens	Metazoa	215		0	False	5
Q8L850	Arabidopsis thaliana	Plants	815		0	False	1
P40879	Homo sapiens	Metazoa	764		0	True	3
O22763	Arabidopsis thaliana	Plants	411		0	False	3
P50222	Homo sapiens	Metazoa	304		0	False	2
Q67UR2	Oryza sativa subsp. japonica	Plants	419		0	False	3
Q8N9R8	Homo sapiens	Metazoa	606		0	False	1
P68428	Triticum aestivum	Plants	136		0	False	5
P69244	Medicago sativa	Plants	136		0	False	3
Q9LXX5	Arabidopsis thaliana	Plants	262		0	False	5
C8VP82	Emericella nidulans (strain FGSC A4 / ATCC 38163 / CBS 112.46 / NRRL 194 / M139)	Fungi	339		0	False	1
Q9UQ88	Homo sapiens	Metazoa	783		0	False	3
P61972	Rattus norvegicus	Metazoa	127		0	False	2
Q9D995	Mus musculus	Metazoa	334		0	False	2
P11940	Homo sapiens	Metazoa	636		0	False	3
Q08297	Mus musculus	Metazoa	339		0	False	4
P83565	Rattus norvegicus	Metazoa	206		0	False	3
Q9LIR6	Arabidopsis thaliana	Plants	575		0	False	5
P0CY10	Saccharomyces cerevisiae	Fungi	126		0	False	3
Q9VL25	Drosophila melanogaster	Metazoa	694		0	False	5
P70669	Mus musculus	Metazoa	749		0	True	1
B1AWL2	Mus musculus	Metazoa	2495		0	False	4
Q6DBR6	Danio rerio	Metazoa	334		0	False	5
P38074	Saccharomyces cerevisiae (strain ATCC 204508 / S288c)	Fungi	348		0	False	3
P10852	Mus musculus	Metazoa	526		0	True	5
Q5PP37	Arabidopsis thaliana	Plants	473		0	False	1
P33759	Saccharomyces cerevisiae (strain ATCC 204508 / S288c)	Fungi	307		0	False	5
Q9USP0	Schizosaccharomyces pombe (strain 972 / ATCC 24843)	Fungi	341		0	False	2
P34331	Caenorhabditis elegans	Metazoa	648		0	False	2
Q06623	Saccharomyces cerevisiae (strain ATCC 204508 / S288c)	Fungi	655		0	False	4
Q16778	Homo sapiens	Metazoa	126		0	False	3
Q8L7C9	Arabidopsis thaliana	Plants	217		0	False	3
Q9ERB5	Mus musculus	Metazoa	715		0	True	3
P35413	Mus musculus	Metazoa	330		0	True	3
P37231	Homo sapiens	Metazoa	505		0	False	2
O43808	Homo sapiens	Metazoa	307		0	True	1
O88895	Mus musculus	Metazoa	428		0	False	5
Q14565	Homo sapiens	Metazoa	340		0	False	1
Q08436	Nicotiana plumbaginifolia	Plants	956		0	True	2
Q9JM05	Mus musculus	Metazoa	507		0	False	1
Q15560	Homo sapiens	Metazoa	299		0	False	3
O55171	Rattus norvegicus	Metazoa	453		0	False	1
B0XTT5	Aspergillus fumigatus (strain CBS 144.89 / FGSC A1163 / CEA10)	Fungi	247		0	False	4
P56485	Mus musculus	Metazoa	362		0	True	5
Q8WYP5	Homo sapiens	Metazoa	2266		0	False	5
Q9D5V6	Mus musculus	Metazoa	365		0	False	2
Q76JU9	Mus musculus	Metazoa	300		0	True	1
Q92731	Homo sapiens	Metazoa	530		0	False	5
P31111	Saccharomyces cerevisiae (strain ATCC 204508 / S288c)	Fungi	875		0	False	5
Q96B42	Homo sapiens	Metazoa	140		0	True	2
Q69ZR9	Mus musculus	Metazoa	1610		0	False	4
P54898	Neurospora crassa (strain ATCC 24698 / 74-OR23-1A / CBS 708.71 / DSM 1257 / FGSC 987)	Fungi	871		0	False	4
Q49AM1	Homo sapiens	Metazoa	385		0	False	1
P07293	Oryctolagus cuniculus	Metazoa	1873		0	True	1
Q8LBZ7	Arabidopsis thaliana	Plants	279		0	False	3
P00431	Saccharomyces cerevisiae (strain ATCC 204508 / S288c)	Fungi	361		0	False	5
Q9C909	Arabidopsis thaliana	Plants	289		0	False	1
Q61234	Mus musculus	Metazoa	503		0	False	4
Q8R3K3	Mus musculus	Metazoa	381		0	False	3
Q8NI27	Homo sapiens	Metazoa	1593		0	False	5
Q9UJQ4	Homo sapiens	Metazoa	1053		0	False	3
Q9HGL6	Schizosaccharomyces pombe (strain 972 / ATCC 24843)	Fungi	295		0	False	5
P23913	Gallus gallus	Metazoa	637		0	False	3
O13351	Schizosaccharomyces pombe (strain 972 / ATCC 24843)	Fungi	117		0	False	2
K9NVA6	Hematodinium sp	Other	132		0	False	4
Q9LG23	Arabidopsis thaliana	Plants	398		0	False	2
Q0GA42	Mus musculus	Metazoa	951		0	True	3
Q38893	Arabidopsis thaliana	Plants	558		0	False	1
Q06697	Saccharomyces cerevisiae (strain ATCC 204508 / S288c)	Fungi	393		0	False	4
O54829	Mus musculus	Metazoa	469		0	False	4
O82804	Arabidopsis thaliana	Plants	695		0	False	3
Q5TM49	Macaca mulatta	Metazoa	360		0	False	3
A2APX8	Mus musculus	Metazoa	2009		0	False	2
Q9UK73	Homo sapiens	Metazoa	627		0	False	4
Q03001	Homo sapiens	Metazoa	7570		0	False	4
Q9HDZ6	Schizosaccharomyces pombe (strain 972 / ATCC 24843)	Fungi	155		0	False	2
O14174	Schizosaccharomyces pombe (strain 972 / ATCC 24843)	Fungi	473		0	False	1
P38838	Saccharomyces cerevisiae (strain ATCC 204508 / S288c)	Fungi	269		0	False	2
Q9DC69	Mus musculus	Metazoa	377		0	False	3
Q8R400	Mus musculus	Metazoa	80		0	True	1
P81372	Alocasia macrorrhizos	Plants	97		0	False	3
Q93ZM7	Arabidopsis thaliana	Plants	572		0	False	3
P61077	Homo sapiens	Metazoa	147		0	False	2
P30543	Rattus norvegicus	Metazoa	410		0	True	1
Q1PDI2	Arabidopsis thaliana	Plants	487		0	False	2
P84872	Atropa belladonna	Plants	97		0	False	1
Q9PW38	Gallus gallus	Metazoa	736		0	False	5
Q3KPK4	Xenopus laevis	Metazoa	280		0	False	1
Q6IE81	Homo sapiens	Metazoa	842		0	False	2
P02240	Lupinus luteus	Plants	154		0	False	4
P20821	Bos taurus	Metazoa	173		0	False	4
W0SKS3	Petroselinum crispum	Plants	400		0	False	4
A3FPJ2	Caenorhabditis elegans	Metazoa	152		0	False	4
O74936	Yarrowia lipolytica (strain CLIB 122 / E 150)	Fungi	700		0	False	3
Q9XI73	Arabidopsis thaliana	Plants	190		0	False	5
Q84JH7	Arabidopsis thaliana	Plants	225		0	False	2
O88492	Mus musculus	Metazoa	1403		0	False	3
Q6GQQ9	Homo sapiens	Metazoa	843		0	False	5
Q06090	Saccharomyces cerevisiae (strain ATCC 204508 / S288c)	Fungi	140		0	False	2
A2XFC1	Oryza sativa subsp. indica	Plants	442		0	False	1
P24941	Homo sapiens	Metazoa	298		0	False	1
P38633	Saccharomyces cerevisiae (strain ATCC 204508 / S288c)	Fungi	127		0	False	3
Q0D9C4	Oryza sativa subsp. japonica	Plants	492		0	False	3
P35670	Homo sapiens	Metazoa	1465		0	False	2
Q61624	Mus musculus	Metazoa	794		0	False	5
Q8N5I2	Homo sapiens	Metazoa	433		0	False	1
Q54BD4	Dictyostelium discoideum	Other	931		0	False	2
K7MTW9	Glycine max	Plants	231		0	False	4
Q91439	Squalus acanthias	Metazoa	155		0	False	4
P82873	Arabidopsis thaliana	Plants	210		0	False	2
Q8IU81	Homo sapiens	Metazoa	584		0	False	4
P62277	Homo sapiens	Metazoa	151		0	False	4
P06180	Xenopus laevis	Metazoa	590		0	False	4
P24549	Mus musculus	Metazoa	501		0	False	3
K4D3V7	Solanum lycopersicum	Plants	475		0	False	1
Q7Z698	Homo sapiens	Metazoa	418		0	False	4
O74544	Schizosaccharomyces pombe (strain 972 / ATCC 24843)	Fungi	314		0	False	3
Q8K202	Mus musculus	Metazoa	482		0	False	3
P29972	Homo sapiens	Metazoa	269		0	True	1
Q9FXH7	Arabidopsis thaliana	Plants	345		0	False	2
E9Q4Z2	Mus musculus	Metazoa	2448		0	False	1
Q7JVP4	Drosophila melanogaster	Metazoa	1430		0	False	3
Q5QQ46	Trypanosoma brucei brucei	Other	528		0	False	4
Q16635	Homo sapiens	Metazoa	262		0	False	4
Q94AX2	Arabidopsis thaliana	Plants	277		0	False	5
Q8TDU6	Homo sapiens	Metazoa	330		0	True	2
Q925H1	Mus musculus	Metazoa	1281		0	False	4
Q80WM3	Mus musculus	Metazoa	160		0	False	3
Q9JIX9	Mus musculus	Metazoa	511		0	False	5
P53088	Saccharomyces cerevisiae (strain ATCC 204508 / S288c)	Fungi	359		0	False	4
P08046	Mus musculus	Metazoa	533		0	False	5
Q9BPY3	Homo sapiens	Metazoa	351		0	False	1
P05221	Xenopus laevis	Metazoa	200		0	False	3
Q60465	Cricetulus longicaudatus	Metazoa	590		0	False	4
P37202	Schizosaccharomyces pombe (strain 972 / ATCC 24843)	Fungi	970		0	False	3
P82412	Spinacia oleracea	Plants	179		0	False	5
P13796	Homo sapiens	Metazoa	627		0	False	5
Q5SXM8	Homo sapiens	Metazoa	178		0	False	3
Q9SXJ6	Arabidopsis thaliana	Plants	309		0	False	2
Q05779	Saccharomyces cerevisiae (strain ATCC 204508 / S288c)	Fungi	260		0	False	3
Q7TME0	Mus musculus	Metazoa	766		0	True	3
P50565	Chlamydomonas reinhardtii	Plants	153		0	False	1
O60231	Homo sapiens	Metazoa	1041		0	False	4
P54730	Saccharomyces cerevisiae (strain ATCC 204508 / S288c)	Fungi	416		0	False	2
Q7Z3Z2	Homo sapiens	Metazoa	195		0	False	3
O13777	Schizosaccharomyces pombe (strain 972 / ATCC 24843)	Fungi	217		0	False	5
O43781	Homo sapiens	Metazoa	588		0	False	2
Q3SYG4	Homo sapiens	Metazoa	887		0	False	3
O94664	Schizosaccharomyces pombe (strain 972 / ATCC 24843)	Fungi	234		0	False	2
P35428	Mus musculus	Metazoa	282		0	False	4
Q9DBS9	Mus musculus	Metazoa	855		0	False	3
P07270	Saccharomyces cerevisiae (strain ATCC 204508 / S288c)	Fungi	312		0	False	3
Q9BVL4	Homo sapiens	Metazoa	669		0	False	5
Q9ERG0	Mus musculus	Metazoa	753		0	False	2
P23225	Zea mays	Plants	1616		0	False	1
Q9JJN6	Mus musculus	Metazoa	81		0	False	4
P17486	Caenorhabditis elegans	Metazoa	223		0	False	4
P23230	Chlamydomonas reinhardtii	Plants	160		0	True	1
P42528	Dictyostelium discoideum	Other	418		0	False	4
P14712	Arabidopsis thaliana	Plants	1122		0	False	5
Q14CW9	Homo sapiens	Metazoa	347		0	False	5
P40626	Tetrahymena thermophila	Other	143		0	False	1
Q13526	Homo sapiens	Metazoa	163		0	False	2
P59923	Homo sapiens	Metazoa	1031		0	False	2
Q59NH8	Candida albicans (strain SC5314 / ATCC MYA-2876)	Fungi	542		0	False	4
Q9Z1N1	Rattus norvegicus	Metazoa	339		0	False	1
O60502	Homo sapiens	Metazoa	916		0	False	5
Q9SQ69	Papaver somniferum	Plants	321		0	False	1
P25294	Saccharomyces cerevisiae (strain ATCC 204508 / S288c)	Fungi	352		0	False	5
Q23238	Caenorhabditis elegans	Metazoa	893		0	False	3
P15535	Mus musculus	Metazoa	399		0	True	2
P15311	Homo sapiens	Metazoa	586		0	False	4
Q9H0D6	Homo sapiens	Metazoa	950		0	False	5
O04200	Arabidopsis thaliana	Plants	331		0	True	1
Q12345	Saccharomyces cerevisiae (strain ATCC 204508 / S288c)	Fungi	250		0	False	4
Q9FIC3	Arabidopsis thaliana	Plants	93		0	False	1
Q9JMG6	Rattus norvegicus	Metazoa	259		0	False	1
Q9LIK9	Arabidopsis thaliana	Plants	463		0	False	5
Q8C0D7	Mus musculus	Metazoa	249		0	False	4
Q8N668	Homo sapiens	Metazoa	190		0	False	1
Q695T7	Homo sapiens	Metazoa	634		0	True	5
Q94AX4	Arabidopsis thaliana	Plants	567		0	False	1
Q8VHL0	Mus musculus	Metazoa	384		0	True	3
P68163	Datura inoxia	Plants	97		0	False	5
Q96BU1	Homo sapiens	Metazoa	408		0	False	1
Q9H9Y2	Homo sapiens	Metazoa	349		0	False	4
Q9FGW9	Arabidopsis thaliana	Plants	1061		0	False	1
Q8LBH4	Arabidopsis thaliana	Plants	256		0	False	1
Q9NQE9	Homo sapiens	Metazoa	182		0	False	3
O82587	Arabidopsis thaliana	Plants	285		0	True	3
O01367	Drosophila melanogaster	Metazoa	405		0	False	5
P12163	Spinacia oleracea	Plants	59		0	True	4
Q91WB2	Mus musculus	Metazoa	271		0	False	3
Q86T24	Homo sapiens	Metazoa	672		0	False	1
P40041	Saccharomyces cerevisiae (strain ATCC 204508 / S288c)	Fungi	505		0	False	4
P35226	Homo sapiens	Metazoa	326		0	False	3
P32591	Saccharomyces cerevisiae (strain ATCC 204508 / S288c)	Fungi	825		0	False	5
P70475	Rattus norvegicus	Metazoa	1187		0	False	3
Q13829	Homo sapiens	Metazoa	316		0	False	5
Q9Y421	Homo sapiens	Metazoa	112		0	False	5
Q8JZS0	Mus musculus	Metazoa	233		0	False	4
Q96B01	Homo sapiens	Metazoa	352		0	False	5
P10242	Homo sapiens	Metazoa	640		0	False	1
A4UVI1	Papio anubis	Metazoa	444		0	False	4
P41002	Homo sapiens	Metazoa	786		0	False	1
Q9GZN0	Homo sapiens	Metazoa	384		0	True	5
Q9VB62	Drosophila melanogaster	Metazoa	609		0	False	4
Q9SCL7	Arabidopsis thaliana	Plants	347		0	False	1
Q9FN52	Arabidopsis thaliana	Plants	503		0	False	3
Q8T062	Drosophila melanogaster	Metazoa	1040		0	True	4
P50539	Homo sapiens	Metazoa	228		0	False	3
C8KI33	Arabidopsis thaliana	Plants	646		0	False	5
Q8IVS2	Homo sapiens	Metazoa	390		0	False	1
O49840	Arabidopsis thaliana	Plants	426		0	False	4
Q86XI2	Homo sapiens	Metazoa	1143		0	False	1
Q03375	Saccharomyces cerevisiae (strain ATCC 204508 / S288c)	Fungi	135		0	False	4
P24613	Spinacia oleracea	Plants	256		0	False	1
Q9CWW7	Mus musculus	Metazoa	660		0	False	1
Q7DMA9	Arabidopsis thaliana	Plants	635		0	False	4
Q21733	Caenorhabditis elegans	Metazoa	546		0	False	4
P22142	Neurospora crassa (strain ATCC 24698 / 74-OR23-1A / CBS 708.71 / DSM 1257 / FGSC 987)	Fungi	478		0	False	1
P52946	Mus musculus	Metazoa	284		0	False	2
Q2MH31	Mus musculus	Metazoa	260		0	False	2
Q8IX15	Homo sapiens	Metazoa	550		0	False	3
O78310	Arabidopsis thaliana	Plants	216		0	False	2
Q9ESC8	Mus musculus	Metazoa	1160		0	False	1
Q9BYE7	Homo sapiens	Metazoa	350		0	False	1
P53164	Saccharomyces cerevisiae (strain ATCC 204508 / S288c)	Fungi	384		0	False	4
H1UBN0	Rattus norvegicus	Metazoa	556		0	False	3
F4J8G7	Arabidopsis thaliana	Plants	2138		0	False	3
Q9EQ61	Mus musculus	Metazoa	584		0	False	5
Q9V427	Drosophila melanogaster	Metazoa	367		0	True	3
Q8BG87	Mus musculus	Metazoa	1803		0	False	4
Q07351	Saccharomyces cerevisiae (strain ATCC 204508 / S288c)	Fungi	490		0	False	3
G3XA57	Mus musculus	Metazoa	512		0	False	2
P19541	Saccharomyces cerevisiae (strain ATCC 204508 / S288c)	Fungi	446		0	False	1
Q14032	Homo sapiens	Metazoa	418		0	False	2
P83876	Homo sapiens	Metazoa	142		0	False	5
Q96P20	Homo sapiens	Metazoa	1036		0	False	5
Q8JZU2	Mus musculus	Metazoa	311		0	True	4
Q27268	Drosophila melanogaster	Metazoa	424		0	False	4
P36161	Saccharomyces cerevisiae (strain ATCC 204508 / S288c)	Fungi	1157		0	False	5
P40337	Homo sapiens	Metazoa	213		0	False	2
P29975	Rattus norvegicus	Metazoa	269		0	True	3
Q27237	Drosophila melanogaster	Metazoa	520		0	False	4
Q86YF9	Homo sapiens	Metazoa	867		0	False	2
Q9JM80	Rattus norvegicus	Metazoa	424		0	True	4
Q60973	Mus musculus	Metazoa	425		0	False	3
Q99489	Homo sapiens	Metazoa	341		0	False	4
Q43157	Spinacia oleracea	Plants	285		0	False	2
P07550	Homo sapiens	Metazoa	413		0	True	3
Q80Z30	Rattus norvegicus	Metazoa	750		0	False	4
P09912	Homo sapiens	Metazoa	130		0	True	1
Q63844	Mus musculus	Metazoa	380		0	False	5
Q9ATB4	Arabidopsis thaliana	Plants	487		0	False	5
Q9XE58	Arabidopsis thaliana	Plants	769		0	False	3
P0DJH6	Gallus gallus	Metazoa	76		0	False	5
Q5ZEF1	Oryza sativa subsp. japonica	Plants	127		0	False	5
Q6NPL9	Arabidopsis thaliana	Plants	230		0	False	4
Q9D5P4	Mus musculus	Metazoa	561		0	False	5
Q8BTM9	Mus musculus	Metazoa	673		0	False	3
Q9H089	Homo sapiens	Metazoa	658		0	False	1
Q9UUA1	Schizosaccharomyces pombe (strain 972 / ATCC 24843)	Fungi	479		0	False	3
P17612	Homo sapiens	Metazoa	351		0	False	5
B0Y4X4	Aspergillus fumigatus (strain CBS 144.89 / FGSC A1163 / CEA10)	Fungi	424		0	False	2
P52190	Rattus norvegicus	Metazoa	446		0	True	5
P29036	Zea mays	Plants	254		0	False	1
Q9QXY1	Mus musculus	Metazoa	905		0	False	2
Q06416	Homo sapiens	Metazoa	359		0	False	1
Q99383	Saccharomyces cerevisiae (strain ATCC 204508 / S288c)	Fungi	534		0	False	5
O13769	Schizosaccharomyces pombe (strain 972 / ATCC 24843)	Fungi	638		0	False	4
P48239	Saccharomyces cerevisiae (strain ATCC 204508 / S288c)	Fungi	356		0	False	3
O00182	Homo sapiens	Metazoa	355		0	False	1
Q9LZ66	Arabidopsis thaliana	Plants	642		0	False	4
P05375	Saccharomyces cerevisiae (strain ATCC 204508 / S288c)	Fungi	206		0	True	1
Q03718	Saccharomyces cerevisiae (strain ATCC 204508 / S288c)	Fungi	556		0	False	5
Q9FMV1	Arabidopsis thaliana	Plants	252		0	False	4
P38768	Saccharomyces cerevisiae (strain ATCC 204508 / S288c)	Fungi	344		0	False	4
Q9ERH4	Mus musculus	Metazoa	427		0	False	4
O23403	Arabidopsis thaliana	Plants	287		0	False	2
Q8L627	Arabidopsis thaliana	Plants	375		0	False	5
Q9I7K0	Drosophila melanogaster	Metazoa	208		0	False	3
Q93084	Homo sapiens	Metazoa	999		0	True	3
Q9HGM8	Schizosaccharomyces pombe (strain 972 / ATCC 24843)	Fungi	695		0	False	3
Q7M0E7	Rattus norvegicus	Metazoa	145		0	False	2
Q08AE8	Homo sapiens	Metazoa	756		0	False	2
Q9LFC0	Arabidopsis thaliana	Plants	360		0	False	5
P34072	Saccharomyces cerevisiae (strain ATCC 204508 / S288c)	Fungi	584		0	False	2
P47792	Danio rerio	Metazoa	297		0	False	3
K7WQ45	Solanum lycopersicum	Plants	314		0	False	4
P06748	Homo sapiens	Metazoa	294		0	False	3
Q6P8Z1	Mus musculus	Metazoa	170		0	False	4
O15235	Homo sapiens	Metazoa	138		0	False	2
Q91VL8	Mus musculus	Metazoa	393		0	False	1
Q9P7M3	Schizosaccharomyces pombe (strain 972 / ATCC 24843)	Fungi	271		0	False	3
Q3E798	Saccharomyces cerevisiae (strain ATCC 204508 / S288c)	Fungi	87		0	True	3
P49027	Oryza sativa subsp. japonica	Plants	334		0	False	3
O00299	Homo sapiens	Metazoa	241		0	True	2
Q64434	Mus musculus	Metazoa	451		0	False	1
Q5TCS8	Homo sapiens	Metazoa	1911		0	False	5
O75695	Homo sapiens	Metazoa	350		0	False	2
P38149	Saccharomyces cerevisiae (strain ATCC 204508 / S288c)	Fungi	878		0	False	5
P83510	Mus musculus	Metazoa	1323		0	False	2
P27707	Homo sapiens	Metazoa	260		0	False	4
Q9SA52	Arabidopsis thaliana	Plants	378		0	False	2
P23724	Saccharomyces cerevisiae (strain ATCC 204508 / S288c)	Fungi	241		0	False	5
Q08963	Saccharomyces cerevisiae (strain ATCC 204508 / S288c)	Fungi	238		0	False	1
Q12072	Saccharomyces cerevisiae (strain ATCC 204508 / S288c)	Fungi	812		0	False	5
Q9M2B4	Arabidopsis thaliana	Plants	250		0	False	1
P35056	Saccharomyces cerevisiae (strain ATCC 204508 / S288c)	Fungi	612		0	False	4
P53136	Saccharomyces cerevisiae (strain ATCC 204508 / S288c)	Fungi	463		0	False	5
P34224	Saccharomyces cerevisiae (strain ATCC 204508 / S288c)	Fungi	193		0	False	4
P46822	Caenorhabditis elegans	Metazoa	540		0	False	3
Q9Z311	Rattus norvegicus	Metazoa	373		0	False	2
Q8N895	Homo sapiens	Metazoa	744		0	False	1
Q9Y4X0	Homo sapiens	Metazoa	333		0	False	2
Q96JM7	Homo sapiens	Metazoa	780		0	False	3
Q96RR1	Homo sapiens	Metazoa	684		0	False	1
K4C9E2	Solanum lycopersicum	Plants	498		0	False	3
P83266	Hydrolagus colliei	Metazoa	48		0	False	3
P26269	Ascaris suum	Metazoa	361		0	False	2
Q9VQQ0	Drosophila melanogaster	Metazoa	398		0	False	5
Q8R000	Mus musculus	Metazoa	340		0	True	5
Q5S248	Mus musculus	Metazoa	423		0	True	5
Q9NVW2	Homo sapiens	Metazoa	624		0	False	2
Q9C829	Arabidopsis thaliana	Plants	440		0	False	3
P48608	Drosophila melanogaster	Metazoa	1091		0	False	4
Q9GZP8	Homo sapiens	Metazoa	106		0	False	3
F4J7T3	Arabidopsis thaliana	Plants	1957		0	False	5
Q9SUE3	Arabidopsis thaliana	Plants	335		0	False	5
P09588	Caenorhabditis elegans	Metazoa	127		0	False	1
A8JUV0	Drosophila melanogaster	Metazoa	1653		0	False	5
Q01613	Xenopus laevis	Metazoa	1420		0	False	3
P30518	Homo sapiens	Metazoa	371		0	True	4
Q2PJ68	Caenorhabditis elegans	Metazoa	463		0	False	4
Q96FC9	Homo sapiens	Metazoa	970		0	False	2
Q86SP6	Homo sapiens	Metazoa	731		0	True	2
Q5HZG4	Mus musculus	Metazoa	932		0	False	4
Q9USZ4	Schizosaccharomyces pombe (strain 972 / ATCC 24843)	Fungi	251		0	False	4
Q9FKG3	Arabidopsis thaliana	Plants	530		0	False	2
P09234	Homo sapiens	Metazoa	159		0	False	5
Q9Y241	Homo sapiens	Metazoa	93		0	True	4
Q9Y2R4	Homo sapiens	Metazoa	599		0	False	1
P19622	Homo sapiens	Metazoa	333		0	False	2
F4IAG2	Arabidopsis thaliana	Plants	1042		0	False	1
Q10432	Schizosaccharomyces pombe (strain 972 / ATCC 24843)	Fungi	735		0	False	1
Q9NQA5	Homo sapiens	Metazoa	729		0	False	1
Q63520	Rattus norvegicus	Metazoa	257		0	False	3
Q5TGU0	Homo sapiens	Metazoa	170		0	True	5
P01098	Saccharomyces cerevisiae (strain ATCC 204508 / S288c)	Fungi	86		0	False	4
Q62191	Mus musculus	Metazoa	470		0	False	4
Q9H3R5	Homo sapiens	Metazoa	247		0	False	2
Q497L9	Mus musculus	Metazoa	629		0	True	3
Q9ZSM8	Arabidopsis thaliana	Plants	856		0	False	3
P36141	Saccharomyces cerevisiae (strain ATCC 204508 / S288c)	Fungi	133		0	False	4
Q96BN2	Homo sapiens	Metazoa	335		0	False	2
Q93077	Homo sapiens	Metazoa	130		0	False	5
P38883	Saccharomyces cerevisiae (strain ATCC 204508 / S288c)	Fungi	763		0	False	3
P63158	Mus musculus	Metazoa	215		0	False	5
Q8IY81	Homo sapiens	Metazoa	847		0	False	3
Q8BXF8	Mus musculus	Metazoa	369		0	False	3
Q43727	Arabidopsis thaliana	Plants	576		0	False	1
P51970	Homo sapiens	Metazoa	172		0	False	1
Q12223	Saccharomyces cerevisiae (strain ATCC 204508 / S288c)	Fungi	238		0	False	2
Q13342	Homo sapiens	Metazoa	867		0	False	5
Q9HCE5	Homo sapiens	Metazoa	456		0	False	4
Q8I8U7	Drosophila melanogaster	Metazoa	3790		0	False	2
Q92759	Homo sapiens	Metazoa	462		0	False	1
Q9NR71	Homo sapiens	Metazoa	780		0	True	3
P54346	Chlamydomonas reinhardtii	Plants	153		0	False	3
O14224	Schizosaccharomyces pombe (strain 972 / ATCC 24843)	Fungi	205		0	False	4
Q8N7R7	Homo sapiens	Metazoa	359		0	False	3
P05109	Homo sapiens	Metazoa	93		0	False	5
Q9H649	Homo sapiens	Metazoa	340		0	False	1
Q03237	Gallus gallus	Metazoa	686		0	False	4
Q8LGZ9	Oryza sativa subsp. japonica	Plants	341		0	False	1
O82628	Arabidopsis thaliana	Plants	110		0	False	5
P06576	Homo sapiens	Metazoa	529		0	False	1
Q6T4R5	Homo sapiens	Metazoa	1651		0	False	1
P25349	Saccharomyces cerevisiae (strain ATCC 204508 / S288c)	Fungi	247		0	False	4
O17679	Caenorhabditis elegans	Metazoa	708		0	False	3
P14859	Homo sapiens	Metazoa	743		0	False	3
Q7EXZ2	Oryza sativa subsp. japonica	Plants	417		0	False	5
P42696	Homo sapiens	Metazoa	430		0	False	3
P21218	Arabidopsis thaliana	Plants	401		0	False	5
A0A1B1FHP3	Catharanthus roseus	Plants	365		0	False	3
Q08774	Saccharomyces cerevisiae (strain ATCC 204508 / S288c)	Fungi	242		0	False	3
Q92341	Schizosaccharomyces pombe (strain 972 / ATCC 24843)	Fungi	630		0	True	5
Q9ESP5	Mus musculus	Metazoa	455		0	False	4
P54845	Homo sapiens	Metazoa	237		0	False	3
Q05931	Saccharomyces cerevisiae (strain ATCC 204508 / S288c)	Fungi	657		0	False	3
Q0KL00	Rattus norvegicus	Metazoa	2535		0	True	3
P19173	Ipomoea batatas	Plants	64		0	True	3
Q9CPQ1	Mus musculus	Metazoa	76		0	True	3
P57680	Mus musculus	Metazoa	1005		0	True	3
P36413	Dictyostelium discoideum	Other	635		0	False	2
Q84JZ6	Arabidopsis thaliana	Plants	244		0	False	3
Q8WVJ9	Homo sapiens	Metazoa	160		0	False	5
Q12159	Saccharomyces cerevisiae (strain ATCC 204508 / S288c)	Fungi	226		0	False	1
P52842	Macaca fascicularis	Metazoa	285		0	False	1
O23553	Arabidopsis thaliana	Plants	548		0	False	4
Q9Z1F2	Rattus norvegicus	Metazoa	673		0	True	3
P87310	Schizosaccharomyces pombe (strain 972 / ATCC 24843)	Fungi	144		0	False	5
Q8N4T8	Homo sapiens	Metazoa	237		0	False	5
Q9FI46	Arabidopsis thaliana	Plants	269		0	True	3
O94886	Homo sapiens	Metazoa	807		0	True	5
Q8LL04	Arabidopsis thaliana	Plants	1241		0	False	2
Q02732	Saccharomyces cerevisiae (strain ATCC 204508 / S288c)	Fungi	369		0	False	5
Q8C8S3	Mus musculus	Metazoa	249		0	True	1
P78524	Homo sapiens	Metazoa	1137		0	False	3
Q01519	Saccharomyces cerevisiae (strain ATCC 204508 / S288c)	Fungi	83		0	False	5
O00167	Homo sapiens	Metazoa	538		0	False	2
Q9BQL6	Homo sapiens	Metazoa	677		0	False	5
O04479	Arabidopsis thaliana	Plants	199		0	False	5
O81192	Salvia officinalis	Plants	598		0	False	4
Q80ZG6	Rattus norvegicus	Metazoa	193		0	False	2
Q9BXS1	Homo sapiens	Metazoa	227		0	False	5
Q9VTZ2	Drosophila melanogaster	Metazoa	214		0	False	3
A0A494BA31	Mus musculus	Metazoa	952		0	False	4
A8K830	Homo sapiens	Metazoa	251		0	False	1
P63073	Mus musculus	Metazoa	217		0	False	2
P27490	Pisum sativum	Plants	268		0	False	3
Q12192	Saccharomyces cerevisiae (strain ATCC 204508 / S288c)	Fungi	310		0	False	2
P54654	Dictyostelium discoideum	Other	464		0	False	5
Q5JTV8	Homo sapiens	Metazoa	583		0	False	3
O04090	Arabidopsis thaliana	Plants	148		0	False	2
Q04149	Saccharomyces cerevisiae (strain ATCC 204508 / S288c)	Fungi	632		0	False	2
O54689	Mus musculus	Metazoa	367		0	True	5
Q9SJ12	Arabidopsis thaliana	Plants	240		0	False	3
P43267	Mus musculus	Metazoa	231		0	False	3
Q02685	Saccharomyces cerevisiae (strain ATCC 204508 / S288c)	Fungi	241		0	False	3
Q9XSC3	Bos taurus	Metazoa	912		0	False	3
O64973	Arabidopsis thaliana	Plants	889		0	False	4
Q95RV2	Drosophila melanogaster	Metazoa	345		0	False	5
Q9UPX6	Homo sapiens	Metazoa	916		0	False	2
P45880	Homo sapiens	Metazoa	294		0	True	5
O20029	Chlamydomonas reinhardtii	Plants	191		0	False	1
Q5HZJ0	Mus musculus	Metazoa	1373		0	False	4
Q15544	Homo sapiens	Metazoa	211		0	False	5
Q99JG3	Mus musculus	Metazoa	317		0	False	3
P56574	Rattus norvegicus	Metazoa	452		0	False	1
Q9ZT50	Arabidopsis thaliana	Plants	155		0	False	3
P35187	Saccharomyces cerevisiae (strain ATCC 204508 / S288c)	Fungi	1447		0	False	4
P53335	Saccharomyces cerevisiae (strain ATCC 204508 / S288c)	Fungi	271		0	False	5
Q15696	Homo sapiens	Metazoa	482		0	False	5
Q9R190	Mus musculus	Metazoa	668		0	False	1
P23409	Homo sapiens	Metazoa	242		0	False	1
Q9FMF5	Arabidopsis thaliana	Plants	746		0	False	5
Q92769	Homo sapiens	Metazoa	488		0	False	1
Q9VBW9	Drosophila melanogaster	Metazoa	419		0	False	2
Q9SZL8	Arabidopsis thaliana	Plants	788		0	False	2
P21619	Mus musculus	Metazoa	596		0	False	4
Q9NY93	Homo sapiens	Metazoa	547		0	False	2
P22647	Oncorhynchus mykiss	Metazoa	128		0	False	4
Q60865	Mus musculus	Metazoa	707		0	False	2
B5X582	Arabidopsis thaliana	Plants	709		0	False	5
F1M3J4	Rattus norvegicus	Metazoa	1325		0	False	3
Q9BVW5	Homo sapiens	Metazoa	301		0	False	1
P46972	Saccharomyces cerevisiae (strain ATCC 204508 / S288c)	Fungi	177		0	False	1
Q39008	Arabidopsis thaliana	Plants	608		0	False	3
Q9FX83	Arabidopsis thaliana	Plants	222		0	False	4
Q9WUM7	Mesocricetus auratus	Metazoa	1168		0	False	4
P0C5X8	Rattus norvegicus	Metazoa	450		0	True	1
Q9HB65	Homo sapiens	Metazoa	397		0	False	1
O15392	Homo sapiens	Metazoa	142		0	False	4
F4JCU0	Arabidopsis thaliana	Plants	1007		0	False	4
V5IM60	Neurospora crassa (strain ATCC 24698 / 74-OR23-1A / CBS 708.71 / DSM 1257 / FGSC 987)	Fungi	59		0	False	3
Q16540	Homo sapiens	Metazoa	153		0	False	2
Q8WV24	Homo sapiens	Metazoa	401		0	False	2
Q68E01	Homo sapiens	Metazoa	1043		0	False	5
Q8RWV3	Arabidopsis thaliana	Plants	416		0	False	2
Q6PID8	Homo sapiens	Metazoa	442		0	False	5
O96000	Homo sapiens	Metazoa	172		0	False	2
Q86YI8	Homo sapiens	Metazoa	300		0	False	4
P25583	Saccharomyces cerevisiae (strain ATCC 204508 / S288c)	Fungi	335		0	False	3
Q92619	Homo sapiens	Metazoa	1136		0	False	1
Q9WU79	Mus musculus	Metazoa	599		0	False	1
Q9Y7R3	Schizosaccharomyces pombe (strain 972 / ATCC 24843)	Fungi	742		0	False	2
O76906	Drosophila melanogaster	Metazoa	982		0	False	1
O94804	Homo sapiens	Metazoa	968		0	False	3
P34981	Homo sapiens	Metazoa	398		0	True	5
Q86UK7	Homo sapiens	Metazoa	904		0	False	5
P67833	Capra hircus	Metazoa	51		0	False	4
Q9JL61	Mus musculus	Metazoa	658		0	False	1
P17214	Saccharomyces cerevisiae (strain ATCC 204508 / S288c)	Fungi	699		0	False	2
Q24459	Drosophila melanogaster	Metazoa	1043		0	False	5
Q924H7	Mus musculus	Metazoa	646		0	False	1
Q12748	Saccharomyces cerevisiae (strain ATCC 204508 / S288c)	Fungi	733		0	False	5
Q9C500	Arabidopsis thaliana	Plants	180		0	False	1
O75526	Homo sapiens	Metazoa	392		0	False	4
Q8TAP9	Homo sapiens	Metazoa	179		0	False	5
P36521	Saccharomyces cerevisiae (strain ATCC 204508 / S288c)	Fungi	249		0	False	4
Q9LU68	Arabidopsis thaliana	Plants	435		0	False	2
Q94AY1	Arabidopsis thaliana	Plants	651		0	False	4
Q43082	Pisum sativum	Plants	369		0	False	3
Q01844	Homo sapiens	Metazoa	656		0	False	3
P38803	Saccharomyces cerevisiae (strain ATCC 204508 / S288c)	Fungi	334		0	False	3
P33419	Saccharomyces cerevisiae (strain ATCC 204508 / S288c)	Fungi	253		0	False	3
Q9NWH2	Homo sapiens	Metazoa	141		0	True	2
P57736	Tetradesmus obliquus	Plants	89		0	False	2
Q8GWA2	Arabidopsis thaliana	Plants	273		0	False	1
Q96E14	Homo sapiens	Metazoa	147		0	False	1
P41138	Rattus norvegicus	Metazoa	119		0	False	1
Q16518	Homo sapiens	Metazoa	533		0	False	4
P54646	Homo sapiens	Metazoa	552		0	False	1
Q9EPL8	Mus musculus	Metazoa	1038		0	False	4
Q66WT5	Arabidopsis thaliana	Plants	271		0	False	5
O54982	Mus musculus	Metazoa	1121		0	True	3
Q940M2	Arabidopsis thaliana	Plants	476		0	False	5
Q9R0X4	Mus musculus	Metazoa	439		0	False	4
Q8K4R8	Rattus norvegicus	Metazoa	601		0	True	1
F4JTS8	Arabidopsis thaliana	Plants	2729		0	False	3
Q8CCH7	Mus musculus	Metazoa	1151		0	False	5
P41933	Caenorhabditis elegans	Metazoa	457		0	False	5
P54258	Rattus norvegicus	Metazoa	1183		0	False	1
P47938	Drosophila melanogaster	Metazoa	107		0	False	2
Q9Y6J0	Homo sapiens	Metazoa	2220		0	False	4
Q9UBK2	Homo sapiens	Metazoa	798		0	False	4
P82929	Bos taurus	Metazoa	218		0	False	1
Q9HCH5	Homo sapiens	Metazoa	934		0	False	5
Q8N3Z6	Homo sapiens	Metazoa	543		0	False	3
P34219	Saccharomyces cerevisiae (strain ATCC 204508 / S288c)	Fungi	525		0	False	4
Q9BQ69	Homo sapiens	Metazoa	325		0	False	3
Q3E772	Saccharomyces cerevisiae (strain ATCC 204508 / S288c)	Fungi	92		0	False	1
Q8CF90	Mus musculus	Metazoa	359		0	False	2
Q92879	Homo sapiens	Metazoa	486		0	False	3
Q9JJR2	Mus musculus	Metazoa	179		0	False	4
O55164	Rattus norvegicus	Metazoa	2054		0	False	2
Q8MLZ3	Dictyostelium discoideum	Other	867		0	False	4
P08913	Homo sapiens	Metazoa	465		0	True	3
Q22397	Caenorhabditis elegans	Metazoa	523		0	True	2
Q75Q41	Rattus norvegicus	Metazoa	142		0	True	1
Q8VIM4	Mus musculus	Metazoa	307		0	True	5
A0A7P0TBJ1	Homo sapiens	Metazoa	273		0	False	3
Q148W0	Mus musculus	Metazoa	1251		0	False	1
D3ZD32	Rattus norvegicus	Metazoa	1948		0	False	2
P42227	Mus musculus	Metazoa	770		0	False	3
P21730	Homo sapiens	Metazoa	350		0	True	3
Q9NP59	Homo sapiens	Metazoa	571		0	True	2
F7BJB9	Mus musculus	Metazoa	942		0	False	4
O23627	Arabidopsis thaliana	Plants	729		0	False	5
Q9UEE5	Homo sapiens	Metazoa	414		0	False	3
Q00873	Saccharomyces cerevisiae (strain ATCC 204508 / S288c)	Fungi	224		0	False	3
Q9NP94	Homo sapiens	Metazoa	309		0	True	4
P25799	Mus musculus	Metazoa	971		0	False	5
P53049	Saccharomyces cerevisiae (strain ATCC 204508 / S288c)	Fungi	1477		0	False	5
Q6PL11	Oryza sativa subsp. japonica	Plants	173		0	False	2
Q7ZT46	Xenopus laevis	Metazoa	185		0	False	4
Q96JM2	Homo sapiens	Metazoa	2506		0	False	2
Q4W8A3	Macaca fascicularis	Metazoa	550		0	True	2
P0C869	Homo sapiens	Metazoa	781		0	False	2
Q02539	Homo sapiens	Metazoa	215		0	False	3
O49203	Arabidopsis thaliana	Plants	238		0	False	4
P53142	Saccharomyces cerevisiae (strain ATCC 204508 / S288c)	Fungi	486		0	True	1
Q969S2	Homo sapiens	Metazoa	332		0	False	2
Q8BWT5	Mus musculus	Metazoa	1523		0	False	3
Q9FJI5	Arabidopsis thaliana	Plants	515		0	False	1
Q9NP77	Homo sapiens	Metazoa	194		0	False	4
Q10573	Caenorhabditis elegans	Metazoa	1139		0	False	2
P18588	Rattus norvegicus	Metazoa	652		0	False	4
P11498	Homo sapiens	Metazoa	1178		0	False	5
O75554	Homo sapiens	Metazoa	376		0	False	2
P62877	Homo sapiens	Metazoa	108		0	False	4
O75400	Homo sapiens	Metazoa	957		0	False	4
O24629	Arabidopsis thaliana	Plants	502		0	False	5
P08754	Homo sapiens	Metazoa	354		0	False	5
Q86XR7	Homo sapiens	Metazoa	235		0	False	4
P61023	Rattus norvegicus	Metazoa	195		0	False	5
P13010	Homo sapiens	Metazoa	732		0	False	3
P06876	Mus musculus	Metazoa	636		0	False	5
Q07066	Rattus norvegicus	Metazoa	194		0	True	3
Q8BJ71	Mus musculus	Metazoa	819		0	False	2
P45432	Arabidopsis thaliana	Plants	441		0	False	3
Q9H773	Homo sapiens	Metazoa	170		0	False	1
Q9H8T0	Homo sapiens	Metazoa	292		0	False	5
P43354	Homo sapiens	Metazoa	598		0	False	1
Q8C8Y5	Mus musculus	Metazoa	445		0	False	4
Q9P015	Homo sapiens	Metazoa	296		0	False	1
Q28623	Oryctolagus cuniculus	Metazoa	771		0	False	5
Q5BJF2	Homo sapiens	Metazoa	176		0	True	1
Q8R4T5	Rattus norvegicus	Metazoa	394		0	False	2
P40362	Saccharomyces cerevisiae (strain ATCC 204508 / S288c)	Fungi	594		0	False	5
P26362	Squalus acanthias	Metazoa	1492		0	True	2
Q9VFJ3	Drosophila melanogaster	Metazoa	422		0	True	4
Q93ZV7	Arabidopsis thaliana	Plants	433		0	False	4
Q9Y3D3	Homo sapiens	Metazoa	137		0	False	5
Q8IYM2	Homo sapiens	Metazoa	578		0	False	2
P15822	Homo sapiens	Metazoa	2718		0	False	3
P82252	Rattus norvegicus	Metazoa	487		0	True	1
Q93XM7	Arabidopsis thaliana	Plants	300		0	True	5
Q562A2	Rattus norvegicus	Metazoa	1073		0	False	2
O88845	Mus musculus	Metazoa	662		0	False	1
P00036	Lucilia cuprina	Metazoa	108		0	False	5
Q9BTZ2	Homo sapiens	Metazoa	278		0	False	4
Q05958	Saccharomyces cerevisiae (strain ATCC 204508 / S288c)	Fungi	814		0	False	4
Q5HZV9	Rattus norvegicus	Metazoa	360		0	False	5
P23246	Homo sapiens	Metazoa	707		0	False	5
Q9YGC1	Gallus gallus	Metazoa	552		0	False	5
P02786	Homo sapiens	Metazoa	760		0	True	3
P39001	Saccharomyces cerevisiae (strain ATCC 204508 / S288c)	Fungi	836		0	False	5
O00142	Homo sapiens	Metazoa	265		0	False	3
A1Z8P9	Drosophila melanogaster	Metazoa	2346		0	False	1
Q9JL60	Mus musculus	Metazoa	562		0	False	1
Q03327	Saccharomyces cerevisiae (strain ATCC 204508 / S288c)	Fungi	502		0	False	1
Q42843	Hordeum vulgare	Plants	527		0	False	1
Q7S4I4	Neurospora crassa (strain ATCC 24698 / 74-OR23-1A / CBS 708.71 / DSM 1257 / FGSC 987)	Fungi	493		0	False	3
O43236	Homo sapiens	Metazoa	478		0	False	5
Q00497	Solanum lycopersicum	Plants	300		0	False	2
P56216	Penicillium simplicissimum	Fungi	560		0	False	3
Q14DK4	Mus musculus	Metazoa	801		0	False	3
Q9P1W3	Homo sapiens	Metazoa	806		0	True	2
Q0DEC8	Oryza sativa subsp. japonica	Plants	641		0	False	4
P25374	Saccharomyces cerevisiae (strain ATCC 204508 / S288c)	Fungi	497		0	False	3
P32829	Saccharomyces cerevisiae (strain ATCC 204508 / S288c)	Fungi	692		0	False	5
E3Q1H1	Trypanosoma brucei brucei	Other	147		0	False	4
Q95T19	Drosophila melanogaster	Metazoa	464		0	False	2
Q14938	Homo sapiens	Metazoa	502		0	False	4
Q61412	Mus musculus	Metazoa	361		0	False	3
Q96WW3	Schizosaccharomyces pombe (strain 972 / ATCC 24843)	Fungi	117		0	False	5
Q9XJ35	Arabidopsis thaliana	Plants	387		0	False	2
Q14722	Homo sapiens	Metazoa	419		0	False	4
B9TSP7	Arabidopsis thaliana	Plants	548		0	False	3
Q9JJV9	Mus musculus	Metazoa	2019		0	False	2
O94358	Schizosaccharomyces pombe (strain 972 / ATCC 24843)	Fungi	845		0	False	2
Q6UJY2	Mus musculus	Metazoa	1175		0	True	3
O35625	Mus musculus	Metazoa	863		0	False	3
Q9UQX0	Schizosaccharomyces pombe (strain 972 / ATCC 24843)	Fungi	218		0	False	5
Q9P7K5	Schizosaccharomyces pombe (strain 972 / ATCC 24843)	Fungi	1098		0	False	2
P05981	Homo sapiens	Metazoa	417		0	True	5
O88509	Mus musculus	Metazoa	859		0	False	3
Q10665	Caenorhabditis elegans	Metazoa	754		0	False	1
P04147	Saccharomyces cerevisiae (strain ATCC 204508 / S288c)	Fungi	577		0	False	1
Q9UII2	Homo sapiens	Metazoa	106		0	False	5
Q9M158	Arabidopsis thaliana	Plants	466		0	False	1
Q10187	Schizosaccharomyces pombe (strain 972 / ATCC 24843)	Fungi	612		0	False	5
Q07800	Saccharomyces cerevisiae (strain ATCC 204508 / S288c)	Fungi	427		0	False	2
Q06496	Rattus norvegicus	Metazoa	637		0	False	4
Q9LQC0	Arabidopsis thaliana	Plants	283		0	False	1
P39447	Mus musculus	Metazoa	1745		0	False	4
Q04666	Rattus norvegicus	Metazoa	281		0	False	3
Q8VZU2	Arabidopsis thaliana	Plants	304		0	False	4
Q1K5Z0	Neurospora crassa (strain ATCC 24698 / 74-OR23-1A / CBS 708.71 / DSM 1257 / FGSC 987)	Fungi	382		0	False	4
Q9H9B4	Homo sapiens	Metazoa	322		0	False	2
Q6P1K2	Homo sapiens	Metazoa	205		0	False	2
Q9VLP7	Drosophila melanogaster	Metazoa	397		0	False	1
Q92947	Homo sapiens	Metazoa	438		0	False	5
Q99966	Homo sapiens	Metazoa	193		0	False	2
C0HM53	Populus euphratica	Plants	510		0	False	2
Q3UR85	Mus musculus	Metazoa	1138		0	False	1
Q800K6	Xenopus laevis	Metazoa	1513		0	False	4
Q8W4E1	Arabidopsis thaliana	Plants	551		0	False	4
Q04170	Saccharomyces cerevisiae (strain ATCC 204508 / S288c)	Fungi	232		0	False	3
Q3MIR4	Homo sapiens	Metazoa	351		0	True	3
P97784	Mus musculus	Metazoa	606		0	False	5
Q24472	Drosophila melanogaster	Metazoa	845		0	False	5
Q9XVS7	Caenorhabditis elegans	Metazoa	628		0	False	3
Q06132	Saccharomyces cerevisiae (strain ATCC 204508 / S288c)	Fungi	899		0	False	1
B9FDE0	Oryza sativa subsp. japonica	Plants	494		0	False	1
Q9JIZ9	Mus musculus	Metazoa	296		0	False	4
F4I1T7	Arabidopsis thaliana	Plants	1819		0	False	1
P15880	Homo sapiens	Metazoa	293		0	False	2
P27708	Homo sapiens	Metazoa	2225		0	False	3
P38806	Saccharomyces cerevisiae (strain ATCC 204508 / S288c)	Fungi	282		0	False	4
I1SSI6	Petunia hybrida	Plants	723		0	False	1
P26364	Saccharomyces cerevisiae (strain ATCC 204508 / S288c)	Fungi	225		0	False	4
Q13595	Homo sapiens	Metazoa	282		0	False	2
Q3URS9	Mus musculus	Metazoa	406		0	False	2
P40010	Saccharomyces cerevisiae (strain ATCC 204508 / S288c)	Fungi	520		0	False	3
Q921W0	Mus musculus	Metazoa	196		0	False	1
Q14527	Homo sapiens	Metazoa	1009		0	False	1
Q9VHI4	Drosophila melanogaster	Metazoa	85		0	False	5
P17010	Homo sapiens	Metazoa	805		0	False	4
Q6ZRS2	Homo sapiens	Metazoa	3230		0	False	1
Q9LFE2	Arabidopsis thaliana	Plants	876		0	False	4
G5EFQ5	Caenorhabditis elegans	Metazoa	301		0	False	1
Q9ZP40	Pisum sativum	Plants	358		0	False	4
P53911	Saccharomyces cerevisiae (strain ATCC 204508 / S288c)	Fungi	425		0	False	1
P22572	Neurospora crassa (strain ATCC 24698 / 74-OR23-1A / CBS 708.71 / DSM 1257 / FGSC 987)	Fungi	453		0	False	1
P13164	Homo sapiens	Metazoa	125		0	True	3
Q99MD9	Mus musculus	Metazoa	773		0	False	1
Q96BS2	Homo sapiens	Metazoa	214		0	False	1
P38646	Homo sapiens	Metazoa	679		0	False	3
Q9ULE6	Homo sapiens	Metazoa	856		0	False	3
Q7L622	Homo sapiens	Metazoa	706		0	False	3
Q9FT53	Arabidopsis thaliana	Plants	430		0	False	2
Q12176	Saccharomyces cerevisiae (strain ATCC 204508 / S288c)	Fungi	1025		0	False	5
P08242	Spinacia oleracea	Plants	236		0	False	3
P18608	Mus musculus	Metazoa	96		0	False	4
Q14209	Homo sapiens	Metazoa	437		0	False	4
P19263	Saccharomyces cerevisiae (strain ATCC 204508 / S288c)	Fungi	1082		0	False	5
P05062	Homo sapiens	Metazoa	364		0	False	3
O08697	Rattus norvegicus	Metazoa	184		0	False	1
P23743	Homo sapiens	Metazoa	735		0	False	4
G5EE86	Caenorhabditis elegans	Metazoa	409		0	False	3
Q03465	Saccharomyces cerevisiae (strain ATCC 204508 / S288c)	Fungi	531		0	False	2
Q9H313	Homo sapiens	Metazoa	450		0	True	3
Q9LE95	Spinacia oleracea	Plants	352		0	False	5
P25188	Cavia porcellus	Metazoa	167		0	False	3
Q86YN6	Homo sapiens	Metazoa	1023		0	False	4
Q04073	Strongylocentrotus purpuratus	Metazoa	459		0	False	1
Q14457	Homo sapiens	Metazoa	450		0	False	1
P15884	Homo sapiens	Metazoa	667		0	False	5
O94436	Schizosaccharomyces pombe (strain 972 / ATCC 24843)	Fungi	241		0	False	4
P58418	Homo sapiens	Metazoa	232		0	True	4
O43663	Homo sapiens	Metazoa	620		0	False	4
O42250	Danio rerio	Metazoa	344		0	False	4
F4ICK8	Arabidopsis thaliana	Plants	502		0	False	3
P49711	Homo sapiens	Metazoa	727		0	False	5
Q9EQ28	Mus musculus	Metazoa	462		0	False	2
F4K1B4	Arabidopsis thaliana	Plants	335		0	False	5
P19476	Entamoeba histolytica (strain ATCC 30459 / HM-1:IMSS / ABRM)	Other	233		0	False	1
Q8NCK7	Homo sapiens	Metazoa	471		0	True	3
P38702	Saccharomyces cerevisiae (strain ATCC 204508 / S288c)	Fungi	357		0	True	2
P39946	Saccharomyces cerevisiae (strain ATCC 204508 / S288c)	Fungi	494		0	False	1
Q60778	Mus musculus	Metazoa	359		0	False	3
O61707	Caenorhabditis elegans	Metazoa	523		0	False	1
Q9Y3A2	Homo sapiens	Metazoa	253		0	False	3
P09144	Chlamydomonas reinhardtii	Plants	735		0	True	1
Q8TEB9	Homo sapiens	Metazoa	315		0	True	1
Q9CB01	Arabidopsis thaliana	Plants	202		0	False	4
P49757	Homo sapiens	Metazoa	651		0	False	4
Q43503	Solanum lycopersicum	Plants	500		0	False	3
O43818	Homo sapiens	Metazoa	475		0	False	2
Q8CDP0	Mus musculus	Metazoa	1006		0	False	2
S8EXU2	Toxoplasma gondii (strain ATCC 50611 / Me49)	Other	1130		0	False	1
Q8VHK0	Rattus norvegicus	Metazoa	320		0	False	4
P48512	Arabidopsis thaliana	Plants	312		0	False	5
P83214	Octopus vulgaris	Metazoa	56		0	False	2
Q9SS80	Arabidopsis thaliana	Plants	685		0	False	2
Q9LVB9	Arabidopsis thaliana	Plants	172		0	False	4
Q9SK71	Arabidopsis thaliana	Plants	430		0	False	3
Q7KQZ4	Drosophila melanogaster	Metazoa	787		0	False	4
Q9SI54	Arabidopsis thaliana	Plants	99		0	False	1
P32331	Saccharomyces cerevisiae (strain ATCC 204508 / S288c)	Fungi	307		0	True	5
Q43839	Solanum tuberosum	Plants	577		0	False	2
P09596	Spinacia oleracea	Plants	121		0	False	2
Q8VY21	Arabidopsis thaliana	Plants	406		0	False	1
O43318	Homo sapiens	Metazoa	606		0	False	1
O59800	Schizosaccharomyces pombe (strain 972 / ATCC 24843)	Fungi	354		0	False	5
Q8NFF5	Homo sapiens	Metazoa	587		0	False	4
Q8RX77	Arabidopsis thaliana	Plants	620		0	True	2
Q9UMN6	Homo sapiens	Metazoa	2715		0	False	1
P53307	Saccharomyces cerevisiae (strain ATCC 204508 / S288c)	Fungi	113		0	False	2
Q6YWF1	Oryza sativa subsp. japonica	Plants	165		0	False	3
P00371	Sus scrofa	Metazoa	347		0	False	3
Q5TAX3	Homo sapiens	Metazoa	1644		0	False	1
P32774	Saccharomyces cerevisiae (strain ATCC 204508 / S288c)	Fungi	122		0	False	1
Q60759	Mus musculus	Metazoa	438		0	False	1
Q06787	Homo sapiens	Metazoa	632		0	False	1
Q94AM1	Arabidopsis thaliana	Plants	791		0	False	5
P41812	Saccharomyces cerevisiae (strain ATCC 204508 / S288c)	Fungi	875		0	False	4
Q57UZ7	Trypanosoma brucei brucei (strain 927/4 GUTat10.1)	Other	550		0	False	5
P36394	Rattus norvegicus	Metazoa	169		0	False	1
P25596	Saccharomyces cerevisiae (strain ATCC 204508 / S288c)	Fungi	615		0	True	3
Q9C019	Homo sapiens	Metazoa	465		0	False	4
P10815	Schizosaccharomyces pombe (strain 972 / ATCC 24843)	Fungi	482		0	False	4
Q9FME4	Arabidopsis thaliana	Plants	521		0	False	2
Q9JIY2	Mus musculus	Metazoa	491		0	False	4
B0L3A2	Homo sapiens	Metazoa	85		0	True	3
Q01081	Homo sapiens	Metazoa	240		0	False	1
Q9DB00	Mus musculus	Metazoa	2260		0	False	3
P42847	Saccharomyces cerevisiae (strain ATCC 204508 / S288c)	Fungi	217		0	False	4
Q9LYD9	Arabidopsis thaliana	Plants	1096		0	False	4
P53220	Saccharomyces cerevisiae (strain ATCC 204508 / S288c)	Fungi	239		0	True	1
Q9NPJ6	Homo sapiens	Metazoa	270		0	False	3
Q9ZU32	Arabidopsis thaliana	Plants	348		0	False	3
Q9XUB9	Caenorhabditis elegans	Metazoa	634		0	False	5
P79348	Bos taurus	Metazoa	374		0	False	3
Q5EU90	Euglena gracilis	Other	539		0	False	2
Q61069	Mus musculus	Metazoa	310		0	False	1
P38848	Saccharomyces cerevisiae (strain ATCC 204508 / S288c)	Fungi	579		0	False	3
Q9Y808	Schizosaccharomyces pombe (strain 972 / ATCC 24843)	Fungi	1063		0	False	2
Q9SM44	Spinacia oleracea	Plants	522		0	False	1
P29144	Homo sapiens	Metazoa	1249		0	False	1
P16970	Rattus norvegicus	Metazoa	659		0	True	2
Q96K80	Homo sapiens	Metazoa	434		0	False	2
O04862	Pisum sativum	Plants	515		0	False	1
Q8WUQ7	Homo sapiens	Metazoa	758		0	False	4
O59858	Schizosaccharomyces pombe (strain 972 / ATCC 24843)	Fungi	158		0	False	3
O95377	Homo sapiens	Metazoa	273		0	True	1
Q9FJF4	Arabidopsis thaliana	Plants	306		0	False	1
O23722	Arabidopsis thaliana	Plants	412		0	False	3
H9A1V3	Cannabis sativa	Plants	720		0	False	4
Q9NS91	Homo sapiens	Metazoa	495		0	False	5
Q9VDE8	Drosophila melanogaster	Metazoa	974		0	False	2
P82538	Arabidopsis thaliana	Plants	230		0	False	4
P48558	Saccharomyces cerevisiae (strain ATCC 204508 / S288c)	Fungi	297		0	True	2
Q99257	Saccharomyces cerevisiae (strain ATCC 204508 / S288c)	Fungi	599		0	False	5
Q9FEB5	Arabidopsis thaliana	Plants	379		0	False	5
Q9H3H1	Homo sapiens	Metazoa	467		0	False	4
Q9SA14	Arabidopsis thaliana	Plants	404		0	False	5
Q9UU76	Schizosaccharomyces pombe (strain 972 / ATCC 24843)	Fungi	642		0	False	3
Q9GZU8	Homo sapiens	Metazoa	254		0	False	3
Q8IUF8	Homo sapiens	Metazoa	465		0	False	2
O75319	Homo sapiens	Metazoa	330		0	False	4
P47175	Saccharomyces cerevisiae (strain ATCC 204508 / S288c)	Fungi	358		0	False	1
Q14CZ7	Homo sapiens	Metazoa	662		0	False	3
Q92575	Homo sapiens	Metazoa	508		0	False	1
Q02614	Mus musculus	Metazoa	308		0	False	2
A7Y7W3	Gallus gallus	Metazoa	309		0	False	4
P31164	Spinacia oleracea	Plants	224		0	False	3
P61020	Homo sapiens	Metazoa	215		0	False	4
Q7Z2E3	Homo sapiens	Metazoa	356		0	False	4
Q9UPW6	Homo sapiens	Metazoa	733		0	False	5
D2CSU4	Petunia hybrida	Plants	324		0	False	3
P28235	Mus musculus	Metazoa	333		0	True	5
Q9LF24	Arabidopsis thaliana	Plants	927		0	False	4
Q96I76	Homo sapiens	Metazoa	525		0	False	1
Q4KLN5	Rattus norvegicus	Metazoa	287		0	False	5
Q96G74	Homo sapiens	Metazoa	571		0	False	4
P31376	Saccharomyces cerevisiae (strain ATCC 204508 / S288c)	Fungi	625		0	False	4
Q60610	Mus musculus	Metazoa	1591		0	False	4
P23804	Mus musculus	Metazoa	489		0	False	4
Q7Z624	Homo sapiens	Metazoa	323		0	False	1
Q96D31	Homo sapiens	Metazoa	301		0	True	5
B2GV06	Rattus norvegicus	Metazoa	520		0	False	1
P83267	Hydrolagus colliei	Metazoa	48		0	False	5
O94617	Schizosaccharomyces pombe (strain 972 / ATCC 24843)	Fungi	475		0	False	4
Q53HV7	Homo sapiens	Metazoa	270		0	False	3
G5E829	Mus musculus	Metazoa	1220		0	False	1
Q9JLC3	Mus musculus	Metazoa	116		0	False	4
Q8LBV4	Arabidopsis thaliana	Plants	355		0	False	3
Q9FFA7	Arabidopsis thaliana	Plants	368		0	False	5
O43684	Homo sapiens	Metazoa	328		0	False	5
Q91XW8	Mus musculus	Metazoa	327		0	False	3
Q04499	Drosophila melanogaster	Metazoa	681		0	False	2
P07471	Bos taurus	Metazoa	97		0	True	3
A0A5B9G902	Aureobasidium melanogenum	Fungi	521		0	False	4
Q9R1Q2	Rattus norvegicus	Metazoa	527		0	False	5
Q9UEW3	Homo sapiens	Metazoa	520		0	True	4
A1A4Y4	Homo sapiens	Metazoa	181		0	False	1
Q06162	Saccharomyces cerevisiae (strain ATCC 204508 / S288c)	Fungi	153		0	False	4
P40517	Saccharomyces cerevisiae (strain ATCC 204508 / S288c)	Fungi	327		0	False	4
Q9SIE1	Arabidopsis thaliana	Plants	475		0	False	5
Q9Y4C2	Homo sapiens	Metazoa	921		0	False	3
O95800	Homo sapiens	Metazoa	540		0	True	5
P46962	Saccharomyces cerevisiae (strain ATCC 204508 / S288c)	Fungi	323		0	False	1
Q9WTX7	Mus musculus	Metazoa	284		0	False	5
Q9DB10	Mus musculus	Metazoa	107		0	True	4
Q5U117	Drosophila melanogaster	Metazoa	639		0	False	4
P25087	Saccharomyces cerevisiae (strain ATCC 204508 / S288c)	Fungi	383		0	False	2
Q9LVD0	Arabidopsis thaliana	Plants	289		0	False	5
O88269	Rattus norvegicus	Metazoa	1502		0	True	1
Q9VMJ7	Drosophila melanogaster	Metazoa	1838		0	False	5
Q6P587	Homo sapiens	Metazoa	221		0	False	2
A0A096LP01	Homo sapiens	Metazoa	95		0	True	5
P42356	Homo sapiens	Metazoa	2102		0	False	3
P25819	Arabidopsis thaliana	Plants	492		0	False	3
P40757	Aquarana catesbeiana	Metazoa	484		0	False	2
P52410	Arabidopsis thaliana	Plants	473		0	False	2
Q9ESZ8	Mus musculus	Metazoa	998		0	False	5
Q24338	Drosophila melanogaster	Metazoa	425		0	False	3
P13377	Trypanosoma brucei brucei	Other	607		0	False	5
P22985	Rattus norvegicus	Metazoa	1331		0	False	3
Q9SSE7	Arabidopsis thaliana	Plants	381		0	False	4
Q9VQ89	Drosophila melanogaster	Metazoa	867		0	False	4
Q02776	Saccharomyces cerevisiae (strain ATCC 204508 / S288c)	Fungi	476		0	False	5
Q9UUM2	Schizosaccharomyces pombe (strain 972 / ATCC 24843)	Fungi	971		0	False	2
Q5T160	Homo sapiens	Metazoa	578		0	False	3
P25649	Saccharomyces cerevisiae (strain ATCC 204508 / S288c)	Fungi	128		0	False	2
Q7YS70	Bos taurus	Metazoa	373		0	False	1
O81191	Salvia officinalis	Plants	591		0	False	2
P06241	Homo sapiens	Metazoa	537		0	False	5
Q62897	Rattus norvegicus	Metazoa	655		0	False	3
Q9HAU4	Homo sapiens	Metazoa	748		0	False	3
Q0E3V2	Oryza sativa subsp. japonica	Plants	165		0	False	4
Q00417	Mus musculus	Metazoa	419		0	False	5
Q63147	Rattus norvegicus	Metazoa	587		0	False	3
A0A1D9BZF0	Mus musculus	Metazoa	507		0	False	3
Q8TBR7	Homo sapiens	Metazoa	257		0	True	5
P30873	Mus musculus	Metazoa	391		0	True	3
O61722	Drosophila melanogaster	Metazoa	176		0	False	1
P35240	Homo sapiens	Metazoa	595		0	False	5
Q05942	Saccharomyces cerevisiae (strain ATCC 204508 / S288c)	Fungi	220		0	False	4
P53942	Saccharomyces cerevisiae (strain ATCC 204508 / S288c)	Fungi	307		0	False	1
P53305	Saccharomyces cerevisiae (strain ATCC 204508 / S288c)	Fungi	110		0	False	4
Q9CQC7	Mus musculus	Metazoa	129		0	True	2
P52630	Homo sapiens	Metazoa	851		0	False	3
A2Y8X2	Oryza sativa subsp. indica	Plants	609		0	False	3
O15294	Homo sapiens	Metazoa	1046		0	False	3
P12617	Anser anser anser	Metazoa	504		0	False	4
Q94519	Drosophila melanogaster	Metazoa	152		0	False	4
P45844	Homo sapiens	Metazoa	678		0	False	1
Q3UN04	Mus musculus	Metazoa	517		0	True	4
P12235	Homo sapiens	Metazoa	298		0	True	4
Q9SNB4	Arabidopsis thaliana	Plants	323		0	False	3
Q9QZV9	Mus musculus	Metazoa	140		0	False	2
A1L4W5	Arabidopsis thaliana	Plants	415		0	False	4
O43451	Homo sapiens	Metazoa	2753		0	True	4
G5DGA8	Ips pini	Metazoa	253		0	False	5
P32962	Arabidopsis thaliana	Plants	339		0	False	1
O35054	Mus musculus	Metazoa	210		0	True	2
Q9LT69	Arabidopsis thaliana	Plants	588		0	False	1
Q9LW85	Arabidopsis thaliana	Plants	726		0	False	1
P29474	Homo sapiens	Metazoa	1203		0	False	1
Q9Y210	Homo sapiens	Metazoa	931		0	False	2
P82193	Spinacia oleracea	Plants	220		0	False	5
Q5SV85	Mus musculus	Metazoa	1306		0	False	4
P30316	Schizosaccharomyces pombe (strain 972 / ATCC 24843)	Fungi	1086		0	False	2
P00228	Triticum aestivum	Plants	143		0	False	1
P05131	Bos taurus	Metazoa	351		0	False	1
Q99JE4	Rattus norvegicus	Metazoa	1190		0	False	5
Q12146	Saccharomyces cerevisiae (strain ATCC 204508 / S288c)	Fungi	194		0	False	2
Q9QXN0	Mus musculus	Metazoa	1986		0	False	4
Q86TG1	Homo sapiens	Metazoa	271		0	True	2
Q96PE3	Homo sapiens	Metazoa	977		0	False	2
Q26622	Strongylocentrotus purpuratus	Metazoa	583		0	False	5
Q15750	Homo sapiens	Metazoa	504		0	False	5
Q6EPW7	Oryza sativa subsp. japonica	Plants	233		0	False	5
Q9NX04	Homo sapiens	Metazoa	203		0	False	5
P84850	Rattus norvegicus	Metazoa	535		0	False	2
P10770	Peridinium bipes	Other	93		0	False	3
Q08288	Mus musculus	Metazoa	388		0	False	4
Q13416	Homo sapiens	Metazoa	577		0	False	1
Q9CAH5	Arabidopsis thaliana	Plants	320		0	True	2
P47123	Saccharomyces cerevisiae (strain ATCC 204508 / S288c)	Fungi	218		0	False	5
P27361	Homo sapiens	Metazoa	379		0	False	2
Q9SS90	Arabidopsis thaliana	Plants	489		0	False	4
Q6N021	Homo sapiens	Metazoa	2002		0	False	3
Q9P797	Schizosaccharomyces pombe (strain 972 / ATCC 24843)	Fungi	1142		0	False	5
Q6NQ88	Arabidopsis thaliana	Plants	557		0	False	3
O88450	Rattus norvegicus	Metazoa	565		0	False	5
P41958	Caenorhabditis elegans	Metazoa	280		0	False	5
P24752	Homo sapiens	Metazoa	427		0	False	1
P97348	Mus musculus	Metazoa	210		0	False	4
Q96P65	Homo sapiens	Metazoa	431		0	True	2
Q96252	Arabidopsis thaliana	Plants	203		0	False	5
P54707	Homo sapiens	Metazoa	1039		0	False	3
P38902	Saccharomyces cerevisiae (strain ATCC 204508 / S288c)	Fungi	120		0	False	3
Q02046	Saccharomyces cerevisiae (strain ATCC 204508 / S288c)	Fungi	320		0	False	1
P93002	Arabidopsis thaliana	Plants	593		0	False	1
P26361	Mus musculus	Metazoa	1476		0	True	4
P00445	Saccharomyces cerevisiae (strain ATCC 204508 / S288c)	Fungi	154		0	False	2
Q13895	Homo sapiens	Metazoa	437		0	False	4
Q09527	Caenorhabditis elegans	Metazoa	182		0	False	4
Q16654	Homo sapiens	Metazoa	411		0	False	2
Q9BRP8	Homo sapiens	Metazoa	204		0	False	2
P32860	Saccharomyces cerevisiae (strain ATCC 204508 / S288c)	Fungi	256		0	False	1
M4IRL4	Humulus lupulus	Plants	573		0	False	4
O15770	Plasmodium falciparum (isolate 3D7)	Other	546		0	False	4
P49406	Homo sapiens	Metazoa	292		0	False	2
O70597	Rattus norvegicus	Metazoa	246		0	False	3
Q03010	Saccharomyces cerevisiae (strain ATCC 204508 / S288c)	Fungi	460		0	False	5
P33292	Komagataella pastoris	Fungi	576		0	False	5
B8B0E2	Oryza sativa subsp. indica	Plants	1246		0	False	4
P18409	Saccharomyces cerevisiae (strain ATCC 204508 / S288c)	Fungi	493		0	False	5
Q9BRR0	Homo sapiens	Metazoa	538		0	False	4
A1A519	Homo sapiens	Metazoa	330		0	False	3
Q9JKX4	Mus musculus	Metazoa	526		0	False	3
O42634	Schizosaccharomyces pombe (strain 972 / ATCC 24843)	Fungi	332		0	False	4
Q9M401	Arabidopsis thaliana	Plants	413		0	False	4
O08715	Mus musculus	Metazoa	857		0	False	2
Q8GXR9	Arabidopsis thaliana	Plants	519		0	False	5
Q6Q4D0	Arabidopsis thaliana	Plants	1311		0	False	3
Q7Z3E1	Homo sapiens	Metazoa	657		0	False	2
B0I1T2	Homo sapiens	Metazoa	1018		0	False	1
O95833	Homo sapiens	Metazoa	236		0	True	4
Q9UMY1	Homo sapiens	Metazoa	257		0	False	2
Q8GXH3	Arabidopsis thaliana	Plants	371		0	False	3
Q9LTQ0	Arabidopsis thaliana	Plants	391		0	False	5
Q8IU60	Homo sapiens	Metazoa	420		0	False	1
Q9FLT9	Arabidopsis thaliana	Plants	259		0	True	5
Q94A82	Arabidopsis thaliana	Plants	438		0	False	3
O00161	Homo sapiens	Metazoa	211		0	False	3
Q6AWC2	Homo sapiens	Metazoa	1192		0	False	3
O74946	Schizosaccharomyces pombe (strain 972 / ATCC 24843)	Fungi	574		0	False	1
Q96BW1	Homo sapiens	Metazoa	309		0	False	5
Q05683	Rattus norvegicus	Metazoa	585		0	False	4
Q7SIG0	Agarophyton chilense	Other	164		0	False	4
P28040	Schizosaccharomyces pombe (strain 972 / ATCC 24843)	Fungi	1405		0	False	5
P07752	Trypanosoma brucei brucei	Other	372		0	False	3
Q9UKD1	Homo sapiens	Metazoa	530		0	False	3
Q07532	Saccharomyces cerevisiae (strain ATCC 204508 / S288c)	Fungi	353		0	False	1
G5EFF5	Caenorhabditis elegans	Metazoa	753		0	False	3
O97297	Plasmodium falciparum (isolate 3D7)	Other	404		0	False	2
Q2M2T1	Bos taurus	Metazoa	126		0	False	3
O82743	Arabidopsis thaliana	Plants	219		0	False	3
Q8K2F0	Mus musculus	Metazoa	726		0	False	5
P12954	Saccharomyces cerevisiae (strain ATCC 204508 / S288c)	Fungi	1174		0	False	2
P54987	Mus musculus	Metazoa	488		0	False	1
Q99929	Homo sapiens	Metazoa	193		0	False	3
Q84K52	Arabidopsis thaliana	Plants	246		0	False	3
P43616	Saccharomyces cerevisiae (strain ATCC 204508 / S288c)	Fungi	481		0	False	1
P46014	Arabidopsis thaliana	Plants	581		0	True	4
P81449	Saccharomyces cerevisiae (strain ATCC 204508 / S288c)	Fungi	96		0	False	5
Q03151	Saccharomyces cerevisiae (strain ATCC 204508 / S288c)	Fungi	367		0	False	5
P31323	Homo sapiens	Metazoa	418		0	False	5
Q8N5M1	Homo sapiens	Metazoa	289		0	False	5
Q8TBZ3	Homo sapiens	Metazoa	569		0	False	4
Q91ZP3	Mus musculus	Metazoa	924		0	False	4
Q9FGN8	Arabidopsis thaliana	Plants	639		0	False	4
Q8L557	Arabidopsis thaliana	Plants	202		0	False	2
Q9FH37	Arabidopsis thaliana	Plants	234		0	False	2
Q12366	Saccharomyces cerevisiae (strain ATCC 204508 / S288c)	Fungi	352		0	False	3
P62799	Xenopus laevis	Metazoa	103		0	False	2
Q12899	Homo sapiens	Metazoa	539		0	False	3
Q9UNQ2	Homo sapiens	Metazoa	313		0	False	5
Q86UQ0	Homo sapiens	Metazoa	364		0	False	1
Q27403	Drosophila melanogaster	Metazoa	504		0	False	1
Q8K4K2	Mus musculus	Metazoa	354		0	False	4
Q9DAA6	Mus musculus	Metazoa	195		0	False	5
Q32M00	Mus musculus	Metazoa	123		0	False	2
P16036	Rattus norvegicus	Metazoa	356		0	True	1
O14170	Schizosaccharomyces pombe (strain 972 / ATCC 24843)	Fungi	703		0	False	4
Q93VP3	Arabidopsis thaliana	Plants	159		0	False	2
Q96305	Arabidopsis thaliana	Plants	136		0	False	5
Q9BY49	Homo sapiens	Metazoa	303		0	False	5
P00163	Saccharomyces cerevisiae (strain ATCC 204508 / S288c)	Fungi	385		0	True	5
P47077	Saccharomyces cerevisiae (strain ATCC 204508 / S288c)	Fungi	666		0	False	3
P49887	Cavia porcellus	Metazoa	296		0	False	3
Q9Y275	Homo sapiens	Metazoa	285		0	True	4
O14362	Schizosaccharomyces pombe (strain 972 / ATCC 24843)	Fungi	504		0	False	3
Q6PFR5	Mus musculus	Metazoa	281		0	False	5
Q9NS26	Homo sapiens	Metazoa	97		0	False	3
B2GV50	Rattus norvegicus	Metazoa	692		0	False	4
P21360	Pichia angusta	Fungi	555		0	False	3
Q6UX01	Homo sapiens	Metazoa	489		0	True	1
Q8BH70	Mus musculus	Metazoa	621		0	False	4
O60733	Homo sapiens	Metazoa	806		0	False	2
Q9H7D7	Homo sapiens	Metazoa	661		0	False	1
P17252	Homo sapiens	Metazoa	672		0	False	2
Q9NUQ2	Homo sapiens	Metazoa	364		0	True	1
Q28175	Bos taurus	Metazoa	533		0	False	1
P0C7P3	Homo sapiens	Metazoa	912		0	False	1
P36049	Saccharomyces cerevisiae (strain ATCC 204508 / S288c)	Fungi	427		0	False	3
Q8BN59	Mus musculus	Metazoa	492		0	False	2
P14937	Raphanus sativus	Plants	98		0	False	3
P25808	Saccharomyces cerevisiae (strain ATCC 204508 / S288c)	Fungi	606		0	False	5
Q9UST7	Schizosaccharomyces pombe (strain 972 / ATCC 24843)	Fungi	1339		0	False	5
P46946	Saccharomyces cerevisiae (strain ATCC 204508 / S288c)	Fungi	345		0	False	2
Q8N0S6	Homo sapiens	Metazoa	344		0	False	3
Q8H186	Arabidopsis thaliana	Plants	389		0	False	4
Q15326	Homo sapiens	Metazoa	602		0	False	5
P51684	Homo sapiens	Metazoa	374		0	True	4
Q9FMW8	Arabidopsis thaliana	Plants	354		0	False	4
Q09437	Caenorhabditis elegans	Metazoa	719		0	False	1
Q3B7D0	Rattus norvegicus	Metazoa	443		0	False	5
Q14149	Homo sapiens	Metazoa	939		0	False	1
Q9SX77	Arabidopsis thaliana	Plants	257		0	False	5
P18850	Homo sapiens	Metazoa	670		0	False	3
Q5U623	Homo sapiens	Metazoa	682		0	False	1
Q04688	Drosophila melanogaster	Metazoa	464		0	False	4
Q9ULD4	Homo sapiens	Metazoa	1205		0	False	1
Q9U213	Caenorhabditis elegans	Metazoa	425		0	False	3
Q1K8F6	Neurospora crassa (strain ATCC 24698 / 74-OR23-1A / CBS 708.71 / DSM 1257 / FGSC 987)	Fungi	712		0	False	2
Q9NS86	Homo sapiens	Metazoa	450		0	False	5
P51858	Homo sapiens	Metazoa	240		0	False	5
P30275	Mus musculus	Metazoa	418		0	False	2
A1Z8N1	Drosophila melanogaster	Metazoa	857		0	False	4
Q9UBB5	Homo sapiens	Metazoa	411		0	False	5
Q9NSN8	Homo sapiens	Metazoa	517		0	False	1
Q96UP3	Schizosaccharomyces pombe (strain 972 / ATCC 24843)	Fungi	1400		0	False	1
P17119	Saccharomyces cerevisiae (strain ATCC 204508 / S288c)	Fungi	729		0	False	3
Q03526	Mus musculus	Metazoa	625		0	False	4
P15382	Homo sapiens	Metazoa	129		0	True	4
P53738	Saccharomyces cerevisiae (strain ATCC 204508 / S288c)	Fungi	135		0	False	4
Q9R0A0	Mus musculus	Metazoa	376		0	False	5
Q8WSR2	Ascaris suum	Metazoa	141		0	True	3
O35240	Rattus norvegicus	Metazoa	533		0	True	2
O95639	Homo sapiens	Metazoa	269		0	False	1
Q92262	Komagataella pastoris	Fungi	455		0	False	3
P92965	Arabidopsis thaliana	Plants	350		0	False	3
P38715	Saccharomyces cerevisiae (strain ATCC 204508 / S288c)	Fungi	327		0	False	3
Q9H4W6	Homo sapiens	Metazoa	596		0	False	2
Q8IW41	Homo sapiens	Metazoa	473		0	False	2
P18117	Xenopus laevis	Metazoa	373		0	False	2
Q14511	Homo sapiens	Metazoa	834		0	False	5
G5EG17	Caenorhabditis elegans	Metazoa	1149		0	False	4
Q9FGR0	Arabidopsis thaliana	Plants	1442		0	False	5
P62745	Homo sapiens	Metazoa	196		0	False	4
Q9XF88	Arabidopsis thaliana	Plants	287		0	False	4
O93308	Xenopus laevis	Metazoa	1232		0	False	2
P48721	Rattus norvegicus	Metazoa	679		0	False	4
Q9H0R1	Homo sapiens	Metazoa	490		0	False	1
P30606	Saccharomyces cerevisiae (strain ATCC 204508 / S288c)	Fungi	609		0	False	5
F4IDQ6	Arabidopsis thaliana	Plants	1576		0	False	1
Q9ESF1	Mus musculus	Metazoa	1997		0	False	4
P23490	Homo sapiens	Metazoa	312		0	False	4
O88892	Mus musculus	Metazoa	62		0	False	4
Q9Y6W5	Homo sapiens	Metazoa	498		0	False	5
P83520	Brugmansia arborea	Plants	97		0	False	2
Q54ER9	Dictyostelium discoideum	Other	602		0	False	2
Q08492	Saccharomyces cerevisiae (strain ATCC 204508 / S288c)	Fungi	214		0	False	4
Q8RWV8	Arabidopsis thaliana	Plants	442		0	False	5
Q940X9	Arabidopsis thaliana	Plants	826		0	False	1
O70404	Mus musculus	Metazoa	101		0	True	1
Q10F03	Oryza sativa subsp. japonica	Plants	529		0	False	1
A8IEF3	Chlamydomonas reinhardtii	Plants	345		0	False	1
P02688	Rattus norvegicus	Metazoa	195		0	False	5
P13498	Homo sapiens	Metazoa	195		0	True	1
Q70Z53	Homo sapiens	Metazoa	315		0	False	1
Q02790	Homo sapiens	Metazoa	459		0	False	2
Q31795	Anthoceros angustus	Plants	475		0	False	3
P63159	Rattus norvegicus	Metazoa	215		0	False	4
P17509	Homo sapiens	Metazoa	224		0	False	5
Q60698	Mus musculus	Metazoa	725		0	False	5
Q9Y2D1	Homo sapiens	Metazoa	282		0	False	1
O35710	Mus musculus	Metazoa	429		0	False	4
Q03497	Saccharomyces cerevisiae (strain ATCC 204508 / S288c)	Fungi	939		0	False	5
P0CT76	Schizosaccharomyces pombe (strain 972 / ATCC 24843)	Fungi	143		0	False	4
Q9Z266	Mus musculus	Metazoa	136		0	False	2
Q93009	Homo sapiens	Metazoa	1102		0	False	3
G5EGD2	Caenorhabditis elegans	Metazoa	719		0	False	4
P83103	Drosophila melanogaster	Metazoa	566		0	False	3
P48996	Caenorhabditis elegans	Metazoa	1469		0	False	3
O94478	Schizosaccharomyces pombe (strain 972 / ATCC 24843)	Fungi	420		0	False	1
Q8IU68	Homo sapiens	Metazoa	726		0	False	5
Q9D0Z3	Mus musculus	Metazoa	276		0	False	5
Q9NRM0	Homo sapiens	Metazoa	540		0	True	3
O75575	Homo sapiens	Metazoa	148		0	False	4
Q08902	Saccharomyces cerevisiae (strain ATCC 204508 / S288c)	Fungi	515		0	True	2
Q9SL05	Arabidopsis thaliana	Plants	133		0	False	4
Q8TDX9	Homo sapiens	Metazoa	2849		0	False	5
P93648	Zea mays	Plants	964		0	False	4
Q12361	Saccharomyces cerevisiae (strain ATCC 204508 / S288c)	Fungi	961		0	True	3
Q96QE5	Homo sapiens	Metazoa	360		0	False	5
Q96AE7	Homo sapiens	Metazoa	1141		0	False	1
P70460	Mus musculus	Metazoa	375		0	False	5
Q9SIP1	Arabidopsis thaliana	Plants	263		0	False	1
Q93170	Caenorhabditis elegans	Metazoa	421		0	False	3
Q9N4U5	Caenorhabditis elegans	Metazoa	547		0	False	5
Q8IEG9	Plasmodium falciparum (isolate 3D7)	Other	408		0	False	5
P08196	Solanum lycopersicum	Plants	412		0	False	5
A1L4Y1	Arabidopsis thaliana	Plants	411		0	False	2
O75791	Homo sapiens	Metazoa	330		0	False	3
F4I6G4	Arabidopsis thaliana	Plants	819		0	False	2
Q9US26	Schizosaccharomyces pombe (strain 972 / ATCC 24843)	Fungi	351		0	False	3
P70096	Cricetulus griseus	Metazoa	718		0	False	4
Q9P1T7	Homo sapiens	Metazoa	246		0	False	5
O94585	Schizosaccharomyces pombe (strain 972 / ATCC 24843)	Fungi	187		0	False	2
P36428	Arabidopsis thaliana	Plants	1003		0	False	2
Q84MZ4	Arabidopsis thaliana	Plants	412		0	False	1
Q920D2	Rattus norvegicus	Metazoa	187		0	False	3
O96622	Dictyostelium discoideum	Other	369		0	False	1
P83483	Arabidopsis thaliana	Plants	556		0	False	3
E3SCZ8	Cavia porcellus	Metazoa	142		0	False	2
Q9BXL8	Homo sapiens	Metazoa	241		0	False	2
Q0DI31	Oryza sativa subsp. japonica	Plants	112		0	False	1
Q12887	Homo sapiens	Metazoa	443		0	False	2
O95990	Homo sapiens	Metazoa	144		0	False	1
Q54TN2	Dictyostelium discoideum	Other	580		0	False	1
P37242	Mus musculus	Metazoa	461		0	False	2
Q925H0	Mus musculus	Metazoa	512		0	True	1
P20292	Homo sapiens	Metazoa	161		0	True	4
Q9UTH9	Schizosaccharomyces pombe (strain 972 / ATCC 24843)	Fungi	617		0	False	5
E7FFT2	Danio rerio	Metazoa	916		0	False	1
Q96291	Arabidopsis thaliana	Plants	266		0	False	2
I3SL57	Lotus japonicus	Plants	282		0	False	2
C4QM85	Schistosoma mansoni	Metazoa	419		0	True	1
Q9H8M2	Homo sapiens	Metazoa	597		0	False	4
O08679	Rattus norvegicus	Metazoa	722		0	False	5
P15202	Saccharomyces cerevisiae (strain ATCC 204508 / S288c)	Fungi	515		0	False	5
Q8TB68	Homo sapiens	Metazoa	274		0	True	1
Q6PML9	Homo sapiens	Metazoa	568		0	False	1
Q9GZY6	Homo sapiens	Metazoa	243		0	True	3
P19440	Homo sapiens	Metazoa	569		0	True	5
Q9NVM4	Homo sapiens	Metazoa	692		0	False	2
P48146	Homo sapiens	Metazoa	333		0	True	5
Q9BU61	Homo sapiens	Metazoa	184		0	False	4
Q92847	Homo sapiens	Metazoa	366		0	True	5
Q92615	Homo sapiens	Metazoa	738		0	False	1
Q08231	Saccharomyces cerevisiae (strain ATCC 204508 / S288c)	Fungi	455		0	False	5
Q9LK25	Arabidopsis thaliana	Plants	279		0	True	2
Q9LUI2	Arabidopsis thaliana	Plants	1728		0	False	1
B7U540	Homo sapiens	Metazoa	433		0	True	2
Q75LL6	Oryza sativa subsp. japonica	Plants	567		0	False	4
Q9VFP2	Drosophila melanogaster	Metazoa	829		0	False	5
Q9FMD5	Arabidopsis thaliana	Plants	447		0	False	4
P21506	Homo sapiens	Metazoa	573		0	False	3
P33334	Saccharomyces cerevisiae (strain ATCC 204508 / S288c)	Fungi	2413		0	False	5
Q19614	Caenorhabditis elegans	Metazoa	433		0	False	4
P05030	Saccharomyces cerevisiae (strain ATCC 204508 / S288c)	Fungi	918		0	False	1
B6TTV8	Zea mays	Plants	498		0	False	5
Q3TLD5	Mus musculus	Metazoa	531		0	False	2
Q8VHT6	Rattus norvegicus	Metazoa	369		0	False	5
Q9LYR5	Arabidopsis thaliana	Plants	256		0	False	2
O23530	Arabidopsis thaliana	Plants	1437		0	False	1
Q6PXP3	Homo sapiens	Metazoa	512		0	True	4
A0A077K8G3	Citrus limon	Plants	407		0	False	1
O00180	Homo sapiens	Metazoa	336		0	True	2
Q96A44	Homo sapiens	Metazoa	273		0	False	5
O43071	Schizosaccharomyces pombe (strain 972 / ATCC 24843)	Fungi	558		0	False	5
P00109	Alaria esculenta	Other	86		0	False	1
Q15758	Homo sapiens	Metazoa	541		0	True	1
P10804	Secale cereale	Plants	473		0	True	5
P84022	Homo sapiens	Metazoa	425		0	False	1
O75912	Homo sapiens	Metazoa	1057		0	False	1
O17286	Caenorhabditis elegans	Metazoa	403		0	False	4
Q8LBK6	Arabidopsis thaliana	Plants	169		0	False	2
Q9NXV6	Homo sapiens	Metazoa	580		0	False	1
Q6AYU4	Rattus norvegicus	Metazoa	415		0	False	3
P35729	Saccharomyces cerevisiae (strain ATCC 204508 / S288c)	Fungi	1037		0	False	1
P43277	Mus musculus	Metazoa	221		0	False	4
Q20655	Caenorhabditis elegans	Metazoa	248		0	False	4
P40360	Saccharomyces cerevisiae (strain ATCC 204508 / S288c)	Fungi	574		0	False	1
Q9LF27	Arabidopsis thaliana	Plants	433		0	False	2
Q504J1	Danio rerio	Metazoa	404		0	False	5
Q653T6	Oryza sativa subsp. japonica	Plants	430		0	False	1
Q68DU8	Homo sapiens	Metazoa	428		0	False	2
P93306	Arabidopsis thaliana	Plants	394		0	False	3
P26358	Homo sapiens	Metazoa	1616		0	False	3
P06702	Homo sapiens	Metazoa	114		0	False	2
O15528	Homo sapiens	Metazoa	508		0	False	2
P38789	Saccharomyces cerevisiae (strain ATCC 204508 / S288c)	Fungi	453		0	False	5
Q9CQJ4	Mus musculus	Metazoa	336		0	False	5
Q84L31	Arabidopsis thaliana	Plants	419		0	False	3
Q9H9P8	Homo sapiens	Metazoa	463		0	False	4
Q9XF89	Arabidopsis thaliana	Plants	280		0	False	4
Q8S8E3	Arabidopsis thaliana	Plants	215		0	False	3
Q9SQU2	Arabidopsis thaliana	Plants	199		0	True	3
Q9EQJ9	Mus musculus	Metazoa	1476		0	False	2
Q9VS24	Drosophila melanogaster	Metazoa	994		0	False	4
P81269	Mus musculus	Metazoa	269		0	False	3
Q9GTP5	Crithidia fasciculata	Other	497		0	True	3
P46974	Saccharomyces cerevisiae (strain ATCC 204508 / S288c)	Fungi	1380		0	False	1
Q64522	Mus musculus	Metazoa	130		0	False	2
P15719	Zea mays	Plants	432		0	False	4
P32243	Homo sapiens	Metazoa	289		0	False	3
P70500	Rattus norvegicus	Metazoa	213		0	True	3
Q9USY3	Schizosaccharomyces pombe (strain 972 / ATCC 24843)	Fungi	708		0	False	2
Q9SUQ2	Arabidopsis thaliana	Plants	343		0	False	3
O13712	Schizosaccharomyces pombe (strain 972 / ATCC 24843)	Fungi	844		0	False	3
Q7ZZH7	Xenopus laevis	Metazoa	661		0	False	2
P03930	Mus musculus	Metazoa	67		0	True	3
Q9NY91	Homo sapiens	Metazoa	659		0	True	2
Q8VYR7	Arabidopsis thaliana	Plants	704		0	True	4
Q505B8	Mus musculus	Metazoa	171		0	False	3
Q9UJ68	Homo sapiens	Metazoa	235		0	False	1
P34232	Saccharomyces cerevisiae (strain ATCC 204508 / S288c)	Fungi	184		0	False	5
C8VQG9	Emericella nidulans (strain FGSC A4 / ATCC 38163 / CBS 112.46 / NRRL 194 / M139)	Fungi	374		0	False	3
Q6X7J9	Arabidopsis thaliana	Plants	251		0	False	3
Q63665	Rattus norvegicus	Metazoa	346		0	False	5
Q9QZM0	Mus musculus	Metazoa	638		0	False	5
P22415	Homo sapiens	Metazoa	310		0	False	1
Q99NI4	Rattus norvegicus	Metazoa	396		0	False	2
P53081	Saccharomyces cerevisiae (strain ATCC 204508 / S288c)	Fungi	288		0	False	4
P00480	Homo sapiens	Metazoa	354		0	False	2
Q9H2W6	Homo sapiens	Metazoa	279		0	False	1
Q06505	Saccharomyces cerevisiae (strain ATCC 204508 / S288c)	Fungi	410		0	False	5
Q8GSG4	Medicago truncatula	Plants	528		0	True	4
P18496	Saccharomyces cerevisiae (strain ATCC 204508 / S288c)	Fungi	279		0	False	2
Q8CFD0	Rattus norvegicus	Metazoa	342		0	False	4
Q922B6	Mus musculus	Metazoa	594		0	False	4
Q08647	Saccharomyces cerevisiae (strain ATCC 204508 / S288c)	Fungi	676		0	False	1
Q13352	Homo sapiens	Metazoa	177		0	False	3
Q9NEZ5	Caenorhabditis elegans	Metazoa	350		0	False	1
Q8C5W4	Mus musculus	Metazoa	1022		0	False	5
P84247	Gallus gallus	Metazoa	136		0	False	3
Q9QZ59	Mus musculus	Metazoa	374		0	False	5
Q12952	Homo sapiens	Metazoa	345		0	False	5
Q23544	Caenorhabditis elegans	Metazoa	508		0	True	1
Q5H8A5	Lotus japonicus	Plants	917		0	False	2
Q9M9V9	Arabidopsis thaliana	Plants	156		0	False	4
Q86W26	Homo sapiens	Metazoa	655		0	False	1
Q9FWA3	Arabidopsis thaliana	Plants	486		0	False	1
Q9H4A3	Homo sapiens	Metazoa	2382		0	False	3
Q01853	Mus musculus	Metazoa	806		0	False	5
G4MZY8	Pyricularia oryzae (strain 70-15 / ATCC MYA-4617 / FGSC 8958)	Fungi	214		0	False	5
Q9H777	Homo sapiens	Metazoa	363		0	False	3
Q9UUI2	Schizosaccharomyces pombe (strain 972 / ATCC 24843)	Fungi	165		0	False	1
Q9Y3A0	Homo sapiens	Metazoa	265		0	False	3
Q09825	Schizosaccharomyces pombe (strain 972 / ATCC 24843)	Fungi	514		0	False	1
Q53I77	Xenopus laevis	Metazoa	1135		0	False	4
Q9D2Y6	Mus musculus	Metazoa	357		0	False	2
Q05925	Homo sapiens	Metazoa	392		0	False	3
O94653	Schizosaccharomyces pombe (strain 972 / ATCC 24843)	Fungi	1121		0	False	2
Q9NRR3	Homo sapiens	Metazoa	84		0	False	5
P21675	Homo sapiens	Metazoa	1893		0	False	4
P19357	Rattus norvegicus	Metazoa	509		0	True	4
Q9BXY0	Homo sapiens	Metazoa	300		0	False	3
Q7L5Y9	Homo sapiens	Metazoa	396		0	False	1
Q8NFZ0	Homo sapiens	Metazoa	1043		0	False	3
Q9TYT3	Caenorhabditis elegans	Metazoa	316		0	False	4
O14788	Homo sapiens	Metazoa	317		0	True	4
P02272	Gallus gallus	Metazoa	128		0	False	3
Q06177	Saccharomyces cerevisiae (strain ATCC 204508 / S288c)	Fungi	86		0	False	5
P28007	Saccharomyces cerevisiae (strain ATCC 204508 / S288c)	Fungi	205		0	False	3
Q9Y342	Homo sapiens	Metazoa	182		0	True	1
P53236	Saccharomyces cerevisiae (strain ATCC 204508 / S288c)	Fungi	928		0	False	3
Q8S950	Nicotiana tabacum	Plants	959		0	False	1
Q9H0F7	Homo sapiens	Metazoa	186		0	False	1
A1Z9L3	Drosophila melanogaster	Metazoa	1242		0	False	2
P93834	Arabidopsis thaliana	Plants	502		0	True	4
Q9Z0U1	Mus musculus	Metazoa	1167		0	False	1
Q8VHW8	Rattus norvegicus	Metazoa	275		0	True	4
O00401	Homo sapiens	Metazoa	505		0	False	2
F4JTE7	Arabidopsis thaliana	Plants	298		0	False	1
P82195	Spinacia oleracea	Plants	166		0	False	2
Q12824	Homo sapiens	Metazoa	385		0	False	4
F4IAW1	Arabidopsis thaliana	Plants	326		0	False	4
Q64707	Mus musculus	Metazoa	428		0	False	5
P18597	Oryctolagus cuniculus	Metazoa	291		0	True	5
O35147	Rattus norvegicus	Metazoa	205		0	False	2
Q871K1	Neurospora crassa (strain ATCC 24698 / 74-OR23-1A / CBS 708.71 / DSM 1257 / FGSC 987)	Fungi	123		0	False	3
Q05863	Saccharomyces cerevisiae (strain ATCC 204508 / S288c)	Fungi	155		0	False	3
O59740	Schizosaccharomyces pombe (strain 972 / ATCC 24843)	Fungi	522		0	False	4
O01501	Caenorhabditis elegans	Metazoa	524		0	False	5
Q38997	Arabidopsis thaliana	Plants	512		0	False	4
P03874	Saccharomyces cerevisiae (strain ATCC 204508 / S288c)	Fungi	630		0	False	2
Q07511	Solanum tuberosum	Plants	381		0	False	4
Q940H2	Arabidopsis thaliana	Plants	237		0	False	5
Q9SU94	Arabidopsis thaliana	Plants	390		0	False	2
C6KT66	Plasmodium falciparum (isolate 3D7)	Other	527		0	False	1
O59757	Schizosaccharomyces pombe (strain 972 / ATCC 24843)	Fungi	1364		0	False	3
P0CT75	Schizosaccharomyces pombe (strain 972 / ATCC 24843)	Fungi	143		0	False	2
Q8L716	Arabidopsis thaliana	Plants	589		0	False	3
P02319	Mus musculus	Metazoa	51		0	False	5
P80002	Sepia officinalis	Metazoa	77		0	False	3
Q9PVF7	Danio rerio	Metazoa	729		0	False	2
Q8BL03	Mus musculus	Metazoa	306		0	True	3
D4A7T3	Rattus norvegicus	Metazoa	952		0	False	3
Q04179	Saccharomyces cerevisiae (strain ATCC 204508 / S288c)	Fungi	340		0	False	3
O75387	Homo sapiens	Metazoa	559		0	True	1
P20070	Rattus norvegicus	Metazoa	301		0	False	3
Q8NA42	Homo sapiens	Metazoa	475		0	False	4
P34418	Caenorhabditis elegans	Metazoa	943		0	False	4
P08926	Pisum sativum	Plants	587		0	False	3
Q04613	Arabidopsis thaliana	Plants	192		0	True	1
P45591	Mus musculus	Metazoa	166		0	False	5
Q10437	Schizosaccharomyces pombe (strain 972 / ATCC 24843)	Fungi	543		0	False	3
P17020	Homo sapiens	Metazoa	682		0	False	5
Q9SQI3	Gossypium hirsutum	Plants	413		0	False	4
P42818	Arabidopsis thaliana	Plants	465		0	False	5
Q0VAQ4	Homo sapiens	Metazoa	97		0	True	5
Q9Y266	Homo sapiens	Metazoa	331		0	False	5
P25618	Saccharomyces cerevisiae (strain ATCC 204508 / S288c)	Fungi	953		0	True	4
Q6ZWK4	Homo sapiens	Metazoa	172		0	True	2
Q9ZQI2	Arabidopsis thaliana	Plants	221		0	True	1
Q02040	Homo sapiens	Metazoa	695		0	False	3
Q01892	Homo sapiens	Metazoa	262		0	False	3
Q6P4S8	Mus musculus	Metazoa	2195		0	False	4
Q08742	Saccharomyces cerevisiae (strain ATCC 204508 / S288c)	Fungi	149		0	False	5
Q54XQ2	Dictyostelium discoideum	Other	1125		0	False	2
P89114	Saccharomyces cerevisiae (strain ATCC 204508 / S288c)	Fungi	91		0	False	3
Q07950	Saccharomyces cerevisiae (strain ATCC 204508 / S288c)	Fungi	538		0	True	4
Q8RYC8	Arabidopsis thaliana	Plants	1086		0	False	5
Q9C6P3	Arabidopsis thaliana	Plants	521		0	False	1
P36080	Saccharomyces cerevisiae (strain ATCC 204508 / S288c)	Fungi	434		0	False	4
Q5XKR4	Homo sapiens	Metazoa	325		0	False	4
Q9BUB7	Homo sapiens	Metazoa	260		0	False	5
Q99595	Homo sapiens	Metazoa	171		0	True	3
Q20591	Caenorhabditis elegans	Metazoa	86		0	True	5
P21918	Homo sapiens	Metazoa	477		0	True	5
O14236	Schizosaccharomyces pombe (strain 972 / ATCC 24843)	Fungi	537		0	False	1
Q9SZI2	Arabidopsis thaliana	Plants	372		0	False	2
Q09892	Schizosaccharomyces pombe (strain 972 / ATCC 24843)	Fungi	349		0	False	2
P40356	Saccharomyces cerevisiae (strain ATCC 204508 / S288c)	Fungi	397		0	False	5
P14713	Arabidopsis thaliana	Plants	1172		0	False	4
Q02161	Homo sapiens	Metazoa	417		0	True	1
Q41062	Pisum sativum	Plants	1011		0	False	4
Q68DX3	Homo sapiens	Metazoa	1309		0	False	1
P53779	Homo sapiens	Metazoa	464		0	False	2
Q9XIN0	Arabidopsis thaliana	Plants	650		0	False	4
Q9NPG8	Homo sapiens	Metazoa	344		0	True	2
Q96S37	Homo sapiens	Metazoa	553		0	True	5
D3U717	Petunia hybrida	Plants	434		0	False	5
Q9BY66	Homo sapiens	Metazoa	1539		0	False	1
P10662	Saccharomyces cerevisiae (strain ATCC 204508 / S288c)	Fungi	321		0	False	2
O60104	Schizosaccharomyces pombe (strain 972 / ATCC 24843)	Fungi	376		0	False	2
Q9H2V7	Homo sapiens	Metazoa	528		0	True	3
Q9FMJ0	Arabidopsis thaliana	Plants	1121		0	False	1
Q93VI4	Arabidopsis thaliana	Plants	227		0	False	4
Q2HXU8	Homo sapiens	Metazoa	276		0	True	5
Q9W352	Drosophila melanogaster	Metazoa	663		0	False	4
Q99619	Homo sapiens	Metazoa	263		0	False	4
P06782	Saccharomyces cerevisiae (strain ATCC 204508 / S288c)	Fungi	633		0	False	2
Q9NRZ7	Homo sapiens	Metazoa	376		0	False	2
P63279	Homo sapiens	Metazoa	158		0	False	3
Q584U2	Trypanosoma brucei brucei (strain 927/4 GUTat10.1)	Other	267		0	False	4
O60503	Homo sapiens	Metazoa	1353		0	False	3
Q6W2J9	Homo sapiens	Metazoa	1755		0	False	4
Q8VXQ2	Craterostigma plantagineum	Plants	479		0	False	1
Q9H871	Homo sapiens	Metazoa	391		0	False	1
Q6XR72	Homo sapiens	Metazoa	485		0	True	3
A0A0U4CDK4	Salvia miltiorrhiza	Plants	806		0	False	1
Q8W034	Arabidopsis thaliana	Plants	411		0	False	1
Q02521	Saccharomyces cerevisiae (strain ATCC 204508 / S288c)	Fungi	185		0	False	5
Q16656	Homo sapiens	Metazoa	503		0	False	3
Q5H943	Homo sapiens	Metazoa	113		0	True	2
Q02080	Homo sapiens	Metazoa	365		0	False	3
P23497	Homo sapiens	Metazoa	879		0	False	1
O22793	Arabidopsis thaliana	Plants	219		0	False	3
P84231	Ictiobus bubalus	Metazoa	136		0	False	2
Q4QQW3	Rattus norvegicus	Metazoa	467		0	False	2
P13638	Rattus norvegicus	Metazoa	290		0	True	5
Q84N49	Zea mays	Plants	674		0	False	1
P68038	Ovis aries	Metazoa	51		0	False	2
Q8LDS4	Arabidopsis thaliana	Plants	319		0	False	4
Q9Z2S7	Mus musculus	Metazoa	137		0	False	1
Q948R1	Arabidopsis thaliana	Plants	447		0	False	5
Q8CIV7	Mus musculus	Metazoa	274		0	False	5
Q6P087	Homo sapiens	Metazoa	351		0	False	3
Q12277	Saccharomyces cerevisiae (strain ATCC 204508 / S288c)	Fungi	265		0	False	1
Q92536	Homo sapiens	Metazoa	515		0	True	4
O43504	Homo sapiens	Metazoa	91		0	False	1
O61307	Drosophila melanogaster	Metazoa	2731		0	False	1
Q02127	Homo sapiens	Metazoa	395		0	True	3
O43791	Homo sapiens	Metazoa	374		0	False	4
Q8TF62	Homo sapiens	Metazoa	1192		0	True	1
P17544	Homo sapiens	Metazoa	483		0	False	2
P08659	Photinus pyralis	Metazoa	550		0	False	5
Q90ZN1	Gallus gallus	Metazoa	177		0	True	4
Q05158	Coturnix japonica	Metazoa	194		0	False	5
Q9CQZ6	Mus musculus	Metazoa	104		0	True	2
P28229	Mus musculus	Metazoa	396		0	True	5
P38766	Saccharomyces cerevisiae (strain ATCC 204508 / S288c)	Fungi	723		0	False	3
Q12959	Homo sapiens	Metazoa	904		0	False	1
Q12951	Homo sapiens	Metazoa	378		0	False	2
G1XJN1	Arthrobotrys oligospora (strain ATCC 24927 / CBS 115.81 / DSM 1491)	Fungi	401		0	True	3
Q9BRT3	Homo sapiens	Metazoa	115		0	False	1
Q63HK5	Homo sapiens	Metazoa	1081		0	False	2
Q9FI56	Arabidopsis thaliana	Plants	929		0	False	1
O03042	Arabidopsis thaliana	Plants	479		0	False	5
Q10343	Schizosaccharomyces pombe (strain 972 / ATCC 24843)	Fungi	334		0	False	2
P32085	Caenorhabditis elegans	Metazoa	340		0	False	5
P21192	Saccharomyces cerevisiae (strain ATCC 204508 / S288c)	Fungi	770		0	False	3
Q61423	Mus musculus	Metazoa	654		0	False	4
Q6NZY4	Homo sapiens	Metazoa	707		0	False	2
Q8K4H1	Mus musculus	Metazoa	305		0	False	5
Q12045	Saccharomyces cerevisiae (strain ATCC 204508 / S288c)	Fungi	647		0	False	1
Q9Y2R9	Homo sapiens	Metazoa	242		0	False	4
Q08047	Zea mays	Plants	799		0	False	1
Q14934	Homo sapiens	Metazoa	902		0	False	1
Q6S7F2	Mus musculus	Metazoa	904		0	False	4
Q9D7K5	Mus musculus	Metazoa	258		0	False	3
Q9FS88	Solanum tuberosum	Plants	412		0	False	2
O13985	Schizosaccharomyces pombe (strain 972 / ATCC 24843)	Fungi	512		0	False	1
O75152	Homo sapiens	Metazoa	810		0	False	1
O61661	Drosophila melanogaster	Metazoa	512		0	False	5
Q8GWP5	Arabidopsis thaliana	Plants	426		0	False	1
Q9FLS8	Arabidopsis thaliana	Plants	478		0	False	1
Q9EPZ7	Rattus norvegicus	Metazoa	716		0	True	4
Q9UHQ1	Homo sapiens	Metazoa	456		0	False	1
Q9CW46	Mus musculus	Metazoa	748		0	False	4
Q9UMX3	Homo sapiens	Metazoa	212		0	False	2
P53153	Saccharomyces cerevisiae (strain ATCC 204508 / S288c)	Fungi	274		0	True	4
Q9NY74	Homo sapiens	Metazoa	926		0	False	5
Q6PCP7	Mus musculus	Metazoa	798		0	True	5
Q8JHF4	Danio rerio	Metazoa	677		0	False	2
Q8W104	Arabidopsis thaliana	Plants	593		0	False	4
P20676	Saccharomyces cerevisiae (strain ATCC 204508 / S288c)	Fungi	1076		0	False	2
Q9QZQ0	Mus musculus	Metazoa	925		0	False	3
P53246	Saccharomyces cerevisiae (strain ATCC 204508 / S288c)	Fungi	860		0	False	3
Q00433	Rhodomonas sp. (strain CS 24)	Other	128		0	False	2
Q01341	Mus musculus	Metazoa	1165		0	False	5
Q95T12	Drosophila melanogaster	Metazoa	194		0	True	2
P59857	Pyropia yezoensis	Other	161		0	False	2
A6NFX1	Homo sapiens	Metazoa	504		0	False	3
Q8R010	Mus musculus	Metazoa	320		0	False	3
P98078	Mus musculus	Metazoa	766		0	False	1
P25502	Saccharomyces cerevisiae (strain ATCC 204508 / S288c)	Fungi	979		0	False	5
Q8R4L0	Mus musculus	Metazoa	259		0	False	4
Q9VJQ5	Drosophila melanogaster	Metazoa	183		0	False	1
O24592	Zea mays	Plants	604		0	False	1
Q9H9D4	Homo sapiens	Metazoa	720		0	False	3
O94547	Schizosaccharomyces pombe (strain 972 / ATCC 24843)	Fungi	580		0	False	5
Q8H1Q1	Arabidopsis thaliana	Plants	280		0	False	4
P45976	Saccharomyces cerevisiae (strain ATCC 204508 / S288c)	Fungi	327		0	False	4
Q13794	Homo sapiens	Metazoa	54		0	False	5
Q95PA1	Doryteuthis pealeii	Metazoa	152		0	False	5
O04714	Arabidopsis thaliana	Plants	326		0	True	5
P22337	Ricinus communis	Plants	396		0	False	4
S4TF94	Humulus lupulus	Plants	527		0	False	5
Q08887	Saccharomyces cerevisiae (strain ATCC 204508 / S288c)	Fungi	554		0	False	2
Q61286	Mus musculus	Metazoa	706		0	False	1
Q65XX7	Caenorhabditis elegans	Metazoa	262		0	False	5
Q53QV2	Homo sapiens	Metazoa	105		0	False	4
F4JTP5	Arabidopsis thaliana	Plants	575		0	False	1
Q9NSI6	Homo sapiens	Metazoa	2320		0	False	5
Q9CR61	Mus musculus	Metazoa	137		0	False	2
Q9UBT6	Homo sapiens	Metazoa	870		0	False	1
O75475	Homo sapiens	Metazoa	530		0	False	5
Q14BI7	Mus musculus	Metazoa	1383		0	False	4
P38264	Saccharomyces cerevisiae (strain ATCC 204508 / S288c)	Fungi	188		0	True	3
Q0WNP3	Arabidopsis thaliana	Plants	617		0	False	5
Q9FWS3	Arabidopsis thaliana	Plants	435		0	False	5
G5EDT1	Caenorhabditis elegans	Metazoa	961		0	False	3
Q21209	Caenorhabditis elegans	Metazoa	702		0	False	2
Q9SRW7	Arabidopsis thaliana	Plants	208		0	False	1
Q8L4M1	Arabidopsis thaliana	Plants	367		0	False	1
Q9P296	Homo sapiens	Metazoa	337		0	True	2
Q9UTH3	Schizosaccharomyces pombe (strain 972 / ATCC 24843)	Fungi	775		0	False	5
Q9SK50	Arabidopsis thaliana	Plants	539		0	False	2
Q8C0C0	Mus musculus	Metazoa	836		0	False	2
P25038	Saccharomyces cerevisiae (strain ATCC 204508 / S288c)	Fungi	676		0	False	2
Q7SHF3	Neurospora crassa (strain ATCC 24698 / 74-OR23-1A / CBS 708.71 / DSM 1257 / FGSC 987)	Fungi	161		0	False	2
Q99547	Homo sapiens	Metazoa	160		0	False	2
P42699	Arabidopsis thaliana	Plants	167		0	False	2
Q03799	Saccharomyces cerevisiae (strain ATCC 204508 / S288c)	Fungi	155		0	False	2
Q9UGU0	Homo sapiens	Metazoa	1960		0	False	5
P07263	Saccharomyces cerevisiae (strain ATCC 204508 / S288c)	Fungi	546		0	False	2
Q9BX84	Homo sapiens	Metazoa	2022		0	False	1
Q12032	Saccharomyces cerevisiae (strain ATCC 204508 / S288c)	Fungi	185		0	False	4
P35582	Mus musculus	Metazoa	468		0	False	1
O75367	Homo sapiens	Metazoa	369		0	False	3
Q8N3V7	Homo sapiens	Metazoa	929		0	False	3
O43251	Homo sapiens	Metazoa	390		0	False	3
P84086	Mus musculus	Metazoa	134		0	False	2
Q01628	Homo sapiens	Metazoa	133		0	False	3
O75150	Homo sapiens	Metazoa	1001		0	False	2
Q9HA38	Homo sapiens	Metazoa	289		0	False	3
Q9D2A5	Mus musculus	Metazoa	370		0	False	1
Q9SYG2	Arabidopsis thaliana	Plants	383		0	False	4
Q12341	Saccharomyces cerevisiae (strain ATCC 204508 / S288c)	Fungi	374		0	False	5
P50552	Homo sapiens	Metazoa	380		0	False	3
Q9LJD7	Arabidopsis thaliana	Plants	182		0	False	1
Q9USM3	Schizosaccharomyces pombe (strain 972 / ATCC 24843)	Fungi	418		0	False	4
Q7L2J0	Homo sapiens	Metazoa	689		0	False	5
Q9C0C6	Homo sapiens	Metazoa	399		0	False	1
Q92353	Schizosaccharomyces pombe (strain 972 / ATCC 24843)	Fungi	468		0	False	3
D4AE59	Rattus norvegicus	Metazoa	436		0	False	3
Q96EL1	Homo sapiens	Metazoa	287		0	False	2
Q64475	Mus musculus	Metazoa	126		0	False	1
Q9GZV3	Homo sapiens	Metazoa	580		0	True	2
Q5U5Q3	Homo sapiens	Metazoa	659		0	False	2
P02294	Saccharomyces cerevisiae (strain ATCC 204508 / S288c)	Fungi	131		0	False	2
P14680	Saccharomyces cerevisiae (strain ATCC 204508 / S288c)	Fungi	807		0	False	5
Q8VZF1	Arabidopsis thaliana	Plants	569		0	False	2
Q8IEF6	Plasmodium falciparum (isolate 3D7)	Other	414		0	False	5
Q9SWA6	Arabidopsis thaliana	Plants	432		0	False	3
O95273	Homo sapiens	Metazoa	360		0	False	1
P05621	Triticum aestivum	Plants	150		0	False	5
P46667	Arabidopsis thaliana	Plants	312		0	False	3
Q13105	Homo sapiens	Metazoa	803		0	False	1
Q23979	Drosophila melanogaster	Metazoa	1035		0	False	5
A0A178VEK7	Arabidopsis thaliana	Plants	300		0	False	3
C6KST8	Plasmodium falciparum (isolate 3D7)	Other	358		0	True	3
Q61572	Mus musculus	Metazoa	553		0	False	5
A6NGQ2	Homo sapiens	Metazoa	149		0	False	3
Q9CAY1	Arabidopsis thaliana	Plants	623		0	False	5
Q8IZU1	Homo sapiens	Metazoa	332		0	False	1
O08564	Rattus norvegicus	Metazoa	282		0	True	2
Q9CZP5	Mus musculus	Metazoa	418		0	True	4
R4X244	Tulipa gesneriana	Plants	374		0	False	4
Q9LIS2	Arabidopsis thaliana	Plants	136		0	False	1
O43502	Homo sapiens	Metazoa	376		0	False	3
F4HVG8	Arabidopsis thaliana	Plants	611		0	False	5
Q8VEK3	Mus musculus	Metazoa	800		0	False	2
Q9SMX1	Arabidopsis thaliana	Plants	571		0	False	3
O94328	Schizosaccharomyces pombe (strain 972 / ATCC 24843)	Fungi	141		0	False	4
Q91X85	Mus musculus	Metazoa	551		0	False	5
P40205	Homo sapiens	Metazoa	109		0	False	3
B7ZR65	Xenopus laevis	Metazoa	477		0	False	1
O95817	Homo sapiens	Metazoa	575		0	False	2
Q3V0B4	Mus musculus	Metazoa	1847		0	False	1
O43464	Homo sapiens	Metazoa	458		0	False	4
O94740	Schizosaccharomyces pombe (strain 972 / ATCC 24843)	Fungi	466		0	False	1
Q9SIB9	Arabidopsis thaliana	Plants	990		0	False	1
P78417	Homo sapiens	Metazoa	241		0	False	5
A0A509AER3	Plasmodium berghei (strain Anka)	Other	247		0	False	1
Q05812	Saccharomyces cerevisiae (strain ATCC 204508 / S288c)	Fungi	728		0	False	4
Q08116	Homo sapiens	Metazoa	209		0	False	1
Q0VBL6	Mus musculus	Metazoa	662		0	False	3
Q4KMP7	Homo sapiens	Metazoa	808		0	False	4
Q9D494	Mus musculus	Metazoa	218		0	False	1
Q9C9U2	Arabidopsis thaliana	Plants	398		0	False	2
Q24025	Drosophila melanogaster	Metazoa	1038		0	True	1
P03880	Emericella nidulans	Fungi	488		0	False	4
D3W0D1	Homo sapiens	Metazoa	207		0	True	5
Q7L2Z9	Homo sapiens	Metazoa	268		0	False	3
Q19203	Caenorhabditis elegans	Metazoa	310		0	False	3
P93015	Arabidopsis thaliana	Plants	131		0	False	1
Q9UQY9	Schizosaccharomyces pombe (strain 972 / ATCC 24843)	Fungi	429		0	False	4
P32561	Saccharomyces cerevisiae (strain ATCC 204508 / S288c)	Fungi	433		0	False	5
Q8K1M4	Mus musculus	Metazoa	789		0	False	3
Q99717	Homo sapiens	Metazoa	465		0	False	4
Q9H6K1	Homo sapiens	Metazoa	298		0	False	2
Q8IUE6	Homo sapiens	Metazoa	130		0	False	4
D2WL32	Arabidopsis thaliana	Plants	899		0	False	2
Q6NV75	Homo sapiens	Metazoa	609		0	True	1
Q8BZB3	Mus musculus	Metazoa	538		0	False	5
Q8NGN3	Homo sapiens	Metazoa	311		0	True	3
Q14142	Homo sapiens	Metazoa	442		0	False	5
F4IHS2	Arabidopsis thaliana	Plants	3574		0	False	4
Q9D023	Mus musculus	Metazoa	127		0	True	2
Q9BR39	Homo sapiens	Metazoa	696		0	False	4
P58012	Homo sapiens	Metazoa	376		0	False	4
Q08683	Saccharomyces cerevisiae (strain ATCC 204508 / S288c)	Fungi	685		0	False	1
Q9NSD7	Homo sapiens	Metazoa	469		0	True	5
Q12497	Saccharomyces cerevisiae (strain ATCC 204508 / S288c)	Fungi	93		0	False	5
Q80VJ8	Mus musculus	Metazoa	648		0	False	5
Q2V2Q1	Saccharomyces cerevisiae (strain ATCC 204508 / S288c)	Fungi	113		0	False	4
P38120	Saccharomyces cerevisiae (strain ATCC 204508 / S288c)	Fungi	278		0	False	1
Q42777	Glycine max	Plants	731		0	False	4
Q59RL7	Candida albicans (strain SC5314 / ATCC MYA-2876)	Fungi	853		0	False	3
Q07878	Saccharomyces cerevisiae (strain ATCC 204508 / S288c)	Fungi	3144		0	False	3
Q06629	Saccharomyces cerevisiae (strain ATCC 204508 / S288c)	Fungi	674		0	False	1
P42567	Mus musculus	Metazoa	897		0	False	3
O94892	Homo sapiens	Metazoa	652		0	False	1
Q9SYQ0	Arabidopsis thaliana	Plants	463		0	False	5
Q8W1E3	Arabidopsis thaliana	Plants	298		0	False	1
P29372	Homo sapiens	Metazoa	298		0	False	2
P00237	Equisetum arvense	Plants	93		0	False	2
Q7Z333	Homo sapiens	Metazoa	2677		0	False	3
Q9VQB6	Drosophila melanogaster	Metazoa	971		0	False	3
P56381	Homo sapiens	Metazoa	51		0	False	4
Q9H8E8	Homo sapiens	Metazoa	782		0	False	1
P48148	Drosophila melanogaster	Metazoa	192		0	False	5
Q6EI12	Zea mays	Plants	402		0	False	1
P49590	Homo sapiens	Metazoa	506		0	False	3
Q06315	Saccharomyces cerevisiae (strain ATCC 204508 / S288c)	Fungi	1026		0	False	4
O81242	Arabidopsis thaliana	Plants	355		0	False	5
Q8CGA3	Mus musculus	Metazoa	568		0	True	5
P47127	Saccharomyces cerevisiae (strain ATCC 204508 / S288c)	Fungi	394		0	False	4
O75525	Homo sapiens	Metazoa	346		0	False	2
P39726	Saccharomyces cerevisiae (strain ATCC 204508 / S288c)	Fungi	170		0	False	2
Q9M219	Arabidopsis thaliana	Plants	558		0	False	3
P14149	Chlamydomonas reinhardtii	Plants	133		0	False	1
Q8L735	Arabidopsis thaliana	Plants	882		0	False	1
P61209	Drosophila melanogaster	Metazoa	182		0	False	2
Q96PS8	Homo sapiens	Metazoa	301		0	True	4
Q7FRS8	Arabidopsis thaliana	Plants	256		0	False	2
O82132	Arabidopsis thaliana	Plants	335		0	False	5
P43364	Homo sapiens	Metazoa	429		0	False	3
P49677	Arabidopsis thaliana	Plants	168		0	False	5
O82268	Arabidopsis thaliana	Plants	219		0	False	3
P55861	Xenopus laevis	Metazoa	886		0	False	1
P25847	Saccharomyces cerevisiae (strain ATCC 204508 / S288c)	Fungi	964		0	False	4
Q6P1L8	Homo sapiens	Metazoa	145		0	False	2
P38257	Saccharomyces cerevisiae (strain ATCC 204508 / S288c)	Fungi	691		0	False	3
Q96P11	Homo sapiens	Metazoa	429		0	False	3
Q9Y287	Homo sapiens	Metazoa	266		0	True	5
P78587	Candida albicans	Fungi	449		0	False	2
P42893	Rattus norvegicus	Metazoa	762		0	True	3
Q13835	Homo sapiens	Metazoa	747		0	False	3
Q9NW75	Homo sapiens	Metazoa	528		0	False	4
P56347	Chlorella vulgaris	Plants	161		0	False	5
Q8C6P8	Mus musculus	Metazoa	421		0	False	1
P22265	Drosophila melanogaster	Metazoa	954		0	False	4
P22974	Mytilus californianus	Metazoa	148		0	False	3
P17081	Homo sapiens	Metazoa	205		0	False	4
F4JZG9	Arabidopsis thaliana	Plants	384		0	False	2
P00414	Homo sapiens	Metazoa	261		0	True	3
Q01163	Saccharomyces cerevisiae (strain ATCC 204508 / S288c)	Fungi	450		0	False	4
Q1H537	Arabidopsis thaliana	Plants	417		0	False	4
Q86UT5	Homo sapiens	Metazoa	571		0	False	4
Q9TY83	Crithidia fasciculata	Other	130		0	False	4
P80511	Homo sapiens	Metazoa	92		0	False	3
Q9FN89	Arabidopsis thaliana	Plants	509		0	False	5
Q12236	Saccharomyces cerevisiae (strain ATCC 204508 / S288c)	Fungi	1081		0	False	2
Q86VP3	Homo sapiens	Metazoa	889		0	False	1
Q15916	Homo sapiens	Metazoa	424		0	False	1
Q9SR13	Arabidopsis thaliana	Plants	577		0	False	3
Q8L7E5	Arabidopsis thaliana	Plants	703		0	False	2
Q6KC79	Homo sapiens	Metazoa	2804		0	False	2
P08651	Homo sapiens	Metazoa	508		0	False	2
O13851	Schizosaccharomyces pombe (strain 972 / ATCC 24843)	Fungi	294		0	False	3
Q8BMB0	Mus musculus	Metazoa	1264		0	False	2
Q60876	Mus musculus	Metazoa	117		0	False	5
P11930	Mus musculus	Metazoa	357		0	False	5
Q7Z4N2	Homo sapiens	Metazoa	1603		0	False	5
P10828	Homo sapiens	Metazoa	461		0	False	5
Q8IY22	Homo sapiens	Metazoa	773		0	False	5
Q25417	Leishmania tarentolae	Other	498		0	False	2
O77460	Drosophila melanogaster	Metazoa	338		0	False	5
P01096	Bos taurus	Metazoa	109		0	False	4
O95484	Homo sapiens	Metazoa	217		0	True	4
Q8BGW0	Mus musculus	Metazoa	636		0	False	2
P46644	Arabidopsis thaliana	Plants	449		0	False	4
O35295	Mus musculus	Metazoa	324		0	False	1
Q9W4X9	Drosophila melanogaster	Metazoa	721		0	False	3
A2A9C3	Mus musculus	Metazoa	3431		0	False	4
O75529	Homo sapiens	Metazoa	589		0	False	2
P53913	Saccharomyces cerevisiae (strain ATCC 204508 / S288c)	Fungi	173		0	False	2
O14494	Homo sapiens	Metazoa	284		0	True	4
W6HUT3	Hedychium coronarium	Plants	593		0	False	1
P04181	Homo sapiens	Metazoa	439		0	False	1
Q9UKA2	Homo sapiens	Metazoa	621		0	False	4
Q9LU64	Arabidopsis thaliana	Plants	305		0	False	5
P38727	Saccharomyces cerevisiae (strain ATCC 204508 / S288c)	Fungi	235		0	True	5
P23949	Mus musculus	Metazoa	484		0	False	5
Q38796	Arabidopsis thaliana	Plants	953		0	False	4
Q1HTZ9	Aquarana catesbeiana	Metazoa	198		0	False	2
P49748	Homo sapiens	Metazoa	655		0	False	1
P51816	Homo sapiens	Metazoa	1311		0	False	1
Q0GRC4	Pisum sativum	Plants	228		0	False	4
P34158	Rattus norvegicus	Metazoa	1476		0	True	5
O74880	Schizosaccharomyces pombe (strain 972 / ATCC 24843)	Fungi	360		0	False	2
Q9C8Y3	Arabidopsis thaliana	Plants	511		0	False	4
Q9R0A1	Mus musculus	Metazoa	908		0	False	2
Q8TAC9	Homo sapiens	Metazoa	235		0	True	5
A0A7J6KE60	Toxoplasma gondii	Other	652		0	True	5
Q5C9Z4	Homo sapiens	Metazoa	860		0	False	3
P52272	Homo sapiens	Metazoa	730		0	False	4
Q8VC69	Mus musculus	Metazoa	545		0	True	4
P27705	Saccharomyces cerevisiae (strain ATCC 204508 / S288c)	Fungi	504		0	False	5
P08096	Schizosaccharomyces pombe (strain 972 / ATCC 24843)	Fungi	1485		0	False	3
O95255	Homo sapiens	Metazoa	1503		0	True	1
Q64520	Mus musculus	Metazoa	198		0	False	5
Q9US22	Schizosaccharomyces pombe (strain 972 / ATCC 24843)	Fungi	201		0	False	3
P49585	Homo sapiens	Metazoa	367		0	False	1
Q96EE3	Homo sapiens	Metazoa	360		0	False	3
Q9UGK8	Homo sapiens	Metazoa	458		0	False	5
P61978	Homo sapiens	Metazoa	463		0	False	4
Q02884	Saccharomyces cerevisiae (strain ATCC 204508 / S288c)	Fungi	456		0	False	3
P33748	Saccharomyces cerevisiae (strain ATCC 204508 / S288c)	Fungi	704		0	False	5
Q8R4D5	Mus musculus	Metazoa	1104		0	False	5
Q9FVE6	Arabidopsis thaliana	Plants	245		0	False	1
Q02241	Homo sapiens	Metazoa	960		0	False	1
Q9VYX1	Drosophila melanogaster	Metazoa	101		0	False	1
Q38906	Arabidopsis thaliana	Plants	313		0	False	2
Q8VYR5	Arabidopsis thaliana	Plants	444		0	False	4
Q69TW5	Oryza sativa subsp. japonica	Plants	324		0	False	4
O88951	Mus musculus	Metazoa	207		0	False	1
Q9CQV7	Mus musculus	Metazoa	116		0	True	1
Q08891	Arabidopsis thaliana	Plants	616		0	False	3
Q7RYM5	Neurospora crassa (strain ATCC 24698 / 74-OR23-1A / CBS 708.71 / DSM 1257 / FGSC 987)	Fungi	292		0	False	2
Q15018	Homo sapiens	Metazoa	415		0	False	5
Q9BSI4	Homo sapiens	Metazoa	451		0	False	1
Q61142	Mus musculus	Metazoa	262		0	False	3
Q9XFT3	Arabidopsis thaliana	Plants	224		0	False	5
Q99MY0	Mus musculus	Metazoa	378		0	False	5
P49133	Zea mays	Plants	409		0	False	3
C0HKE7	Mus musculus	Metazoa	130		0	False	5
Q8VZV9	Arabidopsis thaliana	Plants	161		0	False	2
P70423	Mus musculus	Metazoa	618		0	True	5
P83369	Homo sapiens	Metazoa	360		0	False	5
Q9JJ89	Mus musculus	Metazoa	426		0	False	2
Q5VUG0	Homo sapiens	Metazoa	894		0	False	4
Q9NR82	Homo sapiens	Metazoa	932		0	False	4
P62908	Mus musculus	Metazoa	243		0	False	1
P38988	Saccharomyces cerevisiae (strain ATCC 204508 / S288c)	Fungi	300		0	True	3
Q9FNN3	Arabidopsis thaliana	Plants	908		0	False	2
P30939	Homo sapiens	Metazoa	366		0	True	2
Q96LT7	Homo sapiens	Metazoa	481		0	False	3
G5EBV0	Caenorhabditis elegans	Metazoa	723		0	False	5
O74434	Schizosaccharomyces pombe (strain 972 / ATCC 24843)	Fungi	626		0	False	1
P68165	Datura stramonium	Plants	97		0	False	2
Q8RWZ6	Arabidopsis thaliana	Plants	616		0	True	4
P78549	Homo sapiens	Metazoa	304		0	False	2
Q00055	Saccharomyces cerevisiae (strain ATCC 204508 / S288c)	Fungi	391		0	False	3
Q8N9N5	Homo sapiens	Metazoa	519		0	False	1
Q05636	Saccharomyces cerevisiae (strain ATCC 204508 / S288c)	Fungi	305		0	False	5
O43521	Homo sapiens	Metazoa	198		0	False	3
P22696	Saccharomyces cerevisiae (strain ATCC 204508 / S288c)	Fungi	170		0	False	5
P26360	Ipomoea batatas	Plants	326		0	False	3
Q66PJ3	Homo sapiens	Metazoa	237		0	False	2
P07884	Saccharomyces cerevisiae (strain ATCC 204508 / S288c)	Fungi	428		0	False	3
Q8R4D1	Mus musculus	Metazoa	576		0	True	3
Q4U0Y4	Xenopus laevis	Metazoa	392		0	False	2
Q01981	Emericella nidulans (strain FGSC A4 / ATCC 38163 / CBS 112.46 / NRRL 194 / M139)	Fungi	416		0	False	1
Q9JIH2	Mus musculus	Metazoa	466		0	False	4
Q9D1J1	Mus musculus	Metazoa	266		0	False	3
B2AFA8	Podospora anserina (strain S / ATCC MYA-4624 / DSM 980 / FGSC 10383)	Fungi	775		0	False	3
Q8I8V0	Drosophila melanogaster	Metazoa	555		0	False	1
Q60866	Mus musculus	Metazoa	349		0	False	2
Q8CGP2	Mus musculus	Metazoa	126		0	False	1
P53303	Saccharomyces cerevisiae (strain ATCC 204508 / S288c)	Fungi	486		0	False	1
P28659	Mus musculus	Metazoa	486		0	False	4
Q8BHY3	Mus musculus	Metazoa	960		0	False	2
P53883	Saccharomyces cerevisiae (strain ATCC 204508 / S288c)	Fungi	403		0	False	1
Q2NND9	Arabidopsis thaliana	Plants	371		0	False	3
O13525	Saccharomyces cerevisiae (strain ATCC 204508 / S288c)	Fungi	335		0	False	2
P43427	Rattus norvegicus	Metazoa	502		0	True	4
Q8MUM2	Toxoplasma gondii	Other	568		0	True	1
O02073	Caenorhabditis elegans	Metazoa	376		0	False	4
Q1PDV6	Arabidopsis thaliana	Plants	513		0	False	2
P87137	Schizosaccharomyces pombe (strain 972 / ATCC 24843)	Fungi	929		0	False	5
O44074	Ascaris suum	Metazoa	282		0	False	3
P20153	Drosophila melanogaster	Metazoa	508		0	False	3
Q9UGM6	Homo sapiens	Metazoa	360		0	False	2
Q9XEA1	Arabidopsis thaliana	Plants	772		0	True	2
O43633	Homo sapiens	Metazoa	222		0	False	3
P42526	Dictyostelium discoideum	Other	118		0	False	2
P21555	Rattus norvegicus	Metazoa	382		0	True	2
Q9UBT7	Homo sapiens	Metazoa	734		0	False	2
O35303	Rattus norvegicus	Metazoa	755		0	False	2
P42586	Mus musculus	Metazoa	273		0	False	2
P34247	Saccharomyces cerevisiae (strain ATCC 204508 / S288c)	Fungi	250		0	False	5
O95644	Homo sapiens	Metazoa	943		0	False	1
Q944L3	Arabidopsis thaliana	Plants	446		0	False	3
O43148	Homo sapiens	Metazoa	476		0	False	2
Q0J8M2	Oryza sativa subsp. japonica	Plants	139		0	False	2
P36213	Hordeum vulgare	Plants	205		0	False	1
P59856	Pyropia yezoensis	Other	161		0	False	2
Q8RWL4	Arabidopsis thaliana	Plants	349		0	False	3
Q61458	Mus musculus	Metazoa	323		0	False	5
P79960	Xenopus laevis	Metazoa	362		0	True	2
Q5HYJ3	Homo sapiens	Metazoa	339		0	False	1
O62203	Caenorhabditis elegans	Metazoa	1073		0	False	4
P70670	Mus musculus	Metazoa	2187		0	False	5
Q19253	Caenorhabditis elegans	Metazoa	592		0	False	5
Q9WU01	Mus musculus	Metazoa	349		0	False	2
P48412	Saccharomyces cerevisiae (strain ATCC 204508 / S288c)	Fungi	387		0	False	3
O00192	Homo sapiens	Metazoa	962		0	False	4
Q54LT0	Dictyostelium discoideum	Other	275		0	False	2
Q96CB9	Homo sapiens	Metazoa	384		0	False	1
P14920	Homo sapiens	Metazoa	347		0	False	2
G5EDE1	Caenorhabditis elegans	Metazoa	336		0	False	5
Q7TSS2	Mus musculus	Metazoa	422		0	False	3
Q7TSE9	Rattus norvegicus	Metazoa	278		0	False	5
O80874	Arabidopsis thaliana	Plants	508		0	False	3
Q8IYL9	Homo sapiens	Metazoa	337		0	True	4
Q9H008	Homo sapiens	Metazoa	270		0	False	5
Q6ZLB0	Oryza sativa subsp. japonica	Plants	436		0	False	3
P62249	Homo sapiens	Metazoa	146		0	False	1
Q9ULE0	Homo sapiens	Metazoa	1216		0	False	2
Q9BKU4	Caenorhabditis elegans	Metazoa	275		0	False	2
Q9D219	Mus musculus	Metazoa	1425		0	False	4
P38302	Saccharomyces cerevisiae (strain ATCC 204508 / S288c)	Fungi	140		0	False	1
Q6ZMT4	Homo sapiens	Metazoa	941		0	False	3
A0A3L6DPG1	Zea mays	Plants	361		0	False	1
Q96LI6	Homo sapiens	Metazoa	401		0	False	1
P10870	Saccharomyces cerevisiae (strain ATCC 204508 / S288c)	Fungi	884		0	False	3
Q20716	Caenorhabditis elegans	Metazoa	267		0	False	2
Q9HCS7	Homo sapiens	Metazoa	855		0	False	3
Q9BYJ4	Homo sapiens	Metazoa	488		0	False	4
P12530	Oryctolagus cuniculus	Metazoa	663		0	False	4
Q8TDM6	Homo sapiens	Metazoa	1919		0	False	2
Q9H2S6	Homo sapiens	Metazoa	317		0	True	1
P55209	Homo sapiens	Metazoa	391		0	False	2
Q9FPR3	Arabidopsis thaliana	Plants	933		0	False	1
Q9M2D8	Arabidopsis thaliana	Plants	212		0	False	5
Q04725	Homo sapiens	Metazoa	743		0	False	3
Q0QWG9	Mus musculus	Metazoa	1203		0	False	1
P84873	Hyoscyamus niger	Plants	97		0	False	2
P47050	Saccharomyces cerevisiae (strain ATCC 204508 / S288c)	Fungi	842		0	False	1
P97414	Mus musculus	Metazoa	668		0	False	5
P55072	Homo sapiens	Metazoa	806		0	False	5
Q03834	Saccharomyces cerevisiae (strain ATCC 204508 / S288c)	Fungi	1242		0	False	1
P10276	Homo sapiens	Metazoa	462		0	False	4
P24309	Saccharomyces cerevisiae (strain ATCC 204508 / S288c)	Fungi	405		0	False	2
Q02337	Bos taurus	Metazoa	344		0	False	4
Q9U2Z2	Caenorhabditis elegans	Metazoa	412		0	False	4
Q12432	Saccharomyces cerevisiae (strain ATCC 204508 / S288c)	Fungi	401		0	False	4
Q18237	Caenorhabditis elegans	Metazoa	1076		0	False	5
Q6PDU7	Rattus norvegicus	Metazoa	103		0	False	4
Q8N5C7	Homo sapiens	Metazoa	304		0	False	2
P22141	Saccharomyces cerevisiae (strain ATCC 204508 / S288c)	Fungi	198		0	False	3
P0CG48	Homo sapiens	Metazoa	685		0	False	4
D3YXK1	Mus musculus	Metazoa	519		0	False	5
P36606	Schizosaccharomyces pombe (strain 972 / ATCC 24843)	Fungi	468		0	True	2
Q02647	Saccharomyces cerevisiae (strain ATCC 204508 / S288c)	Fungi	92		0	False	3
P18848	Homo sapiens	Metazoa	351		0	False	3
B9DHT4	Arabidopsis thaliana	Plants	710		0	False	1
O14523	Homo sapiens	Metazoa	706		0	True	2
A0JPL0	Rattus norvegicus	Metazoa	549		0	False	4
Q3UZD5	Mus musculus	Metazoa	596		0	False	1
O14802	Homo sapiens	Metazoa	1390		0	False	2
Q17TI5	Arabidopsis thaliana	Plants	344		0	False	1
Q9BQI0	Homo sapiens	Metazoa	150		0	False	3
Q96AV8	Homo sapiens	Metazoa	911		0	False	1
Q99PF5	Rattus norvegicus	Metazoa	721		0	False	1
Q6NZN1	Mus musculus	Metazoa	1644		0	False	4
Q9Y2Z4	Homo sapiens	Metazoa	477		0	False	5
Q7T1H5	Danio rerio	Metazoa	411		0	False	5
A1L188	Homo sapiens	Metazoa	74		0	False	5
P49917	Homo sapiens	Metazoa	911		0	False	4
P23394	Saccharomyces cerevisiae (strain ATCC 204508 / S288c)	Fungi	588		0	False	2
Q42967	Nicotiana tabacum	Plants	391		0	False	2
P03903	Mus musculus	Metazoa	98		0	True	2
Q9Z301	Rattus norvegicus	Metazoa	1257		0	False	3
P00030	Eisenia fetida	Metazoa	108		0	False	5
Q9H4Z3	Homo sapiens	Metazoa	704		0	False	3
P47058	Saccharomyces cerevisiae (strain ATCC 204508 / S288c)	Fungi	250		0	False	4
O00422	Homo sapiens	Metazoa	153		0	False	5
P53212	Saccharomyces cerevisiae (strain ATCC 204508 / S288c)	Fungi	290		0	False	3
P05026	Homo sapiens	Metazoa	303		0	True	2
Q9CAC5	Arabidopsis thaliana	Plants	191		0	True	5
O23141	Arabidopsis thaliana	Plants	711		0	False	5
P25963	Homo sapiens	Metazoa	317		0	False	1
P41238	Homo sapiens	Metazoa	236		0	False	3
Q9Y7M6	Schizosaccharomyces pombe (strain 972 / ATCC 24843)	Fungi	217		0	False	5
P35996	Saccharomyces cerevisiae (strain ATCC 204508 / S288c)	Fungi	138		0	False	3
Q9CAL8	Arabidopsis thaliana	Plants	710		0	False	5
Q9GPE9	Trypanosoma brucei brucei	Other	519		0	False	4
P38891	Saccharomyces cerevisiae (strain ATCC 204508 / S288c)	Fungi	393		0	False	2
P38624	Saccharomyces cerevisiae (strain ATCC 204508 / S288c)	Fungi	215		0	False	5
Q8AVT9	Xenopus laevis	Metazoa	370		0	False	3
P40340	Saccharomyces cerevisiae (strain ATCC 204508 / S288c)	Fungi	1379		0	False	3
O88446	Rattus norvegicus	Metazoa	551		0	True	5
Q9NJP9	Trypanosoma brucei brucei	Other	512		0	False	4
Q9H078	Homo sapiens	Metazoa	707		0	False	1
O94397	Schizosaccharomyces pombe (strain 972 / ATCC 24843)	Fungi	344		0	False	1
F4IE66	Arabidopsis thaliana	Plants	717		0	False	2
Q12495	Saccharomyces cerevisiae (strain ATCC 204508 / S288c)	Fungi	606		0	False	3
P32841	Saccharomyces cerevisiae (strain ATCC 204508 / S288c)	Fungi	428		0	False	2
Q0WVF8	Arabidopsis thaliana	Plants	1134		0	False	5
Q8GZ52	Arabidopsis thaliana	Plants	1400		0	False	3
Q9V6G5	Drosophila melanogaster	Metazoa	378		0	False	2
Q12211	Saccharomyces cerevisiae (strain ATCC 204508 / S288c)	Fungi	544		0	False	2
P53881	Saccharomyces cerevisiae (strain ATCC 204508 / S288c)	Fungi	309		0	False	5
Q5BJU5	Rattus norvegicus	Metazoa	160		0	True	2
Q8R151	Mus musculus	Metazoa	1909		0	False	2
Q8R5I7	Rattus norvegicus	Metazoa	938		0	False	1
Q62866	Rattus norvegicus	Metazoa	512		0	True	2
Q10LI1	Oryza sativa subsp. japonica	Plants	260		0	False	3
Q8IRW8	Drosophila melanogaster	Metazoa	2431		0	False	1
Q4WN10	Aspergillus fumigatus (strain ATCC MYA-4609 / CBS 101355 / FGSC A1100 / Af293)	Fungi	575		0	False	5
Q7Z591	Homo sapiens	Metazoa	1439		0	False	2
P97481	Mus musculus	Metazoa	874		0	False	2
Q9UKA1	Homo sapiens	Metazoa	691		0	False	4
O22558	Arabidopsis thaliana	Plants	546		0	False	4
P28221	Homo sapiens	Metazoa	377		0	True	3
Q5VNK1	Oryza sativa subsp. japonica	Plants	333		0	False	1
P00221	Spinacia oleracea	Plants	147		0	False	2
Q7TQI8	Mus musculus	Metazoa	677		0	False	5
A2A884	Mus musculus	Metazoa	2348		0	False	5
O04331	Arabidopsis thaliana	Plants	277		0	True	1
Q56P42	Homo sapiens	Metazoa	97		0	False	2
Q99LX0	Mus musculus	Metazoa	189		0	False	2
P08047	Homo sapiens	Metazoa	785		0	False	3
P70512	Rattus norvegicus	Metazoa	465		0	False	2
Q49AN0	Homo sapiens	Metazoa	593		0	False	2
Q99L90	Mus musculus	Metazoa	462		0	False	3
Q9LZS3	Arabidopsis thaliana	Plants	805		0	False	4
Q9ZVP8	Arabidopsis thaliana	Plants	414		0	False	5
Q06109	Saccharomyces cerevisiae (strain ATCC 204508 / S288c)	Fungi	277		0	False	4
P22314	Homo sapiens	Metazoa	1058		0	False	4
Q69Z66	Mus musculus	Metazoa	819		0	False	1
Q965W2	Caenorhabditis elegans	Metazoa	407		0	False	2
Q6PEM8	Mus musculus	Metazoa	459		0	True	2
P28186	Arabidopsis thaliana	Plants	216		0	False	5
Q96LA9	Homo sapiens	Metazoa	322		0	True	2
G5EEH9	Caenorhabditis elegans	Metazoa	1678		0	False	2
Q0WL52	Arabidopsis thaliana	Plants	580		0	False	4
P92506	Ascaris suum	Metazoa	188		0	True	1
P56274	Ulva pertusa	Plants	98		0	False	3
O74424	Schizosaccharomyces pombe (strain 972 / ATCC 24843)	Fungi	1837		0	False	2
P33339	Saccharomyces cerevisiae (strain ATCC 204508 / S288c)	Fungi	1025		0	False	2
Q24119	Drosophila melanogaster	Metazoa	1022		0	False	5
P09023	Mus musculus	Metazoa	224		0	False	3
P15280	Oryza sativa subsp. japonica	Plants	514		0	False	2
P46940	Homo sapiens	Metazoa	1657		0	False	5
Q8VBX6	Mus musculus	Metazoa	2055		0	False	1
Q12124	Saccharomyces cerevisiae (strain ATCC 204508 / S288c)	Fungi	431		0	False	5
P36873	Homo sapiens	Metazoa	323		0	False	4
Q3SXY8	Homo sapiens	Metazoa	428		0	False	1
P91082	Caenorhabditis elegans	Metazoa	317		0	False	2
P04050	Saccharomyces cerevisiae (strain ATCC 204508 / S288c)	Fungi	1733		0	False	3
P49792	Homo sapiens	Metazoa	3224		0	False	3
P00236	Equisetum telmateia	Plants	93		0	False	1
Q8WV37	Homo sapiens	Metazoa	535		0	False	1
Q96T83	Homo sapiens	Metazoa	725		0	True	3
O22059	Arabidopsis thaliana	Plants	94		0	False	5
Q11107	Caenorhabditis elegans	Metazoa	2248		0	False	3
Q9H310	Homo sapiens	Metazoa	458		0	True	1
Q9STY0	Arabidopsis thaliana	Plants	227		0	True	1
P07896	Rattus norvegicus	Metazoa	722		0	False	3
Q9U281	Caenorhabditis elegans	Metazoa	136		0	False	5
Q5RLM2	Rattus norvegicus	Metazoa	535		0	True	2
P23292	Saccharomyces cerevisiae (strain ATCC 204508 / S288c)	Fungi	546		0	False	1
O82265	Arabidopsis thaliana	Plants	1098		0	False	2
Q63HN8	Homo sapiens	Metazoa	5207		0	False	1
P05496	Homo sapiens	Metazoa	136		0	True	2
O35618	Mus musculus	Metazoa	489		0	False	5
Q9W1F4	Drosophila melanogaster	Metazoa	616		0	False	4
P61960	Homo sapiens	Metazoa	85		0	False	5
Q257B3	Trypanosoma brucei brucei	Other	345		0	False	1
Q9GMC9	Ovis aries	Metazoa	169		0	True	2
Q689Z5	Mus musculus	Metazoa	1390		0	False	3
Q00558	Mus musculus	Metazoa	381		0	False	5
P0CU18	Schizosaccharomyces pombe (strain 972 / ATCC 24843)	Fungi	443		0	False	4
Q8WYK0	Homo sapiens	Metazoa	555		0	False	5
Q8N1I0	Homo sapiens	Metazoa	1966		0	False	5
Q9DGN1	Xenopus laevis	Metazoa	1265		0	False	2
O14036	Schizosaccharomyces pombe (strain 972 / ATCC 24843)	Fungi	115		0	False	2
Q02447	Homo sapiens	Metazoa	781		0	False	4
P25089	Homo sapiens	Metazoa	353		0	True	5
P0C565	Tanacetum cinerariifolium	Plants	393		0	False	1
O60504	Homo sapiens	Metazoa	671		0	False	2
P31937	Homo sapiens	Metazoa	336		0	False	4
Q8J1Z1	Neurospora crassa (strain ATCC 24698 / 74-OR23-1A / CBS 708.71 / DSM 1257 / FGSC 987)	Fungi	88		0	False	1
Q8CGN4	Mus musculus	Metazoa	1759		0	False	4
Q99JR6	Mus musculus	Metazoa	245		0	False	3
O43615	Homo sapiens	Metazoa	452		0	False	1
P29295	Saccharomyces cerevisiae (strain ATCC 204508 / S288c)	Fungi	494		0	False	5
Q8N292	Homo sapiens	Metazoa	157		0	True	4
Q9UHD9	Homo sapiens	Metazoa	624		0	False	2
Q9FK02	Arabidopsis thaliana	Plants	380		0	False	3
Q8NH93	Homo sapiens	Metazoa	324		0	True	4
Q0WNX9	Arabidopsis thaliana	Plants	196		0	False	3
Q9SV68	Arabidopsis thaliana	Plants	329		0	False	1
D3KZG3	Caenorhabditis elegans	Metazoa	1285		0	False	5
P22068	Schizosaccharomyces pombe (strain 972 / ATCC 24843)	Fungi	525		0	False	1
Q95XQ8	Caenorhabditis elegans	Metazoa	823		0	False	3
O43082	Schizosaccharomyces pombe (strain 972 / ATCC 24843)	Fungi	233		0	False	3
G5EEC5	Caenorhabditis elegans	Metazoa	414		0	False	5
Q9CX80	Mus musculus	Metazoa	190		0	False	3
Q6A078	Mus musculus	Metazoa	2472		0	False	2
O95202	Homo sapiens	Metazoa	739		0	False	3
P48183	Zea mays	Plants	353		0	True	1
Q01094	Homo sapiens	Metazoa	437		0	False	2
Q6PDM2	Mus musculus	Metazoa	248		0	False	2
Q9UI17	Homo sapiens	Metazoa	866		0	False	5
Q8R1Q0	Mus musculus	Metazoa	292		0	False	3
Q9BUL9	Homo sapiens	Metazoa	199		0	False	3
P51817	Homo sapiens	Metazoa	358		0	False	2
P25090	Homo sapiens	Metazoa	351		0	True	1
Q14980	Homo sapiens	Metazoa	2115		0	False	3
P13663	Saccharomyces cerevisiae (strain ATCC 204508 / S288c)	Fungi	365		0	False	2
O02495	Caenorhabditis elegans	Metazoa	109		0	True	2
G5EGK6	Caenorhabditis elegans	Metazoa	2407		0	False	4
Q9N4M4	Caenorhabditis elegans	Metazoa	8545		0	False	3
P06269	Nicotiana tabacum	Plants	337		0	False	5
Q04656	Homo sapiens	Metazoa	1500		0	False	5
Q9Y252	Homo sapiens	Metazoa	685		0	False	3
Q45EK2	Caenorhabditis elegans	Metazoa	360		0	False	5
Q8VHW2	Mus musculus	Metazoa	423		0	True	1
P30987	Mus musculus	Metazoa	341		0	True	1
Q61762	Mus musculus	Metazoa	602		0	False	2
Q03941	Saccharomyces cerevisiae (strain ATCC 204508 / S288c)	Fungi	241		0	False	4
Q7TNN9	Rattus norvegicus	Metazoa	497		0	True	3
Q9Y2Z9	Homo sapiens	Metazoa	468		0	False	1
P83212	Bolinus brandaris	Metazoa	58		0	False	4
P23348	Rattus norvegicus	Metazoa	1227		0	False	1
G5EDM7	Caenorhabditis elegans	Metazoa	627		0	False	3
Q8IPX7	Drosophila melanogaster	Metazoa	232		0	False	1
Q12931	Homo sapiens	Metazoa	704		0	False	3
Q0WSX8	Arabidopsis thaliana	Plants	255		0	False	2
Q3KNV8	Homo sapiens	Metazoa	242		0	False	4
A0A1D6LTV0	Zea mays	Plants	627		0	False	4
P15505	Gallus gallus	Metazoa	1004		0	False	4
Q78T81	Mus musculus	Metazoa	392		0	False	2
O88559	Mus musculus	Metazoa	611		0	False	3
Q9SCR0	Arabidopsis thaliana	Plants	542		0	False	5
Q9FIP9	Arabidopsis thaliana	Plants	592		0	False	1
P02836	Drosophila melanogaster	Metazoa	552		0	False	4
Q9DEE9	Gallus gallus	Metazoa	396		0	False	3
Q60862	Mus musculus	Metazoa	576		0	False	1
P30554	Mus musculus	Metazoa	324		0	True	3
Q9FWR4	Arabidopsis thaliana	Plants	213		0	False	1
Q38869	Arabidopsis thaliana	Plants	501		0	False	4
H9JBU5	Bombyx mori	Metazoa	157		0	True	3
Q9JLV5	Mus musculus	Metazoa	768		0	False	3
Q8WX92	Homo sapiens	Metazoa	580		0	False	2
Q68DK7	Homo sapiens	Metazoa	614		0	False	3
Q86TL0	Homo sapiens	Metazoa	474		0	False	4
P17937	Schizosaccharomyces pombe (strain 972 / ATCC 24843)	Fungi	249		0	False	3
Q5SS91	Mus musculus	Metazoa	320		0	True	3
Q86VE9	Homo sapiens	Metazoa	423		0	True	1
Q9SCK6	Arabidopsis thaliana	Plants	469		0	False	5
Q9H6Q3	Homo sapiens	Metazoa	261		0	False	5
P01109	Gallus gallus	Metazoa	435		0	False	2
F4JWT7	Arabidopsis thaliana	Plants	383		0	False	2
Q8BXR9	Mus musculus	Metazoa	959		0	False	4
P25348	Saccharomyces cerevisiae (strain ATCC 204508 / S288c)	Fungi	183		0	False	2
P48746	Oryctolagus cuniculus	Metazoa	1237		0	False	3
Q8NHU3	Homo sapiens	Metazoa	365		0	True	5
Q8VYD2	Arabidopsis thaliana	Plants	386		0	False	2
Q9JLI6	Mus musculus	Metazoa	432		0	False	3
Q5TZ20	Homo sapiens	Metazoa	316		0	True	2
B2C6R6	Arabidopsis thaliana	Plants	681		0	False	1
Q84W65	Arabidopsis thaliana	Plants	371		0	False	2
Q9CWH0	Mus musculus	Metazoa	301		0	False	3
O82390	Arabidopsis thaliana	Plants	512		0	False	5
F4JW79	Arabidopsis thaliana	Plants	1493		0	False	2
Q8C7R7	Mus musculus	Metazoa	927		0	False	4
Q659A1	Homo sapiens	Metazoa	982		0	False	3
P47007	Saccharomyces cerevisiae (strain ATCC 204508 / S288c)	Fungi	382		0	False	4
Q9M2Z2	Arabidopsis thaliana	Plants	317		0	False	1
P97459	Mus musculus	Metazoa	594		0	False	5
Q8L8Z1	Arabidopsis thaliana	Plants	190		0	True	2
O80397	Arabidopsis thaliana	Plants	366		0	False	2
Q9VCX1	Drosophila melanogaster	Metazoa	1541		0	False	3
Q8IJX8	Plasmodium falciparum (isolate 3D7)	Other	107		0	False	2
Q9LF98	Arabidopsis thaliana	Plants	358		0	False	1
A0A075TXZ8	Penicillium expansum	Fungi	799		0	False	3
P39966	Saccharomyces cerevisiae (strain ATCC 204508 / S288c)	Fungi	464		0	False	4
Q9JMD0	Mus musculus	Metazoa	495		0	False	2
Q02156	Homo sapiens	Metazoa	737		0	False	5
Q96KR6	Homo sapiens	Metazoa	192		0	False	3
Q4V8H8	Rattus norvegicus	Metazoa	543		0	False	1
Q60793	Mus musculus	Metazoa	483		0	False	1
O43679	Homo sapiens	Metazoa	373		0	False	1
P21461	Drosophila melanogaster	Metazoa	314		0	False	1
Q9XID5	Arabidopsis thaliana	Plants	657		0	False	4
A1A6M1	Arabidopsis thaliana	Plants	387		0	False	3
Q20480	Caenorhabditis elegans	Metazoa	287		0	False	3
Q03828	Homo sapiens	Metazoa	476		0	False	3
P06734	Homo sapiens	Metazoa	321		0	True	1
Q4QQS1	Rattus norvegicus	Metazoa	425		0	True	3
P11414	Cricetulus griseus	Metazoa	1970		0	False	4
O13612	Schizosaccharomyces pombe (strain 972 / ATCC 24843)	Fungi	415		0	False	1
Q32NN2	Xenopus laevis	Metazoa	341		0	False	1
Q8ST83	Drosophila melanogaster	Metazoa	520		0	False	1
Q9NWU2	Homo sapiens	Metazoa	228		0	False	1
P39748	Homo sapiens	Metazoa	380		0	False	4
P02302	Xenopus laevis	Metazoa	136		0	False	3
G5ECN5	Caenorhabditis elegans	Metazoa	388		0	False	1
Q9H190	Homo sapiens	Metazoa	292		0	False	2
P08067	Saccharomyces cerevisiae (strain ATCC 204508 / S288c)	Fungi	215		0	True	5
Q9BQG2	Homo sapiens	Metazoa	462		0	False	2
P04080	Homo sapiens	Metazoa	98		0	False	4
P20807	Homo sapiens	Metazoa	821		0	False	3
P43403	Homo sapiens	Metazoa	619		0	False	5
Q8WXA9	Homo sapiens	Metazoa	508		0	False	2
A0A0B5L781	Penicillium brevicompactum	Fungi	398		0	False	1
Q43725	Arabidopsis thaliana	Plants	430		0	False	3
Q9NQ90	Homo sapiens	Metazoa	1003		0	False	2
Q8TCB6	Homo sapiens	Metazoa	318		0	True	3
Q96KR7	Homo sapiens	Metazoa	559		0	False	3
Q9NRX2	Homo sapiens	Metazoa	175		0	False	2
Q9W0K4	Drosophila melanogaster	Metazoa	1067		0	False	2
Q9BZJ0	Homo sapiens	Metazoa	848		0	False	4
P82658	Arabidopsis thaliana	Plants	229		0	False	5
P17712	Rattus norvegicus	Metazoa	465		0	False	3
Q69SV0	Oryza sativa subsp. japonica	Plants	478		0	False	1
Q3U1J4	Mus musculus	Metazoa	1140		0	False	4
O82504	Arabidopsis thaliana	Plants	1133		0	False	1
Q6ZWQ0	Mus musculus	Metazoa	6874		0	False	4
P43292	Arabidopsis thaliana	Plants	353		0	False	5
P21359	Homo sapiens	Metazoa	2839		0	False	2
Q9Z0Y9	Mus musculus	Metazoa	445		0	False	5
Q6IEL0	Oryza sativa subsp. indica	Plants	348		0	False	5
O55227	Rattus norvegicus	Metazoa	259		0	True	2
P31749	Homo sapiens	Metazoa	480		0	False	3
P32089	Rattus norvegicus	Metazoa	311		0	True	2
Q8BGD8	Mus musculus	Metazoa	79		0	False	3
Q6ZQM0	Mus musculus	Metazoa	377		0	False	2
P04045	Solanum tuberosum	Plants	966		0	False	4
O95342	Homo sapiens	Metazoa	1321		0	True	3
P43579	Saccharomyces cerevisiae (strain ATCC 204508 / S288c)	Fungi	692		0	False	2
Q9HCR9	Homo sapiens	Metazoa	933		0	False	4
P27638	Schizosaccharomyces pombe (strain 972 / ATCC 24843)	Fungi	372		0	False	1
Q12522	Saccharomyces cerevisiae (strain ATCC 204508 / S288c)	Fungi	245		0	False	4
Q944M5	Arabidopsis thaliana	Plants	251		0	True	2
O74803	Schizosaccharomyces pombe (strain 972 / ATCC 24843)	Fungi	368		0	False	3
Q9SRM4	Arabidopsis thaliana	Plants	246		0	False	2
P38227	Saccharomyces cerevisiae (strain ATCC 204508 / S288c)	Fungi	689		0	False	1
Q8TEQ6	Homo sapiens	Metazoa	1508		0	False	4
P29617	Drosophila melanogaster	Metazoa	1703		0	False	1
P17124	Canis lupus familiaris	Metazoa	359		0	True	2
Q9UH17	Homo sapiens	Metazoa	382		0	False	1
P20422	Daucus carota	Plants	97		0	False	2
Q9M2P7	Arabidopsis thaliana	Plants	308		0	False	2
O54972	Mus musculus	Metazoa	620		0	False	1
Q7XB14	Hordeum vulgare	Plants	408		0	False	2
Q09LZ8	Mus musculus	Metazoa	540		0	False	3
Q8C1Q6	Mus musculus	Metazoa	80		0	True	1
P34470	Caenorhabditis elegans	Metazoa	288		0	False	4
O15554	Homo sapiens	Metazoa	427		0	True	3
P40748	Rattus norvegicus	Metazoa	588		0	True	5
Q9SD40	Arabidopsis thaliana	Plants	370		0	False	5
D4A208	Rattus norvegicus	Metazoa	1071		0	False	3
P07213	Saccharomyces cerevisiae (strain ATCC 204508 / S288c)	Fungi	617		0	True	2
O76081	Homo sapiens	Metazoa	388		0	False	4
Q8VDQ8	Mus musculus	Metazoa	389		0	False	2
Q1H595	Arabidopsis thaliana	Plants	93		0	False	2
Q07230	Mus musculus	Metazoa	614		0	False	4
Q96KG9	Homo sapiens	Metazoa	808		0	False	3
Q86PC9	Drosophila melanogaster	Metazoa	460		0	False	4
O43739	Homo sapiens	Metazoa	400		0	False	1
P15796	Caenorhabditis elegans	Metazoa	191		0	False	2
Q9JKL5	Mus musculus	Metazoa	214		0	False	5
F4ISL7	Arabidopsis thaliana	Plants	2166		0	False	3
B0KZ40	Zea mays	Plants	426		0	False	1
P31271	Homo sapiens	Metazoa	388		0	False	2
Q9SAH8	Arabidopsis thaliana	Plants	532		0	True	2
P12695	Saccharomyces cerevisiae (strain ATCC 204508 / S288c)	Fungi	482		0	False	4
Q5W0Q7	Homo sapiens	Metazoa	1092		0	False	3
Q8L467	Arabidopsis thaliana	Plants	283		0	False	2
Q9SRP6	Arabidopsis thaliana	Plants	194		0	False	1
O88552	Mus musculus	Metazoa	230		0	True	5
P00175	Saccharomyces cerevisiae (strain ATCC 204508 / S288c)	Fungi	591		0	False	1
Q9FKA0	Arabidopsis thaliana	Plants	285		0	False	4
Q96251	Arabidopsis thaliana	Plants	238		0	False	4
O14021	Schizosaccharomyces pombe (strain 972 / ATCC 24843)	Fungi	431		0	False	4
Q9CXG9	Mus musculus	Metazoa	578		0	False	1
Q61301	Mus musculus	Metazoa	953		0	False	2
O13859	Schizosaccharomyces pombe (strain 972 / ATCC 24843)	Fungi	285		0	False	2
Q9VHY5	Drosophila melanogaster	Metazoa	479		0	False	3
Q9XED8	Arabidopsis thaliana	Plants	638		0	False	5
Q9Y2G0	Homo sapiens	Metazoa	817		0	False	2
P28370	Homo sapiens	Metazoa	1042		0	False	5
P06733	Homo sapiens	Metazoa	434		0	False	2
Q12769	Homo sapiens	Metazoa	1436		0	False	4
Q7Z419	Homo sapiens	Metazoa	303		0	False	1
Q9LRY0	Arabidopsis thaliana	Plants	189		0	False	1
Q91VR5	Mus musculus	Metazoa	740		0	False	1
Q9ULX6	Homo sapiens	Metazoa	646		0	False	5
Q3S4A7	Arabidopsis thaliana	Plants	922		0	False	5
Q8GUT5	Arabidopsis thaliana	Plants	288		0	False	3
D4A1X2	Rattus norvegicus	Metazoa	885		0	False	3
Q9JMB1	Mus musculus	Metazoa	375		0	False	4
Q9Y483	Homo sapiens	Metazoa	593		0	False	1
Q02629	Saccharomyces cerevisiae (strain ATCC 204508 / S288c)	Fungi	959		0	False	1
Q13769	Homo sapiens	Metazoa	683		0	False	3
Q08645	Saccharomyces cerevisiae (strain ATCC 204508 / S288c)	Fungi	548		0	False	1
P32505	Saccharomyces cerevisiae (strain ATCC 204508 / S288c)	Fungi	525		0	False	4
Q9LIE5	Arabidopsis thaliana	Plants	839		0	False	4
Q8I397	Plasmodium falciparum (isolate 3D7)	Other	1199		0	True	2
Q06819	Saccharomyces cerevisiae (strain ATCC 204508 / S288c)	Fungi	143		0	False	5
O44514	Caenorhabditis elegans	Metazoa	474		0	False	4
Q96JX3	Homo sapiens	Metazoa	654		0	True	2
P07340	Rattus norvegicus	Metazoa	304		0	True	5
P41891	Schizosaccharomyces pombe (strain 972 / ATCC 24843)	Fungi	500		0	False	3
P10176	Homo sapiens	Metazoa	69		0	True	1
P27716	Drosophila melanogaster	Metazoa	362		0	True	3
O15121	Homo sapiens	Metazoa	323		0	True	4
Q12208	Saccharomyces cerevisiae (strain ATCC 204508 / S288c)	Fungi	290		0	False	3
P40858	Saccharomyces cerevisiae (strain ATCC 204508 / S288c)	Fungi	161		0	False	1
P48455	Mus musculus	Metazoa	513		0	False	4
Q80YN4	Rattus norvegicus	Metazoa	1111		0	False	3
Q945P0	Nicotiana tabacum	Plants	209		0	False	1
F4I443	Arabidopsis thaliana	Plants	714		0	False	1
P35523	Homo sapiens	Metazoa	988		0	False	3
Q8TCQ1	Homo sapiens	Metazoa	289		0	False	5
Q8WVF1	Homo sapiens	Metazoa	389		0	False	1
P27472	Saccharomyces cerevisiae (strain ATCC 204508 / S288c)	Fungi	705		0	False	1
Q9UGI0	Homo sapiens	Metazoa	708		0	False	4
Q6P4F7	Homo sapiens	Metazoa	1023		0	False	3
Q02931	Saccharomyces cerevisiae (strain ATCC 204508 / S288c)	Fungi	896		0	False	4
Q99418	Homo sapiens	Metazoa	400		0	False	4
P36064	Saccharomyces cerevisiae (strain ATCC 204508 / S288c)	Fungi	111		0	False	5
P33411	Saccharomyces cerevisiae (strain ATCC 204508 / S288c)	Fungi	251		0	False	2
Q9ZNZ7	Arabidopsis thaliana	Plants	1622		0	False	4
Q15070	Homo sapiens	Metazoa	435		0	False	3
P54347	Chlamydomonas reinhardtii	Plants	153		0	False	2
D2EAC2	Mus musculus	Metazoa	980		0	False	4
Q9Y676	Homo sapiens	Metazoa	258		0	False	2
Q96D98	Homo sapiens	Metazoa	161		0	False	1
P52298	Homo sapiens	Metazoa	156		0	False	4
P12831	Sarcophaga peregrina	Metazoa	108		0	False	1
Q9UHE8	Homo sapiens	Metazoa	339		0	True	3
Q9C103	Schizosaccharomyces pombe (strain 972 / ATCC 24843)	Fungi	735		0	False	3
P68433	Mus musculus	Metazoa	136		0	False	5
P35251	Homo sapiens	Metazoa	1148		0	False	5
Q08962	Saccharomyces cerevisiae (strain ATCC 204508 / S288c)	Fungi	181		0	False	2
Q6CE48	Yarrowia lipolytica (strain CLIB 122 / E 150)	Fungi	312		0	False	4
Q9BV47	Homo sapiens	Metazoa	211		0	False	1
P23566	Schizosaccharomyces pombe (strain 972 / ATCC 24843)	Fungi	151		0	False	2
P03372	Homo sapiens	Metazoa	595		0	False	3
Q923Q2	Mus musculus	Metazoa	1113		0	False	2
P33447	Trypanosoma cruzi	Other	416		0	False	3
P21238	Arabidopsis thaliana	Plants	586		0	False	3
O75386	Homo sapiens	Metazoa	442		0	False	1
Q9Y6K0	Homo sapiens	Metazoa	416		0	True	5
Q96EZ8	Homo sapiens	Metazoa	462		0	False	3
O00219	Homo sapiens	Metazoa	553		0	True	3
P41779	Caenorhabditis elegans	Metazoa	338		0	False	2
P11308	Homo sapiens	Metazoa	479		0	False	1
Q9VWC6	Drosophila melanogaster	Metazoa	1596		0	False	3
Q9Y3B2	Homo sapiens	Metazoa	195		0	False	4
P51175	Mus musculus	Metazoa	477		0	False	5
P57742	Arabidopsis thaliana	Plants	151		0	False	4
Q557E4	Dictyostelium discoideum	Other	162		0	False	4
O15144	Homo sapiens	Metazoa	300		0	False	3
P14731	Gallus gallus	Metazoa	584		0	False	3
P09021	Mus musculus	Metazoa	270		0	False	1
Q969P6	Homo sapiens	Metazoa	601		0	False	2
Q9VZU4	Drosophila melanogaster	Metazoa	265		0	False	3
Q86YR5	Homo sapiens	Metazoa	675		0	False	5
Q8N2Y8	Homo sapiens	Metazoa	1516		0	False	3
Q10361	Schizosaccharomyces pombe (strain 972 / ATCC 24843)	Fungi	616		0	False	2
Q8N3J5	Homo sapiens	Metazoa	372		0	False	4
Q9NVV4	Homo sapiens	Metazoa	582		0	False	2
Q3TBT3	Mus musculus	Metazoa	378		0	True	5
O93295	Gallus gallus	Metazoa	493		0	True	3
Q16186	Homo sapiens	Metazoa	407		0	False	4
Q9LEZ1	Arabidopsis thaliana	Plants	144		0	False	2
Q93Y07	Arabidopsis thaliana	Plants	622		0	True	5
P16443	Rattus norvegicus	Metazoa	325		0	False	5
P31853	Spinacia oleracea	Plants	222		0	True	1
P23638	Saccharomyces cerevisiae (strain ATCC 204508 / S288c)	Fungi	258		0	False	1
Q1XG89	Bombyx mori	Metazoa	1759		0	False	4
Q5TKA1	Homo sapiens	Metazoa	542		0	False	5
Q5FWI3	Mus musculus	Metazoa	1383		0	True	5
Q86PD7	Drosophila melanogaster	Metazoa	354		0	False	3
Q9SCK3	Arabidopsis thaliana	Plants	261		0	True	3
P26431	Rattus norvegicus	Metazoa	820		0	False	2
P38772	Saccharomyces cerevisiae (strain ATCC 204508 / S288c)	Fungi	366		0	False	4
Q9Y276	Homo sapiens	Metazoa	419		0	True	2
Q9S775	Arabidopsis thaliana	Plants	1384		0	False	1
O75204	Homo sapiens	Metazoa	238		0	False	1
Q9NQU5	Homo sapiens	Metazoa	681		0	False	3
Q39734	Flaveria brownii	Plants	955		0	False	2
P17007	Cyanophora paradoxa	Other	99		0	False	5
Q9XSM3	Oryctolagus cuniculus	Metazoa	730		0	False	1
Q13601	Homo sapiens	Metazoa	381		0	False	5
Q9H0U9	Homo sapiens	Metazoa	437		0	False	4
Q02556	Homo sapiens	Metazoa	426		0	False	1
P30776	Schizosaccharomyces pombe (strain 972 / ATCC 24843)	Fungi	628		0	False	3
Q9BYX4	Homo sapiens	Metazoa	1025		0	False	2
Q9UFC0	Homo sapiens	Metazoa	647		0	False	3
Q9Y603	Homo sapiens	Metazoa	341		0	False	2
P46896	Gallus gallus	Metazoa	490		0	True	4
O43683	Homo sapiens	Metazoa	1085		0	False	3
Q6Q477	Mus musculus	Metazoa	1205		0	False	2
O75781	Homo sapiens	Metazoa	387		0	False	5
Q9ESD7	Mus musculus	Metazoa	2090		0	False	3
P70354	Mus musculus	Metazoa	204		0	False	5
P61599	Homo sapiens	Metazoa	178		0	False	3
G5EGS7	Caenorhabditis elegans	Metazoa	324		0	False	5
Q8R1F1	Mus musculus	Metazoa	749		0	False	1
F4JT76	Arabidopsis thaliana	Plants	1034		0	False	2
Q9U7E0	Caenorhabditis elegans	Metazoa	1359		0	False	4
Q8IZ08	Homo sapiens	Metazoa	494		0	True	1
Q700C7	Arabidopsis thaliana	Plants	364		0	False	2
P36517	Saccharomyces cerevisiae (strain ATCC 204508 / S288c)	Fungi	319		0	False	4
F4KDN0	Arabidopsis thaliana	Plants	857		0	False	3
Q8AYI2	Rana dybowskii	Metazoa	711		0	False	2
P14226	Pisum sativum	Plants	329		0	False	5
Q96PM9	Homo sapiens	Metazoa	386		0	False	1
O15318	Homo sapiens	Metazoa	223		0	False	1
Q9W3E1	Drosophila melanogaster	Metazoa	1022		0	False	1
Q9W1X4	Drosophila melanogaster	Metazoa	1711		0	False	3
P81373	Alocasia macrorrhizos	Plants	98		0	False	5
Q01355	Neurospora crassa (strain ATCC 24698 / 74-OR23-1A / CBS 708.71 / DSM 1257 / FGSC 987)	Fungi	362		0	False	4
Q9H1K1	Homo sapiens	Metazoa	167		0	False	1
B4FZ81	Zea mays	Plants	555		0	False	5
O48713	Arabidopsis thaliana	Plants	585		0	False	2
Q12746	Saccharomyces cerevisiae (strain ATCC 204508 / S288c)	Fungi	312		0	True	3
Q12440	Saccharomyces cerevisiae (strain ATCC 204508 / S288c)	Fungi	853		0	False	2
Q15722	Homo sapiens	Metazoa	352		0	True	4
Q923I7	Mus musculus	Metazoa	670		0	True	2
Q8TE04	Homo sapiens	Metazoa	598		0	False	5
H2KYS8	Caenorhabditis elegans	Metazoa	1107		0	True	4
Q8IEK7	Plasmodium falciparum (isolate 3D7)	Other	87		0	False	1
Q8VHK9	Mus musculus	Metazoa	1001		0	False	5
Q9ZW85	Arabidopsis thaliana	Plants	251		0	False	3
P97822	Mus musculus	Metazoa	260		0	False	3
Q8VY26	Arabidopsis thaliana	Plants	570		0	False	5
Q6R053	Arabidopsis thaliana	Plants	323		0	False	1
Q3KRB8	Homo sapiens	Metazoa	267		0	False	2
Q8VZ80	Arabidopsis thaliana	Plants	539		0	True	3
Q6ZN17	Homo sapiens	Metazoa	250		0	False	1
P53312	Saccharomyces cerevisiae (strain ATCC 204508 / S288c)	Fungi	427		0	False	1
Q8GYC1	Arabidopsis thaliana	Plants	516		0	False	3
O88574	Mus musculus	Metazoa	220		0	False	2
P52657	Homo sapiens	Metazoa	109		0	False	2
Q39101	Arabidopsis thaliana	Plants	255		0	False	3
Q9NXX6	Homo sapiens	Metazoa	385		0	False	1
Q9NZU7	Homo sapiens	Metazoa	370		0	False	2
P55789	Homo sapiens	Metazoa	205		0	False	2
Q8JFY9	Xenopus laevis	Metazoa	292		0	False	1
P22204	Saccharomyces cerevisiae (strain ATCC 204508 / S288c)	Fungi	572		0	False	1
P39207	Arabidopsis thaliana	Plants	149		0	False	5
P12787	Mus musculus	Metazoa	146		0	False	2
P40532	Saccharomyces cerevisiae (strain ATCC 204508 / S288c)	Fungi	138		0	True	4
O95218	Homo sapiens	Metazoa	330		0	False	2
Q7F2L3	Oryza sativa subsp. japonica	Plants	303		0	False	3
P34021	Drosophila melanogaster	Metazoa	878		0	False	1
P28352	Mus musculus	Metazoa	317		0	False	4
Q0WLC6	Arabidopsis thaliana	Plants	1089		0	False	1
O88286	Mus musculus	Metazoa	1684		0	False	3
Q3E7B2	Saccharomyces cerevisiae (strain ATCC 204508 / S288c)	Fungi	85		0	True	3
Q969F2	Homo sapiens	Metazoa	451		0	False	3
P04037	Saccharomyces cerevisiae (strain ATCC 204508 / S288c)	Fungi	155		0	False	5
Q96P48	Homo sapiens	Metazoa	1450		0	False	5
Q8N4F4	Homo sapiens	Metazoa	552		0	True	5
F4JHH5	Arabidopsis thaliana	Plants	787		0	False	1
P68166	Datura quercifolia	Plants	97		0	False	2
P41318	Saccharomyces cerevisiae (strain ATCC 204508 / S288c)	Fungi	303		0	False	2
Q9Z2F6	Mus musculus	Metazoa	448		0	False	4
Q9JL04	Mus musculus	Metazoa	1578		0	False	5
Q5A960	Candida albicans (strain SC5314 / ATCC MYA-2876)	Fungi	833		0	False	3
Q60949	Mus musculus	Metazoa	1255		0	False	2
Q12368	Saccharomyces cerevisiae (strain ATCC 204508 / S288c)	Fungi	194		0	False	1
Q9SU72	Arabidopsis thaliana	Plants	623		0	False	4
Q8K1Z0	Mus musculus	Metazoa	313		0	False	1
P36131	Saccharomyces cerevisiae (strain ATCC 204508 / S288c)	Fungi	295		0	False	4
P20084	Saccharomyces cerevisiae (strain ATCC 204508 / S288c)	Fungi	86		0	False	2
P69566	Mus musculus	Metazoa	653		0	False	3
P26447	Homo sapiens	Metazoa	101		0	False	5
P30872	Homo sapiens	Metazoa	391		0	True	4
Q6STE5	Homo sapiens	Metazoa	483		0	False	5
O60412	Homo sapiens	Metazoa	319		0	True	4
P53919	Saccharomyces cerevisiae (strain ATCC 204508 / S288c)	Fungi	492		0	False	4
Q8H1U5	Arabidopsis thaliana	Plants	865		0	False	2
Q8R4B8	Mus musculus	Metazoa	1033		0	False	5
P06003	Spinacia oleracea	Plants	473		0	True	3
P54150	Arabidopsis thaliana	Plants	258		0	False	2
P03928	Homo sapiens	Metazoa	68		0	True	3
P22893	Mus musculus	Metazoa	319		0	False	2
Q4QQW4	Rattus norvegicus	Metazoa	482		0	False	1
P31209	Schizosaccharomyces pombe (strain 972 / ATCC 24843)	Fungi	653		0	False	5
Q9NR22	Homo sapiens	Metazoa	394		0	False	1
O43823	Homo sapiens	Metazoa	692		0	False	5
P54265	Mus musculus	Metazoa	631		0	False	4
Q8BGC3	Mus musculus	Metazoa	486		0	True	1
P19659	Saccharomyces cerevisiae (strain ATCC 204508 / S288c)	Fungi	1081		0	False	5
O00270	Homo sapiens	Metazoa	319		0	True	1
Q7SGU0	Neurospora crassa (strain ATCC 24698 / 74-OR23-1A / CBS 708.71 / DSM 1257 / FGSC 987)	Fungi	376		0	False	1
I1M2G5	Glycine max	Plants	534		0	False	1
B8XCH5	Arabidopsis thaliana	Plants	1081		0	False	4
Q02152	Mus musculus	Metazoa	479		0	True	3
Q05831	Mytilus trossulus	Metazoa	203		0	False	4
P16886	Strongylocentrotus purpuratus	Metazoa	126		0	False	2
Q9SE83	Arabidopsis thaliana	Plants	914		0	False	1
P24493	Spinacia oleracea	Plants	433		0	False	4
P53688	Saccharomyces cerevisiae (strain ATCC 204508 / S288c)	Fungi	370		0	False	2
P22343	Euglena viridis	Other	87		0	False	5
Q9Y6R1	Homo sapiens	Metazoa	1079		0	False	2
Q01517	Pisum sativum	Plants	349		0	False	1
P08912	Homo sapiens	Metazoa	532		0	True	3
Q9SU05	Arabidopsis thaliana	Plants	382		0	False	4
Q04359	Saccharomyces cerevisiae (strain ATCC 204508 / S288c)	Fungi	397		0	False	4
Q5S007	Homo sapiens	Metazoa	2527		0	False	1
A0A386CAB9	Danio rerio	Metazoa	1355		0	False	3
Q8CBX0	Mus musculus	Metazoa	802		0	True	3
Q8NE79	Homo sapiens	Metazoa	360		0	True	3
Q17990	Caenorhabditis elegans	Metazoa	439		0	True	3
Q5ICL9	Arabidopsis thaliana	Plants	574		0	False	1
P0CT72	Schizosaccharomyces pombe (strain 972 / ATCC 24843)	Fungi	253		0	False	3
Q96GC9	Homo sapiens	Metazoa	406		0	True	4
P30414	Homo sapiens	Metazoa	1462		0	False	1
P25500	Bos taurus	Metazoa	739		0	False	3
Q7SIF9	Agarophyton chilense	Other	177		0	False	5
Q8L9A0	Arabidopsis thaliana	Plants	270		0	False	5
Q6ATR0	Oryza sativa subsp. japonica	Plants	197		0	False	5
Q01750	Rattus norvegicus	Metazoa	249		0	False	2
Q10574	Caenorhabditis elegans	Metazoa	142		0	False	4
Q16637	Homo sapiens	Metazoa	294		0	False	5
O22788	Arabidopsis thaliana	Plants	236		0	False	3
Q08991	Saccharomyces cerevisiae (strain ATCC 204508 / S288c)	Fungi	375		0	True	3
G5EDS1	Caenorhabditis elegans	Metazoa	455		0	False	2
Q9Z1Y0	Rattus norvegicus	Metazoa	236		0	False	3
Q9LFL6	Arabidopsis thaliana	Plants	336		0	False	4
P22227	Mus musculus	Metazoa	288		0	False	2
Q8VYD4	Arabidopsis thaliana	Plants	867		0	True	2
Q6NVG5	Mus musculus	Metazoa	214		0	False	3
Q7XAK4	Oryza sativa subsp. japonica	Plants	212		0	False	4
P35293	Mus musculus	Metazoa	206		0	False	1
Q09826	Schizosaccharomyces pombe (strain 972 / ATCC 24843)	Fungi	408		0	False	5
P27516	Dunaliella salina	Plants	172		0	False	4
P53725	Saccharomyces cerevisiae (strain ATCC 204508 / S288c)	Fungi	186		0	False	4
P17429	Emericella nidulans (strain FGSC A4 / ATCC 38163 / CBS 112.46 / NRRL 194 / M139)	Fungi	876		0	False	5
P53983	Saccharomyces cerevisiae (strain ATCC 204508 / S288c)	Fungi	676		0	True	3
K7WIZ6	Zea mays	Plants	623		0	False	1
O24174	Oryza sativa subsp. japonica	Plants	505		0	False	5
Q84V03	Arabidopsis thaliana	Plants	778		0	False	1
Q9Y2N7	Homo sapiens	Metazoa	669		0	False	2
Q801D8	Cynoscion nebulosus	Metazoa	352		0	True	4
Q4WF55	Aspergillus fumigatus (strain ATCC MYA-4609 / CBS 101355 / FGSC A1100 / Af293)	Fungi	462		0	False	1
Q8IYL3	Homo sapiens	Metazoa	243		0	False	5
Q03218	Saccharomyces cerevisiae (strain ATCC 204508 / S288c)	Fungi	510		0	False	1
P62597	Gallus gallus	Metazoa	778		0	False	3
P53909	Saccharomyces cerevisiae (strain ATCC 204508 / S288c)	Fungi	347		0	False	2
Q07458	Saccharomyces cerevisiae (strain ATCC 204508 / S288c)	Fungi	294		0	False	4
Q8H136	Arabidopsis thaliana	Plants	619		0	False	3
P56785	Arabidopsis thaliana	Plants	1786		0	True	3
Q93WL3	Arabidopsis thaliana	Plants	238		0	False	2
Q9ZVD0	Arabidopsis thaliana	Plants	720		0	False	5
P46062	Mus musculus	Metazoa	1037		0	False	3
Q5TA45	Homo sapiens	Metazoa	600		0	False	3
Q9Z0R0	Mus musculus	Metazoa	754		0	False	1
P97714	Mus musculus	Metazoa	562		0	False	5
Q9CAH0	Arabidopsis thaliana	Plants	188		0	False	1
A0A0D1CRC9	Mycosarcoma maydis	Fungi	534		0	False	5
P35408	Homo sapiens	Metazoa	488		0	True	1
Q3UB74	Mus musculus	Metazoa	406		0	False	4
O09100	Mus musculus	Metazoa	480		0	False	5
P00225	Leucaena leucocephala	Plants	96		0	False	1
Q9NVP1	Homo sapiens	Metazoa	670		0	False	1
Q3U9N9	Mus musculus	Metazoa	512		0	True	1
P40541	Saccharomyces cerevisiae (strain ATCC 204508 / S288c)	Fungi	1150		0	False	4
A0A1S3XSG2	Nicotiana tabacum	Plants	786		0	False	3
Q09490	Caenorhabditis elegans	Metazoa	123		0	False	1
F4JXF1	Arabidopsis thaliana	Plants	581		0	False	5
Q14995	Homo sapiens	Metazoa	579		0	False	5
P17568	Homo sapiens	Metazoa	137		0	False	5
F4JVH1	Arabidopsis thaliana	Plants	907		0	False	1
Q9Y5A7	Homo sapiens	Metazoa	615		0	False	1
Q5ND34	Mus musculus	Metazoa	1934		0	False	3
Q9LDY5	Arabidopsis thaliana	Plants	247		0	False	5
Q04052	Saccharomyces cerevisiae (strain ATCC 204508 / S288c)	Fungi	950		0	False	3
Q8C1E7	Mus musculus	Metazoa	343		0	False	2
Q99958	Homo sapiens	Metazoa	501		0	False	1
P97468	Mus musculus	Metazoa	371		0	True	2
Q9V7P1	Drosophila melanogaster	Metazoa	506		0	False	3
Q9EST8	Mus musculus	Metazoa	728		0	False	5
P12003	Gallus gallus	Metazoa	1135		0	False	4
Q9Y675	Homo sapiens	Metazoa	71		0	False	1
P09630	Homo sapiens	Metazoa	235		0	False	2
Q90Z80	Xenopus laevis	Metazoa	392		0	False	1
P46783	Homo sapiens	Metazoa	165		0	False	5
P39706	Saccharomyces cerevisiae (strain ATCC 204508 / S288c)	Fungi	426		0	False	4
Q2LKW6	Mus musculus	Metazoa	1233		0	False	2
O88470	Mus musculus	Metazoa	375		0	False	2
Q8VY52	Arabidopsis thaliana	Plants	232		0	False	1
Q9LZA6	Arabidopsis thaliana	Plants	825		0	False	2
P52597	Homo sapiens	Metazoa	415		0	False	5
Q96I23	Homo sapiens	Metazoa	114		0	False	1
Q15772	Homo sapiens	Metazoa	3267		0	False	2
Q9XH37	Oryza sativa subsp. indica	Plants	277		0	False	1
P14733	Mus musculus	Metazoa	588		0	False	5
Q8BIF2	Mus musculus	Metazoa	374		0	False	1
Q7JNM3	Caenorhabditis elegans	Metazoa	315		0	False	3
Q03081	Saccharomyces cerevisiae (strain ATCC 204508 / S288c)	Fungi	177		0	False	5
Q64430	Mus musculus	Metazoa	1491		0	False	4
Q23045	Caenorhabditis elegans	Metazoa	470		0	False	5
Q949J1	Chlamydomonas reinhardtii	Plants	192		0	False	4
Q6PCM1	Mus musculus	Metazoa	1323		0	False	4
P54784	Saccharomyces cerevisiae (strain ATCC 204508 / S288c)	Fungi	914		0	False	4
P28807	Spinacia oleracea	Plants	88		0	False	3
Q04930	Saccharomyces cerevisiae (strain ATCC 204508 / S288c)	Fungi	467		0	False	2
Q94AQ9	Arabidopsis thaliana	Plants	260		0	False	2
A0A0K9RDW0	Spinacia oleracea	Plants	675		0	False	3
Q7Z2D5	Homo sapiens	Metazoa	763		0	True	1
P41134	Homo sapiens	Metazoa	155		0	False	2
P40457	Saccharomyces cerevisiae (strain ATCC 204508 / S288c)	Fungi	1679		0	False	4
Q6ZPK0	Mus musculus	Metazoa	688		0	False	2
P49750	Homo sapiens	Metazoa	2146		0	False	2
Q12143	Saccharomyces cerevisiae (strain ATCC 204508 / S288c)	Fungi	216		0	False	1
Q9BX66	Homo sapiens	Metazoa	1292		0	False	1
P52426	Spinacia oleracea	Plants	435		0	False	2
Q8R331	Mus musculus	Metazoa	154		0	False	5
Q02792	Saccharomyces cerevisiae (strain ATCC 204508 / S288c)	Fungi	1006		0	False	3
Q9Y7N0	Schizosaccharomyces pombe (strain 972 / ATCC 24843)	Fungi	578		0	False	2
Q494U1	Homo sapiens	Metazoa	611		0	False	2
P56134	Homo sapiens	Metazoa	94		0	True	4
Q91WZ8	Mus musculus	Metazoa	352		0	False	4
P38704	Saccharomyces cerevisiae (strain ATCC 204508 / S288c)	Fungi	541		0	False	3
P36023	Saccharomyces cerevisiae (strain ATCC 204508 / S288c)	Fungi	863		0	False	4
Q06525	Saccharomyces cerevisiae (strain ATCC 204508 / S288c)	Fungi	465		0	False	2
Q8LFW5	Arabidopsis thaliana	Plants	277		0	False	3
O73932	Xenopus laevis	Metazoa	594		0	False	4
Q9NSP4	Homo sapiens	Metazoa	180		0	False	1
A0A120KVR8	Trypanosoma brucei brucei	Other	1728		0	False	1
Q6W0C5	Homo sapiens	Metazoa	159		0	False	5
Q12139	Saccharomyces cerevisiae (strain ATCC 204508 / S288c)	Fungi	1133		0	False	1
Q8VI67	Mus musculus	Metazoa	428		0	False	5
P09629	Homo sapiens	Metazoa	217		0	False	5
O35381	Mus musculus	Metazoa	247		0	False	1
P25702	Arabidopsis thaliana	Plants	136		0	False	2
Q0WPF2	Arabidopsis thaliana	Plants	808		0	False	5
Q8WTV0	Homo sapiens	Metazoa	552		0	True	1
J3QMI4	Mus musculus	Metazoa	347		0	True	4
Q9Y5Q8	Homo sapiens	Metazoa	519		0	False	1
Q9LMT0	Arabidopsis thaliana	Plants	391		0	False	4
Q9BXI2	Homo sapiens	Metazoa	301		0	True	5
P0CU17	Schizosaccharomyces pombe (strain 972 / ATCC 24843)	Fungi	443		0	False	5
P17106	Saccharomyces cerevisiae (strain ATCC 204508 / S288c)	Fungi	351		0	False	3
A9LNK9	Arabidopsis thaliana	Plants	631		0	False	4
Q12955	Homo sapiens	Metazoa	4377		0	False	5
Q38830	Arabidopsis thaliana	Plants	239		0	False	1
P08621	Homo sapiens	Metazoa	437		0	False	4
K7QHS5	Humulus lupulus	Plants	408		0	False	5
P15771	Gallus gallus	Metazoa	694		0	False	4
Q6UB28	Homo sapiens	Metazoa	335		0	False	1
Q94BU8	Arabidopsis thaliana	Plants	185		0	False	5
Q9QUZ8	Rattus norvegicus	Metazoa	562		0	False	1
P25615	Saccharomyces cerevisiae (strain ATCC 204508 / S288c)	Fungi	582		0	False	4
Q8LFH5	Arabidopsis thaliana	Plants	239		0	True	3
P40164	Saccharomyces cerevisiae (strain ATCC 204508 / S288c)	Fungi	858		0	False	3
Q9LQT8	Arabidopsis thaliana	Plants	533		0	False	5
Q9P2N6	Homo sapiens	Metazoa	904		0	False	3
P0DPK0	Xenopus laevis	Metazoa	237		0	False	1
P0CT69	Schizosaccharomyces pombe (strain 972 / ATCC 24843)	Fungi	176		0	False	3
Q13247	Homo sapiens	Metazoa	344		0	False	1
Q9Y6Y0	Homo sapiens	Metazoa	642		0	False	2
Q8S4Y1	Arabidopsis thaliana	Plants	403		0	False	5
Q8QFX1	Gallus gallus	Metazoa	1325		0	False	5
Q9HCC0	Homo sapiens	Metazoa	563		0	False	4
P36629	Schizosaccharomyces pombe (strain 972 / ATCC 24843)	Fungi	517		0	False	1
Q9SD11	Arabidopsis thaliana	Plants	103		0	False	3
Q8N1F7	Homo sapiens	Metazoa	819		0	False	5
H9JD76	Bombyx mori	Metazoa	629		0	True	3
P39952	Saccharomyces cerevisiae (strain ATCC 204508 / S288c)	Fungi	402		0	False	1
Q9VL76	Drosophila melanogaster	Metazoa	613		0	False	1
Q5T9G4	Homo sapiens	Metazoa	340		0	False	2
P11440	Mus musculus	Metazoa	297		0	False	3
P42925	Mus musculus	Metazoa	194		0	True	2
Q8LEU3	Arabidopsis thaliana	Plants	348		0	False	3
Q08208	Saccharomyces cerevisiae (strain ATCC 204508 / S288c)	Fungi	459		0	False	2
Q5EE01	Homo sapiens	Metazoa	88		0	False	4
P12687	Saccharomyces cerevisiae (strain ATCC 204508 / S288c)	Fungi	371		0	False	4
Q70SY1	Homo sapiens	Metazoa	520		0	False	3
Q01196	Homo sapiens	Metazoa	453		0	False	3
Q9VSA3	Drosophila melanogaster	Metazoa	419		0	False	5
Q9VKD7	Drosophila melanogaster	Metazoa	253		0	True	4
O14581	Homo sapiens	Metazoa	309		0	True	2
P31170	Arabidopsis thaliana	Plants	227		0	False	1
Q56X52	Arabidopsis thaliana	Plants	351		0	False	4
P61224	Homo sapiens	Metazoa	184		0	False	4
Q9LEV3	Arabidopsis thaliana	Plants	206		0	False	3
P26645	Mus musculus	Metazoa	309		0	False	2
Q39016	Arabidopsis thaliana	Plants	495		0	False	1
Q9NZI6	Homo sapiens	Metazoa	479		0	False	4
Q3MKQ2	Rattus norvegicus	Metazoa	128		0	False	5
P51530	Homo sapiens	Metazoa	1060		0	False	3
Q9NQS7	Homo sapiens	Metazoa	918		0	False	4
P31356	Todarodes pacificus	Metazoa	448		0	True	3
A0A075TRB3	Penicillium expansum	Fungi	259		0	False	1
Q9LJN8	Arabidopsis thaliana	Plants	340		0	False	1
O14867	Homo sapiens	Metazoa	736		0	False	2
Q91XJ0	Rattus norvegicus	Metazoa	401		0	False	3
Q05543	Saccharomyces cerevisiae (strain ATCC 204508 / S288c)	Fungi	409		0	False	2
D3YN49	Xenopus laevis	Metazoa	316		0	False	4
P80457	Bos taurus	Metazoa	1332		0	False	3
Q9USV1	Schizosaccharomyces pombe (strain 972 / ATCC 24843)	Fungi	299		0	False	3
P97756	Rattus norvegicus	Metazoa	505		0	False	5
P17706	Homo sapiens	Metazoa	415		0	False	2
Q80ZC8	Rattus norvegicus	Metazoa	226		0	True	4
P42003	Drosophila melanogaster	Metazoa	455		0	False	5
Q9SRH9	Arabidopsis thaliana	Plants	1372		0	False	2
P62714	Homo sapiens	Metazoa	309		0	False	2
O00472	Homo sapiens	Metazoa	640		0	False	1
Q9JJK4	Rattus norvegicus	Metazoa	372		0	True	5
Q9XFD1	Arabidopsis thaliana	Plants	257		0	False	1
P41353	Tetrahymena thermophila (strain SB210)	Other	136		0	False	5
Q96TA1	Homo sapiens	Metazoa	746		0	False	4
Q9BYC2	Homo sapiens	Metazoa	517		0	False	4
Q91VE6	Mus musculus	Metazoa	317		0	False	5
F4JL28	Arabidopsis thaliana	Plants	234		0	False	3
Q8RWX4	Arabidopsis thaliana	Plants	611		0	False	3
Q9HAW0	Homo sapiens	Metazoa	419		0	False	5
Q02864	Saccharomyces cerevisiae (strain ATCC 204508 / S288c)	Fungi	156		0	False	3
F1REV3	Danio rerio	Metazoa	740		0	False	4
P53208	Saccharomyces cerevisiae (strain ATCC 204508 / S288c)	Fungi	328		0	False	2
Q94BY9	Arabidopsis thaliana	Plants	550		0	False	4
O13788	Schizosaccharomyces pombe (strain 972 / ATCC 24843)	Fungi	527		0	False	5
Q99581	Homo sapiens	Metazoa	238		0	False	3
Q9STW6	Arabidopsis thaliana	Plants	718		0	False	1
Q9HBY8	Homo sapiens	Metazoa	367		0	False	4
Q9UM07	Homo sapiens	Metazoa	663		0	False	3
P38319	Saccharomyces cerevisiae (strain ATCC 204508 / S288c)	Fungi	544		0	False	3
P30009	Rattus norvegicus	Metazoa	309		0	False	3
P18283	Homo sapiens	Metazoa	190		0	False	3
Q00900	Rattus norvegicus	Metazoa	2437		0	False	1
Q07930	Saccharomyces cerevisiae (strain ATCC 204508 / S288c)	Fungi	204		0	False	4
O00154	Homo sapiens	Metazoa	380		0	False	4
O15056	Homo sapiens	Metazoa	1496		0	False	1
Q9UKT7	Homo sapiens	Metazoa	428		0	False	5
Q9FHP6	Arabidopsis thaliana	Plants	168		0	False	4
P08011	Rattus norvegicus	Metazoa	155		0	True	5
P39687	Homo sapiens	Metazoa	249		0	False	1
P53323	Saccharomyces cerevisiae (strain ATCC 204508 / S288c)	Fungi	261		0	False	2
Q8BWN8	Mus musculus	Metazoa	421		0	False	3
P30366	Arabidopsis thaliana	Plants	318		0	False	5
Q64727	Mus musculus	Metazoa	1066		0	False	4
Q06340	Saccharomyces cerevisiae (strain ATCC 204508 / S288c)	Fungi	456		0	False	4
P54785	Saccharomyces cerevisiae (strain ATCC 204508 / S288c)	Fungi	490		0	False	3
Q9SGY2	Arabidopsis thaliana	Plants	423		0	False	2
Q04430	Saccharomyces cerevisiae (strain ATCC 204508 / S288c)	Fungi	367		0	False	4
Q76NM7	Plasmodium falciparum (isolate 3D7)	Other	207		0	False	1
P53070	Saccharomyces cerevisiae (strain ATCC 204508 / S288c)	Fungi	669		0	False	2
Q6NUF4	Xenopus laevis	Metazoa	716		0	False	5
D0EL35	Arabidopsis thaliana	Plants	1272		0	False	1
Q8R1B0	Mus musculus	Metazoa	408		0	False	2
Q9LV75	Arabidopsis thaliana	Plants	113		0	False	2
Q8VY74	Arabidopsis thaliana	Plants	333		0	False	4
P00290	Lactuca sativa	Plants	99		0	False	3
O88267	Rattus norvegicus	Metazoa	419		0	False	3
P01872	Mus musculus	Metazoa	454		0	False	2
P53167	Saccharomyces cerevisiae (strain ATCC 204508 / S288c)	Fungi	370		0	False	2
P92189	Drosophila melanogaster	Metazoa	321		0	False	3
P04910	Schizosaccharomyces pombe (strain 972 / ATCC 24843)	Fungi	131		0	False	3
P39961	Saccharomyces cerevisiae (strain ATCC 204508 / S288c)	Fungi	794		0	False	2
O14064	Schizosaccharomyces pombe (strain 972 / ATCC 24843)	Fungi	997		0	False	5
O13848	Schizosaccharomyces pombe (strain 972 / ATCC 24843)	Fungi	284		0	False	1
Q8RX26	Arabidopsis thaliana	Plants	367		0	False	4
P48044	Bos taurus	Metazoa	370		0	True	4
P49789	Homo sapiens	Metazoa	147		0	False	4
Q9SAK5	Arabidopsis thaliana	Plants	358		0	False	4
O74789	Schizosaccharomyces pombe (strain 972 / ATCC 24843)	Fungi	348		0	False	3
P30536	Homo sapiens	Metazoa	169		0	True	5
O95453	Homo sapiens	Metazoa	639		0	False	1
P36077	Saccharomyces cerevisiae (strain ATCC 204508 / S288c)	Fungi	127		0	False	4
P05314	Spinacia oleracea	Plants	594		0	False	1
Q4WUN7	Aspergillus fumigatus (strain ATCC MYA-4609 / CBS 101355 / FGSC A1100 / Af293)	Fungi	378		0	False	4
Q9UHJ3	Homo sapiens	Metazoa	866		0	False	1
P11310	Homo sapiens	Metazoa	421		0	False	5
Q504P2	Mus musculus	Metazoa	267		0	True	1
Q9WUB6	Mus musculus	Metazoa	687		0	True	1
O59790	Schizosaccharomyces pombe (strain 972 / ATCC 24843)	Fungi	355		0	False	3
P40237	Mus musculus	Metazoa	266		0	True	3
O00934	Toxoplasma gondii	Other	831		0	False	2
Q9R0N6	Mus musculus	Metazoa	395		0	True	5
Q3UP24	Mus musculus	Metazoa	1024		0	False	2
O14843	Homo sapiens	Metazoa	346		0	True	3
P28004	Saccharomyces cerevisiae (strain ATCC 204508 / S288c)	Fungi	379		0	False	1
O35492	Mus musculus	Metazoa	490		0	False	2
Q9M276	Arabidopsis thaliana	Plants	235		0	False	1
Q2TAP0	Homo sapiens	Metazoa	167		0	False	4
Q18533	Caenorhabditis elegans	Metazoa	341		0	False	2
P05023	Homo sapiens	Metazoa	1023		0	True	3
P46933	Rattus norvegicus	Metazoa	711		0	False	2
P92208	Drosophila melanogaster	Metazoa	372		0	False	1
Q08968	Saccharomyces cerevisiae (strain ATCC 204508 / S288c)	Fungi	688		0	False	1
P05480	Mus musculus	Metazoa	535		0	False	5
Q9WU72	Mus musculus	Metazoa	309		0	True	1
Q7RZF0	Neurospora crassa (strain ATCC 24698 / 74-OR23-1A / CBS 708.71 / DSM 1257 / FGSC 987)	Fungi	255		0	False	5
P28066	Homo sapiens	Metazoa	241		0	False	3
O23035	Arabidopsis thaliana	Plants	72		0	True	2
Q9UTN3	Schizosaccharomyces pombe (strain 972 / ATCC 24843)	Fungi	684		0	False	5
Q9SVM8	Arabidopsis thaliana	Plants	158		0	False	4
Q27890	Leishmania mexicana	Other	361		0	False	1
Q7TQD2	Mus musculus	Metazoa	218		0	False	4
P50416	Homo sapiens	Metazoa	773		0	True	5
O94238	Schizosaccharomyces pombe (strain 972 / ATCC 24843)	Fungi	134		0	False	1
Q8WXB4	Homo sapiens	Metazoa	792		0	False	3
O95452	Homo sapiens	Metazoa	261		0	True	4
P38182	Saccharomyces cerevisiae (strain ATCC 204508 / S288c)	Fungi	117		0	False	4
Q13309	Homo sapiens	Metazoa	424		0	False	2
P46580	Caenorhabditis elegans	Metazoa	734		0	False	2
P17208	Mus musculus	Metazoa	421		0	False	5
P12270	Homo sapiens	Metazoa	2363		0	False	2
Q8CI11	Mus musculus	Metazoa	538		0	False	1
Q9SIL6	Arabidopsis thaliana	Plants	286		0	True	3
Q9LIK0	Arabidopsis thaliana	Plants	596		0	False	4
A0A509AFM3	Plasmodium berghei (strain Anka)	Other	304		0	True	1
F4IRB4	Arabidopsis thaliana	Plants	484		0	False	5
Q9NX55	Homo sapiens	Metazoa	121		0	False	5
P53170	Saccharomyces cerevisiae (strain ATCC 204508 / S288c)	Fungi	491		0	False	4
Q9U1H0	Drosophila melanogaster	Metazoa	1832		0	False	5
A0A0U2X0E4	Mycosarcoma maydis	Fungi	443		0	False	4
Q96SY0	Homo sapiens	Metazoa	518		0	False	1
Q11208	Sarcophaga peregrina	Metazoa	996		0	False	3
O94880	Homo sapiens	Metazoa	948		0	False	1
Q9M9S3	Arabidopsis thaliana	Plants	263		0	False	4
P93736	Arabidopsis thaliana	Plants	1108		0	False	4
Q9NUB1	Homo sapiens	Metazoa	689		0	False	5
P12383	Saccharomyces cerevisiae (strain ATCC 204508 / S288c)	Fungi	1068		0	False	1
Q8BKJ9	Mus musculus	Metazoa	402		0	False	2
Q54HS3	Dictyostelium discoideum	Other	1486		0	False	3
Q8BZL1	Mus musculus	Metazoa	478		0	False	4
O81027	Arabidopsis thaliana	Plants	468		0	False	3
P47119	Saccharomyces cerevisiae (strain ATCC 204508 / S288c)	Fungi	197		0	False	4
P03882	Saccharomyces cerevisiae (strain ATCC 204508 / S288c)	Fungi	235		0	False	4
P26687	Mus musculus	Metazoa	206		0	False	3
P46483	Euglena gracilis	Other	338		0	False	4
Q9FX53	Arabidopsis thaliana	Plants	406		0	False	1
Q06546	Homo sapiens	Metazoa	454		0	False	3
P80680	Zea mays	Plants	97		0	False	3
Q14692	Homo sapiens	Metazoa	1282		0	False	3
P23179	Saccharomyces cerevisiae (strain ATCC 204508 / S288c)	Fungi	398		0	False	5
Q56Y52	Arabidopsis thaliana	Plants	467		0	False	3
Q9UBD6	Homo sapiens	Metazoa	479		0	True	4
Q8IVG5	Homo sapiens	Metazoa	1584		0	False	4
Q75VN4	Zhangixalus schlegelii	Metazoa	126		0	False	5
P37207	Porphyridium purpureum	Other	162		0	False	5
Q9W261	Drosophila melanogaster	Metazoa	775		0	False	5
P50749	Homo sapiens	Metazoa	326		0	False	4
Q3URK3	Mus musculus	Metazoa	2039		0	False	5
P97879	Rattus norvegicus	Metazoa	1112		0	False	5
Q9Y6Q9	Homo sapiens	Metazoa	1424		0	False	5
P20067	Mus musculus	Metazoa	168		0	False	5
P14653	Homo sapiens	Metazoa	301		0	False	3
O00571	Homo sapiens	Metazoa	662		0	False	5
Q7Z7K0	Homo sapiens	Metazoa	106		0	False	2
P38077	Saccharomyces cerevisiae (strain ATCC 204508 / S288c)	Fungi	311		0	False	5
Q06139	Saccharomyces cerevisiae (strain ATCC 204508 / S288c)	Fungi	101		0	False	2
P00876	Nicotiana tabacum	Plants	477		0	False	1
Q09142	Schizosaccharomyces pombe (strain 972 / ATCC 24843)	Fungi	535		0	False	3
P0CV96	Fragaria vesca	Plants	580		0	False	3
Q85FY7	Cyanidioschyzon merolae (strain NIES-3377 / 10D)	Other	748		0	True	3
P42027	Brassica oleracea	Plants	215		0	False	3
O43933	Homo sapiens	Metazoa	1283		0	False	5
Q5I0E9	Rattus norvegicus	Metazoa	566		0	True	1
Q9H222	Homo sapiens	Metazoa	651		0	False	2
P06774	Saccharomyces cerevisiae (strain ATCC 204508 / S288c)	Fungi	265		0	False	5
P57728	Schizosaccharomyces pombe (strain 972 / ATCC 24843)	Fungi	148		0	False	1
P53283	Saccharomyces cerevisiae (strain ATCC 204508 / S288c)	Fungi	614		0	False	1
Q9SKR2	Arabidopsis thaliana	Plants	541		0	True	2
Q8K299	Mus musculus	Metazoa	491		0	True	4
Q9Y7Y5	Schizosaccharomyces pombe (strain 972 / ATCC 24843)	Fungi	369		0	False	2
P10156	Tetrahymena thermophila (strain SB210)	Other	164		0	False	1
Q13057	Homo sapiens	Metazoa	564		0	False	2
P09671	Mus musculus	Metazoa	222		0	False	3
Q80XQ8	Mus musculus	Metazoa	194		0	True	4
P70404	Mus musculus	Metazoa	393		0	False	2
Q86XK3	Homo sapiens	Metazoa	245		0	False	2
Q03200	Oryza sativa subsp. japonica	Plants	128		0	False	2
Q5U4E0	Mus musculus	Metazoa	247		0	True	1
P61793	Mus musculus	Metazoa	364		0	True	4
Q96CU9	Homo sapiens	Metazoa	486		0	True	3
P36163	Saccharomyces cerevisiae (strain ATCC 204508 / S288c)	Fungi	345		0	True	3
P38688	Saccharomyces cerevisiae (strain ATCC 204508 / S288c)	Fungi	640		0	False	4
O60763	Homo sapiens	Metazoa	962		0	False	5
Q9SM57	Pisum sativum	Plants	177		0	True	2
Q8IVQ6	Homo sapiens	Metazoa	265		0	True	3
Q8NE09	Homo sapiens	Metazoa	1264		0	False	3
Q4WGS5	Aspergillus fumigatus (strain ATCC MYA-4609 / CBS 101355 / FGSC A1100 / Af293)	Fungi	577		0	True	3
Q8BKF1	Mus musculus	Metazoa	1207		0	False	4
Q96B02	Homo sapiens	Metazoa	151		0	False	5
Q9NVH0	Homo sapiens	Metazoa	621		0	True	4
P40763	Homo sapiens	Metazoa	770		0	False	4
O13802	Schizosaccharomyces pombe (strain 972 / ATCC 24843)	Fungi	333		0	False	3
P29340	Saccharomyces cerevisiae (strain ATCC 204508 / S288c)	Fungi	183		0	False	2
Q8L5Z4	Arabidopsis thaliana	Plants	584		0	False	1
P24918	Neurospora crassa (strain ATCC 24698 / 74-OR23-1A / CBS 708.71 / DSM 1257 / FGSC 987)	Fungi	744		0	False	5
P06899	Homo sapiens	Metazoa	126		0	False	2
P56565	Mus musculus	Metazoa	94		0	False	5
Q9Y5S9	Homo sapiens	Metazoa	174		0	False	2
Q9UK32	Homo sapiens	Metazoa	745		0	False	4
P53206	Saccharomyces cerevisiae (strain ATCC 204508 / S288c)	Fungi	393		0	True	2
Q90ZS6	Xenopus laevis	Metazoa	1271		0	False	3
Q39222	Arabidopsis thaliana	Plants	216		0	False	4
D3J162	Medicago truncatula	Plants	541		0	False	3
P40084	Saccharomyces cerevisiae (strain ATCC 204508 / S288c)	Fungi	226		0	False	2
P08034	Homo sapiens	Metazoa	283		0	True	2
Q96T49	Homo sapiens	Metazoa	567		0	False	5
O42936	Schizosaccharomyces pombe (strain 972 / ATCC 24843)	Fungi	470		0	False	1
Q91Z67	Mus musculus	Metazoa	1071		0	False	5
A6YSL1	Zea mays	Plants	525		0	False	4
Q10FT0	Oryza sativa subsp. japonica	Plants	824		0	False	2
P53261	Saccharomyces cerevisiae (strain ATCC 204508 / S288c)	Fungi	605		0	False	3
Q06833	Saccharomyces cerevisiae (strain ATCC 204508 / S288c)	Fungi	770		0	True	2
P35639	Mus musculus	Metazoa	168		0	False	1
Q6MG82	Rattus norvegicus	Metazoa	306		0	False	1
O43597	Homo sapiens	Metazoa	315		0	False	4
P82130	Spinacia oleracea	Plants	183		0	False	1
P53734	Saccharomyces cerevisiae (strain ATCC 204508 / S288c)	Fungi	629		0	False	5
Q9I9B9	Torpedo marmorata	Metazoa	646		0	True	3
O60524	Homo sapiens	Metazoa	1076		0	False	4
Q2M1K9	Homo sapiens	Metazoa	1284		0	False	3
C6EUD4	Fasciola hepatica	Metazoa	478		0	False	5
Q9SV55	Arabidopsis thaliana	Plants	425		0	False	5
F4HS99	Arabidopsis thaliana	Plants	1797		0	False	4
O23207	Arabidopsis thaliana	Plants	273		0	False	2
Q10337	Schizosaccharomyces pombe (strain 972 / ATCC 24843)	Fungi	849		0	False	3
O04196	Arabidopsis thaliana	Plants	783		0	False	1
Q9TK52	Phaeodactylum tricornutum (strain CCAP 1055/1)	Other	490		0	False	1
Q01718	Homo sapiens	Metazoa	297		0	True	5
P10824	Rattus norvegicus	Metazoa	354		0	False	5
Q10200	Schizosaccharomyces pombe (strain 972 / ATCC 24843)	Fungi	466		0	False	2
O60238	Homo sapiens	Metazoa	219		0	False	1
Q5Q0E6	Arabidopsis thaliana	Plants	473		0	False	2
Q9Z309	Mus musculus	Metazoa	187		0	False	4
O75469	Homo sapiens	Metazoa	434		0	False	3
D3KYA0	Carapichea ipecacuanha	Plants	358		0	False	2
Q96MF7	Homo sapiens	Metazoa	247		0	False	2
P38757	Saccharomyces cerevisiae (strain ATCC 204508 / S288c)	Fungi	446		0	True	2
P35194	Saccharomyces cerevisiae (strain ATCC 204508 / S288c)	Fungi	2493		0	False	2
Q9MAH3	Arabidopsis thaliana	Plants	438		0	False	1
Q8K4J6	Mus musculus	Metazoa	964		0	False	2
Q8GXJ1	Arabidopsis thaliana	Plants	552		0	False	3
Q9NR30	Homo sapiens	Metazoa	783		0	False	1
Q5DTL9	Mus musculus	Metazoa	1118		0	False	1
Q13064	Homo sapiens	Metazoa	507		0	False	5
Q1K5R0	Neurospora crassa (strain ATCC 24698 / 74-OR23-1A / CBS 708.71 / DSM 1257 / FGSC 987)	Fungi	108		0	False	5
Q8BJ63	Mus musculus	Metazoa	490		0	False	2
Q9VFX3	Drosophila melanogaster	Metazoa	137		0	True	2
Q9SLK6	Arabidopsis thaliana	Plants	1240		0	True	1
O54724	Mus musculus	Metazoa	392		0	False	4
P07901	Mus musculus	Metazoa	733		0	False	5
P20592	Homo sapiens	Metazoa	715		0	False	1
P26043	Mus musculus	Metazoa	583		0	False	1
P90994	Caenorhabditis elegans	Metazoa	187		0	False	1
Q1MTQ0	Schizosaccharomyces pombe (strain 972 / ATCC 24843)	Fungi	692		0	False	4
Q99732	Homo sapiens	Metazoa	161		0	False	5
O35820	Rattus norvegicus	Metazoa	163		0	False	5
Q06646	Rattus norvegicus	Metazoa	141		0	True	2
Q8TCY9	Homo sapiens	Metazoa	931		0	False	5
P23528	Homo sapiens	Metazoa	166		0	False	4
Q61474	Mus musculus	Metazoa	362		0	False	2
P53259	Saccharomyces cerevisiae (strain ATCC 204508 / S288c)	Fungi	346		0	False	4
Q9VUF8	Drosophila melanogaster	Metazoa	540		0	False	5
Q7TT18	Mus musculus	Metazoa	1306		0	False	1
O13688	Schizosaccharomyces pombe (strain 972 / ATCC 24843)	Fungi	522		0	False	3
Q13228	Homo sapiens	Metazoa	472		0	False	2
Q12098	Saccharomyces cerevisiae (strain ATCC 204508 / S288c)	Fungi	748		0	False	5
Q9M7Q7	Arabidopsis thaliana	Plants	263		0	False	3
P38325	Saccharomyces cerevisiae (strain ATCC 204508 / S288c)	Fungi	134		0	True	3
Q3U1U7	Mus musculus	Metazoa	701		0	False	2
Q9QWT9	Mus musculus	Metazoa	674		0	False	4
Q09094	Schizosaccharomyces pombe (strain 972 / ATCC 24843)	Fungi	180		0	False	3
Q8BP40	Mus musculus	Metazoa	418		0	False	5
Q8NHM5	Homo sapiens	Metazoa	1336		0	False	4
Q54RD6	Dictyostelium discoideum	Other	312		0	False	3
Q62261	Mus musculus	Metazoa	2363		0	False	4
Q04178	Saccharomyces cerevisiae (strain ATCC 204508 / S288c)	Fungi	221		0	False	5
P02992	Saccharomyces cerevisiae (strain ATCC 204508 / S288c)	Fungi	437		0	False	4
Q9JKA9	Rattus norvegicus	Metazoa	863		0	False	4
Q9BLG4	Dictyostelium discoideum	Other	463		0	True	4
Q7YUD6	Plasmodium falciparum	Other	669		0	True	4
Q02427	Drosophila melanogaster	Metazoa	144		0	False	5
Q6XUX3	Homo sapiens	Metazoa	929		0	False	5
X5HYT8	Oryza sativa subsp. japonica	Plants	425		0	False	2
P18544	Saccharomyces cerevisiae (strain ATCC 204508 / S288c)	Fungi	423		0	False	3
Q9N359	Caenorhabditis elegans	Metazoa	412		0	False	5
P52188	Rattus norvegicus	Metazoa	427		0	True	1
O15516	Homo sapiens	Metazoa	846		0	False	3
B4XT64	Oryza sativa subsp. japonica	Plants	582		0	False	1
P17917	Drosophila melanogaster	Metazoa	260		0	False	3
P25787	Homo sapiens	Metazoa	234		0	False	5
Q8CGP5	Mus musculus	Metazoa	130		0	False	3
Q94230	Caenorhabditis elegans	Metazoa	226		0	False	4
P56671	Mus musculus	Metazoa	477		0	False	2
Q8IZT9	Homo sapiens	Metazoa	166		0	False	5
G1UH28	Punica granatum	Plants	299		0	False	5
Q8L733	Arabidopsis thaliana	Plants	393		0	False	2
Q07551	Saccharomyces cerevisiae (strain ATCC 204508 / S288c)	Fungi	312		0	False	2
Q04087	Saccharomyces cerevisiae (strain ATCC 204508 / S288c)	Fungi	347		0	False	3
Q5XG73	Mus musculus	Metazoa	508		0	False	1
Q556Y4	Dictyostelium discoideum	Other	426		0	False	5
Q6PFX2	Mus musculus	Metazoa	281		0	False	3
O15440	Homo sapiens	Metazoa	1437		0	False	2
Q10302	Schizosaccharomyces pombe (strain 972 / ATCC 24843)	Fungi	646		0	False	1
I7GPX8	Toona sinensis	Plants	595		0	False	2
B9DFA8	Arabidopsis thaliana	Plants	664		0	False	3
Q9EPX4	Rattus norvegicus	Metazoa	343		0	True	2
Q9Z213	Rattus norvegicus	Metazoa	738		0	False	1
O74462	Schizosaccharomyces pombe (strain 972 / ATCC 24843)	Fungi	452		0	False	2
X2JDY8	Drosophila melanogaster	Metazoa	1025		0	False	4
P40991	Saccharomyces cerevisiae (strain ATCC 204508 / S288c)	Fungi	618		0	False	1
P97609	Rattus norvegicus	Metazoa	1181		0	False	2
P56560	Bos taurus	Metazoa	520		0	False	1
P62140	Homo sapiens	Metazoa	327		0	False	2
Q969F0	Homo sapiens	Metazoa	183		0	False	2
Q8LGE3	Arabidopsis thaliana	Plants	421		0	False	2
Q4V8P4	Rattus norvegicus	Metazoa	168		0	False	1
Q13608	Homo sapiens	Metazoa	980		0	False	1
Q96288	Arabidopsis thaliana	Plants	248		0	False	1
Q9VSB9	Drosophila melanogaster	Metazoa	376		0	True	5
P40208	Saccharomyces cerevisiae (strain ATCC 204508 / S288c)	Fungi	455		0	False	4
Q8LG05	Arabidopsis thaliana	Plants	345		0	False	5
Q9C7S5	Arabidopsis thaliana	Plants	1095		0	True	3
Q9Y3A4	Homo sapiens	Metazoa	280		0	False	3
P62081	Homo sapiens	Metazoa	194		0	False	1
Q9DBN1	Mus musculus	Metazoa	621		0	True	4
P04899	Homo sapiens	Metazoa	355		0	False	4
Q8LGU6	Arabidopsis thaliana	Plants	744		0	False	1
P41819	Saccharomyces cerevisiae (strain ATCC 204508 / S288c)	Fungi	318		0	False	4
Q14432	Homo sapiens	Metazoa	1141		0	True	1
P20052	Saccharomyces cerevisiae (strain ATCC 204508 / S288c)	Fungi	293		0	False	1
Q94CL7	Arabidopsis thaliana	Plants	409		0	False	4
Q9V4Z9	Drosophila melanogaster	Metazoa	858		0	False	1
P06746	Homo sapiens	Metazoa	335		0	False	3
Q6UEG8	Aspergillus parasiticus (strain ATCC 56775 / NRRL 5862 / SRRC 143 / SU-1)	Fungi	444		0	False	2
Q9NRR4	Homo sapiens	Metazoa	1374		0	False	1
Q9H5Q4	Homo sapiens	Metazoa	396		0	False	3
Q9QY02	Rattus norvegicus	Metazoa	738		0	False	3
P38144	Saccharomyces cerevisiae (strain ATCC 204508 / S288c)	Fungi	1129		0	False	1
Q9H3L0	Homo sapiens	Metazoa	296		0	False	2
Q93227	Caenorhabditis elegans	Metazoa	431		0	False	1
Q9NVD7	Homo sapiens	Metazoa	372		0	False	4
Q9ESK9	Mus musculus	Metazoa	1588		0	False	1
Q058N4	Arabidopsis thaliana	Plants	459		0	False	1
Q9USL4	Schizosaccharomyces pombe (strain 972 / ATCC 24843)	Fungi	549		0	False	4
Q9FQ08	Arabidopsis thaliana	Plants	621		0	False	1
Q9UTI4	Schizosaccharomyces pombe (strain 972 / ATCC 24843)	Fungi	172		0	False	5
Q9LF79	Arabidopsis thaliana	Plants	1074		0	False	4
P57080	Mus musculus	Metazoa	1055		0	False	3
Q6A068	Mus musculus	Metazoa	802		0	False	1
P27521	Arabidopsis thaliana	Plants	251		0	False	1
P41695	Saccharomyces cerevisiae (strain ATCC 204508 / S288c)	Fungi	1021		0	False	5
Q7TMF3	Mus musculus	Metazoa	145		0	False	4
O35740	Mus musculus	Metazoa	269		0	False	1
P21775	Rattus norvegicus	Metazoa	434		0	False	5
Q9Y324	Homo sapiens	Metazoa	198		0	False	3
P06526	Bos taurus	Metazoa	509		0	False	1
P11914	Saccharomyces cerevisiae (strain ATCC 204508 / S288c)	Fungi	482		0	False	2
Q06287	Saccharomyces cerevisiae (strain ATCC 204508 / S288c)	Fungi	252		0	False	4
P50586	Mus musculus	Metazoa	505		0	False	4
Q42588	Arabidopsis thaliana	Plants	314		0	False	3
Q8S1D9	Oryza sativa subsp. japonica	Plants	435		0	False	4
Q42876	Solanum lycopersicum	Plants	569		0	False	4
P42695	Homo sapiens	Metazoa	1498		0	False	4
P67778	Mus musculus	Metazoa	272		0	False	5
Q03206	Caenorhabditis elegans	Metazoa	191		0	False	2
O45952	Caenorhabditis elegans	Metazoa	249		0	False	3
P25626	Saccharomyces cerevisiae (strain ATCC 204508 / S288c)	Fungi	169		0	False	1
G5EG14	Caenorhabditis elegans	Metazoa	657		0	False	2
Q06506	Saccharomyces cerevisiae (strain ATCC 204508 / S288c)	Fungi	573		0	False	2
P47164	Saccharomyces cerevisiae (strain ATCC 204508 / S288c)	Fungi	639		0	False	4
Q9Y5X1	Homo sapiens	Metazoa	595		0	False	5
P49428	Komagataella pastoris	Fungi	204		0	False	2
E1BUG7	Gallus gallus	Metazoa	690		0	False	5
Q5FW52	Mus musculus	Metazoa	967		0	False	1
Q92819	Homo sapiens	Metazoa	552		0	True	5
Q9Z0H4	Mus musculus	Metazoa	508		0	False	5
O89039	Rattus norvegicus	Metazoa	362		0	True	1
O60921	Homo sapiens	Metazoa	280		0	False	3
Q5UG13	Oryza sativa subsp. japonica	Plants	259		0	False	2
P36068	Saccharomyces cerevisiae (strain ATCC 204508 / S288c)	Fungi	246		0	False	1
O14734	Homo sapiens	Metazoa	319		0	False	2
Q9SY59	Arabidopsis thaliana	Plants	1188		0	False	3
Q9Z0I7	Mus musculus	Metazoa	337		0	False	2
P40155	Saccharomyces cerevisiae (strain ATCC 204508 / S288c)	Fungi	199		0	False	5
O60741	Homo sapiens	Metazoa	890		0	False	3
P32340	Saccharomyces cerevisiae (strain ATCC 204508 / S288c)	Fungi	513		0	False	1
Q9D513	Mus musculus	Metazoa	470		0	False	4
Q09275	Caenorhabditis elegans	Metazoa	382		0	False	5
P25637	Saccharomyces cerevisiae (strain ATCC 204508 / S288c)	Fungi	258		0	False	5
P13183	Bos taurus	Metazoa	80		0	True	5
P06244	Saccharomyces cerevisiae (strain ATCC 204508 / S288c)	Fungi	397		0	False	4
Q60932	Mus musculus	Metazoa	296		0	True	1
Q2RBP2	Oryza sativa subsp. japonica	Plants	1131		0	False	1
Q8L746	Arabidopsis thaliana	Plants	586		0	False	2
P14231	Mus musculus	Metazoa	290		0	True	4
P50116	Rattus norvegicus	Metazoa	113		0	False	4
P09457	Saccharomyces cerevisiae (strain ATCC 204508 / S288c)	Fungi	212		0	False	2
Q12066	Saccharomyces cerevisiae (strain ATCC 204508 / S288c)	Fungi	484		0	False	4
P01111	Homo sapiens	Metazoa	189		0	False	3
Q9FMX0	Arabidopsis thaliana	Plants	263		0	False	5
Q9STS7	Arabidopsis thaliana	Plants	353		0	False	1
Q96CX3	Homo sapiens	Metazoa	271		0	False	4
Q9LPW3	Arabidopsis thaliana	Plants	450		0	False	1
Q9FPW4	Arabidopsis thaliana	Plants	614		0	False	1
P07269	Saccharomyces cerevisiae (strain ATCC 204508 / S288c)	Fungi	559		0	False	2
P32342	Saccharomyces cerevisiae (strain ATCC 204508 / S288c)	Fungi	167		0	False	5
O76329	Dictyostelium discoideum	Other	1738		0	False	3
Q8BU11	Mus musculus	Metazoa	619		0	False	2
Q9Y6N1	Homo sapiens	Metazoa	276		0	False	5
Q8L4R0	Arabidopsis thaliana	Plants	350		0	False	3
Q68SB1	Rattus norvegicus	Metazoa	571		0	False	3
Q7TMS5	Mus musculus	Metazoa	657		0	False	3
P12353	Spinacia oleracea	Plants	212		0	False	2
Q921A2	Rattus norvegicus	Metazoa	637		0	True	1
O75677	Homo sapiens	Metazoa	317		0	False	3
Q8K3D3	Mus musculus	Metazoa	89		0	False	1
P63242	Mus musculus	Metazoa	154		0	False	5
P40508	Saccharomyces cerevisiae (strain ATCC 204508 / S288c)	Fungi	320		0	True	2
Q8W4F1	Arabidopsis thaliana	Plants	284		0	False	3
P49756	Homo sapiens	Metazoa	843		0	False	3
O22287	Arabidopsis thaliana	Plants	361		0	False	4
Q38832	Arabidopsis thaliana	Plants	228		0	False	5
P40326	Saccharomyces cerevisiae (strain ATCC 204508 / S288c)	Fungi	108		0	False	3
Q9R0N8	Mus musculus	Metazoa	511		0	True	2
P51955	Homo sapiens	Metazoa	445		0	False	4
P70662	Mus musculus	Metazoa	411		0	False	2
Q95RJ9	Drosophila melanogaster	Metazoa	700		0	False	1
D0VWM8	Caenorhabditis elegans	Metazoa	414		0	False	4
Q41142	Ricinus communis	Plants	808		0	False	2
P39522	Saccharomyces cerevisiae (strain ATCC 204508 / S288c)	Fungi	585		0	False	4
P05084	Drosophila melanogaster	Metazoa	758		0	False	4
Q9JL16	Mus musculus	Metazoa	300		0	False	1
F4HRV8	Arabidopsis thaliana	Plants	596		0	False	2
P39689	Mus musculus	Metazoa	159		0	False	5
P00019	Struthio camelus	Metazoa	105		0	False	1
O08759	Mus musculus	Metazoa	870		0	False	4
P97386	Mus musculus	Metazoa	1015		0	False	1
O14210	Schizosaccharomyces pombe (strain 972 / ATCC 24843)	Fungi	295		0	False	2
Q9Y5Y5	Homo sapiens	Metazoa	336		0	True	4
P36631	Schizosaccharomyces pombe (strain 972 / ATCC 24843)	Fungi	468		0	False	4
P40063	Saccharomyces cerevisiae (strain ATCC 204508 / S288c)	Fungi	208		0	False	5
P87240	Schizosaccharomyces pombe (strain 972 / ATCC 24843)	Fungi	306		0	False	5
Q8WNV7	Sus scrofa	Metazoa	279		0	False	2
Q5MIZ7	Homo sapiens	Metazoa	849		0	False	1
Q1PDV2	Arabidopsis thaliana	Plants	236		0	False	5
Q9JL56	Mus musculus	Metazoa	331		0	True	3
Q7XBY6	Oryza sativa subsp. japonica	Plants	212		0	False	2
Q9UJM8	Homo sapiens	Metazoa	370		0	False	1
P28000	Saccharomyces cerevisiae (strain ATCC 204508 / S288c)	Fungi	142		0	False	1
Q8GWA7	Arabidopsis thaliana	Plants	349		0	False	4
Q6UUV9	Homo sapiens	Metazoa	634		0	False	2
Q13330	Homo sapiens	Metazoa	715		0	False	1
Q3KQ35	Xenopus laevis	Metazoa	380		0	False	5
Q7M6Y2	Mus musculus	Metazoa	395		0	False	3
Q3URD3	Mus musculus	Metazoa	845		0	True	1
Q5RHB5	Danio rerio	Metazoa	1447		0	False	5
Q9UDY4	Homo sapiens	Metazoa	337		0	False	4
P33534	Mus musculus	Metazoa	380		0	True	3
Q8SVA6	Encephalitozoon cuniculi (strain GB-M1)	Fungi	391		0	False	3
Q02630	Saccharomyces cerevisiae (strain ATCC 204508 / S288c)	Fungi	1113		0	False	4
P02318	Bos taurus	Metazoa	51		0	False	4
Q54HI5	Dictyostelium discoideum	Other	716		0	False	3
P51142	Xenopus laevis	Metazoa	736		0	False	4
Q9FXH5	Arabidopsis thaliana	Plants	393		0	True	5
P30542	Homo sapiens	Metazoa	326		0	True	3
Q8TEX9	Homo sapiens	Metazoa	1081		0	False	4
Q8BGY9	Mus musculus	Metazoa	580		0	True	5
O70324	Mus musculus	Metazoa	545		0	False	3
P52553	Saccharomyces cerevisiae (strain ATCC 204508 / S288c)	Fungi	114		0	False	1
C0HMD7	Homo sapiens	Metazoa	151		0	False	3
Q6ZQX7	Homo sapiens	Metazoa	453		0	False	1
O00463	Homo sapiens	Metazoa	557		0	False	5
P32198	Rattus norvegicus	Metazoa	773		0	True	3
F4IDC2	Arabidopsis thaliana	Plants	1043		0	False	1
O22160	Arabidopsis thaliana	Plants	224		0	False	4
P70331	Mus musculus	Metazoa	251		0	False	5
Q9BKU8	Caenorhabditis elegans	Metazoa	82		0	False	4
P68517	Crotalus adamanteus	Metazoa	105		0	False	2
Q923B3	Mus musculus	Metazoa	828		0	False	1
O74846	Schizosaccharomyces pombe (strain 972 / ATCC 24843)	Fungi	752		0	False	2
Q9Y4R8	Homo sapiens	Metazoa	837		0	False	1
P08166	Bos taurus	Metazoa	241		0	False	5
Q9URY2	Schizosaccharomyces pombe (strain 972 / ATCC 24843)	Fungi	474		0	False	1
F4KBW6	Arabidopsis thaliana	Plants	1838		0	False	2
Q12136	Saccharomyces cerevisiae (strain ATCC 204508 / S288c)	Fungi	610		0	False	1
Q0D715	Oryza sativa subsp. japonica	Plants	512		0	False	4
O43929	Homo sapiens	Metazoa	436		0	False	1
P0CT61	Schizosaccharomyces pombe (strain 972 / ATCC 24843)	Fungi	139		0	False	1
Q05471	Saccharomyces cerevisiae (strain ATCC 204508 / S288c)	Fungi	1514		0	False	2
Q03427	Drosophila melanogaster	Metazoa	621		0	False	2
F4I3V6	Arabidopsis thaliana	Plants	192		0	False	2
O74962	Schizosaccharomyces pombe (strain 972 / ATCC 24843)	Fungi	403		0	False	1
Q6PJT7	Homo sapiens	Metazoa	736		0	False	2
P53040	Saccharomyces cerevisiae (strain ATCC 204508 / S288c)	Fungi	516		0	False	1
Q9ET80	Mus musculus	Metazoa	660		0	False	1
Q13615	Homo sapiens	Metazoa	1198		0	False	2
Q5VZK9	Homo sapiens	Metazoa	1371		0	False	5
C9JRZ8	Homo sapiens	Metazoa	316		0	False	1
Q9NQZ3	Homo sapiens	Metazoa	744		0	False	2
Q8S8K8	Arabidopsis thaliana	Plants	152		0	True	4
Q9SIU2	Arabidopsis thaliana	Plants	848		0	False	5
P42765	Homo sapiens	Metazoa	397		0	False	5
P07142	Neurospora crassa (strain ATCC 24698 / 74-OR23-1A / CBS 708.71 / DSM 1257 / FGSC 987)	Fungi	332		0	False	5
Q9BZC1	Homo sapiens	Metazoa	486		0	False	5
Q13952	Homo sapiens	Metazoa	458		0	False	2
Q9NQ94	Homo sapiens	Metazoa	594		0	False	5
P38880	Saccharomyces cerevisiae (strain ATCC 204508 / S288c)	Fungi	579		0	False	4
O95271	Homo sapiens	Metazoa	1327		0	False	3
Q9JL21	Mus musculus	Metazoa	362		0	True	1
P19974	Caenorhabditis elegans	Metazoa	111		0	False	5
P98192	Mus musculus	Metazoa	678		0	False	3
Q94AG6	Arabidopsis thaliana	Plants	325		0	True	2
P38429	Saccharomyces cerevisiae (strain ATCC 204508 / S288c)	Fungi	201		0	False	5
O22609	Arabidopsis thaliana	Plants	439		0	False	3
P09950	Saccharomyces cerevisiae (strain ATCC 204508 / S288c)	Fungi	548		0	False	2
Q9Y228	Homo sapiens	Metazoa	551		0	False	3
Q9USW5	Schizosaccharomyces pombe (strain 972 / ATCC 24843)	Fungi	262		0	False	1
P16371	Drosophila melanogaster	Metazoa	730		0	False	1
Q12972	Homo sapiens	Metazoa	351		0	False	1
P07251	Saccharomyces cerevisiae (strain ATCC 204508 / S288c)	Fungi	545		0	False	2
Q8IXQ6	Homo sapiens	Metazoa	854		0	False	1
A0A0E3T3B5	Malus domestica	Plants	503		0	False	2
Q8CHP0	Mus musculus	Metazoa	950		0	False	3
Q9Y2C5	Homo sapiens	Metazoa	497		0	False	2
P23899	Rattus norvegicus	Metazoa	557		0	False	5
P70501	Rattus norvegicus	Metazoa	852		0	False	4
P17427	Mus musculus	Metazoa	938		0	False	1
Q1K730	Neurospora crassa (strain ATCC 24698 / 74-OR23-1A / CBS 708.71 / DSM 1257 / FGSC 987)	Fungi	447		0	False	5
Q76NM6	Plasmodium falciparum (isolate 3D7)	Other	611		0	False	1
P29373	Homo sapiens	Metazoa	138		0	False	3
P18901	Rattus norvegicus	Metazoa	446		0	True	4
Q68CJ9	Homo sapiens	Metazoa	461		0	False	2
Q12415	Saccharomyces cerevisiae (strain ATCC 204508 / S288c)	Fungi	435		0	False	2
O95503	Homo sapiens	Metazoa	412		0	False	5
P10914	Homo sapiens	Metazoa	325		0	False	4
Q99598	Homo sapiens	Metazoa	290		0	False	4
Q03213	Saccharomyces cerevisiae (strain ATCC 204508 / S288c)	Fungi	719		0	False	3
P54367	Drosophila melanogaster	Metazoa	337		0	False	3
O00555	Homo sapiens	Metazoa	2506		0	False	5
Q9VXE5	Drosophila melanogaster	Metazoa	639		0	False	3
P40798	Drosophila melanogaster	Metazoa	1106		0	False	4
Q99250	Homo sapiens	Metazoa	2005		0	False	5
P0DM40	Mus musculus	Metazoa	2038		0	False	5
O43313	Homo sapiens	Metazoa	823		0	False	4
Q8BZZ3	Mus musculus	Metazoa	918		0	False	4
O22208	Arabidopsis thaliana	Plants	721		0	False	4
Q6NUD0	Xenopus laevis	Metazoa	333		0	False	3
O80548	Arabidopsis thaliana	Plants	693		0	False	3
P27364	Rattus norvegicus	Metazoa	373		0	False	2
Q9DAD6	Mus musculus	Metazoa	137		0	False	5
Q8VEE1	Mus musculus	Metazoa	365		0	False	2
P37727	Rattus norvegicus	Metazoa	650		0	False	5
Q7RA60	Plasmodium yoelii yoelii	Other	444		0	False	2
P99998	Pan troglodytes	Metazoa	105		0	False	1
Q9C6I6	Arabidopsis thaliana	Plants	363		0	False	4
P00012	Mirounga leonina	Metazoa	105		0	False	3
Q64273	Rattus norvegicus	Metazoa	427		0	True	1
Q9D742	Mus musculus	Metazoa	170		0	False	4
O35627	Mus musculus	Metazoa	358		0	False	4
P33240	Homo sapiens	Metazoa	577		0	False	4
Q8VEF1	Mus musculus	Metazoa	722		0	False	4
Q96G21	Homo sapiens	Metazoa	291		0	False	1
Q96T54	Homo sapiens	Metazoa	332		0	True	2
P82163	Spinacia oleracea	Plants	172		0	False	3
Q3UMC0	Mus musculus	Metazoa	893		0	False	1
Q9CQF3	Mus musculus	Metazoa	227		0	False	3
P07470	Bos taurus	Metazoa	80		0	True	3
Q9ES53	Rattus norvegicus	Metazoa	307		0	False	5
Q8L770	Arabidopsis thaliana	Plants	330		0	False	5
Q04712	Saccharomyces cerevisiae (strain ATCC 204508 / S288c)	Fungi	507		0	False	5
P47158	Saccharomyces cerevisiae (strain ATCC 204508 / S288c)	Fungi	497		0	False	4
Q9FUQ7	Arabidopsis thaliana	Plants	214		0	False	1
P25454	Saccharomyces cerevisiae (strain ATCC 204508 / S288c)	Fungi	400		0	False	4
P11171	Homo sapiens	Metazoa	864		0	False	5
Q5SUQ9	Mus musculus	Metazoa	1212		0	False	3
P12956	Homo sapiens	Metazoa	609		0	False	4
Q9JJY3	Mus musculus	Metazoa	655		0	False	4
O55029	Mus musculus	Metazoa	905		0	False	3
O88466	Mus musculus	Metazoa	1888		0	False	1
P41247	Homo sapiens	Metazoa	253		0	False	2
Q7S1R6	Neurospora crassa (strain ATCC 24698 / 74-OR23-1A / CBS 708.71 / DSM 1257 / FGSC 987)	Fungi	267		0	False	1
P00185	Rattus norvegicus	Metazoa	524		0	False	3
Q99LY9	Mus musculus	Metazoa	106		0	False	5
Q61464	Mus musculus	Metazoa	1960		0	False	4
O43013	Schizosaccharomyces pombe (strain 972 / ATCC 24843)	Fungi	533		0	False	2
Q99PP2	Mus musculus	Metazoa	2237		0	False	2
Q9YH58	Gallus gallus	Metazoa	541		0	False	1
Q9BRJ2	Homo sapiens	Metazoa	306		0	False	1
Q3UZ39	Mus musculus	Metazoa	729		0	False	5
P97433	Mus musculus	Metazoa	1700		0	False	1
Q06215	Vicia faba	Plants	606		0	False	5
Q9ZW33	Arabidopsis thaliana	Plants	83		0	False	4
Q15365	Homo sapiens	Metazoa	356		0	False	5
Q9H0C2	Homo sapiens	Metazoa	315		0	True	4
Q9SR06	Arabidopsis thaliana	Plants	444		0	False	3
Q14674	Homo sapiens	Metazoa	2120		0	False	1
O14277	Schizosaccharomyces pombe (strain 972 / ATCC 24843)	Fungi	203		0	False	2
Q14676	Homo sapiens	Metazoa	2089		0	False	4
O15438	Homo sapiens	Metazoa	1527		0	True	3
A0A0D1CVS5	Mycosarcoma maydis	Fungi	624		0	False	2
Q84P21	Arabidopsis thaliana	Plants	546		0	False	1
Q9LX34	Arabidopsis thaliana	Plants	95		0	False	5
Q5XEN5	Arabidopsis thaliana	Plants	204		0	False	3
Q9LU77	Arabidopsis thaliana	Plants	647		0	True	2
Q9LDC0	Arabidopsis thaliana	Plants	365		0	False	3
Q5XI78	Rattus norvegicus	Metazoa	1023		0	False	1
O80931	Arabidopsis thaliana	Plants	367		0	False	5
Q9MA90	Arabidopsis thaliana	Plants	322		0	True	4
Q9UHF7	Homo sapiens	Metazoa	1281		0	False	1
Q05131	Saccharomyces cerevisiae (strain ATCC 204508 / S288c)	Fungi	434		0	True	2
D0QMC3	Mus musculus	Metazoa	538		0	False	2
Q03373	Saccharomyces cerevisiae (strain ATCC 204508 / S288c)	Fungi	323		0	False	1
Q9ES54	Rattus norvegicus	Metazoa	608		0	False	4
Q96JZ2	Homo sapiens	Metazoa	352		0	False	3
P49842	Homo sapiens	Metazoa	254		0	False	1
Q13241	Homo sapiens	Metazoa	179		0	True	3
P87060	Schizosaccharomyces pombe (strain 972 / ATCC 24843)	Fungi	775		0	False	1
Q92831	Homo sapiens	Metazoa	832		0	False	3
O95466	Homo sapiens	Metazoa	1100		0	False	5
Q86SE9	Homo sapiens	Metazoa	256		0	False	4
P51638	Rattus norvegicus	Metazoa	151		0	False	5
Q501D5	Arabidopsis thaliana	Plants	589		0	False	2
Q9VKJ9	Drosophila melanogaster	Metazoa	816		0	False	2
Q9W4N2	Drosophila melanogaster	Metazoa	788		0	False	3
Q9JK24	Mus musculus	Metazoa	453		0	False	3
Q9SIV5	Arabidopsis thaliana	Plants	1773		0	False	1
Q9P7A0	Schizosaccharomyces pombe (strain 972 / ATCC 24843)	Fungi	319		0	False	2
P57740	Homo sapiens	Metazoa	925		0	False	1
Q8SWX0	Drosophila melanogaster	Metazoa	167		0	False	3
Q62720	Rattus norvegicus	Metazoa	507		0	True	2
Q7L590	Homo sapiens	Metazoa	875		0	False	2
Q22002	Caenorhabditis elegans	Metazoa	582		0	False	4
Q9LY23	Arabidopsis thaliana	Plants	286		0	False	2
Q96IL0	Homo sapiens	Metazoa	206		0	False	4
Q8IYT2	Homo sapiens	Metazoa	770		0	False	2
Q9Y584	Homo sapiens	Metazoa	194		0	True	4
P27694	Homo sapiens	Metazoa	616		0	False	3
Q9NR77	Homo sapiens	Metazoa	195		0	True	1
Q9Y5Q5	Homo sapiens	Metazoa	1042		0	True	4
Q9C9G6	Arabidopsis thaliana	Plants	157		0	False	5
Q9BY12	Homo sapiens	Metazoa	1400		0	False	2
P39929	Saccharomyces cerevisiae (strain ATCC 204508 / S288c)	Fungi	240		0	False	3
O14948	Homo sapiens	Metazoa	347		0	False	4
Q86UV5	Homo sapiens	Metazoa	1035		0	False	2
Q10S44	Oryza sativa subsp. japonica	Plants	354		0	False	3
Q9SKZ5	Arabidopsis thaliana	Plants	560		0	False	5
P53817	Rattus norvegicus	Metazoa	160		0	False	1
P09017	Homo sapiens	Metazoa	264		0	False	4
P18754	Homo sapiens	Metazoa	421		0	False	1
Q38AH0	Trypanosoma brucei brucei (strain 927/4 GUTat10.1)	Other	370		0	False	2
Q94F00	Arabidopsis thaliana	Plants	371		0	False	1
Q16665	Homo sapiens	Metazoa	826		0	False	2
P23508	Homo sapiens	Metazoa	829		0	False	4
P32266	Saccharomyces cerevisiae (strain ATCC 204508 / S288c)	Fungi	881		0	True	3
P18846	Homo sapiens	Metazoa	271		0	False	3
Q54HC6	Dictyostelium discoideum	Other	1460		0	False	1
Q61818	Mus musculus	Metazoa	1889		0	False	2
Q9Z0H3	Mus musculus	Metazoa	385		0	False	4
Q8IWY9	Homo sapiens	Metazoa	1227		0	False	1
Q99627	Homo sapiens	Metazoa	209		0	False	1
P82180	Spinacia oleracea	Plants	196		0	False	3
Q6Q629	Rattus norvegicus	Metazoa	796		0	True	4
A8J785	Chlamydomonas reinhardtii	Plants	209		0	True	3
P27782	Mus musculus	Metazoa	397		0	False	4
O14310	Schizosaccharomyces pombe (strain 972 / ATCC 24843)	Fungi	933		0	False	1
P33032	Homo sapiens	Metazoa	325		0	True	4
Q7Z2H8	Homo sapiens	Metazoa	476		0	True	4
P29496	Saccharomyces cerevisiae (strain ATCC 204508 / S288c)	Fungi	775		0	False	1
Q8GW43	Arabidopsis thaliana	Plants	476		0	False	2
Q9YHY6	Xenopus laevis	Metazoa	1364		0	False	1
P32573	Saccharomyces cerevisiae (strain ATCC 204508 / S288c)	Fungi	292		0	False	3
O80507	Arabidopsis thaliana	Plants	283		0	False	2
Q12090	Saccharomyces cerevisiae (strain ATCC 204508 / S288c)	Fungi	404		0	False	4
O76922	Drosophila melanogaster	Metazoa	866		0	False	4
Q6RVV4	Pisum sativum	Plants	316		0	False	3
Q9W484	Drosophila melanogaster	Metazoa	985		0	False	3
Q96RF0	Homo sapiens	Metazoa	628		0	False	3
Q08415	Rattus norvegicus	Metazoa	423		0	False	5
P22082	Saccharomyces cerevisiae (strain ATCC 204508 / S288c)	Fungi	1703		0	False	3
O14686	Homo sapiens	Metazoa	5537		0	False	3
P33242	Mus musculus	Metazoa	462		0	False	2
A2ASI5	Mus musculus	Metazoa	1947		0	False	2
P82924	Bos taurus	Metazoa	435		0	False	2
Q9Z262	Mus musculus	Metazoa	219		0	True	3
Q9FNZ5	Arabidopsis thaliana	Plants	142		0	False	4
Q99K82	Mus musculus	Metazoa	555		0	False	4
Q9SI75	Arabidopsis thaliana	Plants	783		0	False	4
O15228	Homo sapiens	Metazoa	680		0	False	4
Q9LF37	Arabidopsis thaliana	Plants	968		0	False	5
P58735	Mus musculus	Metazoa	704		0	True	1
Q9HBX9	Homo sapiens	Metazoa	757		0	False	5
Q9CQZ5	Mus musculus	Metazoa	131		0	False	1
P15532	Mus musculus	Metazoa	152		0	False	2
P12268	Homo sapiens	Metazoa	514		0	False	5
Q96JW4	Homo sapiens	Metazoa	573		0	False	4
Q9ZR07	Arabidopsis thaliana	Plants	187		0	False	3
Q14154	Homo sapiens	Metazoa	515		0	False	5
O49543	Arabidopsis thaliana	Plants	453		0	False	3
Q5T200	Homo sapiens	Metazoa	1668		0	False	4
Q8VDU0	Mus musculus	Metazoa	679		0	False	1
Q9QZI7	Rattus norvegicus	Metazoa	287		0	False	4
Q99ML0	Mus musculus	Metazoa	440		0	False	4
O82660	Arabidopsis thaliana	Plants	403		0	False	3
P00025	Katsuwonus pelamis	Metazoa	104		0	False	1
Q9FY94	Arabidopsis thaliana	Plants	292		0	True	3
P27925	Bos taurus	Metazoa	325		0	False	1
P51826	Homo sapiens	Metazoa	1226		0	False	2
P32247	Homo sapiens	Metazoa	399		0	True	2
P56329	Schizosaccharomyces pombe (strain 972 / ATCC 24843)	Fungi	321		0	False	2
P38746	Saccharomyces cerevisiae (strain ATCC 204508 / S288c)	Fungi	405		0	False	3
Q9H4I2	Homo sapiens	Metazoa	956		0	False	4
P32494	Saccharomyces cerevisiae (strain ATCC 204508 / S288c)	Fungi	702		0	False	1
P28482	Homo sapiens	Metazoa	360		0	False	3
P55258	Mus musculus	Metazoa	207		0	False	5
O04482	Arabidopsis thaliana	Plants	330		0	False	3
A8IXB8	Chlamydomonas reinhardtii	Plants	362		0	False	4
Q9P0Z9	Homo sapiens	Metazoa	390		0	False	3
Q9FMX3	Arabidopsis thaliana	Plants	514		0	True	1
G5EDB2	Caenorhabditis elegans	Metazoa	887		0	False	4
Q8BRE0	Mus musculus	Metazoa	195		0	False	1
Q9BYC9	Homo sapiens	Metazoa	149		0	False	2
Q80UF9	Mus musculus	Metazoa	577		0	True	3
Q1M168	Rattus norvegicus	Metazoa	372		0	False	5
Q9M0A5	Arabidopsis thaliana	Plants	249		0	False	3
Q06168	Saccharomyces cerevisiae (strain ATCC 204508 / S288c)	Fungi	426		0	False	3
Q14151	Homo sapiens	Metazoa	953		0	False	3
Q8C0T0	Mus musculus	Metazoa	401		0	True	2
G5EFI7	Caenorhabditis elegans	Metazoa	931		0	False	1
Q64244	Rattus norvegicus	Metazoa	303		0	True	3
P35233	Rattus norvegicus	Metazoa	416		0	False	5
Q9NV06	Homo sapiens	Metazoa	445		0	False	3
Q96IZ0	Homo sapiens	Metazoa	340		0	False	5
P68350	Arabidopsis thaliana	Plants	175		0	False	3
P41930	Saccharomyces cerevisiae (strain ATCC 204508 / S288c)	Fungi	458		0	True	5
P06844	Saccharomyces cerevisiae (strain ATCC 204508 / S288c)	Fungi	337		0	False	5
Q16515	Homo sapiens	Metazoa	512		0	True	5
Q9FV53	Arabidopsis thaliana	Plants	269		0	False	4
Q96NB3	Homo sapiens	Metazoa	372		0	False	3
P18212	Nicotiana tabacum	Plants	265		0	False	2
P45973	Homo sapiens	Metazoa	191		0	False	2
Q9SRH7	Arabidopsis thaliana	Plants	490		0	False	4
Q9VC61	Drosophila melanogaster	Metazoa	755		0	False	2
Q9D687	Mus musculus	Metazoa	634		0	True	1
Q9NYF0	Homo sapiens	Metazoa	836		0	False	4
P38749	Saccharomyces cerevisiae (strain ATCC 204508 / S288c)	Fungi	330		0	False	5
P24473	Rattus norvegicus	Metazoa	226		0	False	4
Q14116	Homo sapiens	Metazoa	193		0	False	5
E9PYI1	Mus musculus	Metazoa	671		0	False	5
A6NDU8	Homo sapiens	Metazoa	294		0	False	5
Q9I9L7	Danio rerio	Metazoa	383		0	False	5
Q9S7M0	Arabidopsis thaliana	Plants	265		0	False	2
Q3ZCI1	Bos taurus	Metazoa	114		0	True	5
P42844	Saccharomyces cerevisiae (strain ATCC 204508 / S288c)	Fungi	174		0	False	1
O15068	Homo sapiens	Metazoa	1137		0	False	5
O74433	Schizosaccharomyces pombe (strain 972 / ATCC 24843)	Fungi	67		0	True	3
Q8H107	Arabidopsis thaliana	Plants	464		0	False	1
O75190	Homo sapiens	Metazoa	326		0	False	3
Q9LUT0	Arabidopsis thaliana	Plants	364		0	False	2
Q9XUK2	Caenorhabditis elegans	Metazoa	307		0	False	3
Q10990	Schizosaccharomyces pombe (strain 972 / ATCC 24843)	Fungi	490		0	False	5
Q6ZNL6	Homo sapiens	Metazoa	1462		0	False	2
Q7XWV4	Oryza sativa subsp. japonica	Plants	483		0	False	2
Q18221	Caenorhabditis elegans	Metazoa	1507		0	False	2
Q04868	Saccharomyces cerevisiae (strain ATCC 204508 / S288c)	Fungi	273		0	False	4
Q9FZD1	Arabidopsis thaliana	Plants	630		0	False	3
P70697	Mus musculus	Metazoa	367		0	False	3
P41161	Homo sapiens	Metazoa	510		0	False	4
Q84JF5	Arabidopsis thaliana	Plants	483		0	False	4
O14832	Homo sapiens	Metazoa	338		0	False	1
Q8MXU4	Caenorhabditis elegans	Metazoa	107		0	False	1
Q9NZB2	Homo sapiens	Metazoa	1118		0	False	2
Q04742	Mus musculus	Metazoa	257		0	False	4
P07256	Saccharomyces cerevisiae (strain ATCC 204508 / S288c)	Fungi	457		0	False	2
P68400	Homo sapiens	Metazoa	391		0	False	2
Q8GWQ6	Arabidopsis thaliana	Plants	232		0	False	2
F4J117	Arabidopsis thaliana	Plants	591		0	False	3
Q69ZK0	Mus musculus	Metazoa	1650		0	False	1
Q9BSK0	Homo sapiens	Metazoa	173		0	True	5
P46225	Secale cereale	Plants	298		0	False	4
Q681Y3	Arabidopsis thaliana	Plants	432		0	False	2
Q86WR0	Homo sapiens	Metazoa	208		0	True	5
Q9ET38	Mus musculus	Metazoa	224		0	True	4
Q9LX31	Arabidopsis thaliana	Plants	265		0	False	3
A6NF83	Homo sapiens	Metazoa	97		0	False	5
Q5T3F8	Homo sapiens	Metazoa	832		0	True	5
P35383	Mus musculus	Metazoa	373		0	True	3
Q655V5	Oryza sativa subsp. japonica	Plants	250		0	False	1
O75508	Homo sapiens	Metazoa	207		0	True	5
P35691	Saccharomyces cerevisiae (strain ATCC 204508 / S288c)	Fungi	167		0	False	1
P40471	Saccharomyces cerevisiae (strain ATCC 204508 / S288c)	Fungi	297		0	False	3
P06541	Chlamydomonas reinhardtii	Plants	481		0	False	1
Q9Y3B8	Homo sapiens	Metazoa	237		0	False	5
Q0D4J7	Oryza sativa subsp. japonica	Plants	339		0	False	1
P0C5Y7	Schizosaccharomyces pombe (strain 972 / ATCC 24843)	Fungi	102		0	False	3
O75643	Homo sapiens	Metazoa	2136		0	False	2
P42938	Saccharomyces cerevisiae (strain ATCC 204508 / S288c)	Fungi	290		0	False	4
Q0J7U6	Oryza sativa subsp. japonica	Plants	1133		0	False	2
Q3MK94	Arabidopsis thaliana	Plants	428		0	False	1
P21240	Arabidopsis thaliana	Plants	600		0	False	1
P55229	Arabidopsis thaliana	Plants	522		0	False	1
Q80ZA5	Rattus norvegicus	Metazoa	1117		0	False	5
Q3E785	Saccharomyces cerevisiae (strain ATCC 204508 / S288c)	Fungi	79		0	False	4
Q9UL40	Homo sapiens	Metazoa	294		0	False	2
P18064	Arabidopsis thaliana	Plants	383		0	False	5
Q6TCH4	Homo sapiens	Metazoa	344		0	True	2
Q12905	Homo sapiens	Metazoa	390		0	False	5
O24646	Arabidopsis thaliana	Plants	168		0	False	3
Q08747	Saccharomyces cerevisiae (strain ATCC 204508 / S288c)	Fungi	228		0	False	3
Q6P1Q0	Homo sapiens	Metazoa	360		0	False	3
Q3U9G9	Mus musculus	Metazoa	626		0	False	1
Q8WUF5	Homo sapiens	Metazoa	828		0	False	4
Q8N5H7	Homo sapiens	Metazoa	860		0	False	5
Q6VUP9	Mus musculus	Metazoa	442		0	False	4
P53063	Saccharomyces cerevisiae (strain ATCC 204508 / S288c)	Fungi	387		0	False	4
P36421	Saccharomyces cerevisiae (strain ATCC 204508 / S288c)	Fungi	394		0	False	4
Q91VX9	Mus musculus	Metazoa	697		0	True	1
Q15599	Homo sapiens	Metazoa	337		0	False	5
Q9XVI2	Caenorhabditis elegans	Metazoa	811		0	False	1
Q6PFQ7	Mus musculus	Metazoa	802		0	False	2
O43557	Homo sapiens	Metazoa	240		0	True	3
Q9USJ1	Schizosaccharomyces pombe (strain 972 / ATCC 24843)	Fungi	298		0	False	2
Q8CGU4	Rattus norvegicus	Metazoa	1186		0	False	1
P07978	Mus musculus	Metazoa	107		0	False	4
P50077	Saccharomyces cerevisiae (strain ATCC 204508 / S288c)	Fungi	2039		0	False	3
P53064	Saccharomyces cerevisiae (strain ATCC 204508 / S288c)	Fungi	558		0	False	3
P43586	Saccharomyces cerevisiae (strain ATCC 204508 / S288c)	Fungi	204		0	False	1
P42737	Arabidopsis thaliana	Plants	331		0	False	2
Q04431	Saccharomyces cerevisiae (strain ATCC 204508 / S288c)	Fungi	385		0	False	3
Q04726	Homo sapiens	Metazoa	772		0	False	1
P00230	Phytolacca acinosa	Plants	96		0	False	3
Q22703	Caenorhabditis elegans	Metazoa	598		0	False	2
Q9P0J6	Homo sapiens	Metazoa	103		0	False	3
Q8LH59	Oryza sativa subsp. japonica	Plants	306		0	False	4
Q8VIH1	Mus musculus	Metazoa	527		0	False	5
Q9UQR1	Homo sapiens	Metazoa	794		0	False	4
Q8W5B1	Arabidopsis thaliana	Plants	440		0	False	4
P53115	Saccharomyces cerevisiae (strain ATCC 204508 / S288c)	Fungi	1489		0	False	3
Q9ZQ19	Arabidopsis thaliana	Plants	279		0	False	2
Q09014	Mus musculus	Metazoa	390		0	False	2
Q9S7D1	Arabidopsis thaliana	Plants	808		0	False	5
Q0JL44	Oryza sativa subsp. japonica	Plants	367		0	False	4
Q42344	Arabidopsis thaliana	Plants	138		0	False	5
Q12749	Saccharomyces cerevisiae (strain ATCC 204508 / S288c)	Fungi	1114		0	False	5
P32048	Saccharomyces cerevisiae (strain ATCC 204508 / S288c)	Fungi	576		0	False	3
P02277	Triticum aestivum	Plants	151		0	False	5
Q7SB95	Neurospora crassa (strain ATCC 24698 / 74-OR23-1A / CBS 708.71 / DSM 1257 / FGSC 987)	Fungi	117		0	False	3
Q02794	Saccharomyces cerevisiae (strain ATCC 204508 / S288c)	Fungi	444		0	False	1
P22411	Sus scrofa	Metazoa	766		0	True	4
Q03254	Saccharomyces cerevisiae (strain ATCC 204508 / S288c)	Fungi	732		0	False	1
Q3V050	Mus musculus	Metazoa	573		0	True	2
O75676	Homo sapiens	Metazoa	772		0	False	2
P11325	Saccharomyces cerevisiae (strain ATCC 204508 / S288c)	Fungi	894		0	False	1
Q99LT0	Mus musculus	Metazoa	99		0	False	5
Q42592	Arabidopsis thaliana	Plants	372		0	False	3
Q6ZBH6	Oryza sativa subsp. japonica	Plants	373		0	False	1
Q8H7F6	Arabidopsis thaliana	Plants	293		0	False	5
Q9CQJ8	Mus musculus	Metazoa	179		0	False	4
O13577	Saccharomyces cerevisiae (strain ATCC 204508 / S288c)	Fungi	133		0	False	4
Q8W191	Arabidopsis thaliana	Plants	149		0	False	5
Q8R515	Rattus norvegicus	Metazoa	873		0	False	2
Q9NPJ4	Homo sapiens	Metazoa	139		0	False	2
Q96ER9	Homo sapiens	Metazoa	411		0	False	1
P48430	Gallus gallus	Metazoa	315		0	False	1
P46367	Saccharomyces cerevisiae (strain ATCC 204508 / S288c)	Fungi	519		0	False	1
P35731	Saccharomyces cerevisiae (strain ATCC 204508 / S288c)	Fungi	278		0	False	2
Q9JM59	Rattus norvegicus	Metazoa	270		0	False	1
Q3E7C1	Saccharomyces cerevisiae (strain ATCC 204508 / S288c)	Fungi	72		0	False	2
Q944Q0	Arabidopsis thaliana	Plants	563		0	False	1
C9JLW8	Homo sapiens	Metazoa	97		0	False	3
P56750	Homo sapiens	Metazoa	224		0	True	5
Q6Z1Y6	Oryza sativa subsp. japonica	Plants	200		0	False	4
P05423	Homo sapiens	Metazoa	398		0	False	1
P53598	Saccharomyces cerevisiae (strain ATCC 204508 / S288c)	Fungi	329		0	False	5
Q64267	Mus musculus	Metazoa	272		0	False	3
Q01815	Mus musculus	Metazoa	2139		0	False	2
Q8TD86	Homo sapiens	Metazoa	181		0	False	1
G5EC32	Caenorhabditis elegans	Metazoa	1005		0	False	4
Q4AE62	Homo sapiens	Metazoa	458		0	False	4
Q9CWR7	Mus musculus	Metazoa	339		0	True	1
P05771	Homo sapiens	Metazoa	671		0	False	5
Q3TXX3	Mus musculus	Metazoa	415		0	True	5
Q9UK39	Homo sapiens	Metazoa	431		0	False	4
P24386	Homo sapiens	Metazoa	653		0	False	2
B7XDF1	Xenopus laevis	Metazoa	170		0	False	5
P22091	Mus musculus	Metazoa	329		0	False	2
P00441	Homo sapiens	Metazoa	154		0	False	1
F4JW68	Arabidopsis thaliana	Plants	126		0	False	2
Q8N8R3	Homo sapiens	Metazoa	303		0	True	5
Q9H1P3	Homo sapiens	Metazoa	480		0	False	5
Q9NUM4	Homo sapiens	Metazoa	274		0	False	3
P53125	Saccharomyces cerevisiae (strain ATCC 204508 / S288c)	Fungi	1264		0	False	1
P07143	Saccharomyces cerevisiae (strain ATCC 204508 / S288c)	Fungi	309		0	False	4
Q9LZ78	Arabidopsis thaliana	Plants	127		0	False	3
P40096	Saccharomyces cerevisiae (strain ATCC 204508 / S288c)	Fungi	142		0	False	3
O57526	Xenopus laevis	Metazoa	593		0	False	2
F4HXY7	Arabidopsis thaliana	Plants	425		0	True	5
Q9BWJ5	Homo sapiens	Metazoa	86		0	False	3
Q9UTJ8	Schizosaccharomyces pombe (strain 972 / ATCC 24843)	Fungi	1285		0	False	4
Q9U2M1	Caenorhabditis elegans	Metazoa	1499		0	False	1
Q9NSK7	Homo sapiens	Metazoa	141		0	True	2
P41223	Homo sapiens	Metazoa	144		0	False	4
A6NKF2	Homo sapiens	Metazoa	412		0	False	5
P25701	Arabidopsis thaliana	Plants	136		0	False	4
P26231	Mus musculus	Metazoa	906		0	False	4
Q96GM5	Homo sapiens	Metazoa	515		0	False	5
Q16740	Homo sapiens	Metazoa	277		0	False	4
Q06324	Saccharomyces cerevisiae (strain ATCC 204508 / S288c)	Fungi	491		0	False	1
Q9BVI0	Homo sapiens	Metazoa	1012		0	False	2
P34447	Caenorhabditis elegans	Metazoa	867		0	False	2
P39682	Saccharomyces cerevisiae (strain ATCC 204508 / S288c)	Fungi	629		0	False	3
Q8TF40	Homo sapiens	Metazoa	1166		0	False	3
P56857	Mus musculus	Metazoa	264		0	True	3
Q94901	Drosophila melanogaster	Metazoa	352		0	False	3
Q92560	Homo sapiens	Metazoa	729		0	False	5
Q9FHI1	Arabidopsis thaliana	Plants	215		0	False	4
Q5EBL4	Homo sapiens	Metazoa	403		0	False	2
P10114	Homo sapiens	Metazoa	183		0	False	1
Q7KN62	Drosophila melanogaster	Metazoa	801		0	False	1
Q5ND04	Mus musculus	Metazoa	624		0	False	1
Q9C9P4	Arabidopsis thaliana	Plants	541		0	False	3
A0A8C0NGY6	Canis lupus familiaris	Metazoa	506		0	False	5
O09130	Mus musculus	Metazoa	412		0	False	2
P42704	Homo sapiens	Metazoa	1394		0	False	4
Q07362	Saccharomyces cerevisiae (strain ATCC 204508 / S288c)	Fungi	185		0	False	5
Q9VCN9	Drosophila melanogaster	Metazoa	743		0	False	5
Q9R1N3	Rattus norvegicus	Metazoa	1218		0	False	2
Q8VC56	Mus musculus	Metazoa	488		0	False	1
Q383Q5	Trypanosoma brucei brucei (strain 927/4 GUTat10.1)	Other	209		0	False	2
Q9VW51	Drosophila melanogaster	Metazoa	1059		0	False	3
Q9VEC1	Drosophila melanogaster	Metazoa	642		0	False	3
Q9LMK5	Arabidopsis thaliana	Plants	160		0	False	5
Q9EP66	Mus musculus	Metazoa	360		0	True	2
Q9WTS5	Mus musculus	Metazoa	2764		0	False	3
Q8JFQ4	Gallus gallus	Metazoa	277		0	False	5
P31390	Rattus norvegicus	Metazoa	486		0	True	4
P55197	Homo sapiens	Metazoa	1068		0	False	2
P06894	Platynereis dumerilii	Metazoa	121		0	False	5
P22353	Saccharomyces cerevisiae (strain ATCC 204508 / S288c)	Fungi	238		0	False	1
Q5AMH6	Candida albicans (strain SC5314 / ATCC MYA-2876)	Fungi	821		0	False	1
O35235	Mus musculus	Metazoa	316		0	True	4
P15341	Equus caballus	Metazoa	50		0	False	3
P59267	Mus musculus	Metazoa	366		0	True	5
P51907	Rattus norvegicus	Metazoa	523		0	True	4
Q9WTU6	Mus musculus	Metazoa	423		0	False	1
Q5JNS0	Oryza sativa subsp. japonica	Plants	379		0	False	2
Q96AM1	Homo sapiens	Metazoa	343		0	True	3
Q06497	Saccharomyces cerevisiae (strain ATCC 204508 / S288c)	Fungi	328		0	True	3
Q9NNW7	Homo sapiens	Metazoa	524		0	False	3
C0HKE8	Mus musculus	Metazoa	130		0	False	1
Q96S59	Homo sapiens	Metazoa	729		0	False	2
Q687X5	Homo sapiens	Metazoa	459		0	False	2
P21788	Hemicentrotus pulcherrimus	Metazoa	150		0	False	1
P03872	Saccharomyces cerevisiae (strain ATCC 204508 / S288c)	Fungi	296		0	False	2
Q6A0D4	Mus musculus	Metazoa	554		0	False	3
Q5JRX3	Homo sapiens	Metazoa	1037		0	False	4
Q8R104	Mus musculus	Metazoa	334		0	False	3
P63280	Mus musculus	Metazoa	158		0	False	1
Q8TDY2	Homo sapiens	Metazoa	1594		0	False	4
P63085	Mus musculus	Metazoa	358		0	False	3
Q52M58	Homo sapiens	Metazoa	125		0	False	2
O74361	Schizosaccharomyces pombe (strain 972 / ATCC 24843)	Fungi	356		0	False	4
P93655	Arabidopsis thaliana	Plants	940		0	False	5
O99019	Solanum demissum	Plants	326		0	False	2
Q9DBP0	Mus musculus	Metazoa	697		0	False	1
Q9FFK6	Arabidopsis thaliana	Plants	810		0	False	2
Q673G8	Danio rerio	Metazoa	837		0	False	2
P61074	Plasmodium falciparum (isolate 3D7)	Other	274		0	False	3
Q9NRG9	Homo sapiens	Metazoa	546		0	False	3
P32839	Saccharomyces cerevisiae (strain ATCC 204508 / S288c)	Fungi	456		0	True	1
Q02067	Mus musculus	Metazoa	231		0	False	1
O75593	Homo sapiens	Metazoa	365		0	False	4
P32120	Bos taurus	Metazoa	420		0	False	2
P00049	Ustilago sphaerogena	Fungi	107		0	False	1
Q08235	Saccharomyces cerevisiae (strain ATCC 204508 / S288c)	Fungi	291		0	False	2
Q9BW85	Homo sapiens	Metazoa	323		0	False	3
Q9NUT2	Homo sapiens	Metazoa	735		0	False	5
G4SLH0	Caenorhabditis elegans	Metazoa	18562		0	False	3
Q9JHS2	Rattus norvegicus	Metazoa	662		0	False	1
Q9XII1	Arabidopsis thaliana	Plants	307		0	False	5
Q9XWL9	Caenorhabditis elegans	Metazoa	895		0	False	5
P06182	Saccharomyces cerevisiae (strain ATCC 204508 / S288c)	Fungi	269		0	False	3
Q8HTL5	Chlamydomonas reinhardtii	Plants	175		0	True	1
Q6UVM3	Homo sapiens	Metazoa	1135		0	True	2
Q9LXJ1	Arabidopsis thaliana	Plants	140		0	False	3
P11703	Spinacia oleracea	Plants	1070		0	False	3
P00233	Gleichenia japonica	Plants	95		0	False	4
O88339	Rattus norvegicus	Metazoa	575		0	False	5
Q9Y6A4	Homo sapiens	Metazoa	193		0	False	2
Q9TZ64	Caenorhabditis elegans	Metazoa	497		0	False	5
P93431	Oryza sativa subsp. japonica	Plants	466		0	False	1
O08967	Mus musculus	Metazoa	399		0	False	4
Q9T014	Arabidopsis thaliana	Plants	1036		0	False	3
P41005	Schizosaccharomyces pombe (strain 972 / ATCC 24843)	Fungi	101		0	False	3
P40485	Saccharomyces cerevisiae (strain ATCC 204508 / S288c)	Fungi	686		0	False	3
Q9SF47	Arabidopsis thaliana	Plants	904		0	False	4
O60669	Homo sapiens	Metazoa	478		0	True	2
P03924	Bos taurus	Metazoa	175		0	True	5
Q9C9E3	Arabidopsis thaliana	Plants	269		0	False	4
Q19849	Caenorhabditis elegans	Metazoa	486		0	False	2
Q6F2E7	Xenopus tropicalis	Metazoa	482		0	False	4
Q9UT03	Schizosaccharomyces pombe (strain 972 / ATCC 24843)	Fungi	677		0	False	4
Q9SKX5	Arabidopsis thaliana	Plants	490		0	False	5
P41832	Saccharomyces cerevisiae (strain ATCC 204508 / S288c)	Fungi	1953		0	False	2
Q9WTW8	Rattus norvegicus	Metazoa	647		0	False	3
Q9CX83	Mus musculus	Metazoa	456		0	True	2
Q9FFJ8	Arabidopsis thaliana	Plants	449		0	False	3
P09622	Homo sapiens	Metazoa	509		0	False	3
Q9Y253	Homo sapiens	Metazoa	713		0	False	1
Q95QZ9	Caenorhabditis elegans	Metazoa	529		0	False	5
Q3SZ47	Bos taurus	Metazoa	65		0	False	5
P00966	Homo sapiens	Metazoa	412		0	False	4
P13346	Mus musculus	Metazoa	338		0	False	3
Q7TNK1	Mus musculus	Metazoa	735		0	False	1
P36169	Saccharomyces cerevisiae (strain ATCC 204508 / S288c)	Fungi	355		0	True	2
H2L006	Caenorhabditis elegans	Metazoa	451		0	True	5
Q02486	Saccharomyces cerevisiae (strain ATCC 204508 / S288c)	Fungi	183		0	False	4
Q9UTM0	Schizosaccharomyces pombe (strain 972 / ATCC 24843)	Fungi	249		0	False	3
F1LQ70	Rattus norvegicus	Metazoa	663		0	False	4
Q94AQ6	Arabidopsis thaliana	Plants	373		0	False	5
P78345	Homo sapiens	Metazoa	283		0	False	2
P27105	Homo sapiens	Metazoa	288		0	False	2
Q95ST2	Drosophila melanogaster	Metazoa	594		0	True	2
Q6GYP7	Mus musculus	Metazoa	2035		0	False	4
O23184	Arabidopsis thaliana	Plants	167		0	False	2
Q9LFE0	Arabidopsis thaliana	Plants	820		0	False	5
Q9Y3C6	Homo sapiens	Metazoa	166		0	False	2
P37107	Arabidopsis thaliana	Plants	564		0	False	4
A0A125YSC7	Toxoplasma gondii (strain ATCC 50611 / Me49)	Other	412		0	True	3
P25336	Saccharomyces cerevisiae (strain ATCC 204508 / S288c)	Fungi	1018		0	False	4
P82912	Homo sapiens	Metazoa	194		0	False	1
O14893	Homo sapiens	Metazoa	280		0	False	2
Q940Y5	Arabidopsis thaliana	Plants	619		0	True	5
O88454	Mus musculus	Metazoa	398		0	True	1
O96624	Dictyostelium discoideum	Other	174		0	False	5
Q9JLJ3	Rattus norvegicus	Metazoa	494		0	False	5
P40032	Saccharomyces cerevisiae (strain ATCC 204508 / S288c)	Fungi	644		0	False	3
P35203	Saccharomyces cerevisiae (strain ATCC 204508 / S288c)	Fungi	478		0	False	3
Q9C7C4	Arabidopsis thaliana	Plants	327		0	False	2
Q5W0Z9	Homo sapiens	Metazoa	365		0	True	3
P28178	Dictyostelium discoideum	Other	479		0	False	1
Q9Y3C4	Homo sapiens	Metazoa	175		0	False	4
P46275	Pisum sativum	Plants	407		0	False	2
Q35128	Neurospora crassa (strain ATCC 24698 / 74-OR23-1A / CBS 708.71 / DSM 1257 / FGSC 987)	Fungi	385		0	True	2
P02902	Hordeum vulgare	Plants	149		0	False	5
Q9VBB3	Drosophila melanogaster	Metazoa	328		0	False	2
Q07071	Rattus norvegicus	Metazoa	627		0	False	2
G4MWZ7	Pyricularia oryzae (strain 70-15 / ATCC MYA-4617 / FGSC 8958)	Fungi	702		0	False	2
Q96A09	Homo sapiens	Metazoa	425		0	False	5
Q04279	Saccharomyces cerevisiae (strain ATCC 204508 / S288c)	Fungi	960		0	False	4
Q40477	Nicotiana tabacum	Plants	225		0	False	3
Q07108	Homo sapiens	Metazoa	199		0	True	4
Q86Z02	Homo sapiens	Metazoa	1210		0	False	2
Q6PJW8	Homo sapiens	Metazoa	725		0	False	5
Q9CA45	Arabidopsis thaliana	Plants	147		0	False	2
Q9DAT5	Mus musculus	Metazoa	417		0	False	5
Q8CGK3	Mus musculus	Metazoa	949		0	False	4
P46414	Mus musculus	Metazoa	197		0	False	2
O88665	Mus musculus	Metazoa	651		0	False	4
Q9UK99	Homo sapiens	Metazoa	471		0	False	5
Q9GZY4	Homo sapiens	Metazoa	146		0	True	5
Q86T26	Homo sapiens	Metazoa	416		0	True	3
Q9C5W9	Arabidopsis thaliana	Plants	602		0	False	2
P42774	Arabidopsis thaliana	Plants	315		0	False	3
P62897	Mus musculus	Metazoa	105		0	False	4
P41968	Homo sapiens	Metazoa	323		0	True	4
Q96KM6	Homo sapiens	Metazoa	892		0	False	1
Q6VN20	Homo sapiens	Metazoa	620		0	False	1
Q7RTV0	Homo sapiens	Metazoa	110		0	False	3
Q5JPH6	Homo sapiens	Metazoa	523		0	False	3
Q9W3C1	Drosophila melanogaster	Metazoa	1008		0	False	1
O61016	Crithidia fasciculata	Other	151		0	False	4
P52435	Homo sapiens	Metazoa	117		0	False	3
Q99KK2	Mus musculus	Metazoa	432		0	False	2
P03929	Bos taurus	Metazoa	66		0	True	1
P40014	Saccharomyces cerevisiae (strain ATCC 204508 / S288c)	Fungi	221		0	False	3
Q8IWE4	Homo sapiens	Metazoa	304		0	False	2
P14416	Homo sapiens	Metazoa	443		0	True	5
Q6C7L6	Yarrowia lipolytica (strain CLIB 122 / E 150)	Fungi	237		0	False	5
Q23670	Caenorhabditis elegans	Metazoa	1520		0	False	1
G5EDW7	Caenorhabditis elegans	Metazoa	386		0	False	4
Q9H633	Homo sapiens	Metazoa	154		0	False	1
Q9UUF3	Schizosaccharomyces pombe (strain 972 / ATCC 24843)	Fungi	287		0	False	1
Q9FLL1	Arabidopsis thaliana	Plants	602		0	False	1
P40156	Saccharomyces cerevisiae (strain ATCC 204508 / S288c)	Fungi	214		0	False	1
D3ZAW2	Rattus norvegicus	Metazoa	406		0	True	1
A0A0P0XB70	Oryza sativa subsp. japonica	Plants	158		0	False	1
Q9WU65	Mus musculus	Metazoa	554		0	False	3
Q92633	Homo sapiens	Metazoa	364		0	True	3
P37088	Homo sapiens	Metazoa	669		0	True	3
Q03640	Saccharomyces cerevisiae (strain ATCC 204508 / S288c)	Fungi	1545		0	False	5
Q96AP0	Homo sapiens	Metazoa	458		0	False	4
Q9FIF5	Arabidopsis thaliana	Plants	413		0	False	2
P12198	Nicotiana tabacum	Plants	55		0	False	2
O81193	Salvia officinalis	Plants	590		0	False	4
P10566	Saccharomyces cerevisiae (strain ATCC 204508 / S288c)	Fungi	314		0	True	3
Q9HC62	Homo sapiens	Metazoa	589		0	False	2
O14161	Schizosaccharomyces pombe (strain 972 / ATCC 24843)	Fungi	293		0	False	3
Q6NWY9	Homo sapiens	Metazoa	871		0	False	3
P11142	Homo sapiens	Metazoa	646		0	False	2
P40513	Saccharomyces cerevisiae (strain ATCC 204508 / S288c)	Fungi	266		0	False	5
Q94JG1	Oryza sativa subsp. japonica	Plants	516		0	True	5
Q02548	Homo sapiens	Metazoa	391		0	False	1
Q9H165	Homo sapiens	Metazoa	835		0	False	3
Q7SGH0	Neurospora crassa (strain ATCC 24698 / 74-OR23-1A / CBS 708.71 / DSM 1257 / FGSC 987)	Fungi	98		0	False	1
Q03305	Saccharomyces cerevisiae (strain ATCC 204508 / S288c)	Fungi	412		0	False	4
Q14296	Homo sapiens	Metazoa	549		0	False	3
G5EDJ0	Caenorhabditis elegans	Metazoa	419		0	False	4
P47809	Mus musculus	Metazoa	397		0	False	1
P52294	Homo sapiens	Metazoa	538		0	False	3
Q96T88	Homo sapiens	Metazoa	793		0	False	5
P29384	Arabidopsis thaliana	Plants	250		0	False	4
O77408	Lymnaea stagnalis	Metazoa	638		0	True	2
O80875	Arabidopsis thaliana	Plants	1002		0	False	4
Q9NZH6	Homo sapiens	Metazoa	218		0	False	3
Q63014	Rattus norvegicus	Metazoa	687		0	False	4
Q9TZ70	Caenorhabditis elegans	Metazoa	205		0	False	5
P25655	Saccharomyces cerevisiae (strain ATCC 204508 / S288c)	Fungi	2108		0	False	5
Q9NP64	Homo sapiens	Metazoa	241		0	False	1
Q9H6E5	Homo sapiens	Metazoa	874		0	False	1
Q8S9K3	Arabidopsis thaliana	Plants	758		0	False	1
O44476	Caenorhabditis elegans	Metazoa	833		0	False	3
W0RYD3	Oryza sativa subsp. japonica	Plants	2135		0	False	3
Q10474	Schizosaccharomyces pombe (strain 972 / ATCC 24843)	Fungi	258		0	False	1
Q60603	Mus musculus	Metazoa	989		0	False	2
P62775	Rattus norvegicus	Metazoa	118		0	False	3
Q9NP71	Homo sapiens	Metazoa	852		0	False	1
P38081	Saccharomyces cerevisiae (strain ATCC 204508 / S288c)	Fungi	501		0	False	5
Q53TQ3	Homo sapiens	Metazoa	1027		0	False	1
Q5BPF3	Arabidopsis thaliana	Plants	262		0	False	1
Q8NAU1	Homo sapiens	Metazoa	260		0	False	5
P35802	Mus musculus	Metazoa	278		0	True	2
Q8LSZ4	Arabidopsis thaliana	Plants	403		0	False	2
P31007	Drosophila melanogaster	Metazoa	970		0	False	1
Q9P287	Homo sapiens	Metazoa	314		0	False	3
P40057	Saccharomyces cerevisiae (strain ATCC 204508 / S288c)	Fungi	128		0	False	5
P19339	Drosophila melanogaster	Metazoa	354		0	False	2
Q7SHR6	Neurospora crassa (strain ATCC 24698 / 74-OR23-1A / CBS 708.71 / DSM 1257 / FGSC 987)	Fungi	344		0	False	4
P39705	Saccharomyces cerevisiae (strain ATCC 204508 / S288c)	Fungi	539		0	False	4
Q5UB07	Medicago truncatula	Plants	580		0	False	4
Q8K0U3	Mus musculus	Metazoa	198		0	True	3
O60393	Homo sapiens	Metazoa	691		0	False	5
Q80TI0	Mus musculus	Metazoa	738		0	False	3
Q13084	Homo sapiens	Metazoa	256		0	False	1
Q9JKX3	Mus musculus	Metazoa	798		0	True	2
P20749	Homo sapiens	Metazoa	454		0	False	4
Q61221	Mus musculus	Metazoa	836		0	False	4
P46462	Rattus norvegicus	Metazoa	806		0	False	3
Q9HB90	Homo sapiens	Metazoa	399		0	False	5
G5EGA9	Caenorhabditis elegans	Metazoa	345		0	False	4
Q9USZ3	Schizosaccharomyces pombe (strain 972 / ATCC 24843)	Fungi	84		0	False	4
Q9JHU3	Mus musculus	Metazoa	346		0	False	1
E9Q6W4	Mus musculus	Metazoa	445		0	False	4
P06005	Spinacia oleracea	Plants	353		0	True	5
P49679	Pisum sativum	Plants	189		0	False	5
Q9JJ28	Mus musculus	Metazoa	1271		0	False	3
Q9HAV7	Homo sapiens	Metazoa	217		0	False	5
Q9LSI7	Arabidopsis thaliana	Plants	317		0	False	4
P49419	Homo sapiens	Metazoa	539		0	False	5
P61201	Homo sapiens	Metazoa	443		0	False	5
E7F568	Danio rerio	Metazoa	1343		0	False	1
Q15311	Homo sapiens	Metazoa	655		0	False	3
Q8BHS6	Mus musculus	Metazoa	379		0	True	1
Q9ZNQ8	Arabidopsis thaliana	Plants	633		0	False	1
O88379	Mus musculus	Metazoa	1555		0	False	3
Q8WXH0	Homo sapiens	Metazoa	6885		0	False	5
Q9VS59	Drosophila melanogaster	Metazoa	201		0	False	2
C0HKE6	Mus musculus	Metazoa	130		0	False	3
P13433	Saccharomyces cerevisiae (strain ATCC 204508 / S288c)	Fungi	1351		0	False	1
P52296	Rattus norvegicus	Metazoa	875		0	False	4
Q9SH69	Arabidopsis thaliana	Plants	487		0	False	1
Q967U1	Dictyostelium discoideum	Other	225		0	False	5
Q8LPN3	Arabidopsis thaliana	Plants	919		0	False	2
Q9XIB5	Arabidopsis thaliana	Plants	226		0	False	1
Q9LU39	Arabidopsis thaliana	Plants	317		0	False	3
O35296	Mesocricetus auratus	Metazoa	373		0	False	4
P62847	Homo sapiens	Metazoa	133		0	False	4
O75494	Homo sapiens	Metazoa	262		0	False	2
O94290	Schizosaccharomyces pombe (strain 972 / ATCC 24843)	Fungi	217		0	False	1
Q9D1P2	Mus musculus	Metazoa	458		0	False	1
Q7XK25	Oryza sativa subsp. japonica	Plants	475		0	False	2
Q9BXC1	Homo sapiens	Metazoa	333		0	True	5
Q96T58	Homo sapiens	Metazoa	3664		0	False	3
P56408	Scenedesmus fuscus	Plants	94		0	False	4
Q07540	Saccharomyces cerevisiae (strain ATCC 204508 / S288c)	Fungi	174		0	False	2
P14635	Homo sapiens	Metazoa	433		0	False	1
P53507	Saccharomyces cerevisiae (strain ATCC 204508 / S288c)	Fungi	60		0	True	2
Q9NY46	Homo sapiens	Metazoa	2000		0	False	3
Q9CPQ8	Mus musculus	Metazoa	103		0	False	2
J9VME1	Cryptococcus neoformans var. grubii serotype A (strain H99 / ATCC 208821 / CBS 10515 / FGSC 9487)	Fungi	1543		0	False	5
A1Z7A6	Drosophila melanogaster	Metazoa	1155		0	False	3
P29386	Arabidopsis thaliana	Plants	252		0	False	3
Q9NWZ5	Homo sapiens	Metazoa	548		0	False	4
G5EE01	Caenorhabditis elegans	Metazoa	962		0	False	2
Q40089	Ipomoea batatas	Plants	200		0	False	2
Q9M9T4	Arabidopsis thaliana	Plants	442		0	False	1
Q80ZG2	Rattus norvegicus	Metazoa	678		0	False	5
Q9NSD5	Homo sapiens	Metazoa	602		0	True	3
P17483	Homo sapiens	Metazoa	251		0	False	2
Q96RD7	Homo sapiens	Metazoa	426		0	True	4
P29381	Arabidopsis thaliana	Plants	248		0	False	4
O65282	Arabidopsis thaliana	Plants	253		0	False	2
Q7XA66	Arabidopsis thaliana	Plants	242		0	False	5
P23368	Homo sapiens	Metazoa	584		0	False	3
Q08850	Rattus norvegicus	Metazoa	298		0	False	4
P49866	Drosophila melanogaster	Metazoa	704		0	False	1
Q9NZD1	Homo sapiens	Metazoa	345		0	True	1
Q9LSE2	Arabidopsis thaliana	Plants	494		0	False	4
Q9HCG8	Homo sapiens	Metazoa	908		0	False	5
Q12186	Saccharomyces cerevisiae (strain ATCC 204508 / S288c)	Fungi	476		0	False	5
Q9LYK7	Arabidopsis thaliana	Plants	590		0	False	1
Q9C0A1	Homo sapiens	Metazoa	2572		0	False	2
P09605	Rattus norvegicus	Metazoa	419		0	False	2
Q59NP1	Candida albicans (strain SC5314 / ATCC MYA-2876)	Fungi	251		0	True	4
O96626	Dictyostelium discoideum	Other	138		0	False	3
P11873	Tetrahymena thermophila	Other	100		0	False	4
P00416	Mus musculus	Metazoa	261		0	True	4
Q80TH2	Mus musculus	Metazoa	1402		0	False	1
Q9FFG0	Arabidopsis thaliana	Plants	248		0	False	1
Q9Z2H2	Mus musculus	Metazoa	472		0	False	2
Q9BWU0	Homo sapiens	Metazoa	742		0	False	1
Q874C1	Neurospora crassa (strain ATCC 24698 / 74-OR23-1A / CBS 708.71 / DSM 1257 / FGSC 987)	Fungi	540		0	False	2
Q63262	Rattus norvegicus	Metazoa	497		0	False	5
Q84K11	Solanum lycopersicum	Plants	556		0	False	4
P0C2C0	Rattus norvegicus	Metazoa	206		0	False	1
X5JB51	Arabidopsis thaliana	Plants	829		0	False	2
Q39009	Arabidopsis thaliana	Plants	344		0	False	5
A6NDV4	Homo sapiens	Metazoa	472		0	False	4
H6CAN5	Exophiala dermatitidis (strain ATCC 34100 / CBS 525.76 / NIH/UT8656)	Fungi	1885		0	False	5
P10628	Mus musculus	Metazoa	250		0	False	4
Q13133	Homo sapiens	Metazoa	447		0	False	1
P53838	Saccharomyces cerevisiae (strain ATCC 204508 / S288c)	Fungi	576		0	True	1
P52756	Homo sapiens	Metazoa	815		0	False	1
P22907	Mus musculus	Metazoa	361		0	False	3
P97576	Rattus norvegicus	Metazoa	217		0	False	4
Q9NGX9	Drosophila melanogaster	Metazoa	489		0	False	4
Q9Y446	Homo sapiens	Metazoa	797		0	False	1
Q9UHR5	Homo sapiens	Metazoa	308		0	False	2
Q0WVH0	Arabidopsis thaliana	Plants	594		0	False	5
Q9R0W2	Rattus norvegicus	Metazoa	555		0	True	3
F4IRR2	Arabidopsis thaliana	Plants	1040		0	False	2
P50542	Homo sapiens	Metazoa	639		0	False	3
O14232	Schizosaccharomyces pombe (strain 972 / ATCC 24843)	Fungi	1117		0	False	2
P56378	Homo sapiens	Metazoa	58		0	True	3
O74859	Schizosaccharomyces pombe (strain 972 / ATCC 24843)	Fungi	232		0	False	1
Q8N7J2	Homo sapiens	Metazoa	671		0	False	1
Q9LV85	Arabidopsis thaliana	Plants	564		0	False	2
Q944G5	Arabidopsis thaliana	Plants	636		0	True	3
Q06567	Saccharomyces cerevisiae (strain ATCC 204508 / S288c)	Fungi	569		0	True	3
P16989	Homo sapiens	Metazoa	372		0	False	2
P84074	Homo sapiens	Metazoa	193		0	False	3
Q92966	Homo sapiens	Metazoa	411		0	False	5
Q9NSY1	Homo sapiens	Metazoa	1161		0	False	4
P82191	Spinacia oleracea	Plants	305		0	False	1
P40381	Schizosaccharomyces pombe (strain 972 / ATCC 24843)	Fungi	328		0	False	1
P15436	Saccharomyces cerevisiae (strain ATCC 204508 / S288c)	Fungi	1097		0	False	2
Q8CJF7	Mus musculus	Metazoa	2243		0	False	3
Q5XKL5	Homo sapiens	Metazoa	1792		0	False	3
Q9UST6	Schizosaccharomyces pombe (strain 972 / ATCC 24843)	Fungi	198		0	False	2
Q9BZF1	Homo sapiens	Metazoa	889		0	False	4
P25632	Saccharomyces cerevisiae (strain ATCC 204508 / S288c)	Fungi	483		0	False	2
Q3L8U1	Homo sapiens	Metazoa	2897		0	False	3
A0A7G5KLV0	Cananga odorata	Plants	590		0	False	5
P01097	Saccharomyces cerevisiae (strain ATCC 204508 / S288c)	Fungi	85		0	False	2
Q4WW97	Aspergillus fumigatus (strain ATCC MYA-4609 / CBS 101355 / FGSC A1100 / Af293)	Fungi	292		0	False	1
Q9C7S0	Arabidopsis thaliana	Plants	295		0	False	5
Q3UK10	Mus musculus	Metazoa	175		0	False	4
Q9P258	Homo sapiens	Metazoa	522		0	False	5
Q801E2	Xenopus laevis	Metazoa	1116		0	False	3
P22185	Sauromatum venosum	Plants	349		0	False	5
Q9FIU5	Arabidopsis thaliana	Plants	440		0	True	1
Q9LUE6	Arabidopsis thaliana	Plants	364		0	False	2
P59226	Arabidopsis thaliana	Plants	136		0	False	4
Q62908	Rattus norvegicus	Metazoa	193		0	False	4
Q8BP71	Mus musculus	Metazoa	449		0	False	3
Q14164	Homo sapiens	Metazoa	716		0	False	4
P87377	Xenopus laevis	Metazoa	455		0	False	5
Q02932	Saccharomyces cerevisiae (strain ATCC 204508 / S288c)	Fungi	1032		0	False	5
Q90X64	Xenopus laevis	Metazoa	521		0	False	3
P38801	Saccharomyces cerevisiae (strain ATCC 204508 / S288c)	Fungi	184		0	False	1
Q07651	Saccharomyces cerevisiae (strain ATCC 204508 / S288c)	Fungi	309		0	True	5
Q96DV4	Homo sapiens	Metazoa	380		0	False	3
P42841	Saccharomyces cerevisiae (strain ATCC 204508 / S288c)	Fungi	465		0	False	4
Q9SVQ3	Arabidopsis thaliana	Plants	517		0	False	5
O60729	Homo sapiens	Metazoa	498		0	False	3
Q5U458	Mus musculus	Metazoa	559		0	False	2
Q5VWZ2	Homo sapiens	Metazoa	237		0	False	5
P46089	Homo sapiens	Metazoa	330		0	True	1
P53218	Saccharomyces cerevisiae (strain ATCC 204508 / S288c)	Fungi	158		0	False	1
Q2HJ10	Mus musculus	Metazoa	371		0	True	1
O88728	Mus musculus	Metazoa	134		0	True	5
Q9GTP4	Crithidia fasciculata	Other	502		0	True	1
P06809	Neurospora crassa (strain ATCC 24698 / 74-OR23-1A / CBS 708.71 / DSM 1257 / FGSC 987)	Fungi	186		0	False	1
Q96BM1	Homo sapiens	Metazoa	317		0	False	4
Q9HB75	Homo sapiens	Metazoa	910		0	False	1
P52434	Homo sapiens	Metazoa	150		0	False	1
Q9D030	Mus musculus	Metazoa	160		0	False	1
Q17850	Caenorhabditis elegans	Metazoa	572		0	False	1
Q9UIJ5	Homo sapiens	Metazoa	367		0	True	1
P00314	Galdieria sulphuraria	Other	161		0	False	5
Q9P2R7	Homo sapiens	Metazoa	463		0	False	1
P16054	Mus musculus	Metazoa	737		0	False	4
Q14642	Homo sapiens	Metazoa	412		0	False	3
Q07053	Crithidia fasciculata	Other	128		0	False	1
P97852	Rattus norvegicus	Metazoa	735		0	False	3
Q3U827	Mus musculus	Metazoa	592		0	False	5
P25274	Oryctolagus cuniculus	Metazoa	168		0	False	5
Q9P305	Saccharomyces cerevisiae (strain ATCC 204508 / S288c)	Fungi	131		0	False	5
P60709	Homo sapiens	Metazoa	375		0	False	3
Q8R4Z9	Rattus norvegicus	Metazoa	741		0	False	1
Q9R061	Mus musculus	Metazoa	275		0	False	1
P27796	Saccharomyces cerevisiae (strain ATCC 204508 / S288c)	Fungi	417		0	False	2
Q9NYJ8	Homo sapiens	Metazoa	693		0	False	1
Q8L9J7	Arabidopsis thaliana	Plants	247		0	True	3
Q5QF96	Bos taurus	Metazoa	384		0	True	4
O88939	Mus musculus	Metazoa	569		0	False	5
Q96HY7	Homo sapiens	Metazoa	919		0	False	1
P40302	Saccharomyces cerevisiae (strain ATCC 204508 / S288c)	Fungi	234		0	False	4
Q64429	Mus musculus	Metazoa	543		0	False	3
Q9LZW2	Arabidopsis thaliana	Plants	270		0	False	1
Q9BZF2	Homo sapiens	Metazoa	842		0	False	5
Q94CD4	Arabidopsis thaliana	Plants	134		0	False	3
S8EXD2	Toxoplasma gondii (strain ATCC 50611 / Me49)	Other	463		0	False	5
Q810Y4	Rattus norvegicus	Metazoa	532		0	True	5
Q9NUU6	Homo sapiens	Metazoa	356		0	False	2
O75971	Homo sapiens	Metazoa	98		0	False	5
O74910	Schizosaccharomyces pombe (strain 972 / ATCC 24843)	Fungi	638		0	False	1
Q7L1W4	Homo sapiens	Metazoa	858		0	True	2
Q9VHJ6	Drosophila melanogaster	Metazoa	592		0	False	5
Q03250	Arabidopsis thaliana	Plants	176		0	False	1
Q9BWK5	Homo sapiens	Metazoa	157		0	False	5
P30355	Mus musculus	Metazoa	161		0	True	3
Q16798	Homo sapiens	Metazoa	604		0	False	3
Q6PCZ4	Mus musculus	Metazoa	918		0	False	1
P43583	Saccharomyces cerevisiae (strain ATCC 204508 / S288c)	Fungi	2143		0	False	5
Q8WXE1	Homo sapiens	Metazoa	791		0	False	1
P87152	Schizosaccharomyces pombe (strain 972 / ATCC 24843)	Fungi	992		0	False	4
Q9MAQ0	Arabidopsis thaliana	Plants	610		0	False	5
P83006	Rattus norvegicus	Metazoa	390		0	False	5
O14285	Schizosaccharomyces pombe (strain 972 / ATCC 24843)	Fungi	164		0	False	1
C8VTS4	Emericella nidulans (strain FGSC A4 / ATCC 38163 / CBS 112.46 / NRRL 194 / M139)	Fungi	369		0	False	2
Q09293	Caenorhabditis elegans	Metazoa	367		0	False	3
Q96RE9	Homo sapiens	Metazoa	604		0	False	1
Q38859	Arabidopsis thaliana	Plants	116		0	False	4
Q3ZBI7	Bos taurus	Metazoa	58		0	True	1
Q64568	Rattus norvegicus	Metazoa	1258		0	False	5
O94355	Schizosaccharomyces pombe (strain 972 / ATCC 24843)	Fungi	240		0	False	5
P48237	Saccharomyces cerevisiae (strain ATCC 204508 / S288c)	Fungi	864		0	False	1
O00763	Homo sapiens	Metazoa	2458		0	False	1
P39015	Saccharomyces cerevisiae (strain ATCC 204508 / S288c)	Fungi	273		0	False	4
Q27272	Drosophila melanogaster	Metazoa	278		0	False	3
D7PC76	Tursiops truncatus	Metazoa	741		0	True	4
Q9FEA2	Arabidopsis thaliana	Plants	570		0	False	3
O00214	Homo sapiens	Metazoa	317		0	False	1
Q9Y7K9	Schizosaccharomyces pombe (strain 972 / ATCC 24843)	Fungi	246		0	False	2
Q96GE9	Homo sapiens	Metazoa	116		0	True	3
P50545	Rattus norvegicus	Metazoa	524		0	False	2
Q9QYR7	Mus musculus	Metazoa	432		0	False	4
O75496	Homo sapiens	Metazoa	209		0	False	3
Q9WTV7	Mus musculus	Metazoa	600		0	False	1
O75762	Homo sapiens	Metazoa	1119		0	False	4
Q6YZF3	Oryza sativa subsp. japonica	Plants	307		0	True	2
Q3E846	Saccharomyces cerevisiae (strain ATCC 204508 / S288c)	Fungi	104		0	False	3
Q9M374	Arabidopsis thaliana	Plants	315		0	False	4
P03892	Bos taurus	Metazoa	347		0	True	3
Q8R2Y0	Mus musculus	Metazoa	336		0	True	1
Q99583	Homo sapiens	Metazoa	582		0	False	2
Q8NBF2	Homo sapiens	Metazoa	726		0	False	3
P82347	Mus musculus	Metazoa	289		0	True	4
Q00922	Candida boidinii	Fungi	663		0	False	2
P14063	Saccharomyces cerevisiae (strain ATCC 204508 / S288c)	Fungi	131		0	False	1
Q96EP5	Homo sapiens	Metazoa	407		0	False	2
Q96RI1	Homo sapiens	Metazoa	486		0	False	1
Q9Y8C0	Neurospora crassa (strain ATCC 24698 / 74-OR23-1A / CBS 708.71 / DSM 1257 / FGSC 987)	Fungi	92		0	False	5
P41814	Saccharomyces cerevisiae (strain ATCC 204508 / S288c)	Fungi	478		0	False	2
Q07116	Rattus norvegicus	Metazoa	546		0	False	3
O94762	Homo sapiens	Metazoa	991		0	False	2
P23196	Bos taurus	Metazoa	318		0	False	1
P31249	Homo sapiens	Metazoa	432		0	False	3
O49562	Arabidopsis thaliana	Plants	403		0	False	4
Q54WT8	Dictyostelium discoideum	Other	294		0	True	4
Q9UJZ1	Homo sapiens	Metazoa	356		0	False	5
P47712	Homo sapiens	Metazoa	749		0	False	5
G5EFT5	Caenorhabditis elegans	Metazoa	671		0	False	2
Q99NF1	Mus musculus	Metazoa	532		0	False	4
Q9NRR5	Homo sapiens	Metazoa	601		0	False	1
Q05922	Mus musculus	Metazoa	318		0	False	2
Q9USU8	Schizosaccharomyces pombe (strain 972 / ATCC 24843)	Fungi	551		0	False	1
Q570C0	Arabidopsis thaliana	Plants	594		0	False	3
Q10452	Schizosaccharomyces pombe (strain 972 / ATCC 24843)	Fungi	387		0	False	5
O43491	Homo sapiens	Metazoa	1005		0	False	2
C0HM98	Homo sapiens	Metazoa	186		0	False	3
P70425	Mus musculus	Metazoa	217		0	False	1
P97718	Mus musculus	Metazoa	466		0	True	2
Q1ZXU0	Caenorhabditis elegans	Metazoa	205		0	False	4
Q91WC0	Mus musculus	Metazoa	594		0	False	3
Q17569	Caenorhabditis elegans	Metazoa	389		0	False	1
Q12968	Homo sapiens	Metazoa	1075		0	False	4
O43525	Homo sapiens	Metazoa	872		0	False	3
P21932	Rattus norvegicus	Metazoa	1144		0	True	4
O15287	Homo sapiens	Metazoa	622		0	False	4
Q9C108	Schizosaccharomyces pombe (strain 972 / ATCC 24843)	Fungi	163		0	False	5
Q12962	Homo sapiens	Metazoa	218		0	False	2
Q9SGE2	Arabidopsis thaliana	Plants	111		0	False	1
Q9Y4C8	Homo sapiens	Metazoa	960		0	False	5
Q9BXP2	Homo sapiens	Metazoa	914		0	True	1
Q6RUV5	Rattus norvegicus	Metazoa	192		0	False	5
P18146	Homo sapiens	Metazoa	543		0	False	4
P19754	Bos taurus	Metazoa	1134		0	True	2
Q9DBU6	Mus musculus	Metazoa	334		0	False	1
Q9EQ16	Mus musculus	Metazoa	351		0	True	4
P16889	Strongylocentrotus purpuratus	Metazoa	123		0	False	4
P21560	Saccharomyces cerevisiae (strain ATCC 204508 / S288c)	Fungi	335		0	False	2
Q9UTT2	Schizosaccharomyces pombe (strain 972 / ATCC 24843)	Fungi	1206		0	False	3
P80093	Capsicum annuum	Plants	582		0	False	5
P17955	Rattus norvegicus	Metazoa	525		0	False	5
Q9XGP7	Oryza sativa subsp. japonica	Plants	252		0	False	1
P79937	Xenopus laevis	Metazoa	390		0	False	4
Q9H1E3	Homo sapiens	Metazoa	243		0	False	5
P09940	Cyberlindnera jadinii	Fungi	63		0	False	3
Q04609	Homo sapiens	Metazoa	750		0	True	4
Q06494	Saccharomyces cerevisiae (strain ATCC 204508 / S288c)	Fungi	345		0	False	1
P55852	Arabidopsis thaliana	Plants	100		0	False	3
Q9FNQ0	Arabidopsis thaliana	Plants	625		0	False	2
Q8VZS8	Arabidopsis thaliana	Plants	221		0	False	5
Q09808	Schizosaccharomyces pombe (strain 972 / ATCC 24843)	Fungi	152		0	False	3
Q57V41	Trypanosoma brucei brucei (strain 927/4 GUTat10.1)	Other	351		0	False	5
Q96GJ1	Homo sapiens	Metazoa	504		0	False	5
Q7TMR7	Rattus norvegicus	Metazoa	522		0	True	3
P23378	Homo sapiens	Metazoa	1020		0	False	2
Q9SYB9	Arabidopsis thaliana	Plants	404		0	False	2
Q9WV52	Mus musculus	Metazoa	353		0	False	3
P32300	Mus musculus	Metazoa	372		0	True	3
Q80WL1	Rattus norvegicus	Metazoa	549		0	True	2
I6VSD2	Capra hircus	Metazoa	224		0	True	5
Q9EQW6	Mus musculus	Metazoa	323		0	False	3
Q84VX3	Arabidopsis thaliana	Plants	626		0	False	4
A0A2Z4LIS9	Homo sapiens	Metazoa	290		0	False	4
Q9LU89	Arabidopsis thaliana	Plants	510		0	False	1
P86938	Trypanosoma brucei brucei (strain 927/4 GUTat10.1)	Other	839		0	False	4
E2QYC9	Canis lupus familiaris	Metazoa	1828		0	False	5
P25586	Saccharomyces cerevisiae (strain ATCC 204508 / S288c)	Fungi	316		0	False	2
P91829	Caenorhabditis elegans	Metazoa	373		0	False	5
P38936	Homo sapiens	Metazoa	164		0	False	3
Q921E6	Mus musculus	Metazoa	441		0	False	5
P52566	Homo sapiens	Metazoa	201		0	False	3
Q96T60	Homo sapiens	Metazoa	521		0	False	4
Q9FR53	Arabidopsis thaliana	Plants	2481		0	False	5
Q39228	Arabidopsis thaliana	Plants	514		0	True	4
P48329	Cyanophora paradoxa	Other	180		0	False	1
Q9LUB7	Arabidopsis thaliana	Plants	574		0	False	3
Q28851	Bos taurus	Metazoa	88		0	True	1
Q8R3S2	Mus musculus	Metazoa	283		0	True	5
P11471	Chlamydomonas reinhardtii	Plants	245		0	False	1
Q60714	Mus musculus	Metazoa	646		0	True	3
Q8N9N2	Homo sapiens	Metazoa	400		0	False	2
Q9DE46	Xenopus laevis	Metazoa	1458		0	False	4
Q9CQT6	Mus musculus	Metazoa	229		0	False	1
O14328	Schizosaccharomyces pombe (strain 972 / ATCC 24843)	Fungi	474		0	False	3
B1AWN6	Mus musculus	Metazoa	2006		0	False	3
O49596	Arabidopsis thaliana	Plants	144		0	False	5
P26045	Homo sapiens	Metazoa	913		0	False	4
Q03667	Saccharomyces cerevisiae (strain ATCC 204508 / S288c)	Fungi	156		0	False	1
Q9VAS7	Drosophila melanogaster	Metazoa	395		0	True	2
E9PTA2	Rattus norvegicus	Metazoa	1507		0	False	1
Q08733	Arabidopsis thaliana	Plants	286		0	True	5
Q03798	Saccharomyces cerevisiae (strain ATCC 204508 / S288c)	Fungi	255		0	True	5
Q9SII9	Arabidopsis thaliana	Plants	538		0	False	5
Q00403	Homo sapiens	Metazoa	316		0	False	4
P28241	Saccharomyces cerevisiae (strain ATCC 204508 / S288c)	Fungi	369		0	False	4
D3ZER2	Rattus norvegicus	Metazoa	416		0	False	5
Q9SAC6	Arabidopsis thaliana	Plants	1399		0	False	5
Q7S5W0	Neurospora crassa (strain ATCC 24698 / 74-OR23-1A / CBS 708.71 / DSM 1257 / FGSC 987)	Fungi	103		0	False	2
P08483	Rattus norvegicus	Metazoa	589		0	True	3
O08608	Mus musculus	Metazoa	189		0	False	1
Q1RNF8	Mus musculus	Metazoa	542		0	False	4
Q9D5T0	Mus musculus	Metazoa	361		0	True	3
Q63768	Rattus norvegicus	Metazoa	304		0	False	5
Q9DAM1	Mus musculus	Metazoa	415		0	False	3
Q9SV15	Arabidopsis thaliana	Plants	325		0	False	2
Q19969	Caenorhabditis elegans	Metazoa	514		0	False	5
V5IM94	Neurospora crassa (strain ATCC 24698 / 74-OR23-1A / CBS 708.71 / DSM 1257 / FGSC 987)	Fungi	141		0	False	5
O14230	Schizosaccharomyces pombe (strain 972 / ATCC 24843)	Fungi	347		0	False	5
Q13492	Homo sapiens	Metazoa	652		0	False	4
P08238	Homo sapiens	Metazoa	724		0	False	5
P25233	Mus musculus	Metazoa	325		0	False	1
P98149	Drosophila melanogaster	Metazoa	667		0	False	5
Q6IDB6	Arabidopsis thaliana	Plants	182		0	False	3
Q00688	Homo sapiens	Metazoa	224		0	False	2
Q9R1M5	Mus musculus	Metazoa	1163		0	False	3
Q9JHL0	Mus musculus	Metazoa	203		0	True	5
O14114	Schizosaccharomyces pombe (strain 972 / ATCC 24843)	Fungi	1190		0	False	1
Q9C107	Schizosaccharomyces pombe (strain 972 / ATCC 24843)	Fungi	815		0	False	3
Q10274	Schizosaccharomyces pombe (strain 972 / ATCC 24843)	Fungi	390		0	False	3
P56402	Mus musculus	Metazoa	271		0	True	1
P36531	Saccharomyces cerevisiae (strain ATCC 204508 / S288c)	Fungi	177		0	False	3
P25856	Arabidopsis thaliana	Plants	396		0	False	1
Q9FK47	Arabidopsis thaliana	Plants	402		0	False	2
Q9C5Y0	Arabidopsis thaliana	Plants	868		0	False	2
O75746	Homo sapiens	Metazoa	678		0	False	3
O82169	Arabidopsis thaliana	Plants	232		0	False	5
P04116	Bos taurus	Metazoa	277		0	True	2
Q6AYJ4	Rattus norvegicus	Metazoa	593		0	False	5
P51947	Xenopus laevis	Metazoa	323		0	False	3
O74991	Schizosaccharomyces pombe (strain 972 / ATCC 24843)	Fungi	577		0	False	2
Q9LMT7	Arabidopsis thaliana	Plants	478		0	False	1
Q9JI39	Mus musculus	Metazoa	715		0	False	4
E5L8F7	Lotus japonicus	Plants	358		0	False	1
Q05549	Saccharomyces cerevisiae (strain ATCC 204508 / S288c)	Fungi	1077		0	False	2
Q969X6	Homo sapiens	Metazoa	686		0	False	2
Q99JY8	Mus musculus	Metazoa	312		0	True	5
Q9BXS9	Homo sapiens	Metazoa	759		0	False	5
O82491	Arabidopsis thaliana	Plants	1074		0	False	2
Q69J40	Oryza sativa subsp. japonica	Plants	224		0	False	5
Q9SHZ6	Arabidopsis thaliana	Plants	343		0	False	3
Q8NFV4	Homo sapiens	Metazoa	306		0	False	5
Q9Y5S8	Homo sapiens	Metazoa	564		0	True	4
Q99504	Homo sapiens	Metazoa	573		0	False	1
A8NN94	Bos taurus	Metazoa	96		0	False	4
Q9FL03	Arabidopsis thaliana	Plants	584		0	False	2
Q9NPL8	Homo sapiens	Metazoa	285		0	True	1
P50874	Saccharomyces cerevisiae (strain ATCC 204508 / S288c)	Fungi	479		0	False	5
Q9H8M7	Homo sapiens	Metazoa	445		0	False	1
Q12126	Schizosaccharomyces pombe (strain 972 / ATCC 24843)	Fungi	335		0	False	1
P46527	Homo sapiens	Metazoa	198		0	False	4
O22682	Arabidopsis thaliana	Plants	404		0	False	2
Q8K1M6	Mus musculus	Metazoa	736		0	False	1
P22059	Homo sapiens	Metazoa	807		0	False	5
Q10059	Schizosaccharomyces pombe (strain 972 / ATCC 24843)	Fungi	1841		0	False	2
Q96NN9	Homo sapiens	Metazoa	605		0	False	2
Q5HZI1	Mus musculus	Metazoa	1210		0	False	3
Q8BG55	Mus musculus	Metazoa	319		0	True	2
Q9FDW8	Arabidopsis thaliana	Plants	135		0	False	1
Q9UJC5	Homo sapiens	Metazoa	107		0	False	3
F4JKB6	Arabidopsis thaliana	Plants	576		0	False	2
P36775	Saccharomyces cerevisiae (strain ATCC 204508 / S288c)	Fungi	1133		0	False	4
P36613	Schizosaccharomyces pombe (strain 972 / ATCC 24843)	Fungi	322		0	False	3
Q16385	Homo sapiens	Metazoa	188		0	False	4
O97758	Canis lupus familiaris	Metazoa	1769		0	False	5
Q1K4P1	Neurospora crassa (strain ATCC 24698 / 74-OR23-1A / CBS 708.71 / DSM 1257 / FGSC 987)	Fungi	129		0	False	3
O15530	Homo sapiens	Metazoa	556		0	False	3
P48509	Homo sapiens	Metazoa	253		0	True	5
O15523	Homo sapiens	Metazoa	660		0	False	2
P87315	Schizosaccharomyces pombe (strain 972 / ATCC 24843)	Fungi	1630		0	False	3
Q8K4V4	Rattus norvegicus	Metazoa	539		0	False	1
Q03048	Saccharomyces cerevisiae (strain ATCC 204508 / S288c)	Fungi	143		0	False	1
Q02455	Saccharomyces cerevisiae (strain ATCC 204508 / S288c)	Fungi	1875		0	False	5
O43030	Schizosaccharomyces pombe (strain 972 / ATCC 24843)	Fungi	287		0	False	5
Q9UK33	Homo sapiens	Metazoa	172		0	False	5
P41440	Homo sapiens	Metazoa	591		0	True	3
P19787	Penicillium chrysogenum	Fungi	3746		0	False	1
Q3ZCQ8	Homo sapiens	Metazoa	353		0	True	4
Q03430	Saccharomyces cerevisiae (strain ATCC 204508 / S288c)	Fungi	361		0	False	4
Q9UJL9	Homo sapiens	Metazoa	534		0	False	5
P47027	Saccharomyces cerevisiae (strain ATCC 204508 / S288c)	Fungi	764		0	False	3
P82930	Homo sapiens	Metazoa	218		0	False	3
Q7K556	Drosophila melanogaster	Metazoa	475		0	False	3
P25644	Saccharomyces cerevisiae (strain ATCC 204508 / S288c)	Fungi	796		0	False	1
Q8N5G0	Homo sapiens	Metazoa	67		0	True	2
P25688	Mus musculus	Metazoa	303		0	False	1
Q9Z158	Rattus norvegicus	Metazoa	301		0	False	5
O95433	Homo sapiens	Metazoa	338		0	False	3
P15313	Homo sapiens	Metazoa	513		0	False	4
P61764	Homo sapiens	Metazoa	594		0	False	2
Q12181	Saccharomyces cerevisiae (strain ATCC 204508 / S288c)	Fungi	623		0	False	1
Q8CGW4	Mus musculus	Metazoa	782		0	False	4
Q86TG7	Homo sapiens	Metazoa	708		0	False	5
Q8RWS0	Arabidopsis thaliana	Plants	124		0	False	5
Q9BRQ5	Homo sapiens	Metazoa	295		0	True	4
Q9P7N0	Schizosaccharomyces pombe (strain 972 / ATCC 24843)	Fungi	392		0	False	1
Q96N96	Homo sapiens	Metazoa	652		0	False	5
Q7TMI3	Mus musculus	Metazoa	803		0	False	4
Q6K9U2	Oryza sativa subsp. japonica	Plants	279		0	False	3
P15873	Saccharomyces cerevisiae (strain ATCC 204508 / S288c)	Fungi	258		0	False	5
Q8VYW1	Arabidopsis thaliana	Plants	741		0	False	2
Q8GSM2	Hordeum vulgare	Plants	896		0	False	3
C0HKE3	Mus musculus	Metazoa	130		0	False	2
Q4G176	Homo sapiens	Metazoa	576		0	False	3
P38071	Saccharomyces cerevisiae (strain ATCC 204508 / S288c)	Fungi	380		0	False	1
Q8ND23	Homo sapiens	Metazoa	1372		0	False	5
Q500V5	Arabidopsis thaliana	Plants	517		0	False	5
P32432	Saccharomyces cerevisiae (strain ATCC 204508 / S288c)	Fungi	683		0	False	4
Q06364	Daucus carota	Plants	489		0	False	2
P05066	Saccharomyces cerevisiae (strain ATCC 204508 / S288c)	Fungi	565		0	False	3
Q9S7W5	Arabidopsis thaliana	Plants	355		0	False	4
O43114	Schizosaccharomyces pombe (strain 972 / ATCC 24843)	Fungi	455		0	False	3
P39933	Saccharomyces cerevisiae (strain ATCC 204508 / S288c)	Fungi	429		0	False	5
O15350	Homo sapiens	Metazoa	636		0	False	1
Q09873	Schizosaccharomyces pombe (strain 972 / ATCC 24843)	Fungi	420		0	False	2
Q96BF6	Homo sapiens	Metazoa	587		0	False	5
P55771	Homo sapiens	Metazoa	341		0	False	4
Q9W1C5	Drosophila melanogaster	Metazoa	2053		0	False	4
Q9VJY8	Drosophila melanogaster	Metazoa	285		0	False	1
Q9Y3E2	Homo sapiens	Metazoa	137		0	False	5
P51553	Homo sapiens	Metazoa	393		0	False	4
Q9XIA7	Arabidopsis thaliana	Plants	54		0	True	2
Q9NY25	Homo sapiens	Metazoa	188		0	True	4
Q8IWT6	Homo sapiens	Metazoa	810		0	True	2
P52483	Mus musculus	Metazoa	207		0	False	3
Q9CQT7	Mus musculus	Metazoa	168		0	False	2
Q6UB99	Homo sapiens	Metazoa	2663		0	False	3
Q06810	Saccharomyces cerevisiae (strain ATCC 204508 / S288c)	Fungi	360		0	False	4
Q920M9	Rattus norvegicus	Metazoa	282		0	False	3
Q9M9X4	Arabidopsis thaliana	Plants	295		0	False	3
Q9W0S9	Drosophila melanogaster	Metazoa	1773		0	False	1
Q8RXH2	Arabidopsis thaliana	Plants	716		0	False	4
Q28852	Bos taurus	Metazoa	103		0	False	3
Q13283	Homo sapiens	Metazoa	466		0	False	4
Q9C8K2	Arabidopsis thaliana	Plants	687		0	False	1
Q8NCR6	Homo sapiens	Metazoa	262		0	False	2
Q32L48	Bos taurus	Metazoa	126		0	False	5
Q13637	Homo sapiens	Metazoa	225		0	False	3
Q9UM54	Homo sapiens	Metazoa	1294		0	False	4
D6RGH6	Homo sapiens	Metazoa	385		0	False	3
Q06184	Euplotes crassus	Other	446		0	False	3
Q8N108	Homo sapiens	Metazoa	512		0	False	3
P32832	Saccharomyces cerevisiae (strain ATCC 204508 / S288c)	Fungi	435		0	False	2
Q9WVK4	Mus musculus	Metazoa	534		0	False	3
P43244	Rattus norvegicus	Metazoa	845		0	False	1
A1Z830	Drosophila melanogaster	Metazoa	485		0	False	5
P16143	Xenopus laevis	Metazoa	758		0	False	5
C0HM83	Homo sapiens	Metazoa	58		0	False	5
Q0WPU1	Arabidopsis thaliana	Plants	1522		0	False	5
P10735	Drosophila melanogaster	Metazoa	140		0	False	5
Q15398	Homo sapiens	Metazoa	846		0	False	5
Q9VNB5	Drosophila melanogaster	Metazoa	486		0	True	2
Q9H7B2	Homo sapiens	Metazoa	306		0	False	2
Q9UNH7	Homo sapiens	Metazoa	406		0	False	3
Q9W2E7	Drosophila melanogaster	Metazoa	346		0	False	4
O43719	Homo sapiens	Metazoa	755		0	False	4
Q5XIH7	Rattus norvegicus	Metazoa	299		0	False	1
Q8N3I7	Homo sapiens	Metazoa	341		0	False	5
Q8N7H5	Homo sapiens	Metazoa	531		0	False	1
Q02750	Homo sapiens	Metazoa	393		0	False	2
Q8C208	Mus musculus	Metazoa	586		0	False	2
Q84Y18	Arabidopsis thaliana	Plants	332		0	False	3
Q949M9	Arabidopsis thaliana	Plants	353		0	False	2
O35671	Mus musculus	Metazoa	200		0	False	3
O95376	Homo sapiens	Metazoa	493		0	False	2
P78356	Homo sapiens	Metazoa	416		0	False	2
Q13461	Homo sapiens	Metazoa	319		0	False	5
Q84L30	Arabidopsis thaliana	Plants	378		0	False	4
Q5JVF3	Homo sapiens	Metazoa	399		0	False	5
P46013	Homo sapiens	Metazoa	3256		0	False	1
O42978	Schizosaccharomyces pombe (strain 972 / ATCC 24843)	Fungi	80		0	False	1
B8Y6I0	Zea mays	Plants	786		0	False	2
Q9H061	Homo sapiens	Metazoa	195		0	True	5
P82979	Homo sapiens	Metazoa	210		0	False	4
Q15843	Homo sapiens	Metazoa	81		0	False	5
Q9FFZ1	Arabidopsis thaliana	Plants	484		0	False	4
Q69383	Homo sapiens	Metazoa	105		0	False	2
Q13936	Homo sapiens	Metazoa	2221		0	False	4
Q9P0L9	Homo sapiens	Metazoa	805		0	False	5
O75844	Homo sapiens	Metazoa	475		0	True	3
P49660	Mus musculus	Metazoa	385		0	True	3
O15370	Homo sapiens	Metazoa	315		0	False	4
F4IH25	Arabidopsis thaliana	Plants	753		0	False	5
Q6LED0	Rattus norvegicus	Metazoa	136		0	False	5
Q2QL34	Homo sapiens	Metazoa	196		0	True	4
P49905	Drosophila melanogaster	Metazoa	196		0	False	1
O15446	Homo sapiens	Metazoa	510		0	False	4
P42026	Bos taurus	Metazoa	216		0	False	5
P32322	Homo sapiens	Metazoa	319		0	False	3
Q00816	Saccharomyces cerevisiae (strain ATCC 204508 / S288c)	Fungi	1014		0	False	3
Q96262	Arabidopsis thaliana	Plants	225		0	False	4
Q9Y2U5	Homo sapiens	Metazoa	619		0	False	2
P70545	Rattus norvegicus	Metazoa	587		0	True	3
Q672J9	Mus musculus	Metazoa	568		0	True	1
O95409	Homo sapiens	Metazoa	532		0	False	5
Q9BWN1	Homo sapiens	Metazoa	585		0	False	3
P70434	Mus musculus	Metazoa	457		0	False	5
Q6TEC1	Xenopus laevis	Metazoa	212		0	False	3
Q8N5N7	Homo sapiens	Metazoa	158		0	False	4
P47863	Rattus norvegicus	Metazoa	323		0	True	3
Q923K9	Rattus norvegicus	Metazoa	594		0	False	5
Q9C952	Arabidopsis thaliana	Plants	693		0	False	5
Q9P0P8	Homo sapiens	Metazoa	240		0	False	2
P47045	Saccharomyces cerevisiae (strain ATCC 204508 / S288c)	Fungi	478		0	True	4
Q8RWN5	Arabidopsis thaliana	Plants	310		0	False	3
Q9GZS3	Homo sapiens	Metazoa	305		0	False	2
O18381	Drosophila melanogaster	Metazoa	857		0	False	2
Q6DWJ6	Homo sapiens	Metazoa	353		0	True	5
P51959	Homo sapiens	Metazoa	295		0	False	5
Q03533	Saccharomyces cerevisiae (strain ATCC 204508 / S288c)	Fungi	586		0	False	3
Q9VDV3	Drosophila melanogaster	Metazoa	546		0	False	5
Q96PV7	Homo sapiens	Metazoa	902		0	False	4
Q8L9X2	Arabidopsis thaliana	Plants	203		0	False	4
P39011	Saccharomyces cerevisiae (strain ATCC 204508 / S288c)	Fungi	633		0	False	2
Q9BV86	Homo sapiens	Metazoa	223		0	False	5
Q16512	Homo sapiens	Metazoa	942		0	False	4
Q8VYA5	Arabidopsis thaliana	Plants	290		0	False	3
Q9VMD0	Drosophila melanogaster	Metazoa	1659		0	False	2
P60033	Homo sapiens	Metazoa	236		0	True	4
P35631	Arabidopsis thaliana	Plants	256		0	False	3
P50516	Mus musculus	Metazoa	617		0	False	4
Q91W39	Mus musculus	Metazoa	579		0	False	5
P00813	Homo sapiens	Metazoa	363		0	False	4
Q38834	Arabidopsis thaliana	Plants	852		0	False	5
G5EF68	Caenorhabditis elegans	Metazoa	648		0	False	3
Q9Y2T5	Homo sapiens	Metazoa	361		0	True	4
O60165	Schizosaccharomyces pombe (strain 972 / ATCC 24843)	Fungi	428		0	False	4
B2RXF5	Homo sapiens	Metazoa	422		0	False	5
P09368	Saccharomyces cerevisiae (strain ATCC 204508 / S288c)	Fungi	476		0	False	1
O60287	Homo sapiens	Metazoa	2271		0	False	2
P68209	Arabidopsis thaliana	Plants	347		0	False	3
Q9Y5N1	Homo sapiens	Metazoa	445		0	True	1
B6KG46	Toxoplasma gondii (strain ATCC 50861 / VEG)	Other	688		0	False	5
Q8K2C6	Mus musculus	Metazoa	310		0	False	4
O13953	Schizosaccharomyces pombe (strain 972 / ATCC 24843)	Fungi	337		0	False	2
P36528	Saccharomyces cerevisiae (strain ATCC 204508 / S288c)	Fungi	281		0	False	5
Q940Z2	Arabidopsis thaliana	Plants	724		0	False	2
A0A0B4J1F4	Mus musculus	Metazoa	415		0	False	1
O65370	Arabidopsis thaliana	Plants	138		0	False	1
A0A087WPF7	Mus musculus	Metazoa	1261		0	False	2
Q5XKP0	Homo sapiens	Metazoa	118		0	True	5
P83584	Solanum lasiocarpum	Plants	97		0	False	2
Q9LZF8	Arabidopsis thaliana	Plants	420		0	False	1
Q9FEC4	Chlamydomonas reinhardtii	Plants	1783		0	False	5
Q7Z5L9	Homo sapiens	Metazoa	587		0	False	5
Q16348	Homo sapiens	Metazoa	729		0	True	1
Q7PLS8	Drosophila melanogaster	Metazoa	1068		0	False	1
P30405	Homo sapiens	Metazoa	207		0	False	1
O02101	Caenorhabditis elegans	Metazoa	449		0	False	2
P51965	Homo sapiens	Metazoa	193		0	False	5
Q09143	Mus musculus	Metazoa	622		0	True	4
Q9FL12	Arabidopsis thaliana	Plants	592		0	False	4
Q86YT5	Homo sapiens	Metazoa	568		0	True	3
Q9SNC0	Arabidopsis thaliana	Plants	182		0	False	2
D3KY98	Carapichea ipecacuanha	Plants	350		0	False	5
Q06091	Saccharomyces cerevisiae (strain ATCC 204508 / S288c)	Fungi	175		0	False	1
Q9Y812	Schizosaccharomyces pombe (strain 972 / ATCC 24843)	Fungi	120		0	False	5
O54699	Rattus norvegicus	Metazoa	456		0	True	4
Q9UQ13	Homo sapiens	Metazoa	582		0	False	3
Q7Z7A4	Homo sapiens	Metazoa	578		0	False	5
P48809	Drosophila melanogaster	Metazoa	421		0	False	5
Q6X4W1	Homo sapiens	Metazoa	530		0	False	4
O59793	Schizosaccharomyces pombe (strain 972 / ATCC 24843)	Fungi	384		0	False	1
Q3UV55	Mus musculus	Metazoa	615		0	False	1
O04259	Arabidopsis thaliana	Plants	214		0	False	1
P24813	Saccharomyces cerevisiae (strain ATCC 204508 / S288c)	Fungi	409		0	False	3
Q0GGX2	Mus musculus	Metazoa	1363		0	False	4
Q9Z205	Mus musculus	Metazoa	269		0	False	1
Q7SZC2	Danio rerio	Metazoa	971		0	False	2
Q9R0Q2	Rattus norvegicus	Metazoa	351		0	True	3
Q99P21	Mus musculus	Metazoa	515		0	False	3
Q8BJA3	Mus musculus	Metazoa	419		0	False	1
O13881	Schizosaccharomyces pombe (strain 972 / ATCC 24843)	Fungi	537		0	False	4
Q9D5D8	Mus musculus	Metazoa	503		0	False	4
Q8RXD9	Arabidopsis thaliana	Plants	955		0	False	1
Q9W701	Xenopus laevis	Metazoa	689		0	True	2
Q84SC3	Oryza sativa subsp. japonica	Plants	91		0	False	5
Q9NPA8	Homo sapiens	Metazoa	101		0	False	2
P49030	Oryza sativa subsp. japonica	Plants	160		0	False	3
Q9UBJ2	Homo sapiens	Metazoa	740		0	False	3
P08962	Homo sapiens	Metazoa	238		0	True	3
P49775	Saccharomyces cerevisiae (strain ATCC 204508 / S288c)	Fungi	206		0	False	2
Q27934	Drosophila melanogaster	Metazoa	400		0	False	4
Q9UBP6	Homo sapiens	Metazoa	276		0	False	5
Q14940	Homo sapiens	Metazoa	896		0	True	5
F1LM93	Rattus norvegicus	Metazoa	541		0	False	1
P99028	Mus musculus	Metazoa	89		0	False	4
P83949	Drosophila melanogaster	Metazoa	389		0	False	3
O00255	Homo sapiens	Metazoa	610		0	False	5
P53973	Saccharomyces cerevisiae (strain ATCC 204508 / S288c)	Fungi	706		0	False	5
Q9BQ15	Homo sapiens	Metazoa	211		0	False	2
Q96DB2	Homo sapiens	Metazoa	347		0	False	2
O14079	Schizosaccharomyces pombe (strain 972 / ATCC 24843)	Fungi	624		0	False	2
Q3UVY1	Mus musculus	Metazoa	732		0	True	2
Q99207	Saccharomyces cerevisiae (strain ATCC 204508 / S288c)	Fungi	810		0	False	1
P32656	Saccharomyces cerevisiae (strain ATCC 204508 / S288c)	Fungi	232		0	False	1
Q06645	Rattus norvegicus	Metazoa	136		0	True	5
P05412	Homo sapiens	Metazoa	331		0	False	2
Q7S4E0	Neurospora crassa (strain ATCC 24698 / 74-OR23-1A / CBS 708.71 / DSM 1257 / FGSC 987)	Fungi	165		0	False	5
Q7RYW7	Neurospora crassa (strain ATCC 24698 / 74-OR23-1A / CBS 708.71 / DSM 1257 / FGSC 987)	Fungi	396		0	False	5
Q5SSG4	Mus musculus	Metazoa	860		0	False	4
Q80YF9	Mus musculus	Metazoa	1305		0	False	1
Q9CQB5	Mus musculus	Metazoa	135		0	True	4
P48994	Drosophila melanogaster	Metazoa	1124		0	False	5
Q9FKW0	Arabidopsis thaliana	Plants	522		0	False	3
Q96EB6	Homo sapiens	Metazoa	747		0	False	5
Q99527	Homo sapiens	Metazoa	375		0	True	1
O43137	Saccharomyces cerevisiae (strain ATCC 204508 / S288c)	Fungi	85		0	False	5
Q9D6J6	Mus musculus	Metazoa	248		0	False	2
Q99593	Homo sapiens	Metazoa	518		0	False	2
Q585P3	Trypanosoma brucei brucei (strain 927/4 GUTat10.1)	Other	524		0	False	4
Q9Y7Q7	Schizosaccharomyces pombe (strain 972 / ATCC 24843)	Fungi	973		0	False	5
Q58DZ9	Rattus norvegicus	Metazoa	258		0	False	2
P23542	Saccharomyces cerevisiae (strain ATCC 204508 / S288c)	Fungi	418		0	False	4
Q9NZJ6	Homo sapiens	Metazoa	369		0	False	2
Q06389	Saccharomyces cerevisiae (strain ATCC 204508 / S288c)	Fungi	190		0	False	4
P81280	Alligator mississippiensis	Metazoa	105		0	False	5
Q9GZX5	Homo sapiens	Metazoa	532		0	False	2
Q9BUV0	Homo sapiens	Metazoa	290		0	False	1
O54967	Mus musculus	Metazoa	1055		0	False	3
Q9BY27	Homo sapiens	Metazoa	220		0	False	4
Q14500	Homo sapiens	Metazoa	433		0	True	5
A6NK89	Homo sapiens	Metazoa	507		0	False	1
Q12142	Saccharomyces cerevisiae (strain ATCC 204508 / S288c)	Fungi	997		0	False	2
Q45FA5	Physarum polycephalum	Other	426		0	False	3
Q9BR61	Homo sapiens	Metazoa	282		0	False	3
Q0DIQ5	Oryza sativa subsp. japonica	Plants	1510		0	False	1
P27692	Saccharomyces cerevisiae (strain ATCC 204508 / S288c)	Fungi	1063		0	False	2
Q9FMU6	Arabidopsis thaliana	Plants	375		0	True	4
Q9UI95	Homo sapiens	Metazoa	211		0	False	4
Q01814	Homo sapiens	Metazoa	1243		0	False	5
O74191	Schizosaccharomyces pombe (strain 972 / ATCC 24843)	Fungi	361		0	False	3
Q10QA5	Oryza sativa subsp. japonica	Plants	318		0	False	4
Q4L180	Homo sapiens	Metazoa	1135		0	False	3
Q9BRU2	Homo sapiens	Metazoa	100		0	False	5
P0DO24	Arabidopsis thaliana	Plants	649		0	False	3
Q9TV66	Oryctolagus cuniculus	Metazoa	1175		0	False	3
P12356	Chlamydomonas reinhardtii	Plants	227		0	False	5
P53297	Saccharomyces cerevisiae (strain ATCC 204508 / S288c)	Fungi	722		0	False	1
O80775	Arabidopsis thaliana	Plants	353		0	False	5
P25873	Arabidopsis thaliana	Plants	277		0	False	1
O50008	Arabidopsis thaliana	Plants	765		0	False	3
Q28165	Bos taurus	Metazoa	306		0	False	2
P25576	Saccharomyces cerevisiae (strain ATCC 204508 / S288c)	Fungi	258		0	False	4
P40384	Schizosaccharomyces pombe (strain 972 / ATCC 24843)	Fungi	345		0	False	1
P48240	Saccharomyces cerevisiae (strain ATCC 204508 / S288c)	Fungi	250		0	False	5
Q9C923	Arabidopsis thaliana	Plants	576		0	False	2
Q84TH9	Arabidopsis thaliana	Plants	959		0	False	1
Q9LSE1	Arabidopsis thaliana	Plants	432		0	False	5
Q9C0C7	Homo sapiens	Metazoa	1298		0	False	5
P19880	Saccharomyces cerevisiae (strain ATCC 204508 / S288c)	Fungi	650		0	False	1
Q7JJ13	Mus musculus	Metazoa	798		0	False	4
P97287	Mus musculus	Metazoa	331		0	False	1
P82192	Spinacia oleracea	Plants	258		0	False	5
O60266	Homo sapiens	Metazoa	1144		0	True	4
Q9GYS1	Caenorhabditis elegans	Metazoa	459		0	False	2
Q6P8W9	Mus musculus	Metazoa	181		0	False	1
Q5AJ71	Candida albicans (strain SC5314 / ATCC MYA-2876)	Fungi	281		0	False	1
Q96JH7	Homo sapiens	Metazoa	1222		0	False	1
Q8CFW1	Mus musculus	Metazoa	1002		0	False	2
Q8NDX5	Homo sapiens	Metazoa	983		0	False	2
Q6P2D8	Homo sapiens	Metazoa	792		0	False	1
Q9ZSZ8	Arabidopsis thaliana	Plants	330		0	False	5
O47027	Chlamydomonas reinhardtii	Plants	570		0	False	3
Q01292	Spinacia oleracea	Plants	595		0	False	5
Q8GS60	Arabidopsis thaliana	Plants	462		0	False	5
P83523	Lycium chinense	Plants	97		0	False	5
Q8IWZ6	Homo sapiens	Metazoa	715		0	False	4
Q9P7S7	Schizosaccharomyces pombe (strain 972 / ATCC 24843)	Fungi	508		0	False	1
Q9R1C7	Mus musculus	Metazoa	953		0	False	4
Q13277	Homo sapiens	Metazoa	289		0	False	4
Q94JZ8	Arabidopsis thaliana	Plants	468		0	False	2
Q62407	Mus musculus	Metazoa	3262		0	False	4
Q6NPF9	Arabidopsis thaliana	Plants	172		0	False	3
O82656	Arabidopsis thaliana	Plants	340		0	False	2
O24371	Solanum tuberosum	Plants	914		0	False	5
O35129	Mus musculus	Metazoa	299		0	False	2
Q3T0J3	Bos taurus	Metazoa	251		0	False	1
P40422	Saccharomyces cerevisiae (strain ATCC 204508 / S288c)	Fungi	70		0	False	5
P00018	Dromaius novaehollandiae	Metazoa	105		0	False	2
P50148	Homo sapiens	Metazoa	359		0	False	1
Q9SQI2	Arabidopsis thaliana	Plants	1173		0	False	1
Q9R1E0	Mus musculus	Metazoa	652		0	False	2
O49485	Arabidopsis thaliana	Plants	603		0	False	3
Q7SIB8	Dryopteris crassirhizoma	Plants	102		0	False	4
Q8WZM3	Candida tropicalis	Fungi	386		0	False	5
Q09725	Schizosaccharomyces pombe (strain 972 / ATCC 24843)	Fungi	1587		0	False	1
Q8IBN8	Plasmodium falciparum (isolate 3D7)	Other	899		0	False	1
P11915	Rattus norvegicus	Metazoa	547		0	False	4
Q9FJV5	Arabidopsis thaliana	Plants	276		0	False	3
P58391	Mus musculus	Metazoa	732		0	False	2
P23023	Drosophila melanogaster	Metazoa	549		0	False	3
Q8H1D9	Arabidopsis thaliana	Plants	605		0	False	3
Q9QUR7	Mus musculus	Metazoa	165		0	False	2
P07246	Saccharomyces cerevisiae (strain ATCC 204508 / S288c)	Fungi	375		0	False	3
E9RBG1	Aspergillus fumigatus (strain ATCC MYA-4609 / CBS 101355 / FGSC A1100 / Af293)	Fungi	1497		0	False	1
Q07335	Neurospora crassa (strain ATCC 24698 / 74-OR23-1A / CBS 708.71 / DSM 1257 / FGSC 987)	Fungi	154		0	True	2
P26718	Homo sapiens	Metazoa	216		0	True	5
Q69YH5	Homo sapiens	Metazoa	1023		0	False	5
Q9Y6X8	Homo sapiens	Metazoa	837		0	False	2
Q04996	Arabidopsis thaliana	Plants	723		0	False	4
P32910	Saccharomyces cerevisiae (strain ATCC 204508 / S288c)	Fungi	317		0	False	1
P49017	Saccharomyces cerevisiae (strain ATCC 204508 / S288c)	Fungi	307		0	False	5
P84874	Hyoscyamus niger	Plants	97		0	False	2
P70056	Xenopus laevis	Metazoa	518		0	False	5
Q8L8B8	Arabidopsis thaliana	Plants	215		0	False	1
O43889	Homo sapiens	Metazoa	371		0	False	3
Q9NPB1	Homo sapiens	Metazoa	228		0	False	2
Q45VK7	Mus musculus	Metazoa	4306		0	False	2
P16016	Spinacia oleracea	Plants	319		0	False	4
Q86UE8	Homo sapiens	Metazoa	772		0	False	2
Q12156	Saccharomyces cerevisiae (strain ATCC 204508 / S288c)	Fungi	149		0	False	3
Q9UHV8	Homo sapiens	Metazoa	139		0	False	3
P62306	Homo sapiens	Metazoa	86		0	False	1
Q7X8B5	Oryza sativa subsp. japonica	Plants	1088		0	False	5
P35568	Homo sapiens	Metazoa	1242		0	False	1
P52656	Drosophila melanogaster	Metazoa	106		0	False	1
Q64127	Mus musculus	Metazoa	1051		0	False	2
P47039	Saccharomyces cerevisiae (strain ATCC 204508 / S288c)	Fungi	444		0	False	1
Q920Q8	Mus musculus	Metazoa	642		0	False	2
P38289	Saccharomyces cerevisiae (strain ATCC 204508 / S288c)	Fungi	585		0	False	3
P51610	Homo sapiens	Metazoa	2035		0	False	5
Q14D04	Homo sapiens	Metazoa	833		0	False	5
P38637	Saccharomyces cerevisiae (strain ATCC 204508 / S288c)	Fungi	319		0	False	1
Q9H1U9	Homo sapiens	Metazoa	297		0	True	5
P62993	Homo sapiens	Metazoa	217		0	False	1
Q948U0	Solanum tuberosum	Plants	963		0	False	4
P59942	Homo sapiens	Metazoa	119		0	False	5
Q9I7U4	Drosophila melanogaster	Metazoa	18141		0	False	3
Q8L765	Arabidopsis thaliana	Plants	407		0	False	4
Q8RX78	Arabidopsis thaliana	Plants	684		0	False	2
Q8WUG5	Homo sapiens	Metazoa	649		0	False	5
Q99536	Homo sapiens	Metazoa	393		0	False	4
O60941	Homo sapiens	Metazoa	627		0	False	3
Q8GYN9	Arabidopsis thaliana	Plants	337		0	False	4
Q76N23	Nicotiana tabacum	Plants	136		0	False	4
Q9TY84	Crithidia fasciculata	Other	130		0	False	4
P13788	Spinacia oleracea	Plants	201		0	False	1
P52285	Dictyostelium discoideum	Other	162		0	False	1
Q9Y5B9	Homo sapiens	Metazoa	1047		0	False	4
P40848	Schizosaccharomyces pombe (strain 972 / ATCC 24843)	Fungi	991		0	False	5
W2SDE2	Cyphellophora europaea (strain CBS 101466)	Fungi	346		0	False	2
Q8H1S6	Arabidopsis thaliana	Plants	229		0	False	5
P14682	Saccharomyces cerevisiae (strain ATCC 204508 / S288c)	Fungi	295		0	False	4
P59169	Arabidopsis thaliana	Plants	136		0	False	5
Q6DBQ1	Arabidopsis thaliana	Plants	299		0	False	4
Q9HD42	Homo sapiens	Metazoa	196		0	False	1
P40631	Tetrahymena thermophila (strain SB210)	Other	633		0	False	2
Q96P16	Homo sapiens	Metazoa	312		0	False	1
Q9UBI1	Homo sapiens	Metazoa	195		0	False	3
P08708	Homo sapiens	Metazoa	135		0	False	3
Q86YP4	Homo sapiens	Metazoa	633		0	False	5
P09108	Tetronarce californica	Metazoa	412		0	False	2
P00973	Homo sapiens	Metazoa	400		0	False	1
Q9ESJ7	Mus musculus	Metazoa	259		0	False	3
Q61471	Mus musculus	Metazoa	362		0	False	3
O43272	Homo sapiens	Metazoa	600		0	False	1
O94225	Penicillium rubens (strain ATCC 28089 / DSM 1075 / NRRL 1951 / Wisconsin 54-1255)	Fungi	474		0	False	3
Q80ZI1	Mus musculus	Metazoa	223		0	False	1
P24329	Rattus norvegicus	Metazoa	297		0	False	3
P43356	Homo sapiens	Metazoa	314		0	False	2
Q93246	Caenorhabditis elegans	Metazoa	310		0	False	4
P32442	Mus musculus	Metazoa	253		0	False	1
B4DJY2	Homo sapiens	Metazoa	109		0	True	4
Q62463	Mus musculus	Metazoa	423		0	True	2
O95905	Homo sapiens	Metazoa	644		0	False	2
Q23405	Caenorhabditis elegans	Metazoa	842		0	False	3
Q8TEU7	Homo sapiens	Metazoa	1601		0	False	4
Q06450	Ipomoea batatas	Plants	70		0	False	3
Q9Y5Z7	Homo sapiens	Metazoa	792		0	False	5
Q9BZD2	Homo sapiens	Metazoa	475		0	True	5
P93664	Chlamydomonas reinhardtii	Plants	253		0	True	5
Q54JW0	Dictyostelium discoideum	Other	436		0	False	5
Q35915	Sus scrofa	Metazoa	226		0	True	4
Q15047	Homo sapiens	Metazoa	1291		0	False	5
P30291	Homo sapiens	Metazoa	646		0	False	1
P00848	Mus musculus	Metazoa	226		0	True	2
Q9QXZ7	Mus musculus	Metazoa	395		0	False	4
Q91821	Xenopus laevis	Metazoa	651		0	False	3
P25846	Saccharomyces cerevisiae (strain ATCC 204508 / S288c)	Fungi	959		0	False	1
Q14451	Homo sapiens	Metazoa	532		0	False	1
Q9SN86	Arabidopsis thaliana	Plants	403		0	False	1
Q93Z00	Arabidopsis thaliana	Plants	489		0	False	2
P91943	Drosophila melanogaster	Metazoa	751		0	False	1
Q96KQ4	Homo sapiens	Metazoa	1090		0	False	2
P12359	Spinacia oleracea	Plants	332		0	False	2
Q9NZ45	Homo sapiens	Metazoa	108		0	True	5
O46101	Drosophila melanogaster	Metazoa	244		0	True	3
O65499	Arabidopsis thaliana	Plants	284		0	False	1
P41220	Homo sapiens	Metazoa	211		0	False	2
Q9GS00	Caenorhabditis elegans	Metazoa	601		0	False	5
Q15058	Homo sapiens	Metazoa	1648		0	False	2
Q8R4E9	Mus musculus	Metazoa	557		0	False	2
P17861	Homo sapiens	Metazoa	261		0	False	2
O04983	Arabidopsis thaliana	Plants	537		0	False	3
P87174	Schizosaccharomyces pombe (strain 972 / ATCC 24843)	Fungi	210		0	False	4
Q01726	Homo sapiens	Metazoa	317		0	True	5
Q7Z4T9	Homo sapiens	Metazoa	767		0	False	3
P54705	Dictyostelium discoideum	Other	685		0	False	3
Q9VB46	Drosophila melanogaster	Metazoa	579		0	True	1
Q86UG4	Homo sapiens	Metazoa	719		0	False	1
Q923J1	Mus musculus	Metazoa	1863		0	False	1
Q94981	Drosophila melanogaster	Metazoa	503		0	False	4
Q9C8W9	Arabidopsis thaliana	Plants	324		0	False	1
P51509	Gallus gallus	Metazoa	549		0	False	5
Q12246	Saccharomyces cerevisiae (strain ATCC 204508 / S288c)	Fungi	624		0	False	2
B8BDQ4	Oryza sativa subsp. indica	Plants	696		0	False	2
P15348	Drosophila melanogaster	Metazoa	1447		0	False	2
O76064	Homo sapiens	Metazoa	485		0	False	3
P32314	Homo sapiens	Metazoa	431		0	False	4
Q75W17	Viburnum furcatum	Plants	538		0	False	5
Q93Z30	Arabidopsis thaliana	Plants	459		0	False	2
Q965H3	Caenorhabditis elegans	Metazoa	735		0	False	1
P32875	Saccharomyces cerevisiae (strain ATCC 204508 / S288c)	Fungi	414		0	False	3
Q9UJ98	Homo sapiens	Metazoa	1225		0	False	3
P82669	Bos taurus	Metazoa	173		0	False	1
Q9H9P5	Homo sapiens	Metazoa	680		0	False	5
Q9NPD5	Homo sapiens	Metazoa	702		0	True	2
O70576	Mus musculus	Metazoa	1240		0	False	4
Q9C666	Arabidopsis thaliana	Plants	197		0	False	3
P19387	Homo sapiens	Metazoa	275		0	False	2
P40475	Saccharomyces cerevisiae (strain ATCC 204508 / S288c)	Fungi	563		0	True	4
Q9SQ68	Papaver somniferum	Plants	321		0	False	1
Q9SJW9	Arabidopsis thaliana	Plants	571		0	False	2
Q5T3U5	Homo sapiens	Metazoa	1492		0	True	2
O14776	Homo sapiens	Metazoa	1098		0	False	3
Q9NX70	Homo sapiens	Metazoa	200		0	False	4
Q4G0J3	Homo sapiens	Metazoa	582		0	False	5
Q9SGH4	Arabidopsis thaliana	Plants	220		0	False	3
Q9LXG9	Arabidopsis thaliana	Plants	293		0	False	4
O75317	Homo sapiens	Metazoa	370		0	False	2
P35790	Homo sapiens	Metazoa	457		0	False	2
Q8VZE7	Arabidopsis thaliana	Plants	671		0	False	4
Q8N4H5	Homo sapiens	Metazoa	51		0	True	3
O04616	Arabidopsis thaliana	Plants	164		0	False	5
P26267	Ascaris suum	Metazoa	396		0	False	5
Q9LQ73	Arabidopsis thaliana	Plants	235		0	False	2
A9JRD8	Danio rerio	Metazoa	540		0	False	1
Q16526	Homo sapiens	Metazoa	586		0	False	3
Q9ZUY3	Arabidopsis thaliana	Plants	424		0	False	3
O55057	Mus musculus	Metazoa	150		0	False	1
Q96S94	Homo sapiens	Metazoa	520		0	False	1
P04370	Mus musculus	Metazoa	250		0	False	2
P32447	Saccharomyces cerevisiae (strain ATCC 204508 / S288c)	Fungi	279		0	False	2
P80667	Saccharomyces cerevisiae (strain ATCC 204508 / S288c)	Fungi	386		0	False	3
Q9P0M9	Homo sapiens	Metazoa	148		0	False	1
Q8N543	Homo sapiens	Metazoa	542		0	False	3
Q9ZST9	Pisum sativum	Plants	252		0	False	1
P01120	Saccharomyces cerevisiae (strain ATCC 204508 / S288c)	Fungi	322		0	False	3
Q640Z6	Xenopus laevis	Metazoa	1605		0	False	2
Q9V492	Drosophila melanogaster	Metazoa	168		0	True	5
Q9ZVJ3	Arabidopsis thaliana	Plants	550		0	False	1
Q63472	Rattus norvegicus	Metazoa	962		0	False	5
Q8N3F8	Homo sapiens	Metazoa	863		0	False	1
P22136	Saccharomyces cerevisiae (strain ATCC 204508 / S288c)	Fungi	580		0	False	2
Q8N1Q8	Homo sapiens	Metazoa	247		0	False	5
P53988	Mesocricetus auratus	Metazoa	484		0	True	5
Q8N1G2	Homo sapiens	Metazoa	835		0	False	4
P70563	Rattus norvegicus	Metazoa	313		0	False	1
Q5XVI1	Arabidopsis thaliana	Plants	560		0	False	2
Q9XEE2	Arabidopsis thaliana	Plants	317		0	False	4
Q925N4	Mus musculus	Metazoa	235		0	True	2
P0DH90	Arabidopsis thaliana	Plants	609		0	False	2
Q9VQ56	Drosophila melanogaster	Metazoa	611		0	False	4
Q8IWA4	Homo sapiens	Metazoa	741		0	False	4
P42117	Neurospora crassa (strain ATCC 24698 / 74-OR23-1A / CBS 708.71 / DSM 1257 / FGSC 987)	Fungi	82		0	True	3
P00068	Triticum aestivum	Plants	112		0	False	4
Q0WMY5	Arabidopsis thaliana	Plants	952		0	False	4
Q9M3C6	Arabidopsis thaliana	Plants	277		0	False	5
Q02983	Saccharomyces cerevisiae (strain ATCC 204508 / S288c)	Fungi	363		0	False	5
P35734	Saccharomyces cerevisiae (strain ATCC 204508 / S288c)	Fungi	292		0	False	1
Q99879	Homo sapiens	Metazoa	126		0	False	2
P13133	Ulva arasakii	Plants	98		0	False	5
Q93WE4	Arabidopsis thaliana	Plants	216		0	False	3
P15257	Rattus norvegicus	Metazoa	628		0	False	5
Q3SY69	Homo sapiens	Metazoa	923		0	False	4
P52569	Homo sapiens	Metazoa	658		0	True	1
Q9H4I9	Homo sapiens	Metazoa	107		0	True	1
Q63016	Rattus norvegicus	Metazoa	512		0	True	5
O43482	Homo sapiens	Metazoa	229		0	False	1
O43353	Homo sapiens	Metazoa	540		0	False	1
Q8C9X6	Mus musculus	Metazoa	813		0	False	1
P08482	Rattus norvegicus	Metazoa	460		0	True	2
P78780	Schizosaccharomyces pombe (strain 972 / ATCC 24843)	Fungi	357		0	False	5
Q8IZY2	Homo sapiens	Metazoa	2146		0	True	5
O94308	Schizosaccharomyces pombe (strain 972 / ATCC 24843)	Fungi	422		0	False	5
P97346	Mus musculus	Metazoa	435		0	False	3
Q9VJY9	Drosophila melanogaster	Metazoa	465		0	False	5
Q9VR17	Drosophila melanogaster	Metazoa	363		0	False	3
Q8TDN6	Homo sapiens	Metazoa	353		0	False	1
P00889	Sus scrofa	Metazoa	464		0	False	1
Q92624	Homo sapiens	Metazoa	585		0	False	4
Q80T69	Mus musculus	Metazoa	795		0	False	2
Q8TC05	Homo sapiens	Metazoa	714		0	False	3
Q9QZE5	Mus musculus	Metazoa	874		0	False	3
Q9FLB1	Arabidopsis thaliana	Plants	203		0	False	2
A1A5H8	Danio rerio	Metazoa	546		0	False	5
Q8LBP4	Arabidopsis thaliana	Plants	462		0	False	2
Q9Y6B6	Homo sapiens	Metazoa	198		0	False	1
A0A2Z5GDY5	Lotus japonicus	Plants	658		0	False	2
Q9VC45	Drosophila melanogaster	Metazoa	1954		0	False	5
Q4E657	Trypanosoma cruzi (strain CL Brener)	Other	485		0	False	2
Q9S758	Arabidopsis thaliana	Plants	181		0	False	1
O54851	Mus musculus	Metazoa	321		0	True	1
O81488	Arabidopsis thaliana	Plants	255		0	False	3
Q9FIE3	Arabidopsis thaliana	Plants	620		0	False	5
Q5DRK1	Rattus norvegicus	Metazoa	494		0	True	3
F4K2A1	Arabidopsis thaliana	Plants	571		0	False	5
Q6NQH4	Arabidopsis thaliana	Plants	126		0	False	2
P41181	Homo sapiens	Metazoa	271		0	True	1
P43274	Mus musculus	Metazoa	219		0	False	2
Q7Z4G1	Homo sapiens	Metazoa	85		0	False	4
Q38799	Arabidopsis thaliana	Plants	363		0	False	1
O95136	Homo sapiens	Metazoa	353		0	True	2
Q8WY91	Homo sapiens	Metazoa	577		0	False	3
P19024	Rattus norvegicus	Metazoa	602		0	False	3
Q12024	Saccharomyces cerevisiae (strain ATCC 204508 / S288c)	Fungi	460		0	False	5
P15330	Drosophila melanogaster	Metazoa	999		0	False	2
A6NHQ2	Homo sapiens	Metazoa	334		0	False	4
Q9FN42	Arabidopsis thaliana	Plants	241		0	False	5
A2IDD5	Homo sapiens	Metazoa	438		0	False	2
F4JP46	Arabidopsis thaliana	Plants	328		0	False	2
O00482	Homo sapiens	Metazoa	541		0	False	3
Q8VYZ5	Arabidopsis thaliana	Plants	900		0	False	1
O95229	Homo sapiens	Metazoa	277		0	False	4
Q62862	Rattus norvegicus	Metazoa	448		0	False	4
Q60948	Mus musculus	Metazoa	209		0	False	4
O00476	Homo sapiens	Metazoa	420		0	False	2
P00291	Sambucus nigra	Plants	99		0	False	5
O13329	Saccharomyces cerevisiae (strain ATCC 204508 / S288c)	Fungi	566		0	False	5
Q5U349	Rattus norvegicus	Metazoa	618		0	False	3
O35284	Mus musculus	Metazoa	125		0	False	1
Q9LPZ1	Arabidopsis thaliana	Plants	232		0	False	2
Q7YR75	Bos taurus	Metazoa	198		0	False	2
A8MTT3	Homo sapiens	Metazoa	80		0	True	1
Q9SN12	Arabidopsis thaliana	Plants	301		0	False	2
Q9WUW8	Rattus norvegicus	Metazoa	296		0	False	3
P15565	Saccharomyces cerevisiae (strain ATCC 204508 / S288c)	Fungi	570		0	False	1
Q9LQ02	Arabidopsis thaliana	Plants	1453		0	False	4
P39547	Saccharomyces cerevisiae (strain ATCC 204508 / S288c)	Fungi	235		0	True	4
P19075	Homo sapiens	Metazoa	237		0	True	1
Q9CWE6	Mus musculus	Metazoa	164		0	False	5
Q14CZ0	Homo sapiens	Metazoa	275		0	False	3
Q84P52	Solanum lycopersicum	Plants	520		0	False	4
Q41387	Spinacia oleracea	Plants	137		0	False	3
P13569	Homo sapiens	Metazoa	1480		0	True	2
P21452	Homo sapiens	Metazoa	398		0	True	1
P00076	Euglena gracilis	Other	102		0	False	4
P13382	Saccharomyces cerevisiae (strain ATCC 204508 / S288c)	Fungi	1468		0	False	4
Q5GH62	Mus musculus	Metazoa	373		0	True	5
P42056	Solanum tuberosum	Plants	276		0	False	1
P41563	Bos taurus	Metazoa	366		0	False	5
P17883	Saccharomyces cerevisiae (strain ATCC 204508 / S288c)	Fungi	1432		0	False	2
P13437	Rattus norvegicus	Metazoa	397		0	False	5
O70622	Mus musculus	Metazoa	471		0	False	5
Q6NPM8	Arabidopsis thaliana	Plants	346		0	False	4
Q8BQU6	Mus musculus	Metazoa	440		0	True	3
P46092	Homo sapiens	Metazoa	362		0	True	2
Q9ERV1	Mus musculus	Metazoa	416		0	False	5
D4A734	Rattus norvegicus	Metazoa	486		0	True	4
Q86UP8	Homo sapiens	Metazoa	949		0	False	3
P0C7P0	Homo sapiens	Metazoa	127		0	False	3
Q12094	Saccharomyces cerevisiae (strain ATCC 204508 / S288c)	Fungi	313		0	False	1
Q9XH48	Arabidopsis thaliana	Plants	87		0	False	3
P40997	Schizosaccharomyces pombe (strain 972 / ATCC 24843)	Fungi	402		0	False	3
O00505	Homo sapiens	Metazoa	521		0	False	4
Q8CGY6	Mus musculus	Metazoa	931		0	False	1
P19538	Drosophila melanogaster	Metazoa	1397		0	False	2
P53885	Saccharomyces cerevisiae (strain ATCC 204508 / S288c)	Fungi	366		0	False	4
Q8JIR0	Danio rerio	Metazoa	320		0	False	2
Q9UUI3	Schizosaccharomyces pombe (strain 972 / ATCC 24843)	Fungi	585		0	False	1
Q9ESQ4	Rattus norvegicus	Metazoa	395		0	True	1
Q7JVL3	Drosophila melanogaster	Metazoa	330		0	False	5
Q9SIV2	Arabidopsis thaliana	Plants	891		0	False	4
P15923	Homo sapiens	Metazoa	654		0	False	2
P45984	Homo sapiens	Metazoa	424		0	False	4
Q92698	Homo sapiens	Metazoa	747		0	False	4
Q9VE04	Drosophila melanogaster	Metazoa	107		0	False	3
Q99679	Homo sapiens	Metazoa	349		0	True	5
Q07684	Saccharomyces cerevisiae (strain ATCC 204508 / S288c)	Fungi	458		0	False	1
Q99797	Homo sapiens	Metazoa	713		0	False	1
A2ASQ1	Mus musculus	Metazoa	1950		0	True	5
Q9XUB3	Caenorhabditis elegans	Metazoa	781		0	False	4
P43686	Homo sapiens	Metazoa	418		0	False	2
Q6IPU0	Homo sapiens	Metazoa	288		0	False	5
Q8BZ97	Mus musculus	Metazoa	688		0	False	1
Q9ZU25	Arabidopsis thaliana	Plants	503		0	False	5
Q2TBI6	Bos taurus	Metazoa	188		0	False	1
Q32PI8	Bos taurus	Metazoa	415		0	False	3
Q8VZ87	Arabidopsis thaliana	Plants	267		0	False	2
O54833	Mus musculus	Metazoa	350		0	False	3
Q92688	Homo sapiens	Metazoa	251		0	False	2
C7A2A0	Antirrhinum majus	Plants	534		0	False	1
P00022	Chelydra serpentina	Metazoa	105		0	False	5
Q6ZU64	Homo sapiens	Metazoa	1925		0	False	3
Q04264	Saccharomyces cerevisiae (strain ATCC 204508 / S288c)	Fungi	1277		0	False	5
Q15025	Homo sapiens	Metazoa	636		0	False	3
O60164	Schizosaccharomyces pombe (strain 972 / ATCC 24843)	Fungi	607		0	False	4
Q7TQ40	Mus musculus	Metazoa	622		0	False	1
Q9FVQ1	Arabidopsis thaliana	Plants	557		0	False	1
P41410	Schizosaccharomyces pombe (strain 972 / ATCC 24843)	Fungi	852		0	False	2
P47167	Saccharomyces cerevisiae (strain ATCC 204508 / S288c)	Fungi	239		0	False	2
Q10S82	Oryza sativa subsp. japonica	Plants	492		0	False	3
Q80UP3	Mus musculus	Metazoa	929		0	False	2
Q5D1E7	Mus musculus	Metazoa	596		0	False	4
P17918	Mus musculus	Metazoa	261		0	False	5
A0A0K3AUE4	Caenorhabditis elegans	Metazoa	1968		0	False	3
O88621	Mus musculus	Metazoa	401		0	False	4
Q8TAM2	Homo sapiens	Metazoa	541		0	False	1
Q9NWS8	Homo sapiens	Metazoa	449		0	False	3
Q14004	Homo sapiens	Metazoa	1512		0	False	1
Q8N205	Homo sapiens	Metazoa	404		0	False	3
C4R5T1	Komagataella phaffii (strain GS115 / ATCC 20864)	Fungi	384		0	False	4
Q08J23	Homo sapiens	Metazoa	767		0	False	1
O75132	Homo sapiens	Metazoa	1171		0	False	1
Q557E7	Dictyostelium discoideum	Other	665		0	False	5
F4KHG6	Arabidopsis thaliana	Plants	489		0	False	2
Q02100	Saccharomyces cerevisiae (strain ATCC 204508 / S288c)	Fungi	647		0	False	2
P37261	Saccharomyces cerevisiae (strain ATCC 204508 / S288c)	Fungi	193		0	False	5
P24118	Tetrahymena thermophila	Other	462		0	False	2
Q9V5M3	Drosophila melanogaster	Metazoa	878		0	False	4
Q6UUV7	Homo sapiens	Metazoa	619		0	False	4
Q8LDV3	Arabidopsis thaliana	Plants	185		0	False	1
Q9LU44	Arabidopsis thaliana	Plants	804		0	False	2
P56205	Aspergillus niger	Fungi	111		0	False	2
Q27GK7	Arabidopsis thaliana	Plants	1135		0	False	5
Q9LFX9	Arabidopsis thaliana	Plants	576		0	True	4
Q9ULJ6	Homo sapiens	Metazoa	1067		0	False	1
Q0IMG9	Oryza sativa subsp. japonica	Plants	694		0	False	3
Q12675	Saccharomyces cerevisiae (strain ATCC 204508 / S288c)	Fungi	1612		0	False	4
O75323	Homo sapiens	Metazoa	286		0	False	2
Q9Y5N6	Homo sapiens	Metazoa	252		0	False	1
Q969V1	Homo sapiens	Metazoa	340		0	True	1
Q9LUJ3	Arabidopsis thaliana	Plants	163		0	False	2
O94374	Schizosaccharomyces pombe (strain 972 / ATCC 24843)	Fungi	539		0	False	4
Q86YV9	Homo sapiens	Metazoa	775		0	False	1
P00070	Helianthus annuus	Plants	112		0	False	2
Q9Y5Z9	Homo sapiens	Metazoa	338		0	True	4
Q9SSS9	Arabidopsis thaliana	Plants	234		0	False	2
Q8IYJ3	Homo sapiens	Metazoa	562		0	False	5
P00064	Allium porrum	Plants	111		0	False	4
P41226	Homo sapiens	Metazoa	1012		0	False	4
P38126	Saccharomyces cerevisiae (strain ATCC 204508 / S288c)	Fungi	564		0	False	3
P53846	Saccharomyces cerevisiae (strain ATCC 204508 / S288c)	Fungi	162		0	False	3
P0DPG3	Trypanosoma brucei brucei	Other	75		0	False	4
F4JTN2	Arabidopsis thaliana	Plants	485		0	True	5
O01789	Caenorhabditis elegans	Metazoa	1262		0	False	4
Q96BY6	Homo sapiens	Metazoa	2186		0	False	1
P81178	Mesocricetus auratus	Metazoa	500		0	False	3
P19338	Homo sapiens	Metazoa	710		0	False	2
P84090	Homo sapiens	Metazoa	104		0	False	5
Q9FZ89	Arabidopsis thaliana	Plants	123		0	False	1
Q12504	Saccharomyces cerevisiae (strain ATCC 204508 / S288c)	Fungi	494		0	False	4
Q9Y6G1	Homo sapiens	Metazoa	99		0	True	1
Q9ZRW8	Arabidopsis thaliana	Plants	219		0	False	1
Q03989	Homo sapiens	Metazoa	594		0	False	5
O60130	Schizosaccharomyces pombe (strain 972 / ATCC 24843)	Fungi	827		0	False	2
P10663	Saccharomyces cerevisiae (strain ATCC 204508 / S288c)	Fungi	115		0	False	5
Q9U1W1	Caenorhabditis elegans	Metazoa	486		0	False	4
Q8BWM0	Mus musculus	Metazoa	384		0	True	1
Q92466	Homo sapiens	Metazoa	427		0	False	5
P54252	Homo sapiens	Metazoa	361		0	False	5
O75920	Homo sapiens	Metazoa	110		0	False	3
P97440	Mus musculus	Metazoa	275		0	False	2
Q93VM9	Arabidopsis thaliana	Plants	599		0	False	4
Q9NYY8	Homo sapiens	Metazoa	710		0	False	5
Q96242	Arabidopsis thaliana	Plants	518		0	False	3
Q9QZB1	Mus musculus	Metazoa	239		0	False	4
Q8LA53	Arabidopsis thaliana	Plants	272		0	False	1
Q9SYK4	Arabidopsis thaliana	Plants	1136		0	False	4
O22043	Arabidopsis thaliana	Plants	336		0	False	1
Q9BW66	Homo sapiens	Metazoa	212		0	False	4
Q8BUE4	Mus musculus	Metazoa	373		0	True	5
Q8H0M1	Spinacia oleracea	Plants	329		0	False	5
P97564	Rattus norvegicus	Metazoa	828		0	False	4
P91928	Drosophila melanogaster	Metazoa	739		0	True	5
Q6DV79	Gallus gallus	Metazoa	771		0	False	1
O60306	Homo sapiens	Metazoa	1485		0	False	3
Q8IUQ4	Homo sapiens	Metazoa	282		0	False	1
O74184	Schizosaccharomyces pombe (strain 972 / ATCC 24843)	Fungi	314		0	False	3
Q9QXW9	Mus musculus	Metazoa	531		0	True	1
P55862	Xenopus laevis	Metazoa	735		0	False	2
P33778	Homo sapiens	Metazoa	126		0	False	1
P00003	Ateles sp.	Metazoa	105		0	False	2
P07591	Spinacia oleracea	Plants	181		0	False	3
Q9P1Z2	Homo sapiens	Metazoa	691		0	False	3
Q9UNI6	Homo sapiens	Metazoa	340		0	False	5
P23526	Homo sapiens	Metazoa	432		0	False	4
Q5XXA6	Homo sapiens	Metazoa	986		0	False	2
P51575	Homo sapiens	Metazoa	399		0	True	4
Q8GX78	Arabidopsis thaliana	Plants	541		0	False	4
O35425	Mus musculus	Metazoa	213		0	False	3
Q8RZ35	Oryza sativa subsp. japonica	Plants	388		0	False	5
O15374	Homo sapiens	Metazoa	487		0	True	4
Q8TCE9	Homo sapiens	Metazoa	139		0	False	2
Q80WK2	Mus musculus	Metazoa	128		0	True	1
M9MRD1	Drosophila melanogaster	Metazoa	12345		0	False	2
Q60817	Mus musculus	Metazoa	215		0	False	1
O94288	Schizosaccharomyces pombe (strain 972 / ATCC 24843)	Fungi	747		0	False	2
Q9Y6W3	Homo sapiens	Metazoa	813		0	False	4
Q96M32	Homo sapiens	Metazoa	723		0	False	2
Q13887	Homo sapiens	Metazoa	457		0	False	4
Q42599	Arabidopsis thaliana	Plants	222		0	False	5
P34233	Saccharomyces cerevisiae (strain ATCC 204508 / S288c)	Fungi	588		0	False	2
P0DP91	Homo sapiens	Metazoa	1061		0	False	1
Q1K8Y7	Neurospora crassa (strain ATCC 24698 / 74-OR23-1A / CBS 708.71 / DSM 1257 / FGSC 987)	Fungi	161		0	False	5
P50391	Homo sapiens	Metazoa	375		0	True	1
Q9LLC6	Chlamydomonas reinhardtii	Plants	198		0	False	3
Q80SU6	Mus musculus	Metazoa	601		0	True	5
P62263	Homo sapiens	Metazoa	151		0	False	1
P49619	Homo sapiens	Metazoa	791		0	False	2
Q7Z5Q5	Homo sapiens	Metazoa	900		0	False	3
Q9QY17	Rattus norvegicus	Metazoa	488		0	False	2
P47006	Saccharomyces cerevisiae (strain ATCC 204508 / S288c)	Fungi	233		0	False	4
A0A096MJY4	Rattus norvegicus	Metazoa	473		0	False	4
P36408	Dictyostelium discoideum	Other	347		0	False	1
Q9S7I8	Arabidopsis thaliana	Plants	447		0	False	2
Q13733	Homo sapiens	Metazoa	1029		0	False	3
Q9Z110	Mus musculus	Metazoa	795		0	False	5
Q9SJQ6	Arabidopsis thaliana	Plants	1393		0	False	5
Q5WRN1	Caenorhabditis elegans	Metazoa	301		0	True	4
Q91Y63	Mus musculus	Metazoa	600		0	True	5
P84229	Gallus gallus	Metazoa	136		0	False	5
O94326	Schizosaccharomyces pombe (strain 972 / ATCC 24843)	Fungi	609		0	False	3
P49761	Homo sapiens	Metazoa	490		0	False	1
Q9ES52	Mus musculus	Metazoa	1191		0	False	4
Q9JKA7	Rattus norvegicus	Metazoa	1198		0	False	4
P04201	Homo sapiens	Metazoa	325		0	True	4
P11608	Rattus norvegicus	Metazoa	67		0	True	1
Q8N1N2	Homo sapiens	Metazoa	210		0	False	4
P26770	Rattus norvegicus	Metazoa	1064		0	True	2
Q12180	Saccharomyces cerevisiae (strain ATCC 204508 / S288c)	Fungi	1030		0	False	1
Q9UT72	Schizosaccharomyces pombe (strain 972 / ATCC 24843)	Fungi	205		0	False	1
Q99314	Saccharomyces cerevisiae (strain ATCC 204508 / S288c)	Fungi	248		0	False	3
P35368	Homo sapiens	Metazoa	520		0	True	1
A1ZAW0	Drosophila melanogaster	Metazoa	1722		0	False	2
Q9BQA5	Homo sapiens	Metazoa	517		0	False	2
Q8L7K4	Arabidopsis thaliana	Plants	252		0	False	2
A2AG06	Mus musculus	Metazoa	965		0	False	4
P32944	Saccharomyces cerevisiae (strain ATCC 204508 / S288c)	Fungi	819		0	False	4
Q8RXD6	Arabidopsis thaliana	Plants	878		0	False	3
Q04005	Saccharomyces cerevisiae (strain ATCC 204508 / S288c)	Fungi	294		0	False	2
Q9SIH4	Arabidopsis thaliana	Plants	206		0	True	4
Q9VJJ7	Drosophila melanogaster	Metazoa	1128		0	False	2
P36146	Saccharomyces cerevisiae (strain ATCC 204508 / S288c)	Fungi	502		0	False	2
Q9LTJ6	Arabidopsis thaliana	Plants	385		0	False	5
Q9B6C8	Yarrowia lipolytica (strain CLIB 122 / E 150)	Fungi	469		0	True	5
Q54SM3	Dictyostelium discoideum	Other	179		0	False	1
Q5EGY4	Rattus norvegicus	Metazoa	198		0	False	1
Q8TDF6	Homo sapiens	Metazoa	673		0	False	2
P67881	Gallus gallus	Metazoa	105		0	False	4
Q9DED4	Xenopus laevis	Metazoa	166		0	False	3
P31949	Homo sapiens	Metazoa	105		0	False	1
P38860	Saccharomyces cerevisiae (strain ATCC 204508 / S288c)	Fungi	518		0	False	5
Q12802	Homo sapiens	Metazoa	2813		0	False	4
Q8LAM0	Arabidopsis thaliana	Plants	365		0	False	3
Q63120	Rattus norvegicus	Metazoa	1541		0	True	3
Q8WYH8	Homo sapiens	Metazoa	240		0	False	1
Q9Y3U8	Homo sapiens	Metazoa	105		0	False	2
P70191	Mus musculus	Metazoa	558		0	False	5
P42580	Mus musculus	Metazoa	305		0	False	5
Q9JKV2	Mus musculus	Metazoa	629		0	False	2
Q9D945	Mus musculus	Metazoa	130		0	False	2
Q9GZV8	Homo sapiens	Metazoa	571		0	False	4
P00558	Homo sapiens	Metazoa	417		0	False	5
Q9ZNT0	Arabidopsis thaliana	Plants	435		0	False	2
Q9SZ63	Arabidopsis thaliana	Plants	309		0	False	1
Q9H015	Homo sapiens	Metazoa	551		0	True	2
P34087	Saccharomyces cerevisiae (strain ATCC 204508 / S288c)	Fungi	171		0	False	4
P40023	Saccharomyces cerevisiae (strain ATCC 204508 / S288c)	Fungi	145		0	False	1
Q9QX60	Mus musculus	Metazoa	277		0	False	5
Q9D9D8	Mus musculus	Metazoa	189		0	False	2
P49773	Homo sapiens	Metazoa	126		0	False	3
Q99755	Homo sapiens	Metazoa	562		0	False	4
P15381	Oryctolagus cuniculus	Metazoa	2171		0	False	3
P54860	Saccharomyces cerevisiae (strain ATCC 204508 / S288c)	Fungi	961		0	False	4
P53692	Schizosaccharomyces pombe (strain 972 / ATCC 24843)	Fungi	1140		0	False	4
Q9Z270	Rattus norvegicus	Metazoa	249		0	False	3
Q9NS75	Homo sapiens	Metazoa	346		0	True	1
Q94920	Drosophila melanogaster	Metazoa	282		0	False	3
Q8TEV9	Homo sapiens	Metazoa	937		0	False	2
P09067	Homo sapiens	Metazoa	269		0	False	5
P51521	Drosophila melanogaster	Metazoa	1351		0	False	1
Q16630	Homo sapiens	Metazoa	551		0	False	3
Q32PC3	Bos taurus	Metazoa	148		0	False	3
B6HLT9	Penicillium rubens (strain ATCC 28089 / DSM 1075 / NRRL 1951 / Wisconsin 54-1255)	Fungi	357		0	False	5
O54943	Mus musculus	Metazoa	1257		0	False	3
Q9BYH8	Homo sapiens	Metazoa	718		0	False	5
Q682I1	Arabidopsis thaliana	Plants	160		0	False	4
Q8K3P1	Mus musculus	Metazoa	485		0	True	2
Q42523	Arabidopsis thaliana	Plants	734		0	False	5
D3ZGX1	Rattus norvegicus	Metazoa	1517		0	False	1
Q5SYB0	Homo sapiens	Metazoa	1578		0	False	3
Q06185	Mus musculus	Metazoa	71		0	False	2
Q9EPK5	Mus musculus	Metazoa	395		0	False	4
P53397	Saccharomyces cerevisiae (strain ATCC 204508 / S288c)	Fungi	376		0	False	2
Q12988	Homo sapiens	Metazoa	150		0	False	1
O23945	Fragaria vesca	Plants	556		0	False	1
P14736	Saccharomyces cerevisiae (strain ATCC 204508 / S288c)	Fungi	754		0	False	3
O96020	Homo sapiens	Metazoa	404		0	False	5
P00051	Cucurbita maxima	Plants	111		0	False	5
Q9P3A7	Schizosaccharomyces pombe (strain 972 / ATCC 24843)	Fungi	815		0	False	5
P86397	Homo sapiens	Metazoa	168		0	False	2
O35921	Rattus norvegicus	Metazoa	561		0	True	4
Q9HAS3	Homo sapiens	Metazoa	691		0	False	3
P46984	Saccharomyces cerevisiae (strain ATCC 204508 / S288c)	Fungi	123		0	False	2
Q09130	Schizosaccharomyces pombe (strain 972 / ATCC 24843)	Fungi	446		0	False	4
Q5H9F3	Homo sapiens	Metazoa	1785		0	False	5
Q12256	Saccharomyces cerevisiae (strain ATCC 204508 / S288c)	Fungi	659		0	False	2
P40941	Arabidopsis thaliana	Plants	385		0	True	1
O74418	Schizosaccharomyces pombe (strain 972 / ATCC 24843)	Fungi	244		0	False	2
Q9LTK0	Arabidopsis thaliana	Plants	191		0	False	4
P38874	Saccharomyces cerevisiae (strain ATCC 204508 / S288c)	Fungi	309		0	False	5
Q2T9J0	Homo sapiens	Metazoa	566		0	False	2
P24279	Saccharomyces cerevisiae (strain ATCC 204508 / S288c)	Fungi	971		0	False	4
Q22829	Caenorhabditis elegans	Metazoa	470		0	False	2
P22789	Rattus norvegicus	Metazoa	284		0	False	4
Q8N6F7	Homo sapiens	Metazoa	178		0	False	5
Q9BYE2	Homo sapiens	Metazoa	586		0	False	1
Q99623	Homo sapiens	Metazoa	299		0	False	4
Q96SZ6	Homo sapiens	Metazoa	601		0	False	2
P06511	Spinacia oleracea	Plants	750		0	True	4
Q60809	Mus musculus	Metazoa	285		0	False	5
Q9M2D2	Arabidopsis thaliana	Plants	410		0	False	3
Q9C8L2	Arabidopsis thaliana	Plants	287		0	False	5
Q9P0S2	Homo sapiens	Metazoa	106		0	True	2
D3YXJ0	Mus musculus	Metazoa	1211		0	False	5
Q6P823	Xenopus tropicalis	Metazoa	136		0	False	3
Q9U9Y8	Caenorhabditis elegans	Metazoa	634		0	False	5
Q9LXF3	Arabidopsis thaliana	Plants	187		0	True	3
P27351	Saccharomyces cerevisiae (strain ATCC 204508 / S288c)	Fungi	700		0	False	2
P51450	Mus musculus	Metazoa	516		0	False	5
Q12040	Saccharomyces cerevisiae (strain ATCC 204508 / S288c)	Fungi	230		0	False	5
Q8I1T1	Plasmodium falciparum (isolate 3D7)	Other	229		0	False	5
Q9V9W8	Drosophila melanogaster	Metazoa	815		0	False	2
P18296	Schizosaccharomyces pombe (strain 972 / ATCC 24843)	Fungi	1828		0	False	1
O35453	Mus musculus	Metazoa	436		0	True	2
Q9LEB3	Nicotiana plumbaginifolia	Plants	428		0	False	3
P21190	Saccharomyces cerevisiae (strain ATCC 204508 / S288c)	Fungi	360		0	False	2
Q3SZ86	Bos taurus	Metazoa	205		0	False	4
O75531	Homo sapiens	Metazoa	89		0	False	3
Q9M126	Arabidopsis thaliana	Plants	457		0	False	2
Q8GXA4	Arabidopsis thaliana	Plants	489		0	False	2
Q3E7D0	Arabidopsis thaliana	Plants	709		0	False	2
P36104	Saccharomyces cerevisiae (strain ATCC 204508 / S288c)	Fungi	329		0	False	4
Q8TF63	Homo sapiens	Metazoa	244		0	False	1
P15938	Saccharomyces cerevisiae (strain ATCC 204508 / S288c)	Fungi	1071		0	False	5
Q04401	Saccharomyces cerevisiae (strain ATCC 204508 / S288c)	Fungi	133		0	False	1
A8MQL1	Arabidopsis thaliana	Plants	1082		0	False	4
Q9SQR5	Arabidopsis thaliana	Plants	554		0	False	3
Q00288	Mus musculus	Metazoa	457		0	False	4
Q22495	Caenorhabditis elegans	Metazoa	308		0	True	5
Q86V97	Homo sapiens	Metazoa	674		0	False	4
Q14005	Homo sapiens	Metazoa	1332		0	False	4
P30605	Saccharomyces cerevisiae (strain ATCC 204508 / S288c)	Fungi	584		0	True	4
Q15910	Homo sapiens	Metazoa	746		0	False	3
Q8WZK3	Schizosaccharomyces pombe (strain 972 / ATCC 24843)	Fungi	138		0	False	4
P13231	Dictyostelium discoideum	Other	118		0	False	5
P37288	Homo sapiens	Metazoa	418		0	True	2
Q8C006	Mus musculus	Metazoa	501		0	False	3
P34152	Mus musculus	Metazoa	1052		0	False	3
Q6RI63	Mus musculus	Metazoa	786		0	False	3
P51582	Homo sapiens	Metazoa	365		0	True	2
Q96EA4	Homo sapiens	Metazoa	605		0	False	3
P10871	Spinacia oleracea	Plants	472		0	False	2
Q14694	Homo sapiens	Metazoa	798		0	False	4
Q86X51	Homo sapiens	Metazoa	503		0	False	5
O23210	Arabidopsis thaliana	Plants	486		0	False	4
O23661	Arabidopsis thaliana	Plants	608		0	False	3
Q06116	Saccharomyces cerevisiae (strain ATCC 204508 / S288c)	Fungi	2489		0	True	5
Q8R4T9	Mus musculus	Metazoa	930		0	False	2
Q9H5J8	Homo sapiens	Metazoa	278		0	False	1
C7AJA4	Trypanosoma brucei brucei	Other	406		0	False	2
P14373	Homo sapiens	Metazoa	513		0	False	4
P09938	Saccharomyces cerevisiae (strain ATCC 204508 / S288c)	Fungi	399		0	False	5
Q7TPS0	Mus musculus	Metazoa	764		0	False	2
O75446	Homo sapiens	Metazoa	220		0	False	2
Q01851	Homo sapiens	Metazoa	419		0	False	1
Q9VLP3	Drosophila melanogaster	Metazoa	122		0	False	5
P27064	Cucumis sativus	Plants	475		0	False	4
F6VAN0	Mus musculus	Metazoa	656		0	False	3
Q9FZ96	Arabidopsis thaliana	Plants	356		0	True	1
Q5VZV1	Homo sapiens	Metazoa	264		0	False	4
Q5SWY8	Mus musculus	Metazoa	596		0	True	1
P68164	Datura metel	Plants	97		0	False	4
C5H429	Artemisia annua	Plants	388		0	False	5
Q580X6	Trypanosoma brucei brucei (strain 927/4 GUTat10.1)	Other	928		0	False	4
O43294	Homo sapiens	Metazoa	461		0	False	1
Q9Y473	Homo sapiens	Metazoa	711		0	False	4
Q99PN0	Mus musculus	Metazoa	618		0	True	3
P51830	Mus musculus	Metazoa	1353		0	False	3
Q9R1T5	Rattus norvegicus	Metazoa	312		0	False	2
O54784	Mus musculus	Metazoa	448		0	False	5
Q3USZ2	Mus musculus	Metazoa	394		0	False	1
P14291	Saccharomyces cerevisiae (strain ATCC 204508 / S288c)	Fungi	827		0	False	4
P40069	Saccharomyces cerevisiae (strain ATCC 204508 / S288c)	Fungi	1113		0	False	4
P70255	Mus musculus	Metazoa	439		0	False	1
P17152	Homo sapiens	Metazoa	192		0	True	1
O35469	Mus musculus	Metazoa	373		0	False	3
Q2TBS2	Bos taurus	Metazoa	209		0	False	1
Q9WUB9	Mesocricetus auratus	Metazoa	483		0	True	5
Q6PI78	Homo sapiens	Metazoa	240		0	False	1
P34218	Saccharomyces cerevisiae (strain ATCC 204508 / S288c)	Fungi	831		0	False	1
Q2THW7	Rattus norvegicus	Metazoa	715		0	True	3
Q8H110	Arabidopsis thaliana	Plants	337		0	False	5
Q96RQ3	Homo sapiens	Metazoa	725		0	False	3
P08151	Homo sapiens	Metazoa	1106		0	False	4
Q6P4H8	Homo sapiens	Metazoa	233		0	True	1
Q9SJ50	Arabidopsis thaliana	Plants	333		0	False	4
P12154	Chlamydomonas reinhardtii	Plants	751		0	True	1
P22936	Saccharomyces cerevisiae (strain ATCC 204508 / S288c)	Fungi	367		0	False	2
P14868	Homo sapiens	Metazoa	501		0	False	4
Q5AP80	Candida albicans (strain SC5314 / ATCC MYA-2876)	Fungi	785		0	False	3
Q9ET77	Mus musculus	Metazoa	744		0	False	4
Q9M0Z3	Arabidopsis thaliana	Plants	776		0	False	3
O14097	Schizosaccharomyces pombe (strain 972 / ATCC 24843)	Fungi	331		0	False	5
P23249	Mus musculus	Metazoa	1004		0	False	5
P62942	Homo sapiens	Metazoa	108		0	False	2
P50617	Rattus norvegicus	Metazoa	707		0	False	2
P0DO12	Arabidopsis thaliana	Plants	126		0	False	4
Q6S5L9	Mus musculus	Metazoa	626		0	False	4
Q01062	Rattus norvegicus	Metazoa	928		0	False	1
P32660	Saccharomyces cerevisiae (strain ATCC 204508 / S288c)	Fungi	1571		0	False	3
P38159	Homo sapiens	Metazoa	391		0	False	2
Q6P5Z2	Homo sapiens	Metazoa	889		0	False	2
G5EDP2	Caenorhabditis elegans	Metazoa	412		0	False	4
Q5XIM7	Rattus norvegicus	Metazoa	626		0	False	1
Q96QF0	Homo sapiens	Metazoa	476		0	False	4
P36632	Schizosaccharomyces pombe (strain 972 / ATCC 24843)	Fungi	614		0	False	1
Q9R1C0	Mus musculus	Metazoa	341		0	False	1
P38985	Saccharomyces cerevisiae (strain ATCC 204508 / S288c)	Fungi	146		0	False	5
D3ZI76	Rattus norvegicus	Metazoa	801		0	False	4
Q7X7A4	Oryza sativa subsp. japonica	Plants	475		0	False	2
Q9R224	Mus musculus	Metazoa	128		0	False	1
P15385	Rattus norvegicus	Metazoa	655		0	False	1
Q93096	Homo sapiens	Metazoa	173		0	False	1
Q92621	Homo sapiens	Metazoa	2012		0	False	1
Q9SWI1	Arabidopsis thaliana	Plants	439		0	False	5
Q9FMY5	Arabidopsis thaliana	Plants	283		0	False	1
Q7XTE8	Oryza sativa subsp. japonica	Plants	262		0	False	1
Q99JB8	Mus musculus	Metazoa	424		0	False	3
P09088	Caenorhabditis elegans	Metazoa	321		0	False	2
P97275	Cavia porcellus	Metazoa	658		0	False	5
Q12046	Saccharomyces cerevisiae (strain ATCC 204508 / S288c)	Fungi	339		0	False	1
P39735	Saccharomyces cerevisiae (strain ATCC 204508 / S288c)	Fungi	261		0	False	3
Q3U6Q4	Mus musculus	Metazoa	756		0	False	3
O94410	Schizosaccharomyces pombe (strain 972 / ATCC 24843)	Fungi	186		0	False	4
O43526	Homo sapiens	Metazoa	872		0	False	5
Q14CX5	Homo sapiens	Metazoa	517		0	True	1
P22217	Saccharomyces cerevisiae (strain ATCC 204508 / S288c)	Fungi	103		0	False	3
O95832	Homo sapiens	Metazoa	211		0	True	3
Q7XJT7	Arabidopsis thaliana	Plants	465		0	False	1
A0A072VMJ3	Medicago truncatula	Plants	703		0	False	3
O65258	Arabidopsis thaliana	Plants	542		0	False	4
Q14397	Homo sapiens	Metazoa	625		0	False	5
P04637	Homo sapiens	Metazoa	393		0	False	2
Q24573	Drosophila melanogaster	Metazoa	911		0	False	5
Q8BWB6	Mus musculus	Metazoa	489		0	False	3
Q09761	Schizosaccharomyces pombe (strain 972 / ATCC 24843)	Fungi	699		0	False	5
Q2KIR7	Bos taurus	Metazoa	295		0	False	3
Q06124	Homo sapiens	Metazoa	593		0	False	5
Q93VT9	Arabidopsis thaliana	Plants	220		0	False	5
Q16695	Homo sapiens	Metazoa	136		0	False	4
P19619	Sus scrofa	Metazoa	346		0	False	5
O88944	Rattus norvegicus	Metazoa	873		0	False	4
O14503	Homo sapiens	Metazoa	412		0	False	3
Q92478	Homo sapiens	Metazoa	149		0	True	1
O60356	Homo sapiens	Metazoa	82		0	False	5
Q9UGQ2	Homo sapiens	Metazoa	172		0	True	5
Q54PN9	Dictyostelium discoideum	Other	324		0	False	3
Q03771	Saccharomyces cerevisiae (strain ATCC 204508 / S288c)	Fungi	387		0	False	5
P0DMV8	Homo sapiens	Metazoa	641		0	False	5
P04789	Trypanosoma brucei brucei	Other	250		0	False	5
Q60825	Mus musculus	Metazoa	637		0	False	4
Q12158	Saccharomyces cerevisiae (strain ATCC 204508 / S288c)	Fungi	566		0	False	1
Q04891	Mus musculus	Metazoa	613		0	False	1
Q9TSV5	Sus scrofa	Metazoa	360		0	False	3
Q6QHD1	Oryza sativa subsp. japonica	Plants	348		0	False	2
O95069	Homo sapiens	Metazoa	426		0	True	5
P0C219	Rattus norvegicus	Metazoa	858		0	False	2
P24604	Mus musculus	Metazoa	630		0	False	3
Q04491	Saccharomyces cerevisiae (strain ATCC 204508 / S288c)	Fungi	297		0	False	1
P14292	Candida boidinii	Fungi	167		0	False	1
P09012	Homo sapiens	Metazoa	282		0	False	4
Q9C000	Homo sapiens	Metazoa	1473		0	False	1
Q8K557	Mus musculus	Metazoa	490		0	False	2
P52654	Drosophila melanogaster	Metazoa	366		0	False	4
Q00566	Rattus norvegicus	Metazoa	492		0	False	4
P25693	Saccharomyces cerevisiae (strain ATCC 204508 / S288c)	Fungi	308		0	False	1
P47015	Saccharomyces cerevisiae (strain ATCC 204508 / S288c)	Fungi	356		0	False	4
P04083	Homo sapiens	Metazoa	346		0	False	2
Q96PV4	Homo sapiens	Metazoa	448		0	False	2
P49140	Gallus gallus	Metazoa	750		0	False	1
Q6PL18	Homo sapiens	Metazoa	1390		0	False	3
Q6EN42	Oryza sativa subsp. japonica	Plants	204		0	False	3
C0HLF1	Dictyostelium discoideum	Other	154		0	False	4
P34226	Saccharomyces cerevisiae (strain ATCC 204508 / S288c)	Fungi	696		0	False	4
Q5SY16	Homo sapiens	Metazoa	702		0	False	3
A0A2K8FQU5	Catharanthus roseus	Plants	436		0	False	3
P63272	Homo sapiens	Metazoa	117		0	False	1
Q4WF54	Aspergillus fumigatus (strain ATCC MYA-4609 / CBS 101355 / FGSC A1100 / Af293)	Fungi	270		0	False	3
Q68CJ6	Homo sapiens	Metazoa	796		0	False	1
Q96CX2	Homo sapiens	Metazoa	325		0	False	4
Q96J66	Homo sapiens	Metazoa	1382		0	False	1
Q8N983	Homo sapiens	Metazoa	215		0	False	4
P78362	Homo sapiens	Metazoa	688		0	False	1
P38879	Saccharomyces cerevisiae (strain ATCC 204508 / S288c)	Fungi	174		0	False	1
Q12020	Saccharomyces cerevisiae (strain ATCC 204508 / S288c)	Fungi	392		0	False	1
P15336	Homo sapiens	Metazoa	505		0	False	5
Q7TSY2	Rattus norvegicus	Metazoa	247		0	True	4
P22414	Candida tropicalis	Fungi	906		0	False	4
P15700	Saccharomyces cerevisiae (strain ATCC 204508 / S288c)	Fungi	204		0	False	3
Q96DG6	Homo sapiens	Metazoa	245		0	False	2
O64764	Arabidopsis thaliana	Plants	194		0	False	2
P53139	Saccharomyces cerevisiae (strain ATCC 204508 / S288c)	Fungi	140		0	False	5
D3KY99	Carapichea ipecacuanha	Plants	350		0	False	5
O82239	Arabidopsis thaliana	Plants	358		0	False	1
Q05930	Saccharomyces cerevisiae (strain ATCC 204508 / S288c)	Fungi	598		0	False	5
P22293	Drosophila melanogaster	Metazoa	1325		0	False	1
P39052	Rattus norvegicus	Metazoa	870		0	False	3
Q96T66	Homo sapiens	Metazoa	252		0	False	1
Q9NW08	Homo sapiens	Metazoa	1133		0	False	5
Q8VZI9	Arabidopsis thaliana	Plants	249		0	False	1
Q86W54	Homo sapiens	Metazoa	205		0	False	5
Q02825	Saccharomyces cerevisiae (strain ATCC 204508 / S288c)	Fungi	467		0	False	1
Q9Y4G8	Homo sapiens	Metazoa	1499		0	False	1
Q6S5L8	Homo sapiens	Metazoa	630		0	False	2
P40530	Saccharomyces cerevisiae (strain ATCC 204508 / S288c)	Fungi	394		0	False	4
Q9BXM7	Homo sapiens	Metazoa	581		0	False	2
P0C2B9	Rattus norvegicus	Metazoa	141		0	False	3
O08707	Mus musculus	Metazoa	378		0	True	4
P39988	Saccharomyces cerevisiae (strain ATCC 204508 / S288c)	Fungi	312		0	False	5
Q05776	Saccharomyces cerevisiae (strain ATCC 204508 / S288c)	Fungi	175		0	False	2
Q9BTC8	Homo sapiens	Metazoa	594		0	False	1
Q15554	Homo sapiens	Metazoa	542		0	False	2
P48598	Drosophila melanogaster	Metazoa	259		0	False	2
O43909	Homo sapiens	Metazoa	919		0	True	2
Q86US8	Homo sapiens	Metazoa	1419		0	False	4
Q75WB5	Bos taurus	Metazoa	1288		0	False	2
Q230X8	Tetrahymena thermophila (strain SB210)	Other	423		0	False	2
E9PYL2	Mus musculus	Metazoa	2035		0	False	2
Q2VLK6	Trypanosoma cruzi (strain CL Brener)	Other	358		0	False	5
Q60864	Mus musculus	Metazoa	543		0	False	5
Q14191	Homo sapiens	Metazoa	1432		0	False	1
Q99NF2	Mus musculus	Metazoa	532		0	False	3
P79171	Felis catus	Metazoa	967		0	True	4
Q9UBN7	Homo sapiens	Metazoa	1215		0	False	5
Q00577	Homo sapiens	Metazoa	322		0	False	4
B7FAL5	Oryza sativa subsp. japonica	Plants	204		0	False	4
Q9FJL0	Arabidopsis thaliana	Plants	1241		0	False	5
P40850	Saccharomyces cerevisiae (strain ATCC 204508 / S288c)	Fungi	830		0	False	4
Q9XI00	Arabidopsis thaliana	Plants	328		0	False	2
Q9SWG0	Arabidopsis thaliana	Plants	409		0	False	4
Q9VBX2	Drosophila melanogaster	Metazoa	367		0	False	5
Q99J39	Mus musculus	Metazoa	492		0	False	1
Q8LCA1	Arabidopsis thaliana	Plants	174		0	False	2
P56524	Homo sapiens	Metazoa	1084		0	False	4
Q09924	Schizosaccharomyces pombe (strain 972 / ATCC 24843)	Fungi	467		0	False	1
P40380	Schizosaccharomyces pombe (strain 972 / ATCC 24843)	Fungi	230		0	False	5
Q86VP1	Homo sapiens	Metazoa	789		0	False	1
Q9Y6M5	Homo sapiens	Metazoa	507		0	True	3
Q810W7	Rattus norvegicus	Metazoa	1570		0	False	3
O55197	Rattus norvegicus	Metazoa	473		0	True	5
Q08749	Saccharomyces cerevisiae (strain ATCC 204508 / S288c)	Fungi	192		0	True	2
Q19848	Caenorhabditis elegans	Metazoa	610		0	False	4
Q90941	Gallus gallus	Metazoa	1633		0	False	4
Q9H6Z4	Homo sapiens	Metazoa	567		0	False	4
O15514	Homo sapiens	Metazoa	142		0	False	5
Q10335	Schizosaccharomyces pombe (strain 972 / ATCC 24843)	Fungi	397		0	False	3
Q14207	Homo sapiens	Metazoa	1427		0	False	1
Q41651	Vicia faba	Plants	248		0	False	3
Q8NFM4	Homo sapiens	Metazoa	1077		0	True	1
P51787	Homo sapiens	Metazoa	676		0	False	5
Q96S55	Homo sapiens	Metazoa	665		0	False	4
P16554	Drosophila melanogaster	Metazoa	556		0	False	1
P62308	Homo sapiens	Metazoa	76		0	False	1
A7E3N7	Rattus norvegicus	Metazoa	446		0	False	1
O35261	Mus musculus	Metazoa	457		0	False	2
Q01802	Saccharomyces cerevisiae (strain ATCC 204508 / S288c)	Fungi	451		0	False	4
Q9VYQ0	Drosophila melanogaster	Metazoa	172		0	False	2
Q9SG11	Arabidopsis thaliana	Plants	352		0	False	3
Q9C0W0	Schizosaccharomyces pombe (strain 972 / ATCC 24843)	Fungi	409		0	False	3
Q04305	Saccharomyces cerevisiae (strain ATCC 204508 / S288c)	Fungi	513		0	False	3
Q9BG98	Oryctolagus cuniculus	Metazoa	1179		0	True	4
P51873	Amphidinium carterae	Other	369		0	False	1
Q8IZK6	Homo sapiens	Metazoa	566		0	True	4
Q92753	Homo sapiens	Metazoa	470		0	False	4
Q6ZQN7	Homo sapiens	Metazoa	724		0	False	3
P53671	Homo sapiens	Metazoa	638		0	False	1
Q6Q547	Saccharomyces cerevisiae (strain ATCC 204508 / S288c)	Fungi	58		0	False	1
Q96PM5	Homo sapiens	Metazoa	261		0	False	3
P36173	Saccharomyces cerevisiae (strain ATCC 204508 / S288c)	Fungi	615		0	True	3
Q689G9	Oryza sativa subsp. japonica	Plants	518		0	False	1
P40317	Saccharomyces cerevisiae (strain ATCC 204508 / S288c)	Fungi	901		0	False	5
P41145	Homo sapiens	Metazoa	380		0	True	5
Q9BUH6	Homo sapiens	Metazoa	204		0	False	2
Q42694	Chlamydomonas reinhardtii	Plants	580		0	False	5
P39707	Saccharomyces cerevisiae (strain ATCC 204508 / S288c)	Fungi	275		0	False	5
Q10423	Schizosaccharomyces pombe (strain 972 / ATCC 24843)	Fungi	258		0	False	3
Q9SSW0	Arabidopsis thaliana	Plants	193		0	False	2
Q5IBH7	Mus musculus	Metazoa	310		0	False	2
Q8NCT1	Homo sapiens	Metazoa	418		0	False	5
P48503	Neurospora crassa (strain ATCC 24698 / 74-OR23-1A / CBS 708.71 / DSM 1257 / FGSC 987)	Fungi	107		0	True	3
O13928	Schizosaccharomyces pombe (strain 972 / ATCC 24843)	Fungi	205		0	False	4
O74988	Schizosaccharomyces pombe (strain 972 / ATCC 24843)	Fungi	186		0	False	1
Q9S7R7	Arabidopsis thaliana	Plants	460		0	False	1
Q9UT24	Schizosaccharomyces pombe (strain 972 / ATCC 24843)	Fungi	2176		0	False	5
Q8H0U5	Arabidopsis thaliana	Plants	641		0	False	3
P27815	Homo sapiens	Metazoa	886		0	False	1
Q9XXH8	Caenorhabditis elegans	Metazoa	826		0	False	5
Q8IXI2	Homo sapiens	Metazoa	618		0	False	5
P08928	Drosophila melanogaster	Metazoa	622		0	False	2
P23786	Homo sapiens	Metazoa	658		0	False	5
Q96T37	Homo sapiens	Metazoa	977		0	False	1
Q9Y2W1	Homo sapiens	Metazoa	955		0	False	3
P46668	Arabidopsis thaliana	Plants	311		0	False	5
B9F1C0	Oryza sativa subsp. japonica	Plants	1709		0	False	4
Q96QU8	Homo sapiens	Metazoa	1125		0	False	1
P48382	Homo sapiens	Metazoa	616		0	False	5
Q9WVC7	Rattus norvegicus	Metazoa	2314		0	False	2
F4HXL0	Arabidopsis thaliana	Plants	713		0	False	2
Q02297	Homo sapiens	Metazoa	640		0	False	5
Q8LPS1	Arabidopsis thaliana	Plants	701		0	False	4
P0DO02	Oryza sativa subsp. japonica	Plants	447		0	False	4
P53204	Saccharomyces cerevisiae (strain ATCC 204508 / S288c)	Fungi	395		0	False	3
V9M2S5	Vitis rotundifolia	Plants	1398		0	False	4
Q03829	Saccharomyces cerevisiae (strain ATCC 204508 / S288c)	Fungi	368		0	True	4
E1B328	Arabidopsis thaliana	Plants	1378		0	False	2
Q5FWF4	Homo sapiens	Metazoa	1079		0	False	1
Q8NHU0	Homo sapiens	Metazoa	189		0	False	1
Q9DB60	Mus musculus	Metazoa	201		0	False	5
Q13227	Homo sapiens	Metazoa	327		0	False	1
P29461	Saccharomyces cerevisiae (strain ATCC 204508 / S288c)	Fungi	750		0	False	5
O14746	Homo sapiens	Metazoa	1132		0	False	4
Q02206	Saccharomyces cerevisiae (strain ATCC 204508 / S288c)	Fungi	625		0	False	2
Q9UL17	Homo sapiens	Metazoa	535		0	False	4
Q9NRY2	Homo sapiens	Metazoa	104		0	False	4
P10676	Drosophila melanogaster	Metazoa	1501		0	False	1
P11233	Homo sapiens	Metazoa	206		0	False	5
Q9NX18	Homo sapiens	Metazoa	166		0	False	1
Q9BU64	Homo sapiens	Metazoa	300		0	False	2
Q9C7F5	Arabidopsis thaliana	Plants	126		0	False	1
Q9UFN0	Homo sapiens	Metazoa	247		0	False	4
Q8LF89	Arabidopsis thaliana	Plants	140		0	False	4
Q7SCX7	Neurospora crassa (strain ATCC 24698 / 74-OR23-1A / CBS 708.71 / DSM 1257 / FGSC 987)	Fungi	383		0	False	4
P52910	Saccharomyces cerevisiae (strain ATCC 204508 / S288c)	Fungi	683		0	False	5
P26232	Homo sapiens	Metazoa	953		0	False	5
H2L056	Caenorhabditis elegans	Metazoa	613		0	False	2
Q8WXF1	Homo sapiens	Metazoa	523		0	False	4
Q75N62	Mus musculus	Metazoa	688		0	False	2
Q64321	Mus musculus	Metazoa	544		0	False	2
Q6ZN30	Homo sapiens	Metazoa	1099		0	False	3
Q2RAK2	Oryza sativa subsp. japonica	Plants	527		0	False	5
F1RAX4	Danio rerio	Metazoa	670		0	True	2
P50101	Saccharomyces cerevisiae (strain ATCC 204508 / S288c)	Fungi	1230		0	False	4
Q9H300	Homo sapiens	Metazoa	379		0	False	4
Q6P5F7	Mus musculus	Metazoa	524		0	True	3
O24454	Arabidopsis thaliana	Plants	371		0	False	4
Q9NRX1	Homo sapiens	Metazoa	252		0	False	5
O14561	Homo sapiens	Metazoa	156		0	False	5
Q09849	Schizosaccharomyces pombe (strain 972 / ATCC 24843)	Fungi	424		0	False	5
Q9UT53	Schizosaccharomyces pombe (strain 972 / ATCC 24843)	Fungi	368		0	False	4
Q9XFH9	Arabidopsis thaliana	Plants	185		0	False	5
Q95XQ1	Caenorhabditis elegans	Metazoa	578		0	False	4
P49367	Saccharomyces cerevisiae (strain ATCC 204508 / S288c)	Fungi	693		0	False	1
P41833	Saccharomyces cerevisiae (strain ATCC 204508 / S288c)	Fungi	600		0	False	4
D3Z649	Mus musculus	Metazoa	1135		0	True	3
P36382	Homo sapiens	Metazoa	358		0	True	5
Q925K9	Mus musculus	Metazoa	273		0	False	5
P45818	Saccharomyces cerevisiae (strain ATCC 204508 / S288c)	Fungi	564		0	False	3
O15151	Homo sapiens	Metazoa	490		0	False	1
Q8N9M5	Homo sapiens	Metazoa	508		0	False	4
P36052	Saccharomyces cerevisiae (strain ATCC 204508 / S288c)	Fungi	402		0	False	2
Q9H334	Homo sapiens	Metazoa	677		0	False	5
Q5H9I0	Homo sapiens	Metazoa	405		0	False	2
O43463	Homo sapiens	Metazoa	412		0	False	5
P19327	Rattus norvegicus	Metazoa	422		0	True	5
Q9UKL0	Homo sapiens	Metazoa	485		0	False	3
I0IUP3	Gallus gallus	Metazoa	830		0	False	4
O60683	Homo sapiens	Metazoa	326		0	True	2
Q9R237	Rattus norvegicus	Metazoa	708		0	False	1
Q9P013	Homo sapiens	Metazoa	229		0	False	2
Q2WG80	Danio rerio	Metazoa	140		0	False	2
Q6Z955	Oryza sativa subsp. japonica	Plants	518		0	False	3
O75388	Homo sapiens	Metazoa	356		0	True	2
Q40983	Pisum sativum	Plants	1257		0	False	2
Q8BW93	Mus musculus	Metazoa	344		0	True	3
Q08470	Drosophila pseudoobscura pseudoobscura	Metazoa	1166		0	False	2
P20271	Caenorhabditis elegans	Metazoa	351		0	False	3
Q8TDV2	Homo sapiens	Metazoa	347		0	True	4
Q6P9J9	Mus musculus	Metazoa	911		0	False	2
D3ZEY4	Rattus norvegicus	Metazoa	937		0	False	3
Q21832	Caenorhabditis elegans	Metazoa	142		0	False	4
Q8R139	Mus musculus	Metazoa	528		0	True	1
O70531	Rattus norvegicus	Metazoa	739		0	False	2
Q9HCC9	Homo sapiens	Metazoa	887		0	False	5
Q10PC5	Oryza sativa subsp. japonica	Plants	727		0	False	5
Q3E824	Saccharomyces cerevisiae (strain ATCC 204508 / S288c)	Fungi	90		0	True	2
O65272	Arabidopsis thaliana	Plants	1174		0	False	3
P40454	Saccharomyces cerevisiae (strain ATCC 204508 / S288c)	Fungi	393		0	False	3
P09798	Saccharomyces cerevisiae (strain ATCC 204508 / S288c)	Fungi	840		0	False	5
Q04226	Saccharomyces cerevisiae (strain ATCC 204508 / S288c)	Fungi	346		0	False	4
Q709R6	Drosophila melanogaster	Metazoa	399		0	False	3
Q921G6	Mus musculus	Metazoa	680		0	False	3
P46435	Schistosoma mansoni	Metazoa	259		0	False	2
A2A5K6	Mus musculus	Metazoa	1337		0	False	2
P58137	Mus musculus	Metazoa	320		0	False	1
A1Z6S7	Drosophila melanogaster	Metazoa	635		0	False	2
Q8WXW3	Homo sapiens	Metazoa	757		0	False	2
P04778	Arabidopsis thaliana	Plants	267		0	False	1
Q0WV90	Arabidopsis thaliana	Plants	1120		0	False	5
Q9NYV4	Homo sapiens	Metazoa	1490		0	False	1
Q84ST4	Oryza sativa subsp. japonica	Plants	343		0	False	1
Q08952	Saccharomyces cerevisiae (strain ATCC 204508 / S288c)	Fungi	273		0	False	2
Q9FGM1	Arabidopsis thaliana	Plants	188		0	False	3
Q9LV91	Arabidopsis thaliana	Plants	576		0	False	3
A8J637	Chlamydomonas reinhardtii	Plants	1013		0	False	2
Q9USU3	Schizosaccharomyces pombe (strain 972 / ATCC 24843)	Fungi	878		0	False	4
Q91XV3	Mus musculus	Metazoa	226		0	False	3
Q9LK40	Arabidopsis thaliana	Plants	1172		0	False	1
P17710	Mus musculus	Metazoa	974		0	False	1
Q93YW7	Arabidopsis thaliana	Plants	341		0	False	1
Q1K699	Neurospora crassa (strain ATCC 24698 / 74-OR23-1A / CBS 708.71 / DSM 1257 / FGSC 987)	Fungi	303		0	False	1
Q9USG8	Schizosaccharomyces pombe (strain 972 / ATCC 24843)	Fungi	1188		0	False	4
P53718	Saccharomyces cerevisiae (strain ATCC 204508 / S288c)	Fungi	249		0	False	4
Q99590	Homo sapiens	Metazoa	1463		0	False	1
Q56YJ8	Arabidopsis thaliana	Plants	414		0	False	2
P26715	Homo sapiens	Metazoa	233		0	True	1
Q8CGK7	Mus musculus	Metazoa	381		0	False	3
P50402	Homo sapiens	Metazoa	254		0	False	3
P51154	Canis lupus familiaris	Metazoa	194		0	False	2
P98198	Homo sapiens	Metazoa	1209		0	True	2
Q9H228	Homo sapiens	Metazoa	398		0	True	5
Q10295	Schizosaccharomyces pombe (strain 972 / ATCC 24843)	Fungi	566		0	False	4
Q8WV22	Homo sapiens	Metazoa	266		0	False	2
Q9HB14	Homo sapiens	Metazoa	408		0	True	4
P41224	Rattus norvegicus	Metazoa	301		0	False	3
Q5TB80	Homo sapiens	Metazoa	1403		0	False	5
P01584	Homo sapiens	Metazoa	269		0	False	4
Q86MV5	Trypanosoma brucei brucei	Other	487		0	False	5
P53251	Saccharomyces cerevisiae (strain ATCC 204508 / S288c)	Fungi	210		0	False	1
P21976	Neurospora crassa (strain ATCC 24698 / 74-OR23-1A / CBS 708.71 / DSM 1257 / FGSC 987)	Fungi	183		0	False	4
F7BWT7	Mus musculus	Metazoa	294		0	True	5
P07271	Saccharomyces cerevisiae (strain ATCC 204508 / S288c)	Fungi	859		0	False	2
P05129	Homo sapiens	Metazoa	697		0	False	2
Q8R5A3	Mus musculus	Metazoa	670		0	False	5
Q6ZN04	Homo sapiens	Metazoa	569		0	False	1
Q9S7B5	Arabidopsis thaliana	Plants	526		0	False	3
P42669	Mus musculus	Metazoa	321		0	False	4
Q66L44	Mus musculus	Metazoa	698		0	True	4
Q9JKF1	Mus musculus	Metazoa	1657		0	False	1
P53238	Saccharomyces cerevisiae (strain ATCC 204508 / S288c)	Fungi	335		0	False	3
P63126	Homo sapiens	Metazoa	666		0	False	2
Q84KJ5	Arabidopsis thaliana	Plants	569		0	False	3
E9QDC5	Danio rerio	Metazoa	294		0	True	1
Q8S3N1	Arabidopsis thaliana	Plants	309		0	False	2
Q06330	Homo sapiens	Metazoa	500		0	False	2
P0C5D6	Oryza sativa subsp. japonica	Plants	334		0	False	1
O13992	Schizosaccharomyces pombe (strain 972 / ATCC 24843)	Fungi	965		0	False	3
Q92985	Homo sapiens	Metazoa	503		0	False	5
Q01852	Saccharomyces cerevisiae (strain ATCC 204508 / S288c)	Fungi	431		0	False	5
Q9Z260	Mus musculus	Metazoa	225		0	True	1
Q9FFD8	Arabidopsis thaliana	Plants	104		0	False	4
Q9FXT6	Arabidopsis thaliana	Plants	507		0	False	1
A0A0G2KTI4	Danio rerio	Metazoa	1136		0	False	1
Q19S50	Sus scrofa	Metazoa	770		0	False	4
D3U715	Petunia hybrida	Plants	424		0	False	2
Q9BUT9	Homo sapiens	Metazoa	160		0	False	1
P83870	Mus musculus	Metazoa	110		0	False	1
Q9Y3Z3	Homo sapiens	Metazoa	626		0	False	4
P22697	Neurospora crassa (strain ATCC 24698 / 74-OR23-1A / CBS 708.71 / DSM 1257 / FGSC 987)	Fungi	236		0	False	2
P0C1S8	Homo sapiens	Metazoa	567		0	False	3
Q8NER1	Homo sapiens	Metazoa	839		0	False	1
P53068	Saccharomyces cerevisiae (strain ATCC 204508 / S288c)	Fungi	250		0	False	3
Q10341	Schizosaccharomyces pombe (strain 972 / ATCC 24843)	Fungi	504		0	False	2
Q9NPD8	Homo sapiens	Metazoa	197		0	False	2
P34556	Caenorhabditis elegans	Metazoa	332		0	False	1
P83524	Alkekengi officinarum var. franchetii	Plants	97		0	False	4
Q8WYA1	Homo sapiens	Metazoa	636		0	False	3
Q14BN4	Homo sapiens	Metazoa	828		0	False	5
Q9H8K7	Homo sapiens	Metazoa	445		0	False	4
Q9JM47	Rattus norvegicus	Metazoa	256		0	False	5
Q7TQJ8	Mus musculus	Metazoa	398		0	False	2
P10255	Neurospora crassa (strain ATCC 24698 / 74-OR23-1A / CBS 708.71 / DSM 1257 / FGSC 987)	Fungi	223		0	False	1
P00918	Homo sapiens	Metazoa	260		0	False	4
Q9M9L6	Arabidopsis thaliana	Plants	211		0	False	4
O44997	Caenorhabditis elegans	Metazoa	1425		0	False	2
Q9HDB9	Homo sapiens	Metazoa	667		0	False	1
Q64595	Rattus norvegicus	Metazoa	762		0	False	2
E9Q5G7	Mus musculus	Metazoa	496		0	False	1
Q925G0	Rattus norvegicus	Metazoa	155		0	False	3
Q8BMP6	Mus musculus	Metazoa	525		0	False	2
P53299	Saccharomyces cerevisiae (strain ATCC 204508 / S288c)	Fungi	105		0	False	3
P19544	Homo sapiens	Metazoa	449		0	False	2
P00297	Solanum crispum	Plants	99		0	False	3
Q99856	Homo sapiens	Metazoa	593		0	False	1
Q3EBC8	Arabidopsis thaliana	Plants	1388		0	False	1
Q9UBF9	Homo sapiens	Metazoa	498		0	False	1
P22418	Spinacia oleracea	Plants	415		0	False	4
Q86Y91	Homo sapiens	Metazoa	852		0	False	3
Q9BUR4	Homo sapiens	Metazoa	548		0	False	3
P49902	Homo sapiens	Metazoa	561		0	False	4
P51452	Homo sapiens	Metazoa	185		0	False	2
Q8CGB3	Mus musculus	Metazoa	1411		0	False	2
P03896	Drosophila melanogaster	Metazoa	341		0	True	1
P28070	Homo sapiens	Metazoa	264		0	False	5
Q8IXF0	Homo sapiens	Metazoa	933		0	False	1
P0C2B6	Bos taurus	Metazoa	128		0	False	1
Q6IQ20	Homo sapiens	Metazoa	393		0	False	3
P36162	Saccharomyces cerevisiae (strain ATCC 204508 / S288c)	Fungi	133		0	False	3
O94925	Homo sapiens	Metazoa	669		0	False	5
F4I3P9	Arabidopsis thaliana	Plants	772		0	False	2
Q01159	Saccharomyces cerevisiae (strain ATCC 204508 / S288c)	Fungi	459		0	False	1
Q5XF07	Arabidopsis thaliana	Plants	364		0	False	1
Q9CAN3	Arabidopsis thaliana	Plants	658		0	False	3
Q10296	Schizosaccharomyces pombe (strain 972 / ATCC 24843)	Fungi	138		0	False	1
P0DP99	Mus musculus	Metazoa	47		0	True	2
P63072	Mus musculus	Metazoa	162		0	False	5
P10711	Mus musculus	Metazoa	301		0	False	2
P20285	Neurospora crassa (strain ATCC 24698 / 74-OR23-1A / CBS 708.71 / DSM 1257 / FGSC 987)	Fungi	458		0	False	5
Q9M022	Arabidopsis thaliana	Plants	242		0	False	5
Q6DJT9	Homo sapiens	Metazoa	500		0	False	1
Q9Y3P9	Homo sapiens	Metazoa	1069		0	False	4
Q91XE4	Mus musculus	Metazoa	318		0	False	5
P18859	Homo sapiens	Metazoa	108		0	False	2
Q8NCN4	Homo sapiens	Metazoa	708		0	False	1
Q43117	Ricinus communis	Plants	583		0	False	1
B2RS91	Mus musculus	Metazoa	656		0	False	1
P14922	Saccharomyces cerevisiae (strain ATCC 204508 / S288c)	Fungi	966		0	False	5
Q9BWL3	Homo sapiens	Metazoa	253		0	True	1
Q96JY6	Homo sapiens	Metazoa	352		0	False	3
O43189	Homo sapiens	Metazoa	567		0	False	1
P12234	Bos taurus	Metazoa	362		0	True	3
Q9H2K2	Homo sapiens	Metazoa	1166		0	False	1
Q9C0E2	Homo sapiens	Metazoa	1151		0	False	4
Q8BVN3	Mus musculus	Metazoa	442		0	True	3
Q8NG31	Homo sapiens	Metazoa	2342		0	False	2
B2RQL2	Mus musculus	Metazoa	990		0	False	2
Q3SZC1	Bos taurus	Metazoa	217		0	False	3
O76932	Drosophila melanogaster	Metazoa	307		0	False	5
Q15306	Homo sapiens	Metazoa	451		0	False	4
Q7SCZ3	Neurospora crassa (strain ATCC 24698 / 74-OR23-1A / CBS 708.71 / DSM 1257 / FGSC 987)	Fungi	218		0	False	4
Q9WTW1	Rattus norvegicus	Metazoa	1043		0	False	1
P22953	Arabidopsis thaliana	Plants	651		0	False	4
Q0WPT7	Arabidopsis thaliana	Plants	352		0	False	5
P35550	Mus musculus	Metazoa	327		0	False	4
Q14807	Homo sapiens	Metazoa	665		0	False	2
Q13285	Homo sapiens	Metazoa	461		0	False	5
O96621	Dictyostelium discoideum	Other	392		0	False	5
Q39659	Cucumis sativus	Plants	725		0	False	4
Q96T21	Homo sapiens	Metazoa	854		0	False	4
Q12287	Saccharomyces cerevisiae (strain ATCC 204508 / S288c)	Fungi	69		0	False	2
P63167	Homo sapiens	Metazoa	89		0	False	1
Q9BTF0	Homo sapiens	Metazoa	503		0	False	5
O74518	Schizosaccharomyces pombe (strain 972 / ATCC 24843)	Fungi	336		0	False	5
Q8TD43	Homo sapiens	Metazoa	1214		0	False	2
Q02608	Saccharomyces cerevisiae (strain ATCC 204508 / S288c)	Fungi	121		0	False	4
P81062	Rattus norvegicus	Metazoa	302		0	False	1
Q9LD83	Arabidopsis thaliana	Plants	556		0	False	4
P51808	Homo sapiens	Metazoa	116		0	False	4
Q7K3D8	Drosophila melanogaster	Metazoa	433		0	False	5
Q9NY12	Homo sapiens	Metazoa	217		0	False	2
O97101	Dictyostelium discoideum	Other	1000		0	False	2
O94418	Schizosaccharomyces pombe (strain 972 / ATCC 24843)	Fungi	851		0	False	5
Q9Z0P4	Mus musculus	Metazoa	383		0	False	3
Q9SEU4	Arabidopsis thaliana	Plants	287		0	False	4
Q62264	Mus musculus	Metazoa	150		0	False	2
P84634	Arabidopsis thaliana	Plants	1702		0	False	5
P18581	Mus musculus	Metazoa	657		0	True	4
O15213	Homo sapiens	Metazoa	610		0	False	4
O74783	Schizosaccharomyces pombe (strain 972 / ATCC 24843)	Fungi	463		0	False	5
Q0J9Y2	Oryza sativa subsp. japonica	Plants	425		0	False	3
P62685	Homo sapiens	Metazoa	647		0	False	1
Q7TMD5	Rattus norvegicus	Metazoa	736		0	False	1
Q70G58	Oryza sativa subsp. japonica	Plants	515		0	False	3
Q8BKT7	Mus musculus	Metazoa	683		0	False	5
P42771	Homo sapiens	Metazoa	156		0	False	2
Q9UHB9	Homo sapiens	Metazoa	627		0	False	4
P05204	Homo sapiens	Metazoa	90		0	False	4
F4K410	Arabidopsis thaliana	Plants	675		0	False	4
Q9ZUU4	Arabidopsis thaliana	Plants	289		0	False	2
Q9UL54	Homo sapiens	Metazoa	1235		0	False	5
Q9UNQ0	Homo sapiens	Metazoa	655		0	False	3
P40008	Saccharomyces cerevisiae (strain ATCC 204508 / S288c)	Fungi	231		0	False	2
Q9JIP0	Rattus norvegicus	Metazoa	723		0	False	2
P83213	Bolinus brandaris	Metazoa	54		0	False	3
O13610	Schizosaccharomyces pombe (strain 972 / ATCC 24843)	Fungi	192		0	False	1
O74975	Schizosaccharomyces pombe (strain 972 / ATCC 24843)	Fungi	362		0	False	5
P97350	Mus musculus	Metazoa	728		0	False	3
Q8GZ87	Arabidopsis thaliana	Plants	664		0	False	3
P49720	Homo sapiens	Metazoa	205		0	False	4
Q03365	Sus scrofa	Metazoa	559		0	False	1
B2FDA8	Caenorhabditis elegans	Metazoa	1261		0	False	4
P47057	Saccharomyces cerevisiae (strain ATCC 204508 / S288c)	Fungi	423		0	False	3
Q9ASZ1	Arabidopsis thaliana	Plants	302		0	False	1
P54253	Homo sapiens	Metazoa	815		0	False	5
Q67UU9	Oryza sativa subsp. japonica	Plants	426		0	False	2
P38199	Saccharomyces cerevisiae (strain ATCC 204508 / S288c)	Fungi	381		0	False	4
Q9UJS0	Homo sapiens	Metazoa	675		0	False	1
Q9BRA0	Homo sapiens	Metazoa	125		0	False	4
Q0P5L8	Bos taurus	Metazoa	419		0	False	4
P90916	Caenorhabditis elegans	Metazoa	417		0	False	5
O81851	Arabidopsis thaliana	Plants	304		0	False	5
A0A161CFW5	Trypanosoma brucei brucei	Other	305		0	False	1
O74515	Schizosaccharomyces pombe (strain 972 / ATCC 24843)	Fungi	262		0	False	4
Q80Y84	Mus musculus	Metazoa	1544		0	False	4
Q99L02	Mus musculus	Metazoa	253		0	False	4
Q9GZX7	Homo sapiens	Metazoa	198		0	False	2
Q05816	Mus musculus	Metazoa	135		0	False	3
P22035	Saccharomyces cerevisiae (strain ATCC 204508 / S288c)	Fungi	811		0	False	2
P19975	Pisum sativum	Plants	253		0	False	3
P38797	Saccharomyces cerevisiae (strain ATCC 204508 / S288c)	Fungi	343		0	False	2
O77059	Drosophila melanogaster	Metazoa	542		0	False	2
P36523	Saccharomyces cerevisiae (strain ATCC 204508 / S288c)	Fungi	253		0	False	4
Q64536	Rattus norvegicus	Metazoa	407		0	False	1
O80845	Arabidopsis thaliana	Plants	236		0	False	5
P40818	Homo sapiens	Metazoa	1118		0	False	5
P93303	Arabidopsis thaliana	Plants	158		0	True	2
Q9SUA6	Arabidopsis thaliana	Plants	214		0	False	4
P11632	Saccharomyces cerevisiae (strain ATCC 204508 / S288c)	Fungi	93		0	False	3
Q60EX7	Oryza sativa subsp. japonica	Plants	1128		0	False	5
Q2QLV9	Oryza sativa subsp. japonica	Plants	398		0	False	1
O75521	Homo sapiens	Metazoa	394		0	False	2
Q9BRV3	Homo sapiens	Metazoa	221		0	True	3
Q9LTY1	Arabidopsis thaliana	Plants	726		0	False	2
Q8S9G8	Arabidopsis thaliana	Plants	801		0	False	1
Q9P1Z0	Homo sapiens	Metazoa	1013		0	False	2
Q9LES4	Arabidopsis thaliana	Plants	483		0	False	3
Q948J9	Arabidopsis thaliana	Plants	278		0	False	2
P17695	Saccharomyces cerevisiae (strain ATCC 204508 / S288c)	Fungi	143		0	False	3
O08674	Mus musculus	Metazoa	515		0	False	5
Q03188	Homo sapiens	Metazoa	943		0	False	1
Q9M0G9	Arabidopsis thaliana	Plants	680		0	False	5
Q5ZLR5	Gallus gallus	Metazoa	272		0	False	1
P53277	Saccharomyces cerevisiae (strain ATCC 204508 / S288c)	Fungi	215		0	False	3
P10415	Homo sapiens	Metazoa	239		0	False	3
P28877	Candida albicans	Fungi	895		0	False	1
Q12291	Saccharomyces cerevisiae (strain ATCC 204508 / S288c)	Fungi	365		0	False	5
Q13286	Homo sapiens	Metazoa	438		0	True	4
Q9SKK0	Arabidopsis thaliana	Plants	628		0	False	3
P09089	Drosophila melanogaster	Metazoa	353		0	False	1
Q99612	Homo sapiens	Metazoa	283		0	False	5
P56277	Homo sapiens	Metazoa	68		0	False	1
Q91WV7	Mus musculus	Metazoa	685		0	True	4
Q9NRM7	Homo sapiens	Metazoa	1088		0	False	5
Q8IVJ1	Homo sapiens	Metazoa	513		0	False	5
O88495	Mus musculus	Metazoa	591		0	True	5
D3ZJP6	Rattus norvegicus	Metazoa	2060		0	False	5
Q9LFN6	Arabidopsis thaliana	Plants	427		0	False	5
Q8I266	Plasmodium falciparum (isolate 3D7)	Other	1470		0	True	4
Q8BG36	Mus musculus	Metazoa	561		0	False	4
A3KMH1	Homo sapiens	Metazoa	1905		0	False	3
Q09838	Schizosaccharomyces pombe (strain 972 / ATCC 24843)	Fungi	681		0	False	5
Q9H307	Homo sapiens	Metazoa	717		0	False	5
O43255	Homo sapiens	Metazoa	324		0	False	5
D3ZNT6	Rattus norvegicus	Metazoa	361		0	False	1
Q8N7A1	Homo sapiens	Metazoa	406		0	False	5
Q9SJU4	Arabidopsis thaliana	Plants	399		0	False	2
O00841	Dictyostelium discoideum	Other	802		0	False	4
P30902	Saccharomyces cerevisiae (strain ATCC 204508 / S288c)	Fungi	174		0	False	4
Q925J9	Mus musculus	Metazoa	1575		0	False	4
P07255	Saccharomyces cerevisiae (strain ATCC 204508 / S288c)	Fungi	59		0	True	5
P01119	Saccharomyces cerevisiae (strain ATCC 204508 / S288c)	Fungi	309		0	False	1
Q9SZH4	Arabidopsis thaliana	Plants	495		0	False	4
Q15349	Homo sapiens	Metazoa	733		0	False	4
Q07139	Mus musculus	Metazoa	913		0	False	3
P00031	Macrobrachium malcolmsonii	Metazoa	105		0	False	3
Q15319	Homo sapiens	Metazoa	338		0	False	4
P56177	Homo sapiens	Metazoa	255		0	False	2
Q8BH52	Mus musculus	Metazoa	521		0	False	1
P51587	Homo sapiens	Metazoa	3418		0	False	5
P57088	Homo sapiens	Metazoa	247		0	True	1
Q80W99	Mus musculus	Metazoa	395		0	True	3
Q9SWG3	Arabidopsis thaliana	Plants	827		0	False	3
O23247	Arabidopsis thaliana	Plants	642		0	False	4
Q9SIW2	Arabidopsis thaliana	Plants	888		0	False	5
Q9SI37	Arabidopsis thaliana	Plants	487		0	False	2
Q9V3J4	Drosophila melanogaster	Metazoa	356		0	False	4
Q9Y7L8	Schizosaccharomyces pombe (strain 972 / ATCC 24843)	Fungi	292		0	False	3
P31321	Homo sapiens	Metazoa	381		0	False	4
Q14444	Homo sapiens	Metazoa	709		0	False	2
P47149	Saccharomyces cerevisiae (strain ATCC 204508 / S288c)	Fungi	201		0	False	4
Q63425	Rattus norvegicus	Metazoa	1383		0	False	5
Q9M0X9	Arabidopsis thaliana	Plants	544		0	False	1
O14842	Homo sapiens	Metazoa	300		0	True	1
Q7KU24	Drosophila melanogaster	Metazoa	1883		0	False	4
Q8IVL1	Homo sapiens	Metazoa	2488		0	False	4
P78963	Schizosaccharomyces pombe (strain 972 / ATCC 24843)	Fungi	625		0	False	4
Q07020	Homo sapiens	Metazoa	188		0	False	4
P38818	Saccharomyces cerevisiae (strain ATCC 204508 / S288c)	Fungi	585		0	False	2
Q9WVB3	Mus musculus	Metazoa	581		0	False	5
P33755	Saccharomyces cerevisiae (strain ATCC 204508 / S288c)	Fungi	580		0	False	5
P00289	Spinacia oleracea	Plants	168		0	False	1
Q969T4	Homo sapiens	Metazoa	207		0	False	4
P32874	Saccharomyces cerevisiae (strain ATCC 204508 / S288c)	Fungi	2273		0	False	3
Q6NXT2	Homo sapiens	Metazoa	135		0	False	4
P87052	Schizosaccharomyces pombe (strain 972 / ATCC 24843)	Fungi	344		0	False	5
Q9FEC1	Arabidopsis thaliana	Plants	172		0	False	5
P05504	Rattus norvegicus	Metazoa	226		0	True	4
Q16881	Homo sapiens	Metazoa	649		0	False	5
Q0VD83	Homo sapiens	Metazoa	1097		0	False	4
F4IZ80	Arabidopsis thaliana	Plants	124		0	False	2
P07484	Palmaria palmata	Other	97		0	False	3
Q95QD7	Caenorhabditis elegans	Metazoa	435		0	False	1
A0A125YQS6	Toxoplasma gondii (strain ATCC 50611 / Me49)	Other	566		0	True	5
Q14738	Homo sapiens	Metazoa	602		0	False	5
P02275	Triticum aestivum	Plants	146		0	False	3
Q8IXQ5	Homo sapiens	Metazoa	586		0	False	2
Q5SZA1	Mus musculus	Metazoa	478		0	False	4
Q07471	Saccharomyces cerevisiae (strain ATCC 204508 / S288c)	Fungi	609		0	False	5
P40467	Saccharomyces cerevisiae (strain ATCC 204508 / S288c)	Fungi	964		0	False	5
Q07688	Saccharomyces cerevisiae (strain ATCC 204508 / S288c)	Fungi	167		0	False	5
P0CT58	Schizosaccharomyces pombe (strain 972 / ATCC 24843)	Fungi	130		0	False	5
Q9ZPI5	Arabidopsis thaliana	Plants	725		0	False	3
Q9WVP6	Mus musculus	Metazoa	642		0	False	5
P43332	Drosophila melanogaster	Metazoa	216		0	False	1
Q9CQ54	Mus musculus	Metazoa	120		0	True	1
P03878	Saccharomyces cerevisiae (strain ATCC 204508 / S288c)	Fungi	556		0	False	1
F4IIM1	Arabidopsis thaliana	Plants	2150		0	False	5
Q7Z4V5	Homo sapiens	Metazoa	671		0	False	1
Q94C32	Arabidopsis thaliana	Plants	320		0	False	5
Q7SA60	Neurospora crassa (strain ATCC 24698 / 74-OR23-1A / CBS 708.71 / DSM 1257 / FGSC 987)	Fungi	228		0	False	2
P42283	Drosophila melanogaster	Metazoa	891		0	False	3
Q9LTR2	Arabidopsis thaliana	Plants	381		0	False	4
Q9SR62	Arabidopsis thaliana	Plants	309		0	False	2
Q80Z39	Rattus norvegicus	Metazoa	360		0	True	1
Q6UW78	Homo sapiens	Metazoa	93		0	True	2
O95425	Homo sapiens	Metazoa	2214		0	False	5
Q08274	Mus musculus	Metazoa	665		0	False	4
O15353	Homo sapiens	Metazoa	648		0	False	2
Q6IEY1	Homo sapiens	Metazoa	312		0	True	3
Q8SSG3	Encephalitozoon cuniculi (strain GB-M1)	Fungi	128		0	False	5
Q5JTH9	Homo sapiens	Metazoa	1297		0	False	1
O13722	Schizosaccharomyces pombe (strain 972 / ATCC 24843)	Fungi	450		0	False	1
P38691	Saccharomyces cerevisiae (strain ATCC 204508 / S288c)	Fungi	1029		0	False	5
P15056	Homo sapiens	Metazoa	766		0	False	4
Q10164	Schizosaccharomyces pombe (strain 972 / ATCC 24843)	Fungi	1275		0	False	2
P39749	Mus musculus	Metazoa	378		0	False	2
Q9DBU5	Mus musculus	Metazoa	667		0	False	4
P00415	Bos taurus	Metazoa	261		0	True	3
P63010	Homo sapiens	Metazoa	937		0	False	2
Q0D9C7	Oryza sativa subsp. japonica	Plants	419		0	False	1
O95847	Homo sapiens	Metazoa	323		0	True	5
Q06495	Homo sapiens	Metazoa	639		0	False	3
Q92355	Schizosaccharomyces pombe (strain 972 / ATCC 24843)	Fungi	1687		0	False	3
Q9D115	Mus musculus	Metazoa	76		0	False	2
P38856	Saccharomyces cerevisiae (strain ATCC 204508 / S288c)	Fungi	637		0	False	5
O35678	Mus musculus	Metazoa	303		0	False	3
Q3UCQ1	Mus musculus	Metazoa	651		0	False	3
Q7Z3Z4	Homo sapiens	Metazoa	852		0	False	1
P52960	Saccharomyces cerevisiae (strain ATCC 204508 / S288c)	Fungi	996		0	False	4
Q84JE8	Arabidopsis thaliana	Plants	694		0	False	1
P12344	Bos taurus	Metazoa	430		0	False	1
P52633	Mus musculus	Metazoa	837		0	False	2
Q9Y802	Schizosaccharomyces pombe (strain 972 / ATCC 24843)	Fungi	1000		0	False	3
Q5T6F0	Homo sapiens	Metazoa	453		0	False	2
Q9SYM2	Arabidopsis thaliana	Plants	299		0	False	4
Q9Y263	Homo sapiens	Metazoa	795		0	False	4
Q9ES74	Mus musculus	Metazoa	302		0	False	5
O60235	Homo sapiens	Metazoa	418		0	True	2
Q9URU2	Schizosaccharomyces pombe (strain 972 / ATCC 24843)	Fungi	1397		0	False	5
Q9H9T3	Homo sapiens	Metazoa	547		0	False	4
Q63959	Mus musculus	Metazoa	769		0	False	2
O14095	Schizosaccharomyces pombe (strain 972 / ATCC 24843)	Fungi	279		0	False	1
O75439	Homo sapiens	Metazoa	489		0	False	2
P13280	Oryctolagus cuniculus	Metazoa	333		0	False	5
Q9Y5T4	Homo sapiens	Metazoa	150		0	True	1
D4A2Y9	Rattus norvegicus	Metazoa	403		0	False	5
B9DHG0	Arabidopsis thaliana	Plants	301		0	True	3
Q3E747	Saccharomyces cerevisiae (strain ATCC 204508 / S288c)	Fungi	85		0	False	4
Q06AN9	Arabidopsis thaliana	Plants	717		0	False	2
O74942	Schizosaccharomyces pombe (strain 972 / ATCC 24843)	Fungi	610		0	False	5
Q9LES3	Arabidopsis thaliana	Plants	297		0	False	2
Q6Z6S1	Oryza sativa subsp. japonica	Plants	537		0	False	3
P63318	Mus musculus	Metazoa	697		0	False	1
P00014	Macropus giganteus	Metazoa	105		0	False	2
Q42525	Arabidopsis thaliana	Plants	496		0	True	2
Q9Z286	Rattus norvegicus	Metazoa	1608		0	False	1
Q5N712	Oryza sativa subsp. japonica	Plants	1286		0	False	4
Q9Y2D8	Homo sapiens	Metazoa	614		0	False	4
P55795	Homo sapiens	Metazoa	449		0	False	3
Q6NTS2	Xenopus laevis	Metazoa	90		0	False	2
O00411	Homo sapiens	Metazoa	1230		0	False	2
P15533	Mus musculus	Metazoa	496		0	False	4
P21665	Varanus varius	Metazoa	105		0	False	4
Q498T9	Rattus norvegicus	Metazoa	803		0	True	2
Q7YRU6	Oryctolagus cuniculus	Metazoa	1106		0	False	4
C0H4V6	Plasmodium falciparum (isolate 3D7)	Other	262		0	False	2
P40492	Saccharomyces cerevisiae (strain ATCC 204508 / S288c)	Fungi	516		0	False	3
Q96MP8	Homo sapiens	Metazoa	289		0	False	3
Q384Y1	Trypanosoma brucei brucei (strain 927/4 GUTat10.1)	Other	929		0	False	5
Q80VL3	Mus musculus	Metazoa	624		0	False	4
P47821	Saccharomyces cerevisiae (strain ATCC 204508 / S288c)	Fungi	323		0	False	4
Q9UIL1	Homo sapiens	Metazoa	159		0	False	2
Q8SAB7	Arabidopsis thaliana	Plants	1830		0	False	4
Q9XZS8	Drosophila melanogaster	Metazoa	613		0	False	3
Q9NTG7	Homo sapiens	Metazoa	399		0	False	1
Q9WUD2	Rattus norvegicus	Metazoa	761		0	False	1
Q8TED0	Homo sapiens	Metazoa	518		0	False	3
Q9ZW34	Arabidopsis thaliana	Plants	475		0	False	2
P09632	Mus musculus	Metazoa	243		0	False	5
Q9SCY5	Arabidopsis thaliana	Plants	289		0	False	2
Q8R1B8	Mus musculus	Metazoa	470		0	False	1
P32372	Schizosaccharomyces pombe (strain 972 / ATCC 24843)	Fungi	648		0	False	3
O75030	Homo sapiens	Metazoa	526		0	False	5
O42855	Schizosaccharomyces pombe (strain 972 / ATCC 24843)	Fungi	303		0	False	4
P61759	Mus musculus	Metazoa	196		0	False	1
P47035	Saccharomyces cerevisiae (strain ATCC 204508 / S288c)	Fungi	1189		0	False	4
P25621	Saccharomyces cerevisiae (strain ATCC 204508 / S288c)	Fungi	512		0	True	5
B2ZZS9	Oryzias latipes	Metazoa	400		0	False	2
Q8S4F6	Arabidopsis thaliana	Plants	510		0	False	5
Q8N6L0	Homo sapiens	Metazoa	562		0	False	5
Q0JHU5	Oryza sativa subsp. japonica	Plants	159		0	False	1
Q1EHW4	Mus musculus	Metazoa	186		0	False	3
Q63943	Mus musculus	Metazoa	514		0	False	5
P46681	Saccharomyces cerevisiae (strain ATCC 204508 / S288c)	Fungi	530		0	False	5
P07195	Homo sapiens	Metazoa	334		0	False	4
D3Z7P3	Mus musculus	Metazoa	674		0	False	3
P38751	Saccharomyces cerevisiae (strain ATCC 204508 / S288c)	Fungi	150		0	False	3
B9DFG3	Arabidopsis thaliana	Plants	1171		0	False	2
P81909	Drosophila melanogaster	Metazoa	397		0	True	3
O80528	Arabidopsis thaliana	Plants	599		0	False	5
Q6ZN18	Homo sapiens	Metazoa	517		0	False	3
P40047	Saccharomyces cerevisiae (strain ATCC 204508 / S288c)	Fungi	520		0	False	2
W5PSH7	Ovis aries	Metazoa	305		0	True	2
O96759	Dictyostelium discoideum	Other	611		0	False	3
O80988	Arabidopsis thaliana	Plants	1044		0	False	4
O59669	Schizosaccharomyces pombe (strain 972 / ATCC 24843)	Fungi	139		0	False	3
O00294	Homo sapiens	Metazoa	542		0	False	5
P53720	Saccharomyces cerevisiae (strain ATCC 204508 / S288c)	Fungi	384		0	False	1
P53264	Saccharomyces cerevisiae (strain ATCC 204508 / S288c)	Fungi	445		0	False	3
P10119	Oryctolagus cuniculus	Metazoa	50		0	False	4
Q32KD2	Drosophila melanogaster	Metazoa	1262		0	False	4
Q9UTR8	Schizosaccharomyces pombe (strain 972 / ATCC 24843)	Fungi	712		0	False	5
Q9FJW5	Arabidopsis thaliana	Plants	299		0	False	3
B0V1P1	Danio rerio	Metazoa	326		0	True	4
A0A0R0IHP4	Glycine max	Plants	248		0	False	5
Q13123	Homo sapiens	Metazoa	557		0	False	2
Q9ES40	Rattus norvegicus	Metazoa	188		0	True	3
Q6Z156	Oryza sativa subsp. japonica	Plants	426		0	False	5
O60783	Homo sapiens	Metazoa	128		0	False	4
Q8GZM7	Arabidopsis thaliana	Plants	478		0	False	2
Q7RTV3	Homo sapiens	Metazoa	350		0	False	4
Q9R155	Mus musculus	Metazoa	780		0	True	3
O82261	Arabidopsis thaliana	Plants	607		0	False	4
O97859	Bos taurus	Metazoa	428		0	False	3
Q9SYW8	Arabidopsis thaliana	Plants	257		0	False	4
Q60749	Mus musculus	Metazoa	443		0	False	1
Q8VC49	Mus musculus	Metazoa	283		0	False	4
Q9SFV2	Arabidopsis thaliana	Plants	320		0	False	5
P38140	Saccharomyces cerevisiae (strain ATCC 204508 / S288c)	Fungi	529		0	False	1
Q9EP97	Mus musculus	Metazoa	568		0	False	2
P07305	Homo sapiens	Metazoa	194		0	False	2
P06786	Saccharomyces cerevisiae (strain ATCC 204508 / S288c)	Fungi	1428		0	False	5
Q67ZB6	Arabidopsis thaliana	Plants	462		0	False	1
P22734	Rattus norvegicus	Metazoa	264		0	True	4
P31334	Saccharomyces cerevisiae (strain ATCC 204508 / S288c)	Fungi	269		0	False	5
P16522	Saccharomyces cerevisiae (strain ATCC 204508 / S288c)	Fungi	626		0	False	4
Q12509	Saccharomyces cerevisiae (strain ATCC 204508 / S288c)	Fungi	438		0	False	2
Q9I869	Xenopus laevis	Metazoa	651		0	False	2
Q9BSF8	Homo sapiens	Metazoa	475		0	False	1
Q5F4K8	Pinus pinaster	Plants	492		0	False	4
Q8VI64	Mus musculus	Metazoa	283		0	True	3
P33418	Saccharomyces cerevisiae (strain ATCC 204508 / S288c)	Fungi	1100		0	False	4
Q5KQI6	Oryza sativa subsp. japonica	Plants	254		0	False	5
Q923W1	Mus musculus	Metazoa	853		0	False	2
P16333	Homo sapiens	Metazoa	377		0	False	2
Q39055	Arabidopsis thaliana	Plants	390		0	False	2
A0A1S4FPC9	Aedes aegypti	Metazoa	3364		0	False	1
Q9NZI7	Homo sapiens	Metazoa	540		0	False	5
Q5NCM1	Mus musculus	Metazoa	492		0	False	4
Q9UQD0	Homo sapiens	Metazoa	1980		0	False	5
Q9VCC0	Drosophila melanogaster	Metazoa	354		0	False	4
O43812	Homo sapiens	Metazoa	170		0	False	4
Q14686	Homo sapiens	Metazoa	2063		0	False	1
Q9Y2T6	Homo sapiens	Metazoa	319		0	True	2
Q6WVG3	Mus musculus	Metazoa	327		0	False	1
Q7LDI9	Homo sapiens	Metazoa	666		0	False	2
Q6PGG6	Mus musculus	Metazoa	577		0	False	3
Q52KE7	Mus musculus	Metazoa	532		0	False	4
Q9H8H2	Homo sapiens	Metazoa	851		0	False	4
P40416	Saccharomyces cerevisiae (strain ATCC 204508 / S288c)	Fungi	690		0	False	4
Q9UA41	Dictyostelium discoideum	Other	174		0	False	2
A0A5F8MPU3	Mus musculus	Metazoa	2282		0	False	2
O08966	Mus musculus	Metazoa	556		0	True	3
Q8LEA8	Arabidopsis thaliana	Plants	336		0	False	5
P87889	Homo sapiens	Metazoa	666		0	False	3
P43558	Saccharomyces cerevisiae (strain ATCC 204508 / S288c)	Fungi	301		0	False	4
Q9LEF5	Zea mays	Plants	639		0	False	3
Q9UTR9	Schizosaccharomyces pombe (strain 972 / ATCC 24843)	Fungi	368		0	False	1
Q9Z0W5	Rattus norvegicus	Metazoa	441		0	False	4
Q9LW88	Arabidopsis thaliana	Plants	465		0	False	3
P61266	Homo sapiens	Metazoa	288		0	False	1
Q86UT6	Homo sapiens	Metazoa	975		0	False	3
Q9FNJ9	Arabidopsis thaliana	Plants	482		0	False	1
Q62924	Rattus norvegicus	Metazoa	1129		0	False	2
P70658	Mus musculus	Metazoa	359		0	True	3
P42226	Homo sapiens	Metazoa	847		0	False	2
Q8LFC0	Arabidopsis thaliana	Plants	367		0	False	5
P32354	Saccharomyces cerevisiae (strain ATCC 204508 / S288c)	Fungi	571		0	False	4
Q9NR21	Homo sapiens	Metazoa	338		0	False	3
Q9Y3F4	Homo sapiens	Metazoa	350		0	False	2
Q91VJ1	Mus musculus	Metazoa	354		0	False	5
Q13621	Homo sapiens	Metazoa	1099		0	False	2
P97473	Mus musculus	Metazoa	365		0	False	5
A0A509AQJ1	Plasmodium berghei (strain Anka)	Other	1340		0	False	5
Q99990	Homo sapiens	Metazoa	258		0	False	1
Q9LU10	Arabidopsis thaliana	Plants	448		0	False	4
Q8I1X7	Plasmodium falciparum (isolate 3D7)	Other	579		0	False	4
Q7X8R0	Oryza sativa subsp. japonica	Plants	464		0	False	4
O54781	Mus musculus	Metazoa	681		0	False	3
P05725	Chlamydomonas reinhardtii	Plants	163		0	False	5
Q96KK5	Homo sapiens	Metazoa	128		0	False	2
P30803	Canis lupus familiaris	Metazoa	1265		0	False	3
P0CC03	Mus musculus	Metazoa	303		0	False	1
Q9WV69	Mus musculus	Metazoa	405		0	False	1
Q9H0M0	Homo sapiens	Metazoa	922		0	False	3
P32626	Saccharomyces cerevisiae (strain ATCC 204508 / S288c)	Fungi	227		0	False	4
Q9CQ69	Mus musculus	Metazoa	82		0	True	4
P00072	Fagopyrum esculentum	Plants	111		0	False	4
Q8IUX1	Homo sapiens	Metazoa	230		0	True	3
F1QG30	Danio rerio	Metazoa	545		0	True	4
P00517	Bos taurus	Metazoa	351		0	False	4
Q86BY9	Drosophila melanogaster	Metazoa	1235		0	False	4
O74845	Schizosaccharomyces pombe (strain 972 / ATCC 24843)	Fungi	564		0	False	1
Q68CK6	Homo sapiens	Metazoa	577		0	False	3
Q6DFW0	Mus musculus	Metazoa	481		0	False	5
Q8WVC0	Homo sapiens	Metazoa	666		0	False	5
Q6NYC1	Homo sapiens	Metazoa	403		0	False	3
P42055	Solanum tuberosum	Plants	276		0	False	5
Q9LRB7	Oryza sativa subsp. japonica	Plants	325		0	True	3
P39108	Saccharomyces cerevisiae (strain ATCC 204508 / S288c)	Fungi	375		0	False	2
Q7SGE5	Neurospora crassa (strain ATCC 24698 / 74-OR23-1A / CBS 708.71 / DSM 1257 / FGSC 987)	Fungi	217		0	False	1
Q9V4P1	Drosophila melanogaster	Metazoa	1239		0	False	1
Q9NPI1	Homo sapiens	Metazoa	651		0	False	2
Q67XX3	Arabidopsis thaliana	Plants	502		0	False	5
H0YL14	Homo sapiens	Metazoa	139		0	True	1
Q9UM63	Homo sapiens	Metazoa	463		0	False	3
O75478	Homo sapiens	Metazoa	443		0	False	4
O60885	Homo sapiens	Metazoa	1362		0	False	3
Q9BUA3	Homo sapiens	Metazoa	381		0	False	4
P23965	Rattus norvegicus	Metazoa	289		0	False	3
P54841	Mus musculus	Metazoa	323		0	False	5
Q921C3	Mus musculus	Metazoa	2304		0	False	4
Q9UKY1	Homo sapiens	Metazoa	873		0	False	4
Q03220	Saccharomyces cerevisiae (strain ATCC 204508 / S288c)	Fungi	320		0	False	5
O13829	Schizosaccharomyces pombe (strain 972 / ATCC 24843)	Fungi	261		0	False	4
P97450	Mus musculus	Metazoa	108		0	False	4
Q96AP4	Homo sapiens	Metazoa	578		0	False	4
Q8K330	Mus musculus	Metazoa	649		0	False	5
Q99743	Homo sapiens	Metazoa	824		0	False	2
P12333	Spinacia oleracea	Plants	267		0	False	1
Q9M8S7	Arabidopsis thaliana	Plants	313		0	False	2
A0A2H1A5W4	Candidozyma auris	Fungi	679		0	False	2
Q9Z1P6	Mus musculus	Metazoa	113		0	False	3
Q94FZ9	Brassica campestris	Plants	327		0	False	2
Q50L36	Populus alba	Plants	595		0	False	1
Q0DRX6	Oryza sativa subsp. japonica	Plants	902		0	False	2
P21396	Rattus norvegicus	Metazoa	526		0	False	2
Q3MIE4	Rattus norvegicus	Metazoa	404		0	False	1
Q91VN1	Mus musculus	Metazoa	368		0	False	5
O49595	Arabidopsis thaliana	Plants	178		0	False	2
O14113	Schizosaccharomyces pombe (strain 972 / ATCC 24843)	Fungi	263		0	False	2
Q9LY99	Arabidopsis thaliana	Plants	249		0	True	4
O43058	Schizosaccharomyces pombe (strain 972 / ATCC 24843)	Fungi	663		0	False	1
Q7SD06	Neurospora crassa (strain ATCC 24698 / 74-OR23-1A / CBS 708.71 / DSM 1257 / FGSC 987)	Fungi	469		0	False	1
Q9ZR03	Arabidopsis thaliana	Plants	229		0	True	2
Q6P9B9	Homo sapiens	Metazoa	1019		0	False	2
Q05166	Saccharomyces cerevisiae (strain ATCC 204508 / S288c)	Fungi	528		0	False	3
O82734	Arabidopsis thaliana	Plants	324		0	False	4
Q05934	Saccharomyces cerevisiae (strain ATCC 204508 / S288c)	Fungi	901		0	False	1
Q9HBH1	Homo sapiens	Metazoa	243		0	False	5
O04951	Arabidopsis thaliana	Plants	307		0	False	2
Q09858	Schizosaccharomyces pombe (strain 972 / ATCC 24843)	Fungi	205		0	False	4
Q9Y6E7	Homo sapiens	Metazoa	314		0	False	5
Q9V6U9	Drosophila melanogaster	Metazoa	357		0	False	3
Q96B26	Homo sapiens	Metazoa	276		0	False	1
Q8VCX5	Mus musculus	Metazoa	477		0	False	1
G8B839	Candida parapsilosis (strain CDC 317 / ATCC MYA-4646)	Fungi	266		0	False	2
Q5QD04	Mus musculus	Metazoa	348		0	True	5
Q05648	Saccharomyces cerevisiae (strain ATCC 204508 / S288c)	Fungi	414		0	False	4
Q8C0X2	Mus musculus	Metazoa	565		0	False	2
Q96RG2	Homo sapiens	Metazoa	1323		0	False	5
P06509	Spinacia oleracea	Plants	272		0	False	1
Q8C624	Mus musculus	Metazoa	132		0	False	4
Q22100	Caenorhabditis elegans	Metazoa	407		0	False	4
P40079	Saccharomyces cerevisiae (strain ATCC 204508 / S288c)	Fungi	357		0	False	5
Q8JZU0	Mus musculus	Metazoa	352		0	False	4
Q15637	Homo sapiens	Metazoa	639		0	False	4
O43324	Homo sapiens	Metazoa	174		0	False	1
Q6P926	Mus musculus	Metazoa	205		0	False	2
Q06632	Saccharomyces cerevisiae (strain ATCC 204508 / S288c)	Fungi	1357		0	False	2
P46970	Saccharomyces cerevisiae (strain ATCC 204508 / S288c)	Fungi	1048		0	False	4
Q9DAQ9	Mus musculus	Metazoa	154		0	False	4
Q9NVU0	Homo sapiens	Metazoa	708		0	False	5
Q9N2I8	Bos taurus	Metazoa	511		0	False	1
Q8GY65	Arabidopsis thaliana	Plants	343		0	False	3
Q9QZL0	Mus musculus	Metazoa	486		0	False	5
P38705	Saccharomyces cerevisiae (strain ATCC 204508 / S288c)	Fungi	446		0	False	4
Q6A037	Mus musculus	Metazoa	893		0	False	4
O08878	Rattus norvegicus	Metazoa	375		0	True	3
Q7Z6G3	Homo sapiens	Metazoa	386		0	False	2
P62316	Homo sapiens	Metazoa	118		0	False	1
Q9M001	Arabidopsis thaliana	Plants	399		0	False	4
Q9WVC3	Mus musculus	Metazoa	162		0	False	1
Q9NZ71	Homo sapiens	Metazoa	1219		0	False	1
Q7ZTP2	Xenopus laevis	Metazoa	394		0	False	1
P36614	Schizosaccharomyces pombe (strain 972 / ATCC 24843)	Fungi	305		0	False	3
Q6K9N1	Oryza sativa subsp. japonica	Plants	463		0	False	3
P42866	Mus musculus	Metazoa	398		0	True	1
Q9BQ52	Homo sapiens	Metazoa	826		0	False	5
P54401	Entamoeba histolytica (strain ATCC 30459 / HM-1:IMSS / ABRM)	Other	452		0	False	3
P36525	Saccharomyces cerevisiae (strain ATCC 204508 / S288c)	Fungi	258		0	False	5
Q92207	Candida albicans (strain SC5314 / ATCC MYA-2876)	Fungi	377		0	False	4
Q8TD26	Homo sapiens	Metazoa	2715		0	False	2
P62304	Homo sapiens	Metazoa	92		0	False	1
O60755	Homo sapiens	Metazoa	368		0	True	1
Q8VDN2	Mus musculus	Metazoa	1023		0	False	2
A1Z9J4	Drosophila melanogaster	Metazoa	217		0	False	4
Q9Y5J3	Homo sapiens	Metazoa	304		0	False	4
O54697	Rattus norvegicus	Metazoa	745		0	True	5
Q9FNY0	Arabidopsis thaliana	Plants	485		0	False	1
P38193	Saccharomyces cerevisiae (strain ATCC 204508 / S288c)	Fungi	441		0	False	3
P00856	Saccharomyces cerevisiae (strain ATCC 204508 / S288c)	Fungi	48		0	True	5
Q12093	Saccharomyces cerevisiae (strain ATCC 204508 / S288c)	Fungi	417		0	False	3
Q13164	Homo sapiens	Metazoa	816		0	False	1
O74833	Schizosaccharomyces pombe (strain 972 / ATCC 24843)	Fungi	913		0	False	4
Q9HCU9	Homo sapiens	Metazoa	246		0	False	2
Q5XVF0	Arabidopsis thaliana	Plants	666		0	False	5
F4INA9	Arabidopsis thaliana	Plants	973		0	False	5
Q9LQI7	Arabidopsis thaliana	Plants	227		0	False	1
Q9I8A3	Xenopus laevis	Metazoa	294		0	False	5
Q9LHJ3	Arabidopsis thaliana	Plants	72		0	True	5
P36121	Saccharomyces cerevisiae (strain ATCC 204508 / S288c)	Fungi	282		0	False	4
Q9QZS8	Mus musculus	Metazoa	854		0	False	4
Q22227	Caenorhabditis elegans	Metazoa	672		0	False	3
Q922R5	Mus musculus	Metazoa	820		0	False	2
Q9UJX3	Homo sapiens	Metazoa	565		0	False	1
Q94ID3	Arabidopsis thaliana	Plants	357		0	False	5
Q10587	Homo sapiens	Metazoa	303		0	False	1
Q5VUA4	Homo sapiens	Metazoa	2279		0	False	1
Q804Q5	Danio rerio	Metazoa	430		0	False	3
Q8GSM3	Hordeum vulgare	Plants	932		0	False	2
O88667	Mus musculus	Metazoa	308		0	False	5
P52301	Xenopus laevis	Metazoa	216		0	False	3
Q15847	Homo sapiens	Metazoa	76		0	False	5
Q9HDW8	Schizosaccharomyces pombe (strain 972 / ATCC 24843)	Fungi	146		0	False	5
P51122	Bos taurus	Metazoa	249		0	False	3
P51140	Drosophila melanogaster	Metazoa	623		0	False	3
O59836	Schizosaccharomyces pombe (strain 972 / ATCC 24843)	Fungi	545		0	False	1
Q873E4	Neurospora crassa (strain ATCC 24698 / 74-OR23-1A / CBS 708.71 / DSM 1257 / FGSC 987)	Fungi	240		0	False	2
Q90Z72	Gallus gallus	Metazoa	458		0	False	3
Q12204	Saccharomyces cerevisiae (strain ATCC 204508 / S288c)	Fungi	715		0	False	1
P38210	Saccharomyces cerevisiae (strain ATCC 204508 / S288c)	Fungi	180		0	False	3
P02264	Oncorhynchus mykiss	Metazoa	128		0	False	4
Q949Q5	Arabidopsis thaliana	Plants	140		0	True	4
Q60636	Mus musculus	Metazoa	856		0	False	4
P54074	Saccharomyces cerevisiae (strain ATCC 204508 / S288c)	Fungi	624		0	True	1
Q7Z7C8	Homo sapiens	Metazoa	310		0	False	1
Q9SUP6	Arabidopsis thaliana	Plants	324		0	False	5
Q3KRC6	Rattus norvegicus	Metazoa	795		0	True	2
Q9JM15	Rattus norvegicus	Metazoa	485		0	True	5
Q9USZ6	Schizosaccharomyces pombe (strain 972 / ATCC 24843)	Fungi	241		0	False	1
Q9NRN9	Homo sapiens	Metazoa	209		0	False	2
P32335	Saccharomyces cerevisiae (strain ATCC 204508 / S288c)	Fungi	436		0	False	4
B8ARK7	Oryza sativa subsp. indica	Plants	483		0	False	4
Q0VG06	Homo sapiens	Metazoa	881		0	False	5
Q3E7Y6	Saccharomyces cerevisiae (strain ATCC 204508 / S288c)	Fungi	73		0	False	3
Q9M548	Arabidopsis thaliana	Plants	626		0	False	4
O43772	Homo sapiens	Metazoa	301		0	True	1
P00367	Homo sapiens	Metazoa	558		0	False	5
P47709	Rattus norvegicus	Metazoa	684		0	False	2
Q7TPV4	Mus musculus	Metazoa	1344		0	False	2
P07332	Homo sapiens	Metazoa	822		0	False	3
Q08357	Homo sapiens	Metazoa	652		0	True	2
Q80Z64	Mus musculus	Metazoa	305		0	False	2
O60313	Homo sapiens	Metazoa	960		0	False	3
P35062	Gallus gallus	Metazoa	129		0	False	2
Q96GN5	Homo sapiens	Metazoa	454		0	False	3
O13898	Schizosaccharomyces pombe (strain 972 / ATCC 24843)	Fungi	893		0	True	2
Q6IVV8	Danio rerio	Metazoa	904		0	False	1
Q39033	Arabidopsis thaliana	Plants	581		0	False	2
Q9FJN9	Arabidopsis thaliana	Plants	220		0	False	1
Q9ASS2	Arabidopsis thaliana	Plants	601		0	False	2
Q9USM4	Schizosaccharomyces pombe (strain 972 / ATCC 24843)	Fungi	264		0	False	3
Q15796	Homo sapiens	Metazoa	467		0	False	1
Q9SAF6	Arabidopsis thaliana	Plants	1128		0	False	2
Q8R4I4	Mus musculus	Metazoa	468		0	False	2
P09595	Spinacia oleracea	Plants	218		0	False	5
P47825	Drosophila melanogaster	Metazoa	921		0	False	5
P28776	Mus musculus	Metazoa	407		0	False	4
Q08421	Saccharomyces cerevisiae (strain ATCC 204508 / S288c)	Fungi	412		0	False	1
I1RC73	Gibberella zeae (strain ATCC MYA-4620 / CBS 123657 / FGSC 9075 / NRRL 31084 / PH-1)	Fungi	492		0	False	5
P35396	Mus musculus	Metazoa	440		0	False	2
P58295	Rattus norvegicus	Metazoa	799		0	False	3
P00300	Scenedesmus fuscus	Plants	98		0	False	4
Q9JJL3	Mus musculus	Metazoa	689		0	True	2
P02263	Gallus gallus	Metazoa	129		0	False	3
Q13177	Homo sapiens	Metazoa	524		0	False	2
Q9CZW6	Mus musculus	Metazoa	359		0	False	4
Q63707	Rattus norvegicus	Metazoa	395		0	True	4
P61092	Mus musculus	Metazoa	282		0	False	2
Q7RX40	Neurospora crassa (strain ATCC 24698 / 74-OR23-1A / CBS 708.71 / DSM 1257 / FGSC 987)	Fungi	158		0	False	1
P38782	Saccharomyces cerevisiae (strain ATCC 204508 / S288c)	Fungi	295		0	False	3
Q9LMN4	Arabidopsis thaliana	Plants	97		0	False	2
Q13418	Homo sapiens	Metazoa	452		0	False	3
P30757	Sipunculus nudus	Metazoa	123		0	False	5
P43286	Arabidopsis thaliana	Plants	287		0	True	1
Q91V14	Mus musculus	Metazoa	1138		0	False	5
P24343	Gallus gallus	Metazoa	266		0	False	2
Q9Y0B7	Dictyostelium discoideum	Other	305		0	False	4
Q57X81	Trypanosoma brucei brucei (strain 927/4 GUTat10.1)	Other	1077		0	False	2
Q60775	Mus musculus	Metazoa	612		0	False	5
Q717R9	Homo sapiens	Metazoa	158		0	False	3
Q6DE87	Xenopus laevis	Metazoa	474		0	False	4
Q9ES73	Rattus norvegicus	Metazoa	775		0	False	4
P24783	Saccharomyces cerevisiae (strain ATCC 204508 / S288c)	Fungi	546		0	False	4
P49207	Homo sapiens	Metazoa	117		0	False	5
Q5T9A4	Homo sapiens	Metazoa	648		0	False	1
P55263	Homo sapiens	Metazoa	362		0	False	2
P00257	Bos taurus	Metazoa	186		0	False	3
P46943	Saccharomyces cerevisiae (strain ATCC 204508 / S288c)	Fungi	645		0	False	5
Q06163	Saccharomyces cerevisiae (strain ATCC 204508 / S288c)	Fungi	884		0	False	4
Q5XK83	Xenopus laevis	Metazoa	858		0	False	2
P40090	Saccharomyces cerevisiae (strain ATCC 204508 / S288c)	Fungi	624		0	False	4
Q8IY37	Homo sapiens	Metazoa	1157		0	False	3
P28147	Arabidopsis thaliana	Plants	200		0	False	1
Q96C36	Homo sapiens	Metazoa	320		0	False	3
Q6NT76	Homo sapiens	Metazoa	420		0	False	4
P49334	Saccharomyces cerevisiae (strain ATCC 204508 / S288c)	Fungi	152		0	False	3
Q9BY77	Homo sapiens	Metazoa	421		0	False	2
P54657	Dictyostelium discoideum	Other	213		0	False	2
P25582	Saccharomyces cerevisiae (strain ATCC 204508 / S288c)	Fungi	841		0	False	2
O94956	Homo sapiens	Metazoa	709		0	True	5
P49454	Homo sapiens	Metazoa	3114		0	False	2
Q767K8	Sus scrofa	Metazoa	258		0	False	2
J9VF33	Cryptococcus neoformans var. grubii serotype A (strain H99 / ATCC 208821 / CBS 10515 / FGSC 9487)	Fungi	1408		0	False	1
Q9ULP9	Homo sapiens	Metazoa	559		0	False	2
P38482	Chlamydomonas reinhardtii	Plants	574		0	False	3
Q6IB77	Homo sapiens	Metazoa	296		0	False	3
P04143	Rattus norvegicus	Metazoa	150		0	False	2
Q99549	Homo sapiens	Metazoa	860		0	False	2
Q60953	Mus musculus	Metazoa	885		0	False	3
P38919	Homo sapiens	Metazoa	411		0	False	5
Q18616	Caenorhabditis elegans	Metazoa	537		0	False	1
Q9V460	Drosophila melanogaster	Metazoa	1078		0	False	2
P57744	Saccharomyces cerevisiae (strain ATCC 204508 / S288c)	Fungi	87		0	False	5
Q43386	Arabidopsis thaliana	Plants	204		0	False	3
Q14699	Homo sapiens	Metazoa	578		0	False	5
Q9NVI1	Homo sapiens	Metazoa	1328		0	False	4
Q09961	Caenorhabditis elegans	Metazoa	148		0	False	2
O14044	Schizosaccharomyces pombe (strain 972 / ATCC 24843)	Fungi	241		0	False	4
P42680	Homo sapiens	Metazoa	631		0	False	4
Q04863	Mus musculus	Metazoa	558		0	False	1
Q42512	Arabidopsis thaliana	Plants	139		0	False	1
Q69ZQ1	Mus musculus	Metazoa	716		0	True	1
Q96MG7	Homo sapiens	Metazoa	304		0	False	3
P42231	Ovis aries	Metazoa	794		0	False	3
Q9WTW5	Mus musculus	Metazoa	551		0	True	2
Q9STY4	Arabidopsis thaliana	Plants	599		0	False	5
Q9SF86	Arabidopsis thaliana	Plants	418		0	False	5
Q9Y6K1	Homo sapiens	Metazoa	912		0	False	5
Q9H221	Homo sapiens	Metazoa	673		0	False	3
Q6IPR1	Homo sapiens	Metazoa	90		0	False	5
Q9LVG4	Arabidopsis thaliana	Plants	495		0	False	4
Q09591	Caenorhabditis elegans	Metazoa	1244		0	False	5
Q9BZR9	Homo sapiens	Metazoa	551		0	False	2
P13574	Saccharomyces cerevisiae (strain ATCC 204508 / S288c)	Fungi	688		0	False	4
Q9M9V6	Arabidopsis thaliana	Plants	562		0	False	2
Q6T938	Danio rerio	Metazoa	355		0	False	4
G5EDE2	Caenorhabditis elegans	Metazoa	175		0	False	3
Q8R0N6	Mus musculus	Metazoa	465		0	False	2
P38777	Saccharomyces cerevisiae (strain ATCC 204508 / S288c)	Fungi	243		0	False	3
Q9UJ83	Homo sapiens	Metazoa	578		0	False	2
O75530	Homo sapiens	Metazoa	441		0	False	3
O13684	Schizosaccharomyces pombe (strain 972 / ATCC 24843)	Fungi	261		0	False	1
Q9NP98	Homo sapiens	Metazoa	299		0	False	5
Q8BG07	Mus musculus	Metazoa	503		0	True	3
Q9Z0J5	Rattus norvegicus	Metazoa	526		0	False	5
Q9T6H8	Arabidopsis thaliana	Plants	382		0	True	5
Q9XVS8	Caenorhabditis elegans	Metazoa	405		0	False	5
Q8IY57	Homo sapiens	Metazoa	180		0	False	3
Q9D074	Mus musculus	Metazoa	532		0	False	5
Q8WTT2	Homo sapiens	Metazoa	800		0	False	2
Q9NPG3	Homo sapiens	Metazoa	1134		0	False	4
Q5NCS9	Mus musculus	Metazoa	454		0	True	1
I3W9F7	Rhizophagus irregularis	Fungi	316		0	True	3
P35125	Homo sapiens	Metazoa	1406		0	False	3
Q04231	Saccharomyces cerevisiae (strain ATCC 204508 / S288c)	Fungi	177		0	False	1
P53920	Saccharomyces cerevisiae (strain ATCC 204508 / S288c)	Fungi	997		0	False	2
P62314	Homo sapiens	Metazoa	119		0	False	3
P00403	Homo sapiens	Metazoa	227		0	True	3
Q9CXW3	Mus musculus	Metazoa	229		0	False	2
Q8TD19	Homo sapiens	Metazoa	979		0	False	3
Q9H6R0	Homo sapiens	Metazoa	707		0	False	3
Q15477	Homo sapiens	Metazoa	1246		0	False	5
Q9XVS4	Caenorhabditis elegans	Metazoa	971		0	False	4
Q9ZQS5	Cyanidium caldarium	Other	154		0	False	5
P28159	Drosophila melanogaster	Metazoa	594		0	False	5
O49429	Arabidopsis thaliana	Plants	419		0	False	3
Q9Y530	Homo sapiens	Metazoa	152		0	False	4
Q8BJS4	Mus musculus	Metazoa	731		0	False	5
Q9UNN4	Homo sapiens	Metazoa	478		0	False	3
P08529	Zea mays	Plants	123		0	False	1
Q8R1S9	Mus musculus	Metazoa	547		0	False	1
P10771	Caenorhabditis elegans	Metazoa	208		0	False	1
P30302	Arabidopsis thaliana	Plants	285		0	True	2
Q08752	Homo sapiens	Metazoa	370		0	False	1
P02256	Parechinus angulosus	Metazoa	248		0	False	4
Q9FNI1	Arabidopsis thaliana	Plants	122		0	False	1
Q9LK29	Arabidopsis thaliana	Plants	307		0	False	3
P43252	Mus musculus	Metazoa	415		0	True	1
Q9XXK1	Caenorhabditis elegans	Metazoa	538		0	False	2
P32570	Saccharomyces cerevisiae (strain ATCC 204508 / S288c)	Fungi	121		0	False	3
Q940L4	Arabidopsis thaliana	Plants	649		0	False	2
P83526	Nicotiana tabacum	Plants	97		0	False	2
Q9UTQ8	Schizosaccharomyces pombe (strain 972 / ATCC 24843)	Fungi	339		0	False	2
O82796	Arabidopsis thaliana	Plants	295		0	False	3
Q9LPV5	Arabidopsis thaliana	Plants	502		0	True	1
P38816	Saccharomyces cerevisiae (strain ATCC 204508 / S288c)	Fungi	342		0	False	1
Q1W6H9	Homo sapiens	Metazoa	321		0	False	4
Q944G9	Arabidopsis thaliana	Plants	398		0	False	5
Q1K6P0	Neurospora crassa (strain ATCC 24698 / 74-OR23-1A / CBS 708.71 / DSM 1257 / FGSC 987)	Fungi	352		0	False	5
Q7SG49	Neurospora crassa (strain ATCC 24698 / 74-OR23-1A / CBS 708.71 / DSM 1257 / FGSC 987)	Fungi	414		0	False	5
O60094	Schizosaccharomyces pombe (strain 972 / ATCC 24843)	Fungi	959		0	False	4
O94621	Schizosaccharomyces pombe (strain 972 / ATCC 24843)	Fungi	365		0	False	5
Q6ATB4	Oryza sativa subsp. japonica	Plants	583		0	False	5
Q8BMD2	Mus musculus	Metazoa	852		0	False	1
Q05635	Saccharomyces cerevisiae (strain ATCC 204508 / S288c)	Fungi	350		0	False	4
Q8LB02	Arabidopsis thaliana	Plants	280		0	False	2
Q9QZ85	Mus musculus	Metazoa	413		0	False	3
O74808	Schizosaccharomyces pombe (strain 972 / ATCC 24843)	Fungi	1238		0	False	3
Q9BYC8	Homo sapiens	Metazoa	188		0	False	3
P09016	Homo sapiens	Metazoa	255		0	False	3
Q96G91	Homo sapiens	Metazoa	374		0	True	4
Q7RYL4	Neurospora crassa (strain ATCC 24698 / 74-OR23-1A / CBS 708.71 / DSM 1257 / FGSC 987)	Fungi	268		0	False	4
P92949	Arabidopsis thaliana	Plants	725		0	True	2
Q9C7A2	Arabidopsis thaliana	Plants	590		0	False	2
Q8NDX1	Homo sapiens	Metazoa	1056		0	False	2
P09086	Homo sapiens	Metazoa	479		0	False	3
P22216	Saccharomyces cerevisiae (strain ATCC 204508 / S288c)	Fungi	821		0	False	2
P70210	Mus musculus	Metazoa	439		0	False	1
C4M1E4	Entamoeba histolytica (strain ATCC 30459 / HM-1:IMSS / ABRM)	Other	1153		0	False	4
Q9D385	Mus musculus	Metazoa	163		0	False	1
P38812	Saccharomyces cerevisiae (strain ATCC 204508 / S288c)	Fungi	185		0	False	2
P14284	Saccharomyces cerevisiae (strain ATCC 204508 / S288c)	Fungi	1504		0	False	4
O64759	Arabidopsis thaliana	Plants	569		0	True	4
P06239	Homo sapiens	Metazoa	509		0	False	4
P37234	Xenopus laevis	Metazoa	477		0	False	1
Q93V85	Arabidopsis thaliana	Plants	417		0	False	5
Q00381	Saccharomyces cerevisiae (strain ATCC 204508 / S288c)	Fungi	147		0	False	3
Q8H1D6	Arabidopsis thaliana	Plants	467		0	False	2
Q9UKL3	Homo sapiens	Metazoa	1982		0	False	2
Q7Z403	Homo sapiens	Metazoa	805		0	False	5
Q91Y77	Rattus norvegicus	Metazoa	514		0	True	1
P78811	Schizosaccharomyces pombe (strain 972 / ATCC 24843)	Fungi	506		0	False	5
Q9NRY7	Homo sapiens	Metazoa	297		0	False	3
Q9LYE4	Arabidopsis thaliana	Plants	344		0	False	3
O35942	Mus musculus	Metazoa	443		0	False	2
Q96N77	Homo sapiens	Metazoa	438		0	False	2
P82715	Arabidopsis thaliana	Plants	297		0	False	4
O04294	Arabidopsis thaliana	Plants	531		0	False	4
Q0JA81	Oryza sativa subsp. japonica	Plants	819		0	False	1
P04117	Mus musculus	Metazoa	132		0	False	4
Q16774	Homo sapiens	Metazoa	197		0	False	4
P53294	Saccharomyces cerevisiae (strain ATCC 204508 / S288c)	Fungi	404		0	False	2
Q8NDL9	Homo sapiens	Metazoa	886		0	False	3
P10790	Bos taurus	Metazoa	133		0	False	4
Q5SWZ9	Mus musculus	Metazoa	221		0	True	3
Q13490	Homo sapiens	Metazoa	618		0	False	5
Q8WVM0	Homo sapiens	Metazoa	346		0	False	1
Q00899	Mus musculus	Metazoa	414		0	False	3
Q80XF7	Rattus norvegicus	Metazoa	440		0	True	4
Q96DY5	Mus musculus	Metazoa	654		0	False	4
Q8RWS4	Arabidopsis thaliana	Plants	444		0	False	2
Q8W117	Arabidopsis thaliana	Plants	511		0	False	5
Q8IMZ9	Drosophila melanogaster	Metazoa	853		0	False	4
Q98867	Danio rerio	Metazoa	427		0	False	5
H1AFJ5	Neoceratodus forsteri	Metazoa	655		0	True	3
Q6PI79	Xenopus laevis	Metazoa	136		0	False	1
Q84JU4	Arabidopsis thaliana	Plants	257		0	False	2
P93025	Arabidopsis thaliana	Plants	915		0	False	1
Q9P3B2	Schizosaccharomyces pombe (strain 972 / ATCC 24843)	Fungi	242		0	True	4
Q9Y825	Schizosaccharomyces pombe (strain 972 / ATCC 24843)	Fungi	408		0	False	4
Q95NM6	Caenorhabditis elegans	Metazoa	308		0	False	3
Q9Y091	Drosophila melanogaster	Metazoa	536		0	False	4
P0DW10	Neurospora crassa	Fungi	244		0	False	4
Q9NVD3	Homo sapiens	Metazoa	440		0	False	2
Q9Y692	Homo sapiens	Metazoa	573		0	False	1
P38937	Schizosaccharomyces pombe (strain 972 / ATCC 24843)	Fungi	262		0	False	4
P40417	Drosophila melanogaster	Metazoa	376		0	False	3
P38915	Saccharomyces cerevisiae (strain ATCC 204508 / S288c)	Fungi	602		0	False	4
Q6RX08	Oryctolagus cuniculus	Metazoa	842		0	False	4
P38292	Saccharomyces cerevisiae (strain ATCC 204508 / S288c)	Fungi	413		0	True	3
Q9JK95	Mus musculus	Metazoa	193		0	True	3
O22137	Arabidopsis thaliana	Plants	613		0	False	2
P38910	Saccharomyces cerevisiae (strain ATCC 204508 / S288c)	Fungi	106		0	False	3
Q22812	Caenorhabditis elegans	Metazoa	399		0	False	1
P19956	Saccharomyces cerevisiae (strain ATCC 204508 / S288c)	Fungi	98		0	False	2
Q9UHP7	Homo sapiens	Metazoa	191		0	True	4
P39023	Homo sapiens	Metazoa	403		0	False	2
P06267	Marchantia polymorpha	Plants	289		0	False	1
Q86SG2	Homo sapiens	Metazoa	305		0	False	1
Q10146	Schizosaccharomyces pombe (strain 972 / ATCC 24843)	Fungi	777		0	False	1
P40028	Saccharomyces cerevisiae (strain ATCC 204508 / S288c)	Fungi	759		0	False	5
B3EWF7	Homo sapiens	Metazoa	344		0	False	5
Q6ZMI3	Homo sapiens	Metazoa	551		0	True	2
Q28756	Ovis aries	Metazoa	391		0	True	1
Q13232	Homo sapiens	Metazoa	169		0	False	2
P22061	Homo sapiens	Metazoa	227		0	False	2
P50591	Homo sapiens	Metazoa	281		0	True	2
Q9HC36	Homo sapiens	Metazoa	420		0	False	2
Q9FJH5	Arabidopsis thaliana	Plants	283		0	False	2
Q8GSJ6	Arabidopsis thaliana	Plants	154		0	True	2
Q61502	Mus musculus	Metazoa	335		0	False	5
Q9M065	Arabidopsis thaliana	Plants	412		0	False	1
P41241	Mus musculus	Metazoa	450		0	False	1
O60516	Homo sapiens	Metazoa	100		0	False	3
P48547	Homo sapiens	Metazoa	511		0	False	4
P82129	Spinacia oleracea	Plants	155		0	False	5
P14206	Mus musculus	Metazoa	295		0	False	3
Q9QZA2	Rattus norvegicus	Metazoa	873		0	False	3
Q9FLY0	Arabidopsis thaliana	Plants	325		0	False	5
O94316	Schizosaccharomyces pombe (strain 972 / ATCC 24843)	Fungi	984		0	False	5
P38925	Saccharomyces cerevisiae (strain ATCC 204508 / S288c)	Fungi	575		0	True	1
P56559	Homo sapiens	Metazoa	192		0	False	2
Q9HCJ1	Homo sapiens	Metazoa	492		0	True	3
P42777	Arabidopsis thaliana	Plants	270		0	False	5
Q63623	Rattus norvegicus	Metazoa	1268		0	False	4
Q9D5T7	Mus musculus	Metazoa	392		0	False	2
Q03020	Saccharomyces cerevisiae (strain ATCC 204508 / S288c)	Fungi	165		0	False	5
Q8H0U8	Arabidopsis thaliana	Plants	1166		0	False	4
Q3KRE0	Rattus norvegicus	Metazoa	591		0	False	1
E2RTQ7	Giardia intestinalis (strain ATCC 50803 / WB clone C6)	Other	311		0	False	3
P29056	Saccharomyces cerevisiae (strain ATCC 204508 / S288c)	Fungi	596		0	False	3
Q23175	Caenorhabditis elegans	Metazoa	439		0	False	1
Q9USX4	Schizosaccharomyces pombe (strain 972 / ATCC 24843)	Fungi	108		0	False	1
Q02771	Saccharomyces cerevisiae (strain ATCC 204508 / S288c)	Fungi	107		0	False	4
Q9LNW3	Arabidopsis thaliana	Plants	442		0	False	1
Q84MC2	Arabidopsis thaliana	Plants	216		0	False	2
P42124	Drosophila melanogaster	Metazoa	760		0	False	1
P49687	Saccharomyces cerevisiae (strain ATCC 204508 / S288c)	Fungi	1317		0	False	3
Q8TBZ6	Homo sapiens	Metazoa	339		0	False	1
Q62826	Rattus norvegicus	Metazoa	690		0	False	4
Q5XJY4	Mus musculus	Metazoa	377		0	False	5
Q9Y5B8	Homo sapiens	Metazoa	376		0	False	5
F1PTE3	Canis lupus familiaris	Metazoa	203		0	False	1
P41227	Homo sapiens	Metazoa	235		0	False	2
P34802	Arabidopsis thaliana	Plants	371		0	False	4
Q9W1H4	Drosophila melanogaster	Metazoa	747		0	False	2
Q6NUA1	Xenopus laevis	Metazoa	633		0	False	2
P70281	Mus musculus	Metazoa	254		0	False	5
P48360	Saccharomyces cerevisiae (strain ATCC 204508 / S288c)	Fungi	493		0	False	2
Q9GZZ9	Homo sapiens	Metazoa	404		0	False	2
Q810S1	Mus musculus	Metazoa	345		0	False	3
P09024	Mus musculus	Metazoa	217		0	False	1
P52952	Homo sapiens	Metazoa	324		0	False	4
P0CG13	Homo sapiens	Metazoa	121		0	False	4
Q8GZB6	Arabidopsis thaliana	Plants	624		0	False	1
O75431	Homo sapiens	Metazoa	263		0	False	2
Q3E764	Saccharomyces cerevisiae (strain ATCC 204508 / S288c)	Fungi	64		0	False	5
O43822	Homo sapiens	Metazoa	256		0	False	5
Q01538	Homo sapiens	Metazoa	1121		0	False	3
P40099	Saccharomyces cerevisiae (strain ATCC 204508 / S288c)	Fungi	211		0	False	4
Q6ZRQ5	Homo sapiens	Metazoa	1243		0	False	3
O94812	Homo sapiens	Metazoa	1187		0	False	3
P17275	Homo sapiens	Metazoa	347		0	False	5
P31943	Homo sapiens	Metazoa	449		0	False	3
Q9NZM1	Homo sapiens	Metazoa	2061		0	False	4
P49364	Pisum sativum	Plants	408		0	False	3
Q9NV31	Homo sapiens	Metazoa	184		0	False	4
Q9FLI7	Arabidopsis thaliana	Plants	108		0	False	4
Q15382	Homo sapiens	Metazoa	184		0	False	3
P53203	Saccharomyces cerevisiae (strain ATCC 204508 / S288c)	Fungi	462		0	False	2
B3H615	Arabidopsis thaliana	Plants	262		0	False	4
Q9S9W2	Arabidopsis thaliana	Plants	254		0	False	2
Q93008	Homo sapiens	Metazoa	2554		0	False	4
Q8K211	Mus musculus	Metazoa	196		0	True	1
P32480	Saccharomyces cerevisiae (strain ATCC 204508 / S288c)	Fungi	875		0	False	5
P97438	Mus musculus	Metazoa	426		0	True	5
O13988	Schizosaccharomyces pombe (strain 972 / ATCC 24843)	Fungi	555		0	False	1
Q8NBV4	Homo sapiens	Metazoa	271		0	False	1
Q94131	Caenorhabditis elegans	Metazoa	335		0	False	5
P02831	Mus musculus	Metazoa	443		0	False	1
Q06510	Saccharomyces cerevisiae (strain ATCC 204508 / S288c)	Fungi	381		0	False	5
Q91X56	Mus musculus	Metazoa	400		0	True	3
Q62520	Mus musculus	Metazoa	530		0	False	5
P54136	Homo sapiens	Metazoa	660		0	False	3
Q9CQ70	Mus musculus	Metazoa	111		0	False	2
Q8AWF4	Xenopus laevis	Metazoa	462		0	False	4
Q04748	Saccharomyces cerevisiae (strain ATCC 204508 / S288c)	Fungi	898		0	False	4
P10175	Bos taurus	Metazoa	70		0	True	4
Q96QV6	Homo sapiens	Metazoa	131		0	False	1
Q12165	Saccharomyces cerevisiae (strain ATCC 204508 / S288c)	Fungi	160		0	False	2
O55035	Rattus norvegicus	Metazoa	752		0	False	1
Q8R500	Rattus norvegicus	Metazoa	757		0	False	4
P09922	Mus musculus	Metazoa	631		0	False	3
Q03413	Xenopus laevis	Metazoa	498		0	False	5
Q96E35	Homo sapiens	Metazoa	227		0	False	1
P0C0W9	Saccharomyces cerevisiae (strain ATCC 204508 / S288c)	Fungi	174		0	False	1
Q9R080	Rattus norvegicus	Metazoa	673		0	False	2
A4FUC0	Bos taurus	Metazoa	423		0	False	4
O82204	Arabidopsis thaliana	Plants	143		0	False	2
Q9H2Y9	Homo sapiens	Metazoa	848		0	False	4
P47041	Saccharomyces cerevisiae (strain ATCC 204508 / S288c)	Fungi	543		0	False	5
Q6VAK4	Oryza sativa subsp. japonica	Plants	149		0	False	1
Q9HCC8	Homo sapiens	Metazoa	539		0	True	3
Q7S2C2	Neurospora crassa (strain ATCC 24698 / 74-OR23-1A / CBS 708.71 / DSM 1257 / FGSC 987)	Fungi	119		0	False	5
P30657	Saccharomyces cerevisiae (strain ATCC 204508 / S288c)	Fungi	266		0	False	1
S0DQI7	Gibberella fujikuroi (strain CBS 195.34 / IMI 58289 / NRRL A-6831)	Fungi	316		0	False	1
Q96ST3	Homo sapiens	Metazoa	1273		0	False	3
Q9C0N3	Neurospora crassa (strain ATCC 24698 / 74-OR23-1A / CBS 708.71 / DSM 1257 / FGSC 987)	Fungi	90		0	False	4
Q9DC04	Mus musculus	Metazoa	966		0	False	1
Q6DID3	Mus musculus	Metazoa	1268		0	False	3
Q9H5P4	Homo sapiens	Metazoa	1033		0	False	4
P38859	Saccharomyces cerevisiae (strain ATCC 204508 / S288c)	Fungi	1522		0	False	5
O96006	Homo sapiens	Metazoa	694		0	False	3
Q62768	Rattus norvegicus	Metazoa	1735		0	False	1
Q80XL6	Mus musculus	Metazoa	779		0	False	5
O14246	Schizosaccharomyces pombe (strain 972 / ATCC 24843)	Fungi	508		0	False	2
Q9VJN5	Drosophila melanogaster	Metazoa	470		0	False	1
Q63276	Rattus norvegicus	Metazoa	420		0	False	5
O02351	Antheraea polyphemus	Metazoa	525		0	True	3
P40693	Saccharomyces cerevisiae (strain ATCC 204508 / S288c)	Fungi	322		0	False	5
P00390	Homo sapiens	Metazoa	522		0	False	5
O88904	Mus musculus	Metazoa	1210		0	False	4
Q9H1D0	Homo sapiens	Metazoa	765		0	False	3
Q15751	Homo sapiens	Metazoa	4861		0	False	2
O88597	Mus musculus	Metazoa	448		0	False	3
Q0VGM9	Mus musculus	Metazoa	1203		0	False	3
P17067	Pisum sativum	Plants	328		0	False	5
Q9Z130	Mus musculus	Metazoa	301		0	False	1
Q38874	Arabidopsis thaliana	Plants	382		0	False	5
Q9UP65	Homo sapiens	Metazoa	541		0	False	3
Q9M0A7	Arabidopsis thaliana	Plants	250		0	False	2
Q9USY8	Schizosaccharomyces pombe (strain 972 / ATCC 24843)	Fungi	166		0	False	1
P63000	Homo sapiens	Metazoa	192		0	False	1
O35491	Mus musculus	Metazoa	499		0	False	3
Q05045	Cucurbita maxima	Plants	575		0	False	3
Q6P7B7	Rattus norvegicus	Metazoa	404		0	True	5
Q16539	Homo sapiens	Metazoa	360		0	False	1
P48432	Mus musculus	Metazoa	319		0	False	4
Q9VPY0	Drosophila melanogaster	Metazoa	587		0	False	5
O55081	Rattus norvegicus	Metazoa	1135		0	False	2
Q8BZF8	Mus musculus	Metazoa	567		0	False	3
Q03555	Rattus norvegicus	Metazoa	768		0	False	4
O49929	Pisum sativum	Plants	213		0	True	1
Q9FFS4	Arabidopsis thaliana	Plants	101		0	False	3
P38983	Rattus norvegicus	Metazoa	295		0	False	5
O14227	Schizosaccharomyces pombe (strain 972 / ATCC 24843)	Fungi	1215		0	False	1
Q14137	Homo sapiens	Metazoa	746		0	False	4
P07910	Homo sapiens	Metazoa	306		0	False	2
P92507	Ascaris suum	Metazoa	156		0	True	2
P42792	Arabidopsis thaliana	Plants	393		0	True	3
O88561	Mus musculus	Metazoa	667		0	True	4
Q62296	Mus musculus	Metazoa	427		0	False	1
Q9LHE5	Arabidopsis thaliana	Plants	309		0	False	1
Q8C4V4	Mus musculus	Metazoa	428		0	False	1
Q23973	Drosophila melanogaster	Metazoa	217		0	False	4
Q2HJF1	Bos taurus	Metazoa	112		0	False	4
Q07418	Saccharomyces cerevisiae (strain ATCC 204508 / S288c)	Fungi	342		0	False	3
Q12374	Saccharomyces cerevisiae (strain ATCC 204508 / S288c)	Fungi	616		0	False	3
P04797	Rattus norvegicus	Metazoa	333		0	False	2
P06536	Rattus norvegicus	Metazoa	795		0	False	4
Q9HCI7	Homo sapiens	Metazoa	577		0	False	1
A0A2I0C2C6	Plasmodium falciparum (isolate NF54)	Other	3078		0	False	2
Q8WXI4	Homo sapiens	Metazoa	607		0	False	5
Q09013	Homo sapiens	Metazoa	629		0	False	5
C0HKE2	Mus musculus	Metazoa	130		0	False	2
P02292	Parechinus angulosus	Metazoa	149		0	False	4
O94864	Homo sapiens	Metazoa	414		0	False	3
Q02892	Saccharomyces cerevisiae (strain ATCC 204508 / S288c)	Fungi	647		0	False	1
Q6NVF4	Mus musculus	Metazoa	1074		0	False	5
Q91YT0	Mus musculus	Metazoa	464		0	False	2
P34077	Saccharomyces cerevisiae (strain ATCC 204508 / S288c)	Fungi	839		0	False	1
Q09228	Caenorhabditis elegans	Metazoa	1129		0	False	5
Q9NQ92	Homo sapiens	Metazoa	184		0	False	3
P28359	Mus musculus	Metazoa	340		0	False	4
Q08686	Saccharomyces cerevisiae (strain ATCC 204508 / S288c)	Fungi	304		0	False	3
Q9WUF3	Mus musculus	Metazoa	1962		0	False	3
Q9LFA3	Arabidopsis thaliana	Plants	434		0	False	2
Q9CQ86	Mus musculus	Metazoa	115		0	False	2
Q9UHB7	Homo sapiens	Metazoa	1163		0	False	1
Q6QN14	Homo sapiens	Metazoa	398		0	False	1
P24785	Drosophila melanogaster	Metazoa	1293		0	False	3
O24527	Arabidopsis thaliana	Plants	836		0	False	2
P40283	Arabidopsis thaliana	Plants	150		0	False	4
Q9FGS0	Arabidopsis thaliana	Plants	289		0	False	2
P47076	Saccharomyces cerevisiae (strain ATCC 204508 / S288c)	Fungi	161		0	False	1
Q7Z739	Homo sapiens	Metazoa	585		0	False	2
Q8L866	Arabidopsis thaliana	Plants	776		0	False	5
Q07837	Homo sapiens	Metazoa	685		0	True	1
P32489	Saccharomyces cerevisiae (strain ATCC 204508 / S288c)	Fungi	222		0	False	4
P07527	Schizosaccharomyces pombe (strain 972 / ATCC 24843)	Fungi	877		0	False	4
Q7Z7F0	Homo sapiens	Metazoa	614		0	False	3
Q9NXA8	Homo sapiens	Metazoa	310		0	False	2
Q95XZ5	Caenorhabditis elegans	Metazoa	2176		0	False	2
Q641G7	Xenopus laevis	Metazoa	168		0	False	5
A8MUP2	Homo sapiens	Metazoa	240		0	False	3
P37230	Rattus norvegicus	Metazoa	468		0	False	3
O76360	Caenorhabditis elegans	Metazoa	780		0	False	5
Q9JJP2	Mus musculus	Metazoa	631		0	False	3
A6H8H2	Mus musculus	Metazoa	1906		0	False	2
Q96CM3	Homo sapiens	Metazoa	377		0	False	2
I6PL68	Oryza sativa subsp. japonica	Plants	303		0	False	4
O35943	Mus musculus	Metazoa	207		0	False	1
Q03388	Saccharomyces cerevisiae (strain ATCC 204508 / S288c)	Fungi	795		0	False	2
P60323	Homo sapiens	Metazoa	173		0	False	3
P04177	Rattus norvegicus	Metazoa	498		0	False	3
Q62868	Rattus norvegicus	Metazoa	1388		0	False	5
Q63666	Rattus norvegicus	Metazoa	118		0	False	3
Q13535	Homo sapiens	Metazoa	2644		0	False	5
P06906	Pan troglodytes	Metazoa	171		0	False	2
Q0VD32	Bos taurus	Metazoa	120		0	False	1
P52488	Saccharomyces cerevisiae (strain ATCC 204508 / S288c)	Fungi	636		0	False	4
Q9NTK5	Homo sapiens	Metazoa	396		0	False	4
Q6UN15	Homo sapiens	Metazoa	594		0	False	3
Q9W2I4	Drosophila melanogaster	Metazoa	289		0	False	2
Q9FRV4	Arabidopsis thaliana	Plants	310		0	False	4
Q9ZVC2	Arabidopsis thaliana	Plants	491		0	False	1
Q9Y2S7	Homo sapiens	Metazoa	368		0	False	5
Q12099	Saccharomyces cerevisiae (strain ATCC 204508 / S288c)	Fungi	399		0	False	2
Q8N2F6	Homo sapiens	Metazoa	343		0	True	3
Q00788	Rattus norvegicus	Metazoa	371		0	True	1
P93024	Arabidopsis thaliana	Plants	902		0	False	4
P32771	Saccharomyces cerevisiae (strain ATCC 204508 / S288c)	Fungi	386		0	False	4
P51681	Homo sapiens	Metazoa	352		0	True	5
Q6AYR9	Rattus norvegicus	Metazoa	241		0	True	4
P49815	Homo sapiens	Metazoa	1807		0	False	4
Q9C598	Arabidopsis thaliana	Plants	283		0	False	5
Q20748	Caenorhabditis elegans	Metazoa	595		0	False	4
Q9VIW3	Drosophila melanogaster	Metazoa	596		0	False	5
P08510	Drosophila melanogaster	Metazoa	655		0	False	1
Q8I615	Plasmodium falciparum (isolate 3D7)	Other	1189		0	False	1
Q03750	Saccharomyces cerevisiae (strain ATCC 204508 / S288c)	Fungi	510		0	False	1
P30956	Nicotiana tabacum	Plants	151		0	False	3
Q9LG26	Arabidopsis thaliana	Plants	689		0	False	1
Q8H157	Arabidopsis thaliana	Plants	585		0	True	5
O22920	Arabidopsis thaliana	Plants	831		0	True	4
Q9BZL6	Homo sapiens	Metazoa	878		0	False	1
Q24169	Drosophila melanogaster	Metazoa	460		0	False	4
Q9NWT1	Homo sapiens	Metazoa	392		0	False	2
Q9NQZ2	Homo sapiens	Metazoa	479		0	False	3
Q9NR56	Homo sapiens	Metazoa	388		0	False	2
Q2PS26	Arabidopsis thaliana	Plants	584		0	False	1
Q19555	Caenorhabditis elegans	Metazoa	1096		0	False	1
P46422	Arabidopsis thaliana	Plants	212		0	False	4
P40528	Saccharomyces cerevisiae (strain ATCC 204508 / S288c)	Fungi	902		0	False	3
Q9UK76	Homo sapiens	Metazoa	154		0	False	2
Q1MTN3	Schizosaccharomyces pombe (strain 972 / ATCC 24843)	Fungi	1018		0	False	2
Q9UMR7	Homo sapiens	Metazoa	237		0	True	4
Q24174	Drosophila melanogaster	Metazoa	904		0	False	4
Q2HJJ1	Bos taurus	Metazoa	256		0	False	5
P38935	Homo sapiens	Metazoa	993		0	False	5
Q9Y388	Homo sapiens	Metazoa	322		0	False	1
Q8TCY5	Homo sapiens	Metazoa	172		0	True	1
Q68FY1	Rattus norvegicus	Metazoa	325		0	False	4
L7N1X6	Mus musculus	Metazoa	466		0	False	5
P47817	Xenopus laevis	Metazoa	555		0	False	5
Q9Y221	Homo sapiens	Metazoa	180		0	False	1
P90551	Leishmania mexicana	Other	366		0	False	1
P42230	Mus musculus	Metazoa	793		0	False	1
Q9W603	Xenopus laevis	Metazoa	1035		0	False	2
Q9Y5I7	Homo sapiens	Metazoa	235		0	True	3
P22813	Drosophila melanogaster	Metazoa	691		0	False	1
Q9Y6M1	Homo sapiens	Metazoa	599		0	False	5
P29692	Homo sapiens	Metazoa	281		0	False	1
P35632	Arabidopsis thaliana	Plants	232		0	False	1
Q8N5P1	Homo sapiens	Metazoa	291		0	False	1
Q8C0T9	Mus musculus	Metazoa	1614		0	False	4
Q9Z0D9	Mus musculus	Metazoa	354		0	True	4
O76324	Drosophila melanogaster	Metazoa	440		0	False	1
P32892	Saccharomyces cerevisiae (strain ATCC 204508 / S288c)	Fungi	752		0	False	5
Q04779	Saccharomyces cerevisiae (strain ATCC 204508 / S288c)	Fungi	684		0	False	4
A6NJ78	Homo sapiens	Metazoa	407		0	False	4
O74828	Schizosaccharomyces pombe (strain 972 / ATCC 24843)	Fungi	682		0	False	2
P62483	Rattus norvegicus	Metazoa	367		0	False	1
F4JS25	Arabidopsis thaliana	Plants	1052		0	False	3
Q147X3	Homo sapiens	Metazoa	362		0	False	2
P16455	Homo sapiens	Metazoa	207		0	False	1
O74966	Schizosaccharomyces pombe (strain 972 / ATCC 24843)	Fungi	77		0	False	2
Q9Y3D6	Homo sapiens	Metazoa	152		0	False	5
P34568	Caenorhabditis elegans	Metazoa	451		0	False	1
Q8GZU0	Catharanthus roseus	Plants	443		0	False	5
Q5T7W0	Homo sapiens	Metazoa	954		0	False	4
P30550	Homo sapiens	Metazoa	384		0	True	1
Q9JJD0	Mus musculus	Metazoa	305		0	False	3
Q9SR77	Arabidopsis thaliana	Plants	309		0	False	5
O17850	Caenorhabditis elegans	Metazoa	317		0	False	5
Q8IVI9	Homo sapiens	Metazoa	506		0	False	3
Q8I6Z7	Plasmodium falciparum (isolate 3D7)	Other	1139		0	False	3
P20609	Dictyostelium discoideum	Other	53		0	False	2
Q920Q3	Rattus norvegicus	Metazoa	154		0	False	3
P62979	Homo sapiens	Metazoa	156		0	False	4
Q01649	Saccharomyces cerevisiae (strain ATCC 204508 / S288c)	Fungi	594		0	False	2
O48533	Arabidopsis thaliana	Plants	259		0	False	3
Q9GZN2	Homo sapiens	Metazoa	237		0	False	2
O95721	Homo sapiens	Metazoa	258		0	False	5
Q9NRI5	Homo sapiens	Metazoa	854		0	False	1
Q9Y5A9	Homo sapiens	Metazoa	579		0	False	3
Q9HBU9	Homo sapiens	Metazoa	364		0	True	1
Q9VAB8	Drosophila melanogaster	Metazoa	457		0	False	1
Q53KW9	Oryza sativa subsp. japonica	Plants	803		0	False	1
Q9C0Z9	Schizosaccharomyces pombe (strain 972 / ATCC 24843)	Fungi	129		0	False	4
P18431	Drosophila melanogaster	Metazoa	514		0	False	4
P17481	Homo sapiens	Metazoa	243		0	False	2
O60381	Homo sapiens	Metazoa	514		0	False	5
Q9LEW0	Arabidopsis thaliana	Plants	557		0	False	2
Q04636	Saccharomyces cerevisiae (strain ATCC 204508 / S288c)	Fungi	552		0	False	2
Q8GWR1	Arabidopsis thaliana	Plants	447		0	False	4
Q8N9N8	Homo sapiens	Metazoa	165		0	False	2
Q02637	Drosophila melanogaster	Metazoa	449		0	False	1
P04670	Glycine max	Plants	309		0	False	5
Q99K23	Mus musculus	Metazoa	461		0	False	1
O09053	Mus musculus	Metazoa	1401		0	False	4
P52174	Bos taurus	Metazoa	152		0	False	5
Q63089	Rattus norvegicus	Metazoa	556		0	True	4
O43364	Homo sapiens	Metazoa	376		0	False	5
Q9WTN3	Mus musculus	Metazoa	1134		0	False	1
Q9SMS0	Arabidopsis thaliana	Plants	249		0	False	1
P46310	Arabidopsis thaliana	Plants	446		0	False	5
Q9FGM0	Arabidopsis thaliana	Plants	806		0	False	3
Q13242	Homo sapiens	Metazoa	221		0	False	5
O15091	Homo sapiens	Metazoa	583		0	False	5
Q92506	Homo sapiens	Metazoa	261		0	False	4
P59055	Mus musculus	Metazoa	597		0	False	2
Q9BV90	Homo sapiens	Metazoa	132		0	False	4
O94979	Homo sapiens	Metazoa	1220		0	False	3
O82775	Arabidopsis thaliana	Plants	256		0	False	5
O88909	Mus musculus	Metazoa	537		0	True	4
P42582	Mus musculus	Metazoa	318		0	False	4
Q06103	Saccharomyces cerevisiae (strain ATCC 204508 / S288c)	Fungi	429		0	False	1
Q5SRY7	Mus musculus	Metazoa	542		0	False	1
P97865	Mus musculus	Metazoa	318		0	False	1
Q3MKQ1	Rattus norvegicus	Metazoa	129		0	False	2
Q8VY77	Arabidopsis thaliana	Plants	91		0	True	2
P43120	Mus musculus	Metazoa	271		0	False	2
Q99880	Homo sapiens	Metazoa	126		0	False	2
Q84JK2	Arabidopsis thaliana	Plants	285		0	False	4
Q14244	Homo sapiens	Metazoa	749		0	False	5
Q6RI88	Rattus norvegicus	Metazoa	1112		0	False	1
G5EDW5	Caenorhabditis elegans	Metazoa	952		0	False	3
P10355	Saccharomyces cerevisiae (strain ATCC 204508 / S288c)	Fungi	254		0	False	4
Q8H124	Arabidopsis thaliana	Plants	280		0	False	1
Q9SVC4	Arabidopsis thaliana	Plants	64		0	True	2
Q9SVY1	Arabidopsis thaliana	Plants	383		0	False	5
P53563	Rattus norvegicus	Metazoa	233		0	False	5
O23160	Arabidopsis thaliana	Plants	320		0	False	1
P21926	Homo sapiens	Metazoa	228		0	True	4
P08458	Saccharomyces cerevisiae (strain ATCC 204508 / S288c)	Fungi	490		0	False	1
O23300	Arabidopsis thaliana	Plants	238		0	False	5
Q12405	Saccharomyces cerevisiae (strain ATCC 204508 / S288c)	Fungi	387		0	False	5
Q9BZJ8	Homo sapiens	Metazoa	451		0	True	3
Q6UVW9	Homo sapiens	Metazoa	174		0	True	4
O14350	Schizosaccharomyces pombe (strain 972 / ATCC 24843)	Fungi	181		0	False	2
Q94K75	Arabidopsis thaliana	Plants	401		0	False	1
Q99J79	Mus musculus	Metazoa	432		0	False	2
Q9ASX5	Arabidopsis thaliana	Plants	540		0	False	2
Q91YD4	Mus musculus	Metazoa	1506		0	False	5
P81766	Spinacia oleracea	Plants	153		0	False	3
P42892	Homo sapiens	Metazoa	770		0	True	1
Q96L08	Homo sapiens	Metazoa	255		0	False	2
O54788	Mus musculus	Metazoa	344		0	False	2
Q9JIX5	Rattus norvegicus	Metazoa	2581		0	False	1
O95243	Homo sapiens	Metazoa	580		0	False	2
Q9Y2Q3	Homo sapiens	Metazoa	226		0	False	1
Q96KK3	Homo sapiens	Metazoa	526		0	False	2
P53067	Saccharomyces cerevisiae (strain ATCC 204508 / S288c)	Fungi	1004		0	False	5
Q9D7K2	Mus musculus	Metazoa	161		0	False	3
Q9UBS8	Homo sapiens	Metazoa	474		0	False	4
Q00PI9	Mus musculus	Metazoa	745		0	False	2
P79005	Schizosaccharomyces pombe (strain 972 / ATCC 24843)	Fungi	663		0	False	2
Q14764	Homo sapiens	Metazoa	893		0	False	5
Q93VC7	Arabidopsis thaliana	Plants	416		0	False	2
Q9FX43	Arabidopsis thaliana	Plants	310		0	False	5
V9M398	Vitis rotundifolia	Plants	1331		0	False	4
Q9H6R3	Homo sapiens	Metazoa	686		0	False	2
Q42577	Arabidopsis thaliana	Plants	218		0	False	2
P29509	Saccharomyces cerevisiae (strain ATCC 204508 / S288c)	Fungi	319		0	False	5
A5LGM7	Polypedilum vanderplanki	Metazoa	504		0	True	5
O59746	Schizosaccharomyces pombe (strain 972 / ATCC 24843)	Fungi	819		0	False	5
Q9M1X2	Arabidopsis thaliana	Plants	279		0	False	2
P83484	Arabidopsis thaliana	Plants	556		0	False	4
O00567	Homo sapiens	Metazoa	594		0	False	4
Q5U5X0	Homo sapiens	Metazoa	104		0	False	4
Q10356	Schizosaccharomyces pombe (strain 972 / ATCC 24843)	Fungi	191		0	False	4
Q4V8K1	Rattus norvegicus	Metazoa	470		0	False	3
Q9V464	Drosophila melanogaster	Metazoa	218		0	False	4
O13601	Schizosaccharomyces pombe (strain 972 / ATCC 24843)	Fungi	494		0	False	4
P32249	Homo sapiens	Metazoa	361		0	True	4
Q9NV96	Homo sapiens	Metazoa	361		0	True	2
Q15007	Homo sapiens	Metazoa	396		0	False	2
A1L167	Homo sapiens	Metazoa	161		0	False	4
Q9QZB0	Mus musculus	Metazoa	210		0	False	1
Q9JI12	Rattus norvegicus	Metazoa	582		0	True	2
Q12080	Saccharomyces cerevisiae (strain ATCC 204508 / S288c)	Fungi	455		0	False	5
Q0JM17	Oryza sativa subsp. japonica	Plants	432		0	False	5
Q9LSC4	Arabidopsis thaliana	Plants	344		0	False	2
Q24491	Drosophila melanogaster	Metazoa	197		0	False	2
O94640	Schizosaccharomyces pombe (strain 972 / ATCC 24843)	Fungi	475		0	False	2
P40382	Schizosaccharomyces pombe (strain 972 / ATCC 24843)	Fungi	444		0	False	1
Q9LTT3	Arabidopsis thaliana	Plants	319		0	False	1
P81270	Mus musculus	Metazoa	486		0	False	4
Q8TCU6	Homo sapiens	Metazoa	1659		0	False	1
Q9NRY6	Homo sapiens	Metazoa	295		0	False	4
Q20024	Caenorhabditis elegans	Metazoa	306		0	False	1
P29147	Rattus norvegicus	Metazoa	343		0	False	2
Q62384	Mus musculus	Metazoa	459		0	False	2
Q0KHV6	Drosophila melanogaster	Metazoa	721		0	False	5
P46061	Mus musculus	Metazoa	589		0	False	2
Q9SSE9	Arabidopsis thaliana	Plants	1027		0	False	1
Q9NVP2	Homo sapiens	Metazoa	202		0	False	2
Q9FIG9	Arabidopsis thaliana	Plants	801		0	False	4
P56404	Mus musculus	Metazoa	261		0	True	2
Q16658	Homo sapiens	Metazoa	493		0	False	5
J9VXM5	Cryptococcus neoformans var. grubii serotype A (strain H99 / ATCC 208821 / CBS 10515 / FGSC 9487)	Fungi	1421		0	False	4
Q8L4Y5	Arabidopsis thaliana	Plants	363		0	False	1
O74387	Schizosaccharomyces pombe (strain 972 / ATCC 24843)	Fungi	287		0	False	1
K4CWS6	Solanum lycopersicum	Plants	470		0	False	2
P49407	Homo sapiens	Metazoa	418		0	False	1
Q969Q5	Homo sapiens	Metazoa	203		0	False	5
Q9ZNV9	Arabidopsis thaliana	Plants	154		0	False	2
O60508	Homo sapiens	Metazoa	579		0	False	5
Q94ID2	Arabidopsis thaliana	Plants	330		0	False	2
Q7TQN4	Rattus norvegicus	Metazoa	550		0	False	4
Q15327	Homo sapiens	Metazoa	319		0	False	2
O77334	Plasmodium falciparum (isolate 3D7)	Other	575		0	False	1
Q6WKZ7	Mus musculus	Metazoa	506		0	False	3
O74887	Schizosaccharomyces pombe (strain 972 / ATCC 24843)	Fungi	192		0	False	5
Q06835	Saccharomyces cerevisiae (strain ATCC 204508 / S288c)	Fungi	107		0	False	1
Q9WV68	Mus musculus	Metazoa	292		0	False	4
Q9NZJ0	Homo sapiens	Metazoa	730		0	False	5
P04001	Homo sapiens	Metazoa	364		0	True	2
Q96KQ7	Homo sapiens	Metazoa	1210		0	False	3
Q9UUK4	Schizosaccharomyces pombe (strain 972 / ATCC 24843)	Fungi	202		0	False	2
Q9NZI5	Homo sapiens	Metazoa	618		0	False	5
P21228	Emericella nidulans (strain FGSC A4 / ATCC 38163 / CBS 112.46 / NRRL 194 / M139)	Fungi	821		0	False	5
Q9LR91	Arabidopsis thaliana	Plants	319		0	False	3
A2YMU2	Oryza sativa subsp. indica	Plants	266		0	False	1
Q13243	Homo sapiens	Metazoa	272		0	False	2
Q569K4	Homo sapiens	Metazoa	471		0	False	3
Q84W92	Arabidopsis thaliana	Plants	535		0	False	5
O14901	Homo sapiens	Metazoa	512		0	False	4
Q9M297	Arabidopsis thaliana	Plants	1256		0	False	1
Q96Q15	Homo sapiens	Metazoa	3661		0	False	3
Q5SUE7	Mus musculus	Metazoa	619		0	False	4
P03893	Mus musculus	Metazoa	345		0	True	4
Q8IJH8	Plasmodium falciparum (isolate 3D7)	Other	275		0	False	3
Q86U42	Homo sapiens	Metazoa	306		0	False	4
P02269	Asterias rubens	Metazoa	125		0	False	2
Q8R2N1	Mus musculus	Metazoa	292		0	True	5
Q924C5	Mus musculus	Metazoa	1680		0	False	3
A0A1P8BH03	Arabidopsis thaliana	Plants	404		0	False	2
P53937	Saccharomyces cerevisiae (strain ATCC 204508 / S288c)	Fungi	143		0	False	3
Q8W4L3	Arabidopsis thaliana	Plants	489		0	False	4
O13834	Schizosaccharomyces pombe (strain 972 / ATCC 24843)	Fungi	3227		0	False	5
Q15427	Homo sapiens	Metazoa	424		0	False	3
P23708	Mus musculus	Metazoa	346		0	False	4
Q53F19	Homo sapiens	Metazoa	620		0	False	4
Q6YUS3	Oryza sativa subsp. japonica	Plants	552		0	False	2
Q18694	Caenorhabditis elegans	Metazoa	333		0	False	1
Q92900	Homo sapiens	Metazoa	1129		0	False	3
O01683	Caenorhabditis elegans	Metazoa	689		0	False	2
Q9U405	Drosophila melanogaster	Metazoa	570		0	False	3
Q7Z7F7	Homo sapiens	Metazoa	128		0	False	4
F1M386	Rattus norvegicus	Metazoa	1496		0	False	5
P37217	Mus musculus	Metazoa	199		0	True	4
Q384Y0	Trypanosoma brucei brucei (strain 927/4 GUTat10.1)	Other	1048		0	False	1
P80428	Saccharomyces cerevisiae (strain ATCC 204508 / S288c)	Fungi	489		0	False	1
Q9ULV5	Homo sapiens	Metazoa	492		0	False	1
P32189	Homo sapiens	Metazoa	559		0	False	1
Q05979	Saccharomyces cerevisiae (strain ATCC 204508 / S288c)	Fungi	453		0	False	5
P69070	Salmo trutta	Metazoa	124		0	False	4
O95907	Homo sapiens	Metazoa	504		0	True	3
P43554	Saccharomyces cerevisiae (strain ATCC 204508 / S288c)	Fungi	623		0	False	5
P31016	Rattus norvegicus	Metazoa	724		0	False	2
Q9Y7U4	Schizosaccharomyces pombe (strain 972 / ATCC 24843)	Fungi	328		0	False	1
Q9SIF2	Arabidopsis thaliana	Plants	780		0	False	5
Q9V3V7	Drosophila melanogaster	Metazoa	222		0	False	4
Q8GT74	Arabidopsis thaliana	Plants	241		0	True	1
P00299	Populus nigra	Plants	168		0	False	1
P43322	Rattus norvegicus	Metazoa	662		0	False	4
G5EEG9	Caenorhabditis elegans	Metazoa	399		0	False	4
Q9VT04	Drosophila melanogaster	Metazoa	471		0	True	2
Q960V3	Drosophila melanogaster	Metazoa	1122		0	False	4
P53159	Saccharomyces cerevisiae (strain ATCC 204508 / S288c)	Fungi	387		0	False	5
Q50L41	Mus musculus	Metazoa	855		0	False	5
O70161	Mus musculus	Metazoa	661		0	False	3
O43006	Schizosaccharomyces pombe (strain 972 / ATCC 24843)	Fungi	225		0	False	5
P38236	Saccharomyces cerevisiae (strain ATCC 204508 / S288c)	Fungi	366		0	False	5
O00330	Homo sapiens	Metazoa	501		0	False	1
Q8L960	Arabidopsis thaliana	Plants	410		0	False	3
Q9Y5L3	Homo sapiens	Metazoa	495		0	True	4
P12524	Homo sapiens	Metazoa	364		0	False	4
Q94JQ3	Arabidopsis thaliana	Plants	529		0	False	4
P18090	Rattus norvegicus	Metazoa	466		0	True	4
Q9BQ87	Homo sapiens	Metazoa	522		0	False	1
Q9UTC6	Schizosaccharomyces pombe (strain 972 / ATCC 24843)	Fungi	192		0	False	5
Q4U2R6	Homo sapiens	Metazoa	128		0	False	2
Q92552	Homo sapiens	Metazoa	414		0	False	4
O74700	Saccharomyces cerevisiae (strain ATCC 204508 / S288c)	Fungi	87		0	False	2
P62854	Homo sapiens	Metazoa	115		0	False	4
P40026	Saccharomyces cerevisiae (strain ATCC 204508 / S288c)	Fungi	464		0	False	1
Q9TW65	Caenorhabditis elegans	Metazoa	3674		0	False	1
Q13268	Homo sapiens	Metazoa	280		0	False	3
Q54T86	Dictyostelium discoideum	Other	568		0	False	5
P13528	Caenorhabditis elegans	Metazoa	357		0	False	4
O13927	Schizosaccharomyces pombe (strain 972 / ATCC 24843)	Fungi	201		0	False	4
A8MT69	Homo sapiens	Metazoa	81		0	False	1
Q9H6R4	Homo sapiens	Metazoa	1146		0	False	2
P43243	Homo sapiens	Metazoa	847		0	False	3
Q969K3	Homo sapiens	Metazoa	372		0	False	3
Q19325	Caenorhabditis elegans	Metazoa	645		0	False	5
A2ARP9	Mus musculus	Metazoa	588		0	False	5
Q21443	Caenorhabditis elegans	Metazoa	566		0	False	2
P35486	Mus musculus	Metazoa	390		0	False	3
Q18593	Caenorhabditis elegans	Metazoa	329		0	True	1
Q15003	Homo sapiens	Metazoa	741		0	False	3
Q23243	Caenorhabditis elegans	Metazoa	845		0	False	3
Q4G338	Haemonchus contortus	Metazoa	324		0	False	4
P28350	Neurospora crassa (strain ATCC 24698 / 74-OR23-1A / CBS 708.71 / DSM 1257 / FGSC 987)	Fungi	1093		0	False	4
O00757	Homo sapiens	Metazoa	339		0	False	3
O14141	Schizosaccharomyces pombe (strain 972 / ATCC 24843)	Fungi	241		0	False	5
P35169	Saccharomyces cerevisiae (strain ATCC 204508 / S288c)	Fungi	2470		0	False	1
O80883	Arabidopsis thaliana	Plants	490		0	False	1
P17677	Homo sapiens	Metazoa	238		0	False	5
P54132	Homo sapiens	Metazoa	1417		0	False	1
O94255	Schizosaccharomyces pombe (strain 972 / ATCC 24843)	Fungi	328		0	False	3
O75161	Homo sapiens	Metazoa	1426		0	False	4
M0R3Q7	Rattus norvegicus	Metazoa	905		0	False	1
P36520	Saccharomyces cerevisiae (strain ATCC 204508 / S288c)	Fungi	322		0	False	2
P70610	Rattus norvegicus	Metazoa	412		0	False	4
Q86TP1	Homo sapiens	Metazoa	453		0	False	3
P12657	Mus musculus	Metazoa	460		0	True	1
Q6ZWS8	Mus musculus	Metazoa	374		0	False	5
Q96I25	Homo sapiens	Metazoa	401		0	False	3
Q93015	Homo sapiens	Metazoa	286		0	False	1
D4A3U0	Rattus norvegicus	Metazoa	432		0	True	5
Q12382	Saccharomyces cerevisiae (strain ATCC 204508 / S288c)	Fungi	290		0	True	2
P0C512	Oryza sativa subsp. japonica	Plants	477		0	False	2
P26568	Arabidopsis thaliana	Plants	274		0	False	1
Q9HBL8	Homo sapiens	Metazoa	299		0	False	5
Q9P2K5	Homo sapiens	Metazoa	600		0	False	4
Q9BSJ8	Homo sapiens	Metazoa	1104		0	True	2
Q06148	Saccharomyces cerevisiae (strain ATCC 204508 / S288c)	Fungi	342		0	True	5
Q9Z2L0	Rattus norvegicus	Metazoa	283		0	True	3
Q6PCN7	Mus musculus	Metazoa	1003		0	False	5
F4IAX1	Arabidopsis thaliana	Plants	681		0	False	5
O75689	Homo sapiens	Metazoa	374		0	False	1
Q23500	Caenorhabditis elegans	Metazoa	887		0	False	3
O61715	Caenorhabditis elegans	Metazoa	454		0	True	5
Q9WU40	Mus musculus	Metazoa	921		0	False	1
Q13472	Homo sapiens	Metazoa	1001		0	False	4
P53396	Homo sapiens	Metazoa	1101		0	False	4
Q9Y2C4	Homo sapiens	Metazoa	368		0	False	5
Q9C950	Arabidopsis thaliana	Plants	643		0	False	1
Q01289	Pisum sativum	Plants	399		0	False	4
Q8IVU3	Homo sapiens	Metazoa	1022		0	False	5
Q20709	Caenorhabditis elegans	Metazoa	543		0	False	5
Q9UT31	Schizosaccharomyces pombe (strain 972 / ATCC 24843)	Fungi	241		0	False	5
Q9UPR3	Homo sapiens	Metazoa	1016		0	False	5
Q96SZ4	Homo sapiens	Metazoa	780		0	False	4
P60201	Homo sapiens	Metazoa	277		0	True	3
D7PF45	Sus scrofa	Metazoa	1260		0	False	4
Q9VRJ0	Drosophila melanogaster	Metazoa	726		0	False	5
P21127	Homo sapiens	Metazoa	795		0	False	1
O22666	Arabidopsis thaliana	Plants	362		0	False	4
Q9HD47	Homo sapiens	Metazoa	186		0	False	5
Q9SIN9	Arabidopsis thaliana	Plants	484		0	False	1
Q94JU3	Arabidopsis thaliana	Plants	260		0	False	5
Q9Y5Y0	Homo sapiens	Metazoa	555		0	False	1
Q9SKI4	Arabidopsis thaliana	Plants	640		0	False	1
Q24562	Drosophila melanogaster	Metazoa	416		0	False	3
Q80XX4	Rattus norvegicus	Metazoa	82		0	False	2
Q9I9E1	Danio rerio	Metazoa	472		0	False	3
Q10L91	Oryza sativa subsp. japonica	Plants	301		0	False	5
Q9NPB6	Homo sapiens	Metazoa	346		0	False	4
P23242	Mus musculus	Metazoa	382		0	True	1
Q9JKZ2	Mus musculus	Metazoa	718		0	True	4
Q02606	Saccharomyces cerevisiae (strain ATCC 204508 / S288c)	Fungi	381		0	False	5
Q08966	Saccharomyces cerevisiae (strain ATCC 204508 / S288c)	Fungi	492		0	False	5
O01798	Caenorhabditis elegans	Metazoa	512		0	False	5
P36527	Saccharomyces cerevisiae (strain ATCC 204508 / S288c)	Fungi	147		0	False	5
Q9UIF8	Homo sapiens	Metazoa	2168		0	False	3
P38250	Saccharomyces cerevisiae (strain ATCC 204508 / S288c)	Fungi	946		0	False	4
O89110	Mus musculus	Metazoa	480		0	False	4
P82970	Homo sapiens	Metazoa	282		0	False	2
Q9VJV8	Drosophila melanogaster	Metazoa	361		0	False	4
P23787	Xenopus laevis	Metazoa	805		0	False	3
Q9BUI4	Homo sapiens	Metazoa	534		0	False	2
P35680	Homo sapiens	Metazoa	557		0	False	3
Q8TC26	Homo sapiens	Metazoa	289		0	True	1
Q8K415	Rattus norvegicus	Metazoa	481		0	True	5
Q99500	Homo sapiens	Metazoa	378		0	True	3
P84030	Ceratitis capitata	Metazoa	108		0	False	2
Q5AFI4	Candida albicans (strain SC5314 / ATCC MYA-2876)	Fungi	337		0	True	2
Q9SRH5	Arabidopsis thaliana	Plants	276		0	False	1
P56403	Rattus norvegicus	Metazoa	269		0	True	2
Q99733	Homo sapiens	Metazoa	375		0	False	1
O82533	Arabidopsis thaliana	Plants	478		0	False	5
G7IBJ4	Medicago truncatula	Plants	710		0	True	2
Q8SWR3	Drosophila melanogaster	Metazoa	435		0	False	4
P46309	Arabidopsis thaliana	Plants	522		0	False	3
Q15059	Homo sapiens	Metazoa	726		0	False	1
A7Y7W2	Gallus gallus	Metazoa	389		0	False	3
Q9UM11	Homo sapiens	Metazoa	496		0	False	4
P56960	Mus musculus	Metazoa	887		0	False	3
A8MQN2	Arabidopsis thaliana	Plants	616		0	False	2
P07266	Saccharomyces cerevisiae (strain ATCC 204508 / S288c)	Fungi	363		0	False	4
Q90ZF9	Gallus gallus	Metazoa	235		0	False	2
Q03113	Homo sapiens	Metazoa	381		0	False	2
Q94BS2	Arabidopsis thaliana	Plants	335		0	False	5
Q9S7D8	Arabidopsis thaliana	Plants	469		0	False	4
Q63881	Rattus norvegicus	Metazoa	630		0	False	5
Q03014	Homo sapiens	Metazoa	270		0	False	3
P29357	Spinacia oleracea	Plants	653		0	False	2
Q8VYI3	Arabidopsis thaliana	Plants	309		0	False	1
Q9VGE2	Drosophila melanogaster	Metazoa	384		0	False	1
O15743	Dictyostelium discoideum	Other	975		0	False	1
Q8R4T1	Mus musculus	Metazoa	145		0	False	3
Q02591	Mus musculus	Metazoa	256		0	False	5
Q19872	Caenorhabditis elegans	Metazoa	268		0	False	1
Q9JHR7	Mus musculus	Metazoa	1019		0	False	2
O94818	Homo sapiens	Metazoa	638		0	False	3
O14907	Homo sapiens	Metazoa	124		0	False	1
P40958	Saccharomyces cerevisiae (strain ATCC 204508 / S288c)	Fungi	196		0	False	2
Q7L4E1	Homo sapiens	Metazoa	593		0	True	3
P27701	Homo sapiens	Metazoa	267		0	True	2
Q8NDZ0	Homo sapiens	Metazoa	799		0	False	4
O04308	Arabidopsis thaliana	Plants	499		0	False	1
P82278	Spinacia oleracea	Plants	208		0	False	4
Q05783	Drosophila melanogaster	Metazoa	112		0	False	3
Q92349	Schizosaccharomyces pombe (strain 972 / ATCC 24843)	Fungi	1318		0	False	4
Q1K6U7	Neurospora crassa (strain ATCC 24698 / 74-OR23-1A / CBS 708.71 / DSM 1257 / FGSC 987)	Fungi	225		0	False	1
P50531	Schizosaccharomyces pombe (strain 972 / ATCC 24843)	Fungi	606		0	False	4
B4FNK8	Zea mays	Plants	312		0	False	5
Q2Q5T5	Mus musculus	Metazoa	84		0	True	2
Q99567	Homo sapiens	Metazoa	741		0	False	3
P97460	Mus musculus	Metazoa	816		0	False	1
Q924K8	Mus musculus	Metazoa	591		0	False	2
Q75WF1	Vanrija humicola	Fungi	370		0	False	3
F4HRT5	Arabidopsis thaliana	Plants	1132		0	False	4
P53193	Saccharomyces cerevisiae (strain ATCC 204508 / S288c)	Fungi	184		0	False	1
Q06032	Saccharomyces cerevisiae (strain ATCC 204508 / S288c)	Fungi	482		0	False	4
P00396	Bos taurus	Metazoa	514		0	True	3
Q08176	Saccharomyces cerevisiae (strain ATCC 204508 / S288c)	Fungi	113		0	True	2
Q9BT43	Homo sapiens	Metazoa	218		0	False	2
Q01650	Homo sapiens	Metazoa	507		0	True	3
J9VPA2	Cryptococcus neoformans var. grubii serotype A (strain H99 / ATCC 208821 / CBS 10515 / FGSC 9487)	Fungi	1529		0	False	5
P40229	Arabidopsis thaliana	Plants	282		0	False	2
Q3ZBF3	Bos taurus	Metazoa	380		0	False	5
O94459	Schizosaccharomyces pombe (strain 972 / ATCC 24843)	Fungi	559		0	False	2
Q9UPN6	Homo sapiens	Metazoa	1271		0	False	1
P53187	Saccharomyces cerevisiae (strain ATCC 204508 / S288c)	Fungi	214		0	False	3
Q8NBN7	Homo sapiens	Metazoa	331		0	False	3
A2A8L1	Mus musculus	Metazoa	1946		0	False	4
P07261	Saccharomyces cerevisiae (strain ATCC 204508 / S288c)	Fungi	785		0	False	3
P49379	Kluyveromyces lactis (strain ATCC 8585 / CBS 2359 / DSM 70799 / NBRC 1267 / NRRL Y-1140 / WM37)	Fungi	359		0	False	3
Q9SPU7	Arabidopsis thaliana	Plants	1123		0	False	2
Q13422	Homo sapiens	Metazoa	519		0	False	2
Q802Y8	Danio rerio	Metazoa	671		0	False	2
Q3TWL2	Mus musculus	Metazoa	284		0	False	5
Q14994	Homo sapiens	Metazoa	352		0	False	2
P70459	Mus musculus	Metazoa	551		0	False	2
Q9XI84	Arabidopsis thaliana	Plants	482		0	False	4
Q9AT00	Arabidopsis thaliana	Plants	345		0	False	1
O23404	Arabidopsis thaliana	Plants	963		0	False	3
Q12499	Saccharomyces cerevisiae (strain ATCC 204508 / S288c)	Fungi	511		0	False	1
Q06152	Saccharomyces cerevisiae (strain ATCC 204508 / S288c)	Fungi	274		0	False	4
P87017	Aspergillus parasiticus (strain ATCC 56775 / NRRL 5862 / SRRC 143 / SU-1)	Fungi	278		0	False	5
Q03064	Cricetulus longicaudatus	Metazoa	494		0	True	2
P08525	Saccharomyces cerevisiae (strain ATCC 204508 / S288c)	Fungi	94		0	True	1
P40086	Saccharomyces cerevisiae (strain ATCC 204508 / S288c)	Fungi	486		0	True	2
O14493	Homo sapiens	Metazoa	209		0	True	5
Q6S591	Arabidopsis thaliana	Plants	253		0	False	4
A0A061AE05	Caenorhabditis elegans	Metazoa	654		0	False	3
Q8NBT2	Homo sapiens	Metazoa	197		0	False	4
Q9UIQ6	Homo sapiens	Metazoa	1025		0	False	3
Q8VZD4	Arabidopsis thaliana	Plants	709		0	False	3
Q9LEM8	Chlamydomonas reinhardtii	Plants	1385		0	False	4
Q9URV3	Schizosaccharomyces pombe (strain 972 / ATCC 24843)	Fungi	296		0	False	1
Q96KS0	Homo sapiens	Metazoa	407		0	False	3
Q03673	Saccharomyces cerevisiae (strain ATCC 204508 / S288c)	Fungi	198		0	False	3
Q9C9L2	Arabidopsis thaliana	Plants	325		0	False	2
Q9UKI8	Homo sapiens	Metazoa	766		0	False	3
P49448	Homo sapiens	Metazoa	558		0	False	4
Q8WVY7	Homo sapiens	Metazoa	318		0	False	1
Q6P2H8	Homo sapiens	Metazoa	277		0	False	3
P43619	Saccharomyces cerevisiae (strain ATCC 204508 / S288c)	Fungi	295		0	False	1
Q9D658	Mus musculus	Metazoa	173		0	False	5
P43003	Homo sapiens	Metazoa	542		0	True	4
P63281	Rattus norvegicus	Metazoa	158		0	False	5
O75582	Homo sapiens	Metazoa	802		0	False	2
Q12049	Saccharomyces cerevisiae (strain ATCC 204508 / S288c)	Fungi	470		0	False	4
P49736	Homo sapiens	Metazoa	904		0	False	4
Q7XA83	Arabidopsis thaliana	Plants	423		0	False	1
Q39161	Arabidopsis thaliana	Plants	586		0	False	3
O35260	Rattus norvegicus	Metazoa	514		0	False	3
P08286	Gallus gallus	Metazoa	220		0	False	5
P34969	Homo sapiens	Metazoa	479		0	True	3
Q9HDZ3	Schizosaccharomyces pombe (strain 972 / ATCC 24843)	Fungi	182		0	False	3
Q01147	Mus musculus	Metazoa	327		0	False	2
Q9VVV9	Drosophila melanogaster	Metazoa	928		0	False	2
F4IFD0	Arabidopsis thaliana	Plants	667		0	False	2
Q2Z1W2	Gallus gallus	Metazoa	345		0	False	2
Q9FGN7	Arabidopsis thaliana	Plants	726		0	False	3
Q969L2	Homo sapiens	Metazoa	176		0	True	4
P18074	Homo sapiens	Metazoa	760		0	False	4
P08580	Neurospora crassa (strain ATCC 24698 / 74-OR23-1A / CBS 708.71 / DSM 1257 / FGSC 987)	Fungi	107		0	False	1
Q9Z0E3	Mus musculus	Metazoa	552		0	False	3
Q9JMK2	Mus musculus	Metazoa	416		0	False	5
A2A432	Mus musculus	Metazoa	970		0	False	5
Q9QYH6	Mus musculus	Metazoa	775		0	False	4
P70365	Mus musculus	Metazoa	1447		0	False	1
A0A486WWJ9	Caenorhabditis elegans	Metazoa	582		0	False	4
Q8WW38	Homo sapiens	Metazoa	1151		0	False	5
Q61602	Mus musculus	Metazoa	1583		0	False	1
Q04049	Saccharomyces cerevisiae (strain ATCC 204508 / S288c)	Fungi	632		0	False	2
P55735	Homo sapiens	Metazoa	322		0	False	5
Q8SX83	Drosophila melanogaster	Metazoa	5560		0	False	5
Q13507	Homo sapiens	Metazoa	921		0	False	5
F4JV80	Arabidopsis thaliana	Plants	155		0	False	1
Q02446	Homo sapiens	Metazoa	784		0	False	5
Q6ZVD8	Homo sapiens	Metazoa	1323		0	False	4
D3ZDM7	Rattus norvegicus	Metazoa	341		0	False	3
P35189	Saccharomyces cerevisiae (strain ATCC 204508 / S288c)	Fungi	244		0	False	1
Q8CCI5	Mus musculus	Metazoa	228		0	False	4
Q9SJU5	Arabidopsis thaliana	Plants	172		0	False	5
P62273	Homo sapiens	Metazoa	56		0	False	5
G5EED4	Caenorhabditis elegans	Metazoa	655		0	False	3
Q9WVS6	Mus musculus	Metazoa	464		0	False	4
Q91W40	Mus musculus	Metazoa	508		0	False	5
P38217	Saccharomyces cerevisiae (strain ATCC 204508 / S288c)	Fungi	918		0	False	3
E9QAG8	Mus musculus	Metazoa	526		0	False	5
P38991	Saccharomyces cerevisiae (strain ATCC 204508 / S288c)	Fungi	367		0	False	4
P32914	Saccharomyces cerevisiae (strain ATCC 204508 / S288c)	Fungi	102		0	False	2
A4FVP2	Arabidopsis thaliana	Plants	565		0	False	4
Q9LXC9	Arabidopsis thaliana	Plants	300		0	False	4
Q9W0S7	Drosophila melanogaster	Metazoa	926		0	False	2
Q9LER7	Arabidopsis thaliana	Plants	148		0	False	3
Q9FFH5	Arabidopsis thaliana	Plants	278		0	True	3
Q9Z2Y1	Rattus norvegicus	Metazoa	1205		0	False	2
O43513	Homo sapiens	Metazoa	233		0	False	3
P45890	Drosophila melanogaster	Metazoa	398		0	False	3
Q99N89	Mus musculus	Metazoa	183		0	False	5
Q9H825	Homo sapiens	Metazoa	291		0	False	1
O14368	Schizosaccharomyces pombe (strain 972 / ATCC 24843)	Fungi	143		0	False	1
Q6PJG6	Homo sapiens	Metazoa	821		0	False	1
Q9NQG6	Homo sapiens	Metazoa	463		0	True	5
A4L691	Rattus norvegicus	Metazoa	331		0	False	3
Q5XVG3	Arabidopsis thaliana	Plants	287		0	False	2
P15690	Bos taurus	Metazoa	727		0	False	1
Q8R502	Mus musculus	Metazoa	803		0	True	2
P09083	Drosophila melanogaster	Metazoa	449		0	False	2
O64894	Cucurbita maxima	Plants	690		0	False	4
O88942	Mus musculus	Metazoa	717		0	False	5
P83211	Bolinus brandaris	Metazoa	107		0	False	3
P42937	Saccharomyces cerevisiae (strain ATCC 204508 / S288c)	Fungi	148		0	False	2
F4IV66	Arabidopsis thaliana	Plants	1001		0	False	3
O42648	Schizosaccharomyces pombe (strain 972 / ATCC 24843)	Fungi	341		0	False	4
Q8IXP5	Homo sapiens	Metazoa	288		0	False	5
C4LY96	Entamoeba histolytica (strain ATCC 30459 / HM-1:IMSS / ABRM)	Other	1151		0	False	5
Q96RE7	Homo sapiens	Metazoa	527		0	False	5
Q4PIR3	Schizosaccharomyces pombe (strain 972 / ATCC 24843)	Fungi	250		0	False	4
P53538	Saccharomyces cerevisiae (strain ATCC 204508 / S288c)	Fungi	206		0	False	1
Q63008	Rattus norvegicus	Metazoa	618		0	True	2
F4HXU3	Arabidopsis thaliana	Plants	142		0	False	4
Q8R1N0	Mus musculus	Metazoa	363		0	False	2
Q6W5P4	Homo sapiens	Metazoa	371		0	True	4
Q7L9L4	Homo sapiens	Metazoa	216		0	False	3
P18263	Chlamydomonas reinhardtii	Plants	46		0	True	1
Q9FNB0	Arabidopsis thaliana	Plants	1381		0	False	3
P31641	Homo sapiens	Metazoa	620		0	True	2
Q92564	Homo sapiens	Metazoa	292		0	False	1
Q9BTE7	Homo sapiens	Metazoa	237		0	False	5
Q92945	Homo sapiens	Metazoa	711		0	False	5
Q03503	Saccharomyces cerevisiae (strain ATCC 204508 / S288c)	Fungi	176		0	False	1
Q3LHL9	Drosophila melanogaster	Metazoa	1658		0	False	3
Q8IV53	Homo sapiens	Metazoa	801		0	False	5
Q04660	Saccharomyces cerevisiae (strain ATCC 204508 / S288c)	Fungi	807		0	False	1
Q40687	Oryza sativa subsp. japonica	Plants	380		0	False	4
P07814	Homo sapiens	Metazoa	1512		0	False	4
Q9FJI2	Arabidopsis thaliana	Plants	166		0	False	3
P40493	Saccharomyces cerevisiae (strain ATCC 204508 / S288c)	Fungi	336		0	False	2
P00227	Brassica napus	Plants	96		0	False	1
Q12033	Saccharomyces cerevisiae (strain ATCC 204508 / S288c)	Fungi	661		0	False	5
P53903	Saccharomyces cerevisiae (strain ATCC 204508 / S288c)	Fungi	129		0	True	1
O88457	Rattus norvegicus	Metazoa	1765		0	False	1
Q9USP8	Schizosaccharomyces pombe (strain 972 / ATCC 24843)	Fungi	379		0	False	4
O60220	Homo sapiens	Metazoa	97		0	False	2
Q9VH48	Drosophila melanogaster	Metazoa	530		0	False	2
Q9W2R3	Drosophila melanogaster	Metazoa	792		0	False	1
Q9Y2V0	Homo sapiens	Metazoa	281		0	False	5
Q9UK61	Homo sapiens	Metazoa	1670		0	False	4
P53061	Saccharomyces cerevisiae (strain ATCC 204508 / S288c)	Fungi	704		0	False	2
P25372	Saccharomyces cerevisiae (strain ATCC 204508 / S288c)	Fungi	127		0	False	4
P16622	Saccharomyces cerevisiae (strain ATCC 204508 / S288c)	Fungi	393		0	False	3
A4GSN8	Arabidopsis thaliana	Plants	2093		0	False	5
Q9UBW5	Homo sapiens	Metazoa	565		0	False	5
Q9JJZ1	Rattus norvegicus	Metazoa	478		0	True	2
Q9XQR3	Pisum sativum	Plants	73		0	True	1
O76083	Homo sapiens	Metazoa	593		0	False	2
Q15633	Homo sapiens	Metazoa	366		0	False	3
Q9UTA6	Schizosaccharomyces pombe (strain 972 / ATCC 24843)	Fungi	303		0	False	2
Q9P7L2	Schizosaccharomyces pombe (strain 972 / ATCC 24843)	Fungi	425		0	False	2
Q9W0M7	Drosophila melanogaster	Metazoa	1227		0	False	3
P42644	Arabidopsis thaliana	Plants	255		0	False	3
E9Q784	Mus musculus	Metazoa	1729		0	False	3
Q7S910	Neurospora crassa (strain ATCC 24698 / 74-OR23-1A / CBS 708.71 / DSM 1257 / FGSC 987)	Fungi	263		0	False	4
P25398	Homo sapiens	Metazoa	132		0	False	2
Q78EG7	Rattus norvegicus	Metazoa	173		0	False	1
P47085	Saccharomyces cerevisiae (strain ATCC 204508 / S288c)	Fungi	338		0	False	1
Q06616	Saccharomyces cerevisiae (strain ATCC 204508 / S288c)	Fungi	221		0	False	3
Q10223	Schizosaccharomyces pombe (strain 972 / ATCC 24843)	Fungi	431		0	False	1
Q86W42	Homo sapiens	Metazoa	341		0	False	4
Q8R0S1	Mus musculus	Metazoa	413		0	False	2
A0A0R0H9T5	Glycine max	Plants	172		0	False	1
P42801	Arabidopsis thaliana	Plants	511		0	False	4
Q9FUT3	Arabidopsis thaliana	Plants	678		0	False	4
Q792I0	Rattus norvegicus	Metazoa	197		0	False	3
P53101	Saccharomyces cerevisiae (strain ATCC 204508 / S288c)	Fungi	465		0	False	2
Q9HAJ7	Homo sapiens	Metazoa	183		0	False	5
Q93VB2	Arabidopsis thaliana	Plants	425		0	False	1
Q75WU1	Oryza sativa subsp. japonica	Plants	93		0	False	3
O42637	Neurospora crassa (strain ATCC 24698 / 74-OR23-1A / CBS 708.71 / DSM 1257 / FGSC 987)	Fungi	797		0	False	4
Q4FZC9	Mus musculus	Metazoa	975		0	False	5
P35435	Rattus norvegicus	Metazoa	273		0	False	5
Q6PRD7	Homo sapiens	Metazoa	247		0	False	2
P27864	Drosophila melanogaster	Metazoa	679		0	False	1
P42345	Homo sapiens	Metazoa	2549		0	False	3
G5EC89	Caenorhabditis elegans	Metazoa	237		0	False	1
Q64705	Mus musculus	Metazoa	346		0	False	3
Q8TBE0	Homo sapiens	Metazoa	780		0	False	3
P05091	Homo sapiens	Metazoa	517		0	False	4
P14066	Saccharomyces cerevisiae (strain ATCC 204508 / S288c)	Fungi	229		0	False	2
Q96IZ2	Homo sapiens	Metazoa	230		0	True	5
P0CU09	Schizosaccharomyces pombe (strain 972 / ATCC 24843)	Fungi	235		0	False	2
O02696	Sus scrofa	Metazoa	877		0	False	1
Q24368	Drosophila melanogaster	Metazoa	1027		0	False	4
Q39083	Arabidopsis thaliana	Plants	206		0	False	2
P93830	Arabidopsis thaliana	Plants	229		0	False	3
Q8GXL3	Arabidopsis thaliana	Plants	333		0	False	2
Q02360	Drosophila melanogaster	Metazoa	365		0	False	1
Q9XIP2	Arabidopsis thaliana	Plants	505		0	False	3
Q92750	Homo sapiens	Metazoa	862		0	False	4
Q9UJW9	Homo sapiens	Metazoa	196		0	False	3
F1P065	Gallus gallus	Metazoa	1046		0	False	1
P35372	Homo sapiens	Metazoa	400		0	True	5
Q93YQ3	Arabidopsis thaliana	Plants	323		0	False	4
O70274	Mus musculus	Metazoa	167		0	False	1
P07665	Drosophila melanogaster	Metazoa	356		0	False	5
Q5FBB7	Homo sapiens	Metazoa	561		0	False	5
C4R4G9	Komagataella phaffii (strain GS115 / ATCC 20864)	Fungi	344		0	False	4
Q9FE20	Arabidopsis thaliana	Plants	456		0	False	2
P78753	Schizosaccharomyces pombe (strain 972 / ATCC 24843)	Fungi	557		0	False	2
O15439	Homo sapiens	Metazoa	1325		0	False	5
Q9C0B1	Homo sapiens	Metazoa	505		0	False	4
Q09184	Schizosaccharomyces pombe (strain 972 / ATCC 24843)	Fungi	381		0	False	5
Q9BRD0	Homo sapiens	Metazoa	619		0	False	3
B6HU70	Penicillium rubens (strain ATCC 28089 / DSM 1075 / NRRL 1951 / Wisconsin 54-1255)	Fungi	361		0	False	5
Q22618	Caenorhabditis elegans	Metazoa	495		0	False	3
Q42690	Chlamydomonas reinhardtii	Plants	377		0	False	4
Q9H7D0	Homo sapiens	Metazoa	1870		0	False	1
O14196	Schizosaccharomyces pombe (strain 972 / ATCC 24843)	Fungi	300		0	False	5
Q3E793	Saccharomyces cerevisiae (strain ATCC 204508 / S288c)	Fungi	110		0	False	4
Q9VEX9	Drosophila melanogaster	Metazoa	150		0	False	2
P38532	Mus musculus	Metazoa	525		0	False	4
P83391	Cladophora glomerata	Plants	91		0	False	1
Q9Z207	Mus musculus	Metazoa	1171		0	False	4
P07854	Spinacia oleracea	Plants	138		0	False	1
P28236	Mus musculus	Metazoa	440		0	True	1
P36088	Saccharomyces cerevisiae (strain ATCC 204508 / S288c)	Fungi	180		0	False	2
O17072	Caenorhabditis elegans	Metazoa	232		0	False	5
Q3ZBX6	Bos taurus	Metazoa	348		0	False	2
Q0V8E7	Bos taurus	Metazoa	668		0	True	3
P10854	Mus musculus	Metazoa	126		0	False	3
Q9Y3C1	Homo sapiens	Metazoa	178		0	False	3
P33307	Saccharomyces cerevisiae (strain ATCC 204508 / S288c)	Fungi	960		0	False	4
P70318	Mus musculus	Metazoa	392		0	False	4
O17670	Caenorhabditis elegans	Metazoa	503		0	False	2
Q9SKX1	Arabidopsis thaliana	Plants	156		0	False	4
Q05518	Saccharomyces cerevisiae (strain ATCC 204508 / S288c)	Fungi	499		0	False	4
Q9I8K8	Danio rerio	Metazoa	370		0	True	5
Q9FFB6	Arabidopsis thaliana	Plants	291		0	False	4
Q9BZE4	Homo sapiens	Metazoa	634		0	False	1
O60292	Homo sapiens	Metazoa	1781		0	False	3
P21374	Saccharomyces cerevisiae (strain ATCC 204508 / S288c)	Fungi	235		0	False	1
Q9QXX8	Mus musculus	Metazoa	484		0	False	5
P63041	Rattus norvegicus	Metazoa	134		0	False	5
O75923	Homo sapiens	Metazoa	2080		0	False	5
Q07021	Homo sapiens	Metazoa	282		0	False	1
O94647	Schizosaccharomyces pombe (strain 972 / ATCC 24843)	Fungi	461		0	False	4
Q9BXC9	Homo sapiens	Metazoa	721		0	False	5
P21731	Homo sapiens	Metazoa	343		0	True	5
Q61146	Mus musculus	Metazoa	521		0	True	2
Q9FY93	Arabidopsis thaliana	Plants	252		0	False	4
Q6AVA8	Oryza sativa subsp. japonica	Plants	947		0	False	5
Q94AX5	Arabidopsis thaliana	Plants	370		0	False	1
Q14197	Homo sapiens	Metazoa	206		0	False	5
Q04006	Saccharomyces cerevisiae (strain ATCC 204508 / S288c)	Fungi	179		0	False	1
P39009	Saccharomyces cerevisiae (strain ATCC 204508 / S288c)	Fungi	513		0	False	2
Q9EST6	Rattus norvegicus	Metazoa	272		0	False	4
P17629	Saccharomyces cerevisiae (strain ATCC 204508 / S288c)	Fungi	752		0	False	4
O81439	Arabidopsis thaliana	Plants	318		0	False	2
Q6IUP1	Mus musculus	Metazoa	357		0	False	5
P32773	Saccharomyces cerevisiae (strain ATCC 204508 / S288c)	Fungi	286		0	False	1
Q9DA32	Mus musculus	Metazoa	373		0	False	3
P30943	Rhodomonas sp. (strain CS 24)	Other	104		0	False	2
O15014	Homo sapiens	Metazoa	1411		0	False	3
B1B534	Oryza sativa subsp. japonica	Plants	475		0	False	1
P41225	Homo sapiens	Metazoa	446		0	False	5
Q9C865	Arabidopsis thaliana	Plants	439		0	False	3
P27929	Saccharomyces cerevisiae (strain ATCC 204508 / S288c)	Fungi	486		0	False	4
O22607	Arabidopsis thaliana	Plants	507		0	False	1
P52893	Saccharomyces cerevisiae (strain ATCC 204508 / S288c)	Fungi	592		0	False	1
P0DO11	Arabidopsis thaliana	Plants	126		0	False	1
Q9PT60	Xenopus laevis	Metazoa	655		0	False	5
Q9M658	Arabidopsis thaliana	Plants	2001		0	False	5
Q96EK4	Homo sapiens	Metazoa	314		0	False	3
P31750	Mus musculus	Metazoa	480		0	False	3
P60842	Homo sapiens	Metazoa	406		0	False	3
P10085	Mus musculus	Metazoa	318		0	False	4
Q9W1R5	Drosophila melanogaster	Metazoa	1854		0	False	3
Q02060	Spinacia oleracea	Plants	274		0	False	2
Q9R1L5	Mus musculus	Metazoa	1570		0	False	3
Q9CPR8	Mus musculus	Metazoa	279		0	False	2
Q8N6T7	Homo sapiens	Metazoa	355		0	False	4
Q6EJ97	Pueraria montana var. lobata	Plants	608		0	False	4
Q6DKK2	Homo sapiens	Metazoa	380		0	False	4
P04039	Saccharomyces cerevisiae (strain ATCC 204508 / S288c)	Fungi	78		0	True	2
P53687	Saccharomyces cerevisiae (strain ATCC 204508 / S288c)	Fungi	447		0	False	3
P87320	Schizosaccharomyces pombe (strain 972 / ATCC 24843)	Fungi	903		0	True	1
Q9BLB6	Caenorhabditis elegans	Metazoa	253		0	False	4
P23758	Drosophila melanogaster	Metazoa	425		0	False	5
Q969F1	Homo sapiens	Metazoa	213		0	False	3
Q6UFS5	Danio rerio	Metazoa	563		0	False	1
Q0JNB6	Oryza sativa subsp. japonica	Plants	554		0	True	2
O13768	Schizosaccharomyces pombe (strain 972 / ATCC 24843)	Fungi	804		0	False	5
P87233	Schizosaccharomyces pombe (strain 972 / ATCC 24843)	Fungi	461		0	False	4
Q9LFP7	Arabidopsis thaliana	Plants	493		0	False	5
P17558	Saccharomyces cerevisiae (strain ATCC 204508 / S288c)	Fungi	318		0	False	2
Q0DUR2	Oryza sativa subsp. japonica	Plants	92		0	False	1
P31311	Mus musculus	Metazoa	313		0	False	2
Q9WTK7	Mus musculus	Metazoa	436		0	False	2
P93032	Arabidopsis thaliana	Plants	367		0	False	2
F4JP52	Arabidopsis thaliana	Plants	826		0	False	4
Q9H3Z4	Homo sapiens	Metazoa	198		0	False	5
Q9QZR8	Rattus norvegicus	Metazoa	2766		0	False	1
Q9FNJ8	Arabidopsis thaliana	Plants	425		0	False	4
P32240	Mus musculus	Metazoa	513		0	True	5
Q5XIQ3	Rattus norvegicus	Metazoa	316		0	False	2
Q5JWF2	Homo sapiens	Metazoa	1037		0	False	3
O95500	Homo sapiens	Metazoa	239		0	True	4
Q7X7S8	Oryza sativa subsp. japonica	Plants	468		0	True	2
P31166	Arabidopsis thaliana	Plants	243		0	False	1
Q9NVU7	Homo sapiens	Metazoa	687		0	False	5
Q7TMK9	Mus musculus	Metazoa	623		0	False	3
S8EZA7	Toxoplasma gondii (strain ATCC 50611 / Me49)	Other	534		0	True	5
Q62187	Mus musculus	Metazoa	859		0	False	5
O16299	Caenorhabditis elegans	Metazoa	594		0	False	3
Q9D3P8	Mus musculus	Metazoa	147		0	True	5
Q8C5D8	Mus musculus	Metazoa	621		0	False	4
Q91V10	Mus musculus	Metazoa	363		0	False	5
P56282	Homo sapiens	Metazoa	527		0	False	5
Q7L8L6	Homo sapiens	Metazoa	764		0	False	2
O94468	Schizosaccharomyces pombe (strain 972 / ATCC 24843)	Fungi	213		0	False	1
P00002	Macaca mulatta	Metazoa	105		0	False	5
Q21921	Caenorhabditis elegans	Metazoa	607		0	False	5
Q9C7G0	Arabidopsis thaliana	Plants	562		0	False	2
Q12041	Saccharomyces cerevisiae (strain ATCC 204508 / S288c)	Fungi	191		0	False	1
Q40460	Nicotiana tabacum	Plants	442		0	False	1
P00032	Cornu aspersum	Metazoa	104		0	False	3
Q8TBF4	Homo sapiens	Metazoa	217		0	False	1
Q9NRA0	Homo sapiens	Metazoa	654		0	False	5
Q9BZR8	Homo sapiens	Metazoa	327		0	False	4
Q9BQA1	Homo sapiens	Metazoa	342		0	False	2
Q9SQR3	Arabidopsis thaliana	Plants	267		0	False	5
Q13698	Homo sapiens	Metazoa	1873		0	True	3
Q8IVH4	Homo sapiens	Metazoa	418		0	False	2
P69682	Rattus norvegicus	Metazoa	277		0	False	1
Q9M591	Arabidopsis thaliana	Plants	409		0	False	1
G3V6S8	Rattus norvegicus	Metazoa	339		0	False	3
P25686	Homo sapiens	Metazoa	324		0	False	3
P0CB42	Mus musculus	Metazoa	389		0	False	1
Q99278	Saccharomyces cerevisiae (strain ATCC 204508 / S288c)	Fungi	115		0	False	4
Q92374	Schizosaccharomyces pombe (strain 972 / ATCC 24843)	Fungi	104		0	False	4
Q27539	Caenorhabditis elegans	Metazoa	221		0	False	1
Q15126	Homo sapiens	Metazoa	192		0	False	1
Q08215	Saccharomyces cerevisiae (strain ATCC 204508 / S288c)	Fungi	383		0	False	3
Q9C9T3	Arabidopsis thaliana	Plants	67		0	False	1
P02721	Bos taurus	Metazoa	108		0	False	1
F4K2R6	Arabidopsis thaliana	Plants	563		0	False	1
Q8WTX7	Homo sapiens	Metazoa	329		0	False	2
Q9QZQ8	Mus musculus	Metazoa	369		0	False	3
Q12524	Saccharomyces cerevisiae (strain ATCC 204508 / S288c)	Fungi	340		0	False	3
Q9SYU4	Arabidopsis thaliana	Plants	381		0	True	4
E4NKF8	Medicago truncatula	Plants	694		0	False	2
P35244	Homo sapiens	Metazoa	121		0	False	3
Q8IQ70	Drosophila melanogaster	Metazoa	366		0	False	1
Q9NQT4	Homo sapiens	Metazoa	235		0	False	5
Q9U226	Caenorhabditis elegans	Metazoa	342		0	False	3
Q9Y4A5	Homo sapiens	Metazoa	3859		0	False	4
Q8RY71	Arabidopsis thaliana	Plants	341		0	False	5
Q96LI5	Homo sapiens	Metazoa	555		0	False	5
P55273	Homo sapiens	Metazoa	166		0	False	1
Q6Q5X2	Saccharomyces cerevisiae (strain ATCC 204508 / S288c)	Fungi	51		0	False	3
P46655	Saccharomyces cerevisiae (strain ATCC 204508 / S288c)	Fungi	708		0	False	3
Q06265	Homo sapiens	Metazoa	439		0	False	2
Q8VZS9	Arabidopsis thaliana	Plants	475		0	False	3
Q12598	Candida tropicalis	Fungi	403		0	False	5
P82887	Olisthodiscus luteus	Other	114		0	False	5
Q62747	Rattus norvegicus	Metazoa	403		0	True	5
P18489	Drosophila melanogaster	Metazoa	152		0	False	4
Q02950	Saccharomyces cerevisiae (strain ATCC 204508 / S288c)	Fungi	344		0	False	4
Q9VX31	Drosophila melanogaster	Metazoa	1105		0	False	4
O74842	Schizosaccharomyces pombe (strain 972 / ATCC 24843)	Fungi	1284		0	False	2
Q8IFW4	Drosophila melanogaster	Metazoa	157		0	False	1
Q92905	Homo sapiens	Metazoa	334		0	False	4
P25367	Saccharomyces cerevisiae (strain ATCC 204508 / S288c)	Fungi	405		0	False	1
P25359	Saccharomyces cerevisiae (strain ATCC 204508 / S288c)	Fungi	394		0	False	2
O42868	Schizosaccharomyces pombe (strain 972 / ATCC 24843)	Fungi	197		0	False	3
Q9Y3I1	Homo sapiens	Metazoa	522		0	False	5
P42940	Saccharomyces cerevisiae (strain ATCC 204508 / S288c)	Fungi	261		0	False	4
P30837	Homo sapiens	Metazoa	517		0	False	2
Q4WF31	Aspergillus fumigatus (strain ATCC MYA-4609 / CBS 101355 / FGSC A1100 / Af293)	Fungi	612		0	True	3
Q7JXA8	Drosophila melanogaster	Metazoa	418		0	False	5
P22413	Homo sapiens	Metazoa	925		0	True	4
Q9FUY2	Arabidopsis thaliana	Plants	931		0	False	2
Q9LDI3	Arabidopsis thaliana	Plants	446		0	False	3
Q9H3J6	Homo sapiens	Metazoa	166		0	False	5
P39720	Saccharomyces cerevisiae (strain ATCC 204508 / S288c)	Fungi	1047		0	False	5
P98177	Homo sapiens	Metazoa	505		0	False	1
Q6A028	Mus musculus	Metazoa	585		0	False	4
Q9NXF1	Homo sapiens	Metazoa	929		0	False	2
P19407	Spinacia oleracea	Plants	62		0	True	3
O35253	Mus musculus	Metazoa	426		0	False	5
O14975	Homo sapiens	Metazoa	620		0	True	4
Q9BYG3	Homo sapiens	Metazoa	293		0	False	2
O23813	Zea mays	Plants	635		0	False	5
P16603	Saccharomyces cerevisiae (strain ATCC 204508 / S288c)	Fungi	691		0	True	3
O22340	Abies grandis	Plants	637		0	False	1
Q8RWH9	Arabidopsis thaliana	Plants	513		0	False	4
O24367	Spirodela polyrhiza	Plants	1441		0	False	3
O95267	Homo sapiens	Metazoa	797		0	False	1
Q9UNS1	Homo sapiens	Metazoa	1208		0	False	1
P03920	Bos taurus	Metazoa	606		0	True	3
Q42850	Hordeum vulgare	Plants	395		0	False	2
Q6DYE8	Mus musculus	Metazoa	874		0	True	1
Q99704	Homo sapiens	Metazoa	481		0	False	5
P83487	Equus caballus	Metazoa	172		0	False	5
Q38942	Arabidopsis thaliana	Plants	349		0	False	2
G7JND3	Medicago truncatula	Plants	620		0	True	4
Q9FG00	Arabidopsis thaliana	Plants	491		0	True	4
P40571	Saccharomyces cerevisiae (strain ATCC 204508 / S288c)	Fungi	144		0	False	5
Q12837	Homo sapiens	Metazoa	409		0	False	2
Q8VDB9	Mus musculus	Metazoa	592		0	True	5
Q9HC52	Homo sapiens	Metazoa	389		0	False	1
Q9WU12	Mus musculus	Metazoa	71		0	False	3
Q570R7	Arabidopsis thaliana	Plants	366		0	False	5
Q9VCE6	Drosophila melanogaster	Metazoa	608		0	False	3
Q7G7J6	Oryza sativa subsp. japonica	Plants	625		0	False	2
Q8BGL3	Mus musculus	Metazoa	282		0	False	3
P20192	Sus scrofa	Metazoa	734		0	False	2
Q86YS7	Homo sapiens	Metazoa	1000		0	False	4
Q8IW03	Homo sapiens	Metazoa	269		0	False	5
A6NFQ2	Homo sapiens	Metazoa	919		0	False	3
P28817	Saccharomyces cerevisiae (strain ATCC 204508 / S288c)	Fungi	500		0	False	1
Q04048	Saccharomyces cerevisiae (strain ATCC 204508 / S288c)	Fungi	859		0	False	1
O00410	Homo sapiens	Metazoa	1097		0	False	5
Q64478	Mus musculus	Metazoa	126		0	False	1
O81275	Arabidopsis thaliana	Plants	276		0	False	3
P53226	Saccharomyces cerevisiae (strain ATCC 204508 / S288c)	Fungi	547		0	False	1
Q9VGE3	Drosophila melanogaster	Metazoa	459		0	False	5
Q9XIK0	Arabidopsis thaliana	Plants	179		0	False	5
Q8IU80	Homo sapiens	Metazoa	811		0	True	1
Q7Z418	Homo sapiens	Metazoa	384		0	True	1
P83916	Homo sapiens	Metazoa	185		0	False	4
Q25423	Leishmania tarentolae	Other	187		0	False	4
P81128	Rattus norvegicus	Metazoa	1499		0	False	4
Q96D46	Homo sapiens	Metazoa	503		0	False	4
P57093	Rattus norvegicus	Metazoa	338		0	False	2
P70079	Gallus gallus	Metazoa	417		0	False	1
Q84P24	Arabidopsis thaliana	Plants	566		0	False	5
P53972	Saccharomyces cerevisiae (strain ATCC 204508 / S288c)	Fungi	490		0	False	3
G5EGF8	Caenorhabditis elegans	Metazoa	354		0	False	4
Q8L9T7	Arabidopsis thaliana	Plants	157		0	False	3
Q9HAP6	Homo sapiens	Metazoa	207		0	False	1
Q99543	Homo sapiens	Metazoa	621		0	False	1
Q9VEN1	Drosophila melanogaster	Metazoa	2210		0	False	1
P32780	Homo sapiens	Metazoa	548		0	False	1
Q9NYG5	Homo sapiens	Metazoa	84		0	False	1
Q62674	Rattus norvegicus	Metazoa	648		0	True	4
Q01338	Mus musculus	Metazoa	465		0	True	3
Q92748	Homo sapiens	Metazoa	146		0	False	2
P32455	Homo sapiens	Metazoa	592		0	False	4
Q05A80	Mus musculus	Metazoa	1031		0	False	2
Q07864	Homo sapiens	Metazoa	2286		0	False	4
P0DOW4	Ramazzottius varieornatus	Metazoa	445		0	False	5
Q8TDB4	Homo sapiens	Metazoa	240		0	True	3
Q9UBF1	Homo sapiens	Metazoa	373		0	False	4
Q9S720	Arabidopsis thaliana	Plants	247		0	False	5
Q7XR88	Oryza sativa subsp. japonica	Plants	361		0	False	1
O95259	Homo sapiens	Metazoa	989		0	False	4
P12753	Saccharomyces cerevisiae (strain ATCC 204508 / S288c)	Fungi	1312		0	False	5
Q02516	Saccharomyces cerevisiae (strain ATCC 204508 / S288c)	Fungi	242		0	False	2
Q9ULR0	Homo sapiens	Metazoa	285		0	False	2
Q8CJ67	Mus musculus	Metazoa	570		0	False	1
P70377	Mus musculus	Metazoa	245		0	False	5
Q24210	Drosophila melanogaster	Metazoa	898		0	False	3
Q8MQ70	Caenorhabditis elegans	Metazoa	846		0	False	1
Q9MA75	Arabidopsis thaliana	Plants	341		0	False	4
Q9UHL9	Homo sapiens	Metazoa	959		0	False	2
C6TCZ5	Glycine max	Plants	232		0	False	2
Q09847	Schizosaccharomyces pombe (strain 972 / ATCC 24843)	Fungi	1325		0	False	2
Q41932	Arabidopsis thaliana	Plants	230		0	False	4
P23791	Oryctolagus cuniculus	Metazoa	816		0	False	4
Q1K7P9	Neurospora crassa (strain ATCC 24698 / 74-OR23-1A / CBS 708.71 / DSM 1257 / FGSC 987)	Fungi	140		0	False	4
P23509	Solanum tuberosum	Plants	521		0	False	4
Q9NLA3	Patiria pectinifera	Metazoa	346		0	False	5
P10505	Schizosaccharomyces pombe (strain 972 / ATCC 24843)	Fungi	665		0	False	5
P82927	Bos taurus	Metazoa	142		0	False	5
B6TVL4	Zea mays	Plants	395		0	False	5
P28223	Homo sapiens	Metazoa	471		0	True	1
Q8LPQ9	Arabidopsis thaliana	Plants	901		0	False	4
P39943	Saccharomyces cerevisiae (strain ATCC 204508 / S288c)	Fungi	394		0	False	4
P25439	Drosophila melanogaster	Metazoa	1638		0	False	2
O55103	Mus musculus	Metazoa	1391		0	False	4
Q9HBE1	Homo sapiens	Metazoa	687		0	False	3
O60016	Schizosaccharomyces pombe (strain 972 / ATCC 24843)	Fungi	490		0	False	5
Q93092	Mus musculus	Metazoa	337		0	False	3
O35927	Mus musculus	Metazoa	1247		0	False	2
G2XKQ0	Homo sapiens	Metazoa	101		0	False	5
Q9H845	Homo sapiens	Metazoa	621		0	False	5
Q867X0	Caenorhabditis elegans	Metazoa	781		0	False	2
P80404	Homo sapiens	Metazoa	500		0	False	4
P57741	Arabidopsis thaliana	Plants	195		0	False	5
P56962	Homo sapiens	Metazoa	302		0	False	1
P15920	Mus musculus	Metazoa	856		0	False	4
Q9LTJ1	Arabidopsis thaliana	Plants	225		0	False	4
Q27894	Caenorhabditis elegans	Metazoa	123		0	False	5
Q9FPF0	Arabidopsis thaliana	Plants	392		0	False	5
P53733	Saccharomyces cerevisiae (strain ATCC 204508 / S288c)	Fungi	91		0	False	2
Q05923	Homo sapiens	Metazoa	314		0	False	1
P19824	Chlamydomonas reinhardtii	Plants	375		0	False	4
F4IW10	Arabidopsis thaliana	Plants	754		0	False	2
Q9ER74	Mus musculus	Metazoa	1322		0	False	5
P53899	Saccharomyces cerevisiae (strain ATCC 204508 / S288c)	Fungi	274		0	False	4
O94921	Homo sapiens	Metazoa	469		0	False	5
Q29122	Sus scrofa	Metazoa	1254		0	False	4
Q8C838	Mus musculus	Metazoa	173		0	False	2
P09110	Homo sapiens	Metazoa	424		0	False	1
Q8WT44	Caenorhabditis elegans	Metazoa	1178		0	False	4
E9PVX6	Mus musculus	Metazoa	3177		0	False	2
O82645	Arabidopsis thaliana	Plants	488		0	False	3
Q8W4I7	Arabidopsis thaliana	Plants	528		0	False	1
Q01105	Homo sapiens	Metazoa	290		0	False	3
Q0DDE3	Oryza sativa subsp. japonica	Plants	810		0	False	1
Q14192	Homo sapiens	Metazoa	279		0	False	1
P87314	Schizosaccharomyces pombe (strain 972 / ATCC 24843)	Fungi	932		0	False	5
Q4WJ81	Aspergillus fumigatus (strain ATCC MYA-4609 / CBS 101355 / FGSC A1100 / Af293)	Fungi	754		0	False	1
Q5FWP4	Xenopus laevis	Metazoa	625		0	False	3
Q08365	Chlamydomonas reinhardtii	Plants	712		0	False	2
J7M799	Ramazzottius varieornatus	Metazoa	237		0	False	3
P42285	Homo sapiens	Metazoa	1042		0	False	5
Q9M0V0	Arabidopsis thaliana	Plants	197		0	False	1
Q6IQX8	Mus musculus	Metazoa	726		0	False	1
O09171	Rattus norvegicus	Metazoa	407		0	False	1
Q9QYR9	Mus musculus	Metazoa	453		0	False	3
Q07555	Saccharomyces cerevisiae (strain ATCC 204508 / S288c)	Fungi	291		0	False	4
Q9Z0V7	Mus musculus	Metazoa	172		0	True	2
Q9P000	Homo sapiens	Metazoa	198		0	False	2
Q9UUG9	Schizosaccharomyces pombe (strain 972 / ATCC 24843)	Fungi	1339		0	False	3
Q15004	Homo sapiens	Metazoa	111		0	False	1
Q96PN6	Homo sapiens	Metazoa	1610		0	False	5
Q9LQ55	Arabidopsis thaliana	Plants	920		0	False	1
Q9LU63	Arabidopsis thaliana	Plants	220		0	False	5
O14862	Homo sapiens	Metazoa	343		0	False	3
Q8BZA9	Mus musculus	Metazoa	269		0	False	3
P15308	Xenopus laevis	Metazoa	273		0	False	2
Q9Y3T9	Homo sapiens	Metazoa	749		0	False	5
Q8IWU4	Homo sapiens	Metazoa	369		0	True	1
P08539	Saccharomyces cerevisiae (strain ATCC 204508 / S288c)	Fungi	472		0	False	5
Q02878	Homo sapiens	Metazoa	288		0	False	4
Q8IZ07	Homo sapiens	Metazoa	590		0	False	1
Q9NVH1	Homo sapiens	Metazoa	559		0	False	4
P48201	Homo sapiens	Metazoa	142		0	True	3
P80723	Homo sapiens	Metazoa	227		0	False	1
Q9NR90	Homo sapiens	Metazoa	486		0	False	4
Q1G3I2	Arabidopsis thaliana	Plants	117		0	False	5
P78953	Schizosaccharomyces pombe (strain 972 / ATCC 24843)	Fungi	920		0	False	1
Q8RY95	Arabidopsis thaliana	Plants	1035		0	False	1
O48737	Arabidopsis thaliana	Plants	179		0	False	5
Q12251	Saccharomyces cerevisiae (strain ATCC 204508 / S288c)	Fungi	326		0	True	2
P41920	Saccharomyces cerevisiae (strain ATCC 204508 / S288c)	Fungi	201		0	False	1
O42913	Schizosaccharomyces pombe (strain 972 / ATCC 24843)	Fungi	342		0	False	5
Q27487	Caenorhabditis elegans	Metazoa	500		0	False	4
P32761	Chlamydomonas moewusii	Plants	218		0	False	3
Q9BS16	Homo sapiens	Metazoa	269		0	False	5
Q8IWV1	Homo sapiens	Metazoa	398		0	True	5
Q9NYP3	Homo sapiens	Metazoa	566		0	False	2
Q02201	Saccharomyces cerevisiae (strain ATCC 204508 / S288c)	Fungi	448		0	False	2
Q9FYG2	Arabidopsis thaliana	Plants	1016		0	False	1
Q12262	Saccharomyces cerevisiae (strain ATCC 204508 / S288c)	Fungi	181		0	False	1
Q9CQE1	Mus musculus	Metazoa	247		0	False	1
Q9WVF7	Mus musculus	Metazoa	2283		0	False	4
P16402	Homo sapiens	Metazoa	221		0	False	3
Q9NTX7	Homo sapiens	Metazoa	359		0	False	4
P25298	Saccharomyces cerevisiae (strain ATCC 204508 / S288c)	Fungi	677		0	False	4
Q9ULZ3	Homo sapiens	Metazoa	195		0	False	2
P26717	Homo sapiens	Metazoa	231		0	True	5
P19447	Homo sapiens	Metazoa	782		0	False	5
P39925	Saccharomyces cerevisiae (strain ATCC 204508 / S288c)	Fungi	761		0	False	2
Q05568	Saccharomyces cerevisiae (strain ATCC 204508 / S288c)	Fungi	337		0	True	1
P31652	Rattus norvegicus	Metazoa	630		0	True	1
P53197	Saccharomyces cerevisiae (strain ATCC 204508 / S288c)	Fungi	566		0	False	3
Q7L592	Homo sapiens	Metazoa	441		0	False	2
O01737	Caenorhabditis elegans	Metazoa	1866		0	False	5
P47977	Saccharomyces cerevisiae (strain ATCC 204508 / S288c)	Fungi	285		0	False	5
P11169	Homo sapiens	Metazoa	496		0	True	2
Q8WYQ3	Homo sapiens	Metazoa	142		0	False	3
Q9NSG2	Homo sapiens	Metazoa	853		0	False	3
Q7XEY9	Oryza sativa subsp. japonica	Plants	277		0	False	2
P13192	Hordeum vulgare	Plants	235		0	False	5
P18248	Xenopus laevis	Metazoa	261		0	False	2
Q08032	Saccharomyces cerevisiae (strain ATCC 204508 / S288c)	Fungi	650		0	False	3
P82911	Bos taurus	Metazoa	197		0	False	3
Q9M9L3	Arabidopsis thaliana	Plants	336		0	False	5
Q05481	Homo sapiens	Metazoa	1191		0	False	2
Q9NY26	Homo sapiens	Metazoa	324		0	True	2
Q96A35	Homo sapiens	Metazoa	216		0	False	5
Q9ESE1	Mus musculus	Metazoa	2856		0	False	1
Q9Z2X8	Mus musculus	Metazoa	624		0	False	1
Q99NB7	Rattus norvegicus	Metazoa	556		0	False	1
Q9H9Q4	Homo sapiens	Metazoa	299		0	False	1
Q9EPA0	Rattus norvegicus	Metazoa	957		0	False	3
Q9BT92	Homo sapiens	Metazoa	498		0	False	3
P35269	Homo sapiens	Metazoa	517		0	False	4
P36094	Saccharomyces cerevisiae (strain ATCC 204508 / S288c)	Fungi	363		0	False	1
Q8CGS4	Rattus norvegicus	Metazoa	223		0	False	1
Q9D1E5	Mus musculus	Metazoa	489		0	True	4
P35712	Homo sapiens	Metazoa	828		0	False	2
O43293	Homo sapiens	Metazoa	454		0	False	4
A8MW92	Homo sapiens	Metazoa	1017		0	False	3
Q9R0L4	Rattus norvegicus	Metazoa	1273		0	False	5
Q9M1J1	Arabidopsis thaliana	Plants	170		0	False	2
O43665	Homo sapiens	Metazoa	181		0	False	5
P00505	Homo sapiens	Metazoa	430		0	False	2
Q9XQN8	Sinapis alba	Plants	327		0	False	3
O54949	Mus musculus	Metazoa	527		0	False	4
P00375	Mus musculus	Metazoa	187		0	False	5
Q9BWX1	Homo sapiens	Metazoa	381		0	False	3
O74317	Schizosaccharomyces pombe (strain 972 / ATCC 24843)	Fungi	113		0	False	2
Q61550	Mus musculus	Metazoa	635		0	False	2
P36776	Homo sapiens	Metazoa	959		0	False	4
Q9R085	Rattus norvegicus	Metazoa	952		0	False	5
Q9Y5J7	Homo sapiens	Metazoa	89		0	False	4
Q00597	Homo sapiens	Metazoa	558		0	False	2
Q91Y80	Rattus norvegicus	Metazoa	457		0	False	5
Q4LDG0	Mus musculus	Metazoa	689		0	True	4
Q8TDC3	Homo sapiens	Metazoa	778		0	False	3
P59540	Homo sapiens	Metazoa	309		0	True	4
Q8VZS3	Arabidopsis thaliana	Plants	354		0	False	3
Q04735	Mus musculus	Metazoa	496		0	False	2
P13712	Saccharomyces cerevisiae (strain ATCC 204508 / S288c)	Fungi	422		0	False	3
P50463	Rattus norvegicus	Metazoa	194		0	False	3
P25208	Homo sapiens	Metazoa	207		0	False	4
P53350	Homo sapiens	Metazoa	603		0	False	5
Q8R3H9	Mus musculus	Metazoa	386		0	False	4
Q8GYF7	Arabidopsis thaliana	Plants	377		0	False	5
P97767	Mus musculus	Metazoa	591		0	False	4
P18872	Mus musculus	Metazoa	354		0	False	1
Q9V466	Drosophila melanogaster	Metazoa	845		0	False	2
Q92889	Homo sapiens	Metazoa	916		0	False	3
I4DST8	Tulipa gesneriana	Plants	385		0	False	1
P08103	Mus musculus	Metazoa	524		0	False	5
P29033	Homo sapiens	Metazoa	226		0	True	5
Q9VK33	Drosophila melanogaster	Metazoa	1220		0	False	5
Q02354	Saccharomyces cerevisiae (strain ATCC 204508 / S288c)	Fungi	440		0	False	3
Q8IRG6	Drosophila melanogaster	Metazoa	1083		0	False	4
P08503	Rattus norvegicus	Metazoa	421		0	False	5
P00426	Bos taurus	Metazoa	152		0	False	3
O76902	Drosophila melanogaster	Metazoa	316		0	False	4
A0FGR9	Homo sapiens	Metazoa	886		0	True	1
Q16581	Homo sapiens	Metazoa	482		0	True	2
P92792	Solanum tuberosum	Plants	204		0	False	4
P08993	Tetrahymena thermophila (strain SB210)	Other	122		0	False	1
F4ISV6	Arabidopsis thaliana	Plants	537		0	False	5
Q9FIJ4	Arabidopsis thaliana	Plants	199		0	False	2
O65680	Arabidopsis thaliana	Plants	279		0	False	3
Q8R2K4	Mus musculus	Metazoa	616		0	False	5
P53437	Saccharomyces cerevisiae (strain ATCC 204508 / S288c)	Fungi	365		0	False	4
Q95QA6	Caenorhabditis elegans	Metazoa	663		0	False	4
Q5EAF2	Arabidopsis thaliana	Plants	334		0	False	3
Q8LEG1	Arabidopsis thaliana	Plants	258		0	False	1
P29468	Saccharomyces cerevisiae (strain ATCC 204508 / S288c)	Fungi	568		0	False	1
P84103	Homo sapiens	Metazoa	164		0	False	5
Q9LK88	Arabidopsis thaliana	Plants	196		0	False	5
Q91WS0	Mus musculus	Metazoa	108		0	True	4
Q5DW34	Mus musculus	Metazoa	1296		0	False	5
P38855	Saccharomyces cerevisiae (strain ATCC 204508 / S288c)	Fungi	283		0	False	5
Q6J9Q2	Arabidopsis thaliana	Plants	348		0	False	1
Q8QZY3	Mus musculus	Metazoa	150		0	False	4
Q91876	Xenopus laevis	Metazoa	720		0	False	4
Q969Y2	Homo sapiens	Metazoa	492		0	False	4
P53839	Saccharomyces cerevisiae (strain ATCC 204508 / S288c)	Fungi	350		0	False	3
Q8CC88	Mus musculus	Metazoa	1905		0	False	2
Q94517	Drosophila melanogaster	Metazoa	521		0	False	2
P08817	Hordeum vulgare	Plants	129		0	False	2
Q8T5C6	Biomphalaria glabrata	Metazoa	436		0	False	2
F4JYE9	Arabidopsis thaliana	Plants	530		0	False	2
P38365	Spinacia oleracea	Plants	174		0	False	4
P20648	Homo sapiens	Metazoa	1035		0	False	4
Q9SGZ8	Arabidopsis thaliana	Plants	162		0	False	3
Q8R216	Mus musculus	Metazoa	333		0	False	3
A0A0J9UVG7	Fusarium oxysporum f. sp. lycopersici (strain 4287 / CBS 123668 / FGSC 9935 / NRRL 34936)	Fungi	326		0	False	4
Q9HB15	Homo sapiens	Metazoa	430		0	True	4
Q9SPG2	Arabidopsis thaliana	Plants	366		0	False	1
P23610	Homo sapiens	Metazoa	371		0	False	3
P55917	Ovis aries	Metazoa	440		0	True	5
Q96TL7	Schizosaccharomyces pombe (strain 972 / ATCC 24843)	Fungi	693		0	False	5
Q9CAF5	Arabidopsis thaliana	Plants	338		0	False	4
Q8C5Y2	Mus musculus	Metazoa	53		0	True	3
A9YTQ3	Homo sapiens	Metazoa	701		0	False	2
Q38847	Arabidopsis thaliana	Plants	268		0	False	5
Q9SCQ6	Arabidopsis thaliana	Plants	452		0	False	2
P06242	Saccharomyces cerevisiae (strain ATCC 204508 / S288c)	Fungi	306		0	False	4
P36114	Saccharomyces cerevisiae (strain ATCC 204508 / S288c)	Fungi	725		0	False	1
P61289	Homo sapiens	Metazoa	254		0	False	2
P51874	Symbiodinium sp.	Other	365		0	False	1
Q64337	Mus musculus	Metazoa	442		0	False	5
Q9Y255	Homo sapiens	Metazoa	219		0	False	3
P39715	Saccharomyces cerevisiae (strain ATCC 204508 / S288c)	Fungi	212		0	False	4
Q9UI36	Homo sapiens	Metazoa	758		0	False	3
P34537	Caenorhabditis elegans	Metazoa	837		0	False	3
A2AMM0	Mus musculus	Metazoa	362		0	False	4
Q7XYS8	Artemisia spiciformis	Plants	394		0	False	1
Q9Y7J2	Schizosaccharomyces pombe (strain 972 / ATCC 24843)	Fungi	160		0	False	4
A2AU37	Mus musculus	Metazoa	552		0	False	2
P0CG12	Homo sapiens	Metazoa	524		0	False	5
Q61152	Mus musculus	Metazoa	453		0	False	3
A0A0R4IY06	Danio rerio	Metazoa	179		0	False	5
Q922J9	Mus musculus	Metazoa	515		0	False	2
Q86Y97	Homo sapiens	Metazoa	462		0	False	4
P19360	Rattus norvegicus	Metazoa	260		0	False	2
P53171	Saccharomyces cerevisiae (strain ATCC 204508 / S288c)	Fungi	287		0	False	3
Q09668	Schizosaccharomyces pombe (strain 972 / ATCC 24843)	Fungi	117		0	False	2
Q7KML2	Drosophila melanogaster	Metazoa	669		0	False	2
O94972	Homo sapiens	Metazoa	964		0	False	4
Q8GYD2	Arabidopsis thaliana	Plants	230		0	False	2
P53011	Saccharomyces cerevisiae (strain ATCC 204508 / S288c)	Fungi	349		0	False	3
Q0PF16	Macaca mulatta	Metazoa	497		0	False	5
Q8GWS0	Arabidopsis thaliana	Plants	174		0	False	4
P15802	Penicillium chrysogenum	Fungi	357		0	False	4
P39019	Homo sapiens	Metazoa	145		0	False	4
P11177	Homo sapiens	Metazoa	359		0	False	1
Q10178	Schizosaccharomyces pombe (strain 972 / ATCC 24843)	Fungi	1205		0	False	3
P42573	Caenorhabditis elegans	Metazoa	503		0	False	2
Q8BH86	Mus musculus	Metazoa	617		0	False	2
P51123	Drosophila melanogaster	Metazoa	2129		0	False	3
P48165	Homo sapiens	Metazoa	433		0	True	3
P53968	Saccharomyces cerevisiae (strain ATCC 204508 / S288c)	Fungi	678		0	False	5
Q9HE02	Schizosaccharomyces pombe (strain 972 / ATCC 24843)	Fungi	1225		0	False	3
P82403	Spinacia oleracea	Plants	211		0	False	3
F4JMV6	Arabidopsis thaliana	Plants	399		0	False	3
A0PJY2	Homo sapiens	Metazoa	475		0	False	3
P32862	Saccharomyces cerevisiae (strain ATCC 204508 / S288c)	Fungi	1170		0	False	2
Q9H8W5	Homo sapiens	Metazoa	580		0	False	2
P51810	Homo sapiens	Metazoa	404		0	True	2
O74435	Schizosaccharomyces pombe (strain 972 / ATCC 24843)	Fungi	176		0	False	1
P29414	Rattus norvegicus	Metazoa	416		0	True	1
Q02078	Homo sapiens	Metazoa	507		0	False	1
Q3U507	Mus musculus	Metazoa	335		0	True	4
P62491	Homo sapiens	Metazoa	216		0	False	5
Q8K3J1	Mus musculus	Metazoa	212		0	False	3
P37089	Rattus norvegicus	Metazoa	698		0	False	1
Q9Y6F8	Homo sapiens	Metazoa	540		0	False	2
P40993	Saccharomyces cerevisiae (strain ATCC 204508 / S288c)	Fungi	198		0	False	2
O55022	Mus musculus	Metazoa	195		0	True	4
O63075	Chlamydomonas reinhardtii	Plants	238		0	True	2
Q7TPH6	Mus musculus	Metazoa	4749		0	False	4
O77389	Plasmodium falciparum (isolate 3D7)	Other	309		0	True	2
Q8VWK0	Arabidopsis thaliana	Plants	442		0	False	4
Q84JF0	Arabidopsis thaliana	Plants	310		0	False	3
Q12259	Saccharomyces cerevisiae (strain ATCC 204508 / S288c)	Fungi	485		0	False	1
Q05949	Saccharomyces cerevisiae (strain ATCC 204508 / S288c)	Fungi	395		0	False	1
Q9NYA1	Homo sapiens	Metazoa	384		0	False	5
O48528	Arabidopsis thaliana	Plants	159		0	True	1
Q9VH36	Drosophila melanogaster	Metazoa	585		0	False	5
P68306	Gallus gallus	Metazoa	369		0	False	5
Q99653	Homo sapiens	Metazoa	195		0	False	2
Q9V6L9	Drosophila melanogaster	Metazoa	255		0	False	3
Q9UK45	Homo sapiens	Metazoa	103		0	False	4
P21306	Saccharomyces cerevisiae (strain ATCC 204508 / S288c)	Fungi	62		0	False	3
Q8TC84	Homo sapiens	Metazoa	345		0	False	2
Q96375	Capsicum annuum	Plants	660		0	False	2
Q14498	Homo sapiens	Metazoa	530		0	False	2
Q4WXF4	Aspergillus fumigatus (strain ATCC MYA-4609 / CBS 101355 / FGSC A1100 / Af293)	Fungi	471		0	False	2
Q18PE0	Mus musculus	Metazoa	504		0	False	4
Q09476	Caenorhabditis elegans	Metazoa	413		0	False	2
Q8WWR8	Homo sapiens	Metazoa	484		0	False	4
O13648	Schizosaccharomyces pombe (strain 972 / ATCC 24843)	Fungi	543		0	False	1
P00017	Aptenodytes patagonicus	Metazoa	105		0	False	5
O74791	Schizosaccharomyces pombe (strain 972 / ATCC 24843)	Fungi	470		0	False	1
Q92630	Homo sapiens	Metazoa	601		0	False	2
Q9C8J6	Arabidopsis thaliana	Plants	527		0	False	3
P40359	Saccharomyces cerevisiae (strain ATCC 204508 / S288c)	Fungi	213		0	False	5
Q80VL0	Rattus norvegicus	Metazoa	406		0	False	2
P53667	Homo sapiens	Metazoa	647		0	False	4
P17564	Mus musculus	Metazoa	657		0	False	1
P51843	Homo sapiens	Metazoa	470		0	False	5
P40645	Mus musculus	Metazoa	827		0	False	1
F4IGZ2	Arabidopsis thaliana	Plants	910		0	False	3
Q9ER97	Mus musculus	Metazoa	151		0	False	1
P20967	Saccharomyces cerevisiae (strain ATCC 204508 / S288c)	Fungi	1014		0	False	1
Q9ZVU5	Arabidopsis thaliana	Plants	411		0	False	4
Q04500	Saccharomyces cerevisiae (strain ATCC 204508 / S288c)	Fungi	899		0	False	1
Q3UIU2	Mus musculus	Metazoa	128		0	True	5
Q9XGS0	Brassica napus	Plants	177		0	False	3
P06391	Nicotiana tabacum	Plants	93		0	False	2
Q9NPJ8	Homo sapiens	Metazoa	142		0	False	3
P34111	Saccharomyces cerevisiae (strain ATCC 204508 / S288c)	Fungi	1160		0	False	2
Q9SD80	Arabidopsis thaliana	Plants	54		0	True	4
Q04828	Homo sapiens	Metazoa	323		0	False	2
O74935	Yarrowia lipolytica (strain CLIB 122 / E 150)	Fungi	700		0	False	5
O78751	Ovis aries	Metazoa	66		0	True	2
C0HLU5	Prasiola crispa	Plants	307		0	False	2
P62834	Homo sapiens	Metazoa	184		0	False	4
P08679	Saccharomyces cerevisiae (strain ATCC 204508 / S288c)	Fungi	460		0	False	5
Q7Z589	Homo sapiens	Metazoa	1322		0	False	3
P35710	Mus musculus	Metazoa	763		0	False	2
