accession	organism	kingdom	length	tm_helix_start_leq_90
Q9ZUT3	Arabidopsis thaliana	Plants	273	True
P11799	Gallus gallus	Metazoa	1906	False
Q9UGN5	Homo sapiens	Metazoa	583	False
P49591	Homo sapiens	Metazoa	514	False
Q8GYQ5	Arabidopsis thaliana	Plants	372	False
Q9BQI6	Homo sapiens	Metazoa	1058	False
Q500U8	Arabidopsis thaliana	Plants	326	False
Q64364	Mus musculus	Metazoa	169	False
P00063	Acer negundo	Plants	112	False
Q8K2T8	Mus musculus	Metazoa	535	False
Q8LG30	Arabidopsis thaliana	Plants	76	True
A0A1E3P8S6	Wickerhamomyces anomalus (strain ATCC 58044 / CBS 1984 / NCYC 433 / NRRL Y-366-8)	Fungi	391	False
P53780	Arabidopsis thaliana	Plants	464	False
Q5QNW6	Homo sapiens	Metazoa	126	False
Q93WC9	Arabidopsis thaliana	Plants	336	False
O95487	Homo sapiens	Metazoa	1268	False
Q7YTB0	Bombyx mori	Metazoa	661	False
P48059	Homo sapiens	Metazoa	325	False
Q16698	Homo sapiens	Metazoa	335	False
P11978	Saccharomyces cerevisiae (strain ATCC 204508 / S288c)	Fungi	1358	False
Q13061	Homo sapiens	Metazoa	729	True
O82259	Arabidopsis thaliana	Plants	225	False
Q8WVH0	Homo sapiens	Metazoa	158	False
P78545	Homo sapiens	Metazoa	371	False
Q9VPT4	Drosophila melanogaster	Metazoa	717	False
Q8BHL4	Mus musculus	Metazoa	356	True
Q00312	Candida albicans	Fungi	527	False
Q9M0S5	Arabidopsis thaliana	Plants	764	False
Q02199	Saccharomyces cerevisiae (strain ATCC 204508 / S288c)	Fungi	472	False
Q06178	Saccharomyces cerevisiae (strain ATCC 204508 / S288c)	Fungi	401	False
Q9Z1L1	Rattus norvegicus	Metazoa	211	True
Q8RY46	Arabidopsis thaliana	Plants	700	False
Q91X44	Mus musculus	Metazoa	623	False
P62913	Homo sapiens	Metazoa	178	False
Q8IWV7	Homo sapiens	Metazoa	1749	False
P50213	Homo sapiens	Metazoa	366	False
Q6ZSZ5	Homo sapiens	Metazoa	1361	False
P07390	Saccharomyces cerevisiae (strain ATCC 204508 / S288c)	Fungi	489	False
Q7KUT2	Drosophila melanogaster	Metazoa	1024	False
Q07799	Saccharomyces cerevisiae (strain ATCC 204508 / S288c)	Fungi	665	False
Q94JS0	Arabidopsis thaliana	Plants	272	False
P02281	Xenopus laevis	Metazoa	126	False
Q96EY1	Homo sapiens	Metazoa	480	False
Q8VYB9	Arabidopsis thaliana	Plants	840	False
E9Q2Z1	Mus musculus	Metazoa	1453	False
P18111	Mus musculus	Metazoa	268	False
Q9SQR2	Arabidopsis thaliana	Plants	272	False
P15720	Gallus gallus	Metazoa	174	False
O60814	Homo sapiens	Metazoa	126	False
Q5SNT2	Homo sapiens	Metazoa	666	False
P22570	Homo sapiens	Metazoa	491	False
O14235	Schizosaccharomyces pombe (strain 972 / ATCC 24843)	Fungi	348	False
P49286	Homo sapiens	Metazoa	362	True
Q7X9V3	Arabidopsis thaliana	Plants	258	False
O95251	Homo sapiens	Metazoa	611	False
P62801	Gallus gallus	Metazoa	103	False
P52164	Rattus norvegicus	Metazoa	160	False
P17694	Bos taurus	Metazoa	463	False
Q96DT0	Homo sapiens	Metazoa	336	False
Q9ERS5	Mus musculus	Metazoa	425	False
P29383	Arabidopsis thaliana	Plants	258	False
Q84XU2	Arabidopsis thaliana	Plants	538	False
P27788	Zea mays	Plants	152	False
Q6P5E8	Mus musculus	Metazoa	934	False
Q07953	Saccharomyces cerevisiae (strain ATCC 204508 / S288c)	Fungi	250	False
Q9NQZ6	Homo sapiens	Metazoa	224	False
Q8VDP2	Mus musculus	Metazoa	222	False
O42649	Schizosaccharomyces pombe (strain 972 / ATCC 24843)	Fungi	1194	False
P15865	Rattus norvegicus	Metazoa	219	False
Q9NZ42	Homo sapiens	Metazoa	101	True
Q00IB6	Arabidopsis thaliana	Plants	440	False
G5EGU9	Caenorhabditis elegans	Metazoa	558	False
Q5QGZ9	Homo sapiens	Metazoa	265	True
Q93WJ9	Arabidopsis thaliana	Plants	403	False
Q96RT1	Homo sapiens	Metazoa	1412	False
P20152	Mus musculus	Metazoa	466	False
O43314	Homo sapiens	Metazoa	1243	False
Q8CDK2	Mus musculus	Metazoa	862	False
O14924	Homo sapiens	Metazoa	1447	False
P80147	Sus scrofa	Metazoa	500	False
Q96CJ1	Homo sapiens	Metazoa	260	False
Q08213	Saccharomyces cerevisiae (strain ATCC 204508 / S288c)	Fungi	363	False
Q9UBW8	Homo sapiens	Metazoa	275	False
Q8R3P9	Mus musculus	Metazoa	1054	False
Q8K3V4	Mus musculus	Metazoa	682	False
Q96A26	Homo sapiens	Metazoa	154	False
Q96RU7	Homo sapiens	Metazoa	358	False
Q9SK32	Arabidopsis thaliana	Plants	509	False
Q8TF71	Homo sapiens	Metazoa	515	True
Q8NF50	Homo sapiens	Metazoa	2099	False
Q14653	Homo sapiens	Metazoa	427	False
O35683	Mus musculus	Metazoa	70	True
Q6C354	Yarrowia lipolytica (strain CLIB 122 / E 150)	Fungi	520	False
Q9C7Y2	Arabidopsis thaliana	Plants	229	False
P04992	Petunia hybrida	Plants	477	False
Q9D2N4	Mus musculus	Metazoa	746	False
P33299	Saccharomyces cerevisiae (strain ATCC 204508 / S288c)	Fungi	467	False
Q9DB41	Mus musculus	Metazoa	320	True
Q80VR2	Mus musculus	Metazoa	395	False
Q25321	Locusta migratoria	Metazoa	484	True
A9QM74	Homo sapiens	Metazoa	516	False
Q2LAJ3	Solanum lycopersicum	Plants	846	False
Q9ESV1	Rattus norvegicus	Metazoa	1051	False
Q5W9E7	Arabidopsis thaliana	Plants	659	False
O64883	Arabidopsis thaliana	Plants	560	False
Q5VYK3	Homo sapiens	Metazoa	1845	False
Q86Y25	Homo sapiens	Metazoa	554	False
Q9SQH9	Arabidopsis thaliana	Plants	498	True
Q8CJ26	Mus musculus	Metazoa	228	True
P25025	Homo sapiens	Metazoa	360	True
P62861	Homo sapiens	Metazoa	133	False
P42949	Saccharomyces cerevisiae (strain ATCC 204508 / S288c)	Fungi	149	False
P40617	Homo sapiens	Metazoa	200	False
Q99LD8	Mus musculus	Metazoa	285	False
Q9ZQI7	Arabidopsis thaliana	Plants	456	False
F4I9J7	Arabidopsis thaliana	Plants	202	False
Q03611	Caenorhabditis elegans	Metazoa	733	False
P06350	Oncorhynchus mykiss	Metazoa	207	False
Q9NWT8	Homo sapiens	Metazoa	199	False
Q6SKR5	Xenopus laevis	Metazoa	228	False
Q03246	Saccharomyces cerevisiae (strain ATCC 204508 / S288c)	Fungi	237	False
P52591	Rattus norvegicus	Metazoa	1199	True
P62331	Mus musculus	Metazoa	175	False
P17012	Mus musculus	Metazoa	799	False
Q9HG09	Komagataella pastoris	Fungi	425	False
Q8NB78	Homo sapiens	Metazoa	822	False
Q13426	Homo sapiens	Metazoa	336	False
Q62141	Mus musculus	Metazoa	1098	False
P47138	Saccharomyces cerevisiae (strain ATCC 204508 / S288c)	Fungi	172	False
Q04728	Saccharomyces cerevisiae (strain ATCC 204508 / S288c)	Fungi	441	False
O13894	Schizosaccharomyces pombe (strain 972 / ATCC 24843)	Fungi	124	False
Q9ZWA6	Arabidopsis thaliana	Plants	506	False
Q9CQH3	Mus musculus	Metazoa	189	True
A2AKX3	Mus musculus	Metazoa	2646	False
Q6ECI4	Homo sapiens	Metazoa	717	False
Q9UIA9	Homo sapiens	Metazoa	1087	False
Q6B9X6	Dictyostelium discoideum	Other	625	False
Q86UA6	Homo sapiens	Metazoa	219	False
Q9VX12	Drosophila melanogaster	Metazoa	359	False
Q8JZL0	Mus musculus	Metazoa	594	False
Q8K136	Mus musculus	Metazoa	229	False
Q24434	Drosophila melanogaster	Metazoa	479	False
P0CT67	Schizosaccharomyces pombe (strain 972 / ATCC 24843)	Fungi	152	False
P25573	Saccharomyces cerevisiae (strain ATCC 204508 / S288c)	Fungi	417	True
P47196	Rattus norvegicus	Metazoa	480	False
Q9UHX1	Homo sapiens	Metazoa	559	False
P21138	Entamoeba histolytica (strain ATCC 30459 / HM-1:IMSS / ABRM)	Other	233	False
A2AM29	Mus musculus	Metazoa	569	False
Q08702	Saccharomyces cerevisiae (strain ATCC 204508 / S288c)	Fungi	217	False
Q9USJ7	Schizosaccharomyces pombe (strain 972 / ATCC 24843)	Fungi	393	False
O89043	Rattus norvegicus	Metazoa	600	False
Q15942	Homo sapiens	Metazoa	572	False
Q08913	Saccharomyces cerevisiae (strain ATCC 204508 / S288c)	Fungi	375	True
Q8NCD3	Homo sapiens	Metazoa	748	False
Q9SQ70	Papaver somniferum	Plants	321	False
Q80VY9	Mus musculus	Metazoa	698	False
P55073	Homo sapiens	Metazoa	304	True
Q9LIH6	Arabidopsis thaliana	Plants	330	False
Q8GUL2	Arabidopsis thaliana	Plants	958	False
P19836	Rattus norvegicus	Metazoa	367	False
Q9Z2T2	Rattus norvegicus	Metazoa	336	True
Q02759	Rattus norvegicus	Metazoa	663	False
P30793	Homo sapiens	Metazoa	250	False
Q1MTM9	Schizosaccharomyces pombe (strain 972 / ATCC 24843)	Fungi	977	False
O88705	Mus musculus	Metazoa	779	False
Q6ZPV2	Mus musculus	Metazoa	1559	False
G5EGB2	Caenorhabditis elegans	Metazoa	459	False
H2LNR5	Oryzias latipes	Metazoa	746	False
O00574	Homo sapiens	Metazoa	342	True
P50278	Saccharomyces cerevisiae (strain ATCC 204508 / S288c)	Fungi	321	False
Q9Y572	Homo sapiens	Metazoa	518	False
P28778	Saccharomyces cerevisiae (strain ATCC 204508 / S288c)	Fungi	131	False
Q5SGE0	Rattus norvegicus	Metazoa	1392	False
Q14188	Homo sapiens	Metazoa	446	False
Q8WYQ5	Homo sapiens	Metazoa	773	False
Q9UPN3	Homo sapiens	Metazoa	7388	False
Q7K6X4	Caenorhabditis elegans	Metazoa	497	False
O35430	Rattus norvegicus	Metazoa	839	False
Q66KV4	Xenopus laevis	Metazoa	90	False
Q9GZU7	Homo sapiens	Metazoa	261	False
O59701	Schizosaccharomyces pombe (strain 972 / ATCC 24843)	Fungi	351	False
Q9Y2I1	Homo sapiens	Metazoa	1504	False
O00268	Homo sapiens	Metazoa	1085	False
Q9HD15	Homo sapiens	Metazoa	224	False
Q8BK84	Mus musculus	Metazoa	215	False
P53540	Saccharomyces cerevisiae (strain ATCC 204508 / S288c)	Fungi	846	False
P41896	Saccharomyces cerevisiae (strain ATCC 204508 / S288c)	Fungi	400	False
Q86TV6	Homo sapiens	Metazoa	843	False
Q8TAE8	Homo sapiens	Metazoa	222	False
Q8N8R5	Homo sapiens	Metazoa	385	False
Q4AE70	Rattus norvegicus	Metazoa	651	False
Q0D9S3	Oryza sativa subsp. japonica	Plants	530	True
Q91WD2	Mus musculus	Metazoa	767	False
Q9Y222	Homo sapiens	Metazoa	760	False
P43273	Arabidopsis thaliana	Plants	330	False
Q8GY84	Arabidopsis thaliana	Plants	456	False
O15234	Homo sapiens	Metazoa	703	False
P13489	Homo sapiens	Metazoa	461	False
Q96CB8	Homo sapiens	Metazoa	462	False
P06601	Drosophila melanogaster	Metazoa	613	False
Q9LFQ9	Arabidopsis thaliana	Plants	359	False
P35803	Mus musculus	Metazoa	328	True
P16671	Homo sapiens	Metazoa	472	True
Q9FI53	Arabidopsis thaliana	Plants	499	False
Q86VL8	Homo sapiens	Metazoa	602	True
Q6BDR8	Schizosaccharomyces pombe (strain 972 / ATCC 24843)	Fungi	300	False
Q8SX37	Drosophila melanogaster	Metazoa	224	True
Q16254	Homo sapiens	Metazoa	413	False
Q8TF45	Homo sapiens	Metazoa	676	False
P34213	Caenorhabditis elegans	Metazoa	205	False
F4JN35	Arabidopsis thaliana	Plants	512	False
D3Z3K2	Mus musculus	Metazoa	276	False
Q00731	Mus musculus	Metazoa	392	False
Q9Z125	Mus musculus	Metazoa	519	False
Q9H040	Homo sapiens	Metazoa	489	False
P50093	Caenorhabditis elegans	Metazoa	294	True
Q8RXA8	Spinacia oleracea	Plants	235	False
Q95748	Arabidopsis thaliana	Plants	190	False
A2VCW5	Rattus norvegicus	Metazoa	479	True
Q9Z2M4	Rattus norvegicus	Metazoa	292	False
Q8BTQ0	Mus musculus	Metazoa	241	False
P16387	Saccharomyces cerevisiae (strain ATCC 204508 / S288c)	Fungi	420	False
Q96326	Arabidopsis thaliana	Plants	256	True
G7L166	Medicago truncatula	Plants	674	False
L0R6Q1	Homo sapiens	Metazoa	103	True
Q9NW13	Homo sapiens	Metazoa	759	False
Q94F30	Arabidopsis thaliana	Plants	489	False
Q5D869	Arabidopsis thaliana	Plants	1976	False
Q9UI26	Homo sapiens	Metazoa	975	False
F4JCC1	Arabidopsis thaliana	Plants	992	False
B6ZKM3	Carapichea ipecacuanha	Plants	543	False
Q91YR5	Mus musculus	Metazoa	698	False
Q10MI4	Oryza sativa subsp. japonica	Plants	895	False
P53743	Saccharomyces cerevisiae (strain ATCC 204508 / S288c)	Fungi	316	False
Q03281	Saccharomyces cerevisiae (strain ATCC 204508 / S288c)	Fungi	663	False
P40548	Saccharomyces cerevisiae (strain ATCC 204508 / S288c)	Fungi	159	True
Q42290	Arabidopsis thaliana	Plants	531	False
Q07510	Spinacia oleracea	Plants	405	False
Q9NXE4	Homo sapiens	Metazoa	866	False
Q11184	Caenorhabditis elegans	Metazoa	425	False
P32785	Saccharomyces cerevisiae (strain ATCC 204508 / S288c)	Fungi	401	False
Q09738	Schizosaccharomyces pombe (strain 972 / ATCC 24843)	Fungi	449	False
P22315	Mus musculus	Metazoa	422	False
P56394	Mus musculus	Metazoa	63	False
P36136	Saccharomyces cerevisiae (strain ATCC 204508 / S288c)	Fungi	271	False
Q9FLU1	Arabidopsis thaliana	Plants	454	False
Q96EL3	Homo sapiens	Metazoa	112	False
Q84V18	Chlamydomonas reinhardtii	Plants	754	False
Q60560	Mesocricetus auratus	Metazoa	989	False
Q9H0S4	Homo sapiens	Metazoa	455	False
Q4V7C6	Rattus norvegicus	Metazoa	693	False
P93203	Solanum lycopersicum	Plants	697	False
B9DGI8	Arabidopsis thaliana	Plants	314	False
G3V7L5	Rattus norvegicus	Metazoa	412	False
Q05315	Homo sapiens	Metazoa	142	False
Q9BEA2	Bos taurus	Metazoa	577	False
Q7TSZ8	Mus musculus	Metazoa	514	False
A0MES8	Arabidopsis thaliana	Plants	328	False
P08153	Saccharomyces cerevisiae (strain ATCC 204508 / S288c)	Fungi	709	False
Q99NA2	Mus musculus	Metazoa	322	False
Q9UMS4	Homo sapiens	Metazoa	504	False
O54825	Mus musculus	Metazoa	436	False
Q8R316	Mus musculus	Metazoa	516	False
Q9P7J7	Schizosaccharomyces pombe (strain 972 / ATCC 24843)	Fungi	437	False
P35735	Saccharomyces cerevisiae (strain ATCC 204508 / S288c)	Fungi	353	True
O88767	Rattus norvegicus	Metazoa	189	False
Q9CQY6	Mus musculus	Metazoa	136	False
Q9ULI0	Homo sapiens	Metazoa	1458	False
Q8NDD1	Homo sapiens	Metazoa	293	False
Q969X0	Homo sapiens	Metazoa	211	False
O60264	Homo sapiens	Metazoa	1052	False
P22778	Ipomoea batatas	Plants	244	False
P45968	Caenorhabditis elegans	Metazoa	339	False
O13709	Schizosaccharomyces pombe (strain 972 / ATCC 24843)	Fungi	244	False
Q9LU93	Arabidopsis thaliana	Plants	209	False
P40625	Tetrahymena pyriformis	Other	99	False
P22739	Xenopus laevis	Metazoa	499	False
Q9UPS6	Homo sapiens	Metazoa	1966	False
Q9FQ09	Arabidopsis thaliana	Plants	680	False
P34766	Caenorhabditis elegans	Metazoa	270	False
P46963	Saccharomyces cerevisiae (strain ATCC 204508 / S288c)	Fungi	296	False
Q05900	Saccharomyces cerevisiae (strain ATCC 204508 / S288c)	Fungi	231	False
P28230	Mus musculus	Metazoa	283	True
Q20924	Caenorhabditis elegans	Metazoa	473	False
Q27415	Drosophila melanogaster	Metazoa	152	False
Q8CFZ5	Mus musculus	Metazoa	553	True
O23277	Arabidopsis thaliana	Plants	1330	False
Q9M384	Arabidopsis thaliana	Plants	653	False
Q94527	Drosophila melanogaster	Metazoa	971	False
Q9FFW5	Arabidopsis thaliana	Plants	681	False
Q8WUX9	Homo sapiens	Metazoa	453	False
Q9FJG9	Arabidopsis thaliana	Plants	445	False
Q09821	Sus scrofa	Metazoa	138	False
Q86YD1	Homo sapiens	Metazoa	416	False
Q0D2I5	Homo sapiens	Metazoa	559	False
Q05860	Mus musculus	Metazoa	1466	False
Q9NXW2	Homo sapiens	Metazoa	375	False
Q852L0	Oryza sativa subsp. japonica	Plants	707	False
Q9HFF5	Schizosaccharomyces pombe (strain 972 / ATCC 24843)	Fungi	1205	False
Q9WVL3	Mus musculus	Metazoa	1083	False
P52701	Homo sapiens	Metazoa	1360	False
P10070	Homo sapiens	Metazoa	1586	False
O54942	Mus musculus	Metazoa	218	True
Q9UBS0	Homo sapiens	Metazoa	482	False
Q8NBU5	Homo sapiens	Metazoa	361	True
Q9EPT8	Rattus norvegicus	Metazoa	251	True
P28644	Spinacia oleracea	Plants	233	False
P09884	Homo sapiens	Metazoa	1462	False
Q2YDI5	Bos taurus	Metazoa	212	False
Q15054	Homo sapiens	Metazoa	466	False
Q9SZD4	Arabidopsis thaliana	Plants	443	False
P00060	Solanum lycopersicum	Plants	111	False
Q9P7N2	Schizosaccharomyces pombe (strain 972 / ATCC 24843)	Fungi	162	False
Q59UY7	Candida albicans (strain SC5314 / ATCC MYA-2876)	Fungi	917	False
O22049	Arabidopsis thaliana	Plants	353	False
P69246	Zea mays	Plants	136	False
Q8K4V2	Rattus norvegicus	Metazoa	953	False
Q61425	Mus musculus	Metazoa	314	False
P48483	Arabidopsis thaliana	Plants	322	False
Q23529	Caenorhabditis elegans	Metazoa	777	False
Q33DK1	Oryza sativa subsp. japonica	Plants	203	False
Q9D855	Mus musculus	Metazoa	111	False
Q6P6U0	Rattus norvegicus	Metazoa	517	False
Q06710	Homo sapiens	Metazoa	450	False
Q07802	Mus musculus	Metazoa	591	False
Q96L50	Homo sapiens	Metazoa	414	False
Q6NYV9	Danio rerio	Metazoa	696	False
P31350	Homo sapiens	Metazoa	389	False
P40897	Saccharomyces cerevisiae (strain ATCC 204508 / S288c)	Fungi	799	False
Q96M94	Homo sapiens	Metazoa	604	False
A0A075D657	Vinca minor	Plants	322	False
F4KF14	Arabidopsis thaliana	Plants	855	False
Q581T1	Trypanosoma brucei brucei (strain 927/4 GUTat10.1)	Other	2167	False
Q22323	Caenorhabditis elegans	Metazoa	283	False
P04921	Homo sapiens	Metazoa	128	True
P34972	Homo sapiens	Metazoa	360	True
A2XKG2	Oryza sativa subsp. indica	Plants	472	False
Q04002	Saccharomyces cerevisiae (strain ATCC 204508 / S288c)	Fungi	1493	False
O43716	Homo sapiens	Metazoa	136	False
Q9DC70	Mus musculus	Metazoa	224	False
Q9LW29	Arabidopsis thaliana	Plants	575	False
P46609	Oryza sativa subsp. japonica	Plants	361	False
P32183	Rattus norvegicus	Metazoa	354	False
Q80U87	Mus musculus	Metazoa	1080	False
Q9LTF7	Arabidopsis thaliana	Plants	201	False
P47988	Saccharomyces cerevisiae (strain ATCC 204508 / S288c)	Fungi	759	False
Q15648	Homo sapiens	Metazoa	1581	False
Q8NFU7	Homo sapiens	Metazoa	2136	False
P47824	Rattus norvegicus	Metazoa	399	True
P25079	Solanum tuberosum	Plants	477	False
Q3C1E9	Gallus gallus	Metazoa	204	False
Q96WW2	Schizosaccharomyces pombe (strain 972 / ATCC 24843)	Fungi	383	False
Q7ZT01	Xenopus laevis	Metazoa	210	False
Q9HAC7	Homo sapiens	Metazoa	438	False
Q6AYD3	Rattus norvegicus	Metazoa	394	False
P25786	Homo sapiens	Metazoa	263	False
Q92959	Homo sapiens	Metazoa	643	True
Q71DI3	Homo sapiens	Metazoa	136	False
P54728	Mus musculus	Metazoa	416	False
V5IQE0	Neurospora crassa (strain ATCC 24698 / 74-OR23-1A / CBS 708.71 / DSM 1257 / FGSC 987)	Fungi	202	False
Q3TBL6	Mus musculus	Metazoa	204	False
P43246	Homo sapiens	Metazoa	934	False
Q92574	Homo sapiens	Metazoa	1164	False
Q96HJ9	Homo sapiens	Metazoa	113	False
B6HJ92	Penicillium rubens (strain ATCC 28089 / DSM 1075 / NRRL 1951 / Wisconsin 54-1255)	Fungi	552	False
Q16560	Homo sapiens	Metazoa	246	False
P61158	Homo sapiens	Metazoa	418	False
Q7Z5J4	Homo sapiens	Metazoa	1906	False
Q9LZN0	Arabidopsis thaliana	Plants	546	False
Q8BYM8	Mus musculus	Metazoa	551	False
A0A0A6YY25	Mus musculus	Metazoa	723	False
Q8R3U1	Mus musculus	Metazoa	162	False
Q38946	Arabidopsis thaliana	Plants	411	False
Q14765	Homo sapiens	Metazoa	748	False
Q6AT90	Oryza sativa subsp. japonica	Plants	505	False
Q9P804	Schizosaccharomyces pombe (strain 972 / ATCC 24843)	Fungi	548	False
Q9SAR5	Arabidopsis thaliana	Plants	342	False
P25457	Schizosaccharomyces pombe (strain 972 / ATCC 24843)	Fungi	250	False
P35499	Homo sapiens	Metazoa	1836	False
Q8WTR7	Homo sapiens	Metazoa	871	False
P08760	Bos taurus	Metazoa	227	False
P00021	Columba livia	Metazoa	105	False
Q5XJV7	Mus musculus	Metazoa	1441	False
O49621	Arabidopsis thaliana	Plants	526	True
O24475	Abies grandis	Plants	628	False
Q3EBQ3	Arabidopsis thaliana	Plants	807	False
P15398	Schizosaccharomyces pombe (strain 972 / ATCC 24843)	Fungi	1689	False
P12301	Spinacia oleracea	Plants	232	False
Q8CII8	Mus musculus	Metazoa	388	False
G5EFZ3	Caenorhabditis elegans	Metazoa	570	False
O00308	Homo sapiens	Metazoa	870	False
P86924	Trypanosoma brucei brucei	Other	416	False
Q99878	Homo sapiens	Metazoa	128	False
Q9W485	Drosophila melanogaster	Metazoa	1284	False
P40215	Saccharomyces cerevisiae (strain ATCC 204508 / S288c)	Fungi	560	False
Q10666	Caenorhabditis elegans	Metazoa	438	False
O94776	Homo sapiens	Metazoa	668	False
Q801G2	Danio rerio	Metazoa	354	True
Q92366	Schizosaccharomyces pombe (strain 972 / ATCC 24843)	Fungi	61	False
Q60795	Mus musculus	Metazoa	597	False
O54957	Mus musculus	Metazoa	242	True
P23763	Homo sapiens	Metazoa	118	False
C6SZ50	Glycine max	Plants	211	False
D3ZUI5	Rattus norvegicus	Metazoa	1133	False
Q12055	Saccharomyces cerevisiae (strain ATCC 204508 / S288c)	Fungi	197	False
B5X0I6	Arabidopsis thaliana	Plants	1091	False
Q9C895	Arabidopsis thaliana	Plants	900	False
Q03347	Mus musculus	Metazoa	451	False
P38121	Saccharomyces cerevisiae (strain ATCC 204508 / S288c)	Fungi	705	False
Q9CUU3	Mus musculus	Metazoa	1500	False
Q00361	Bos taurus	Metazoa	71	False
Q9LQ98	Arabidopsis thaliana	Plants	345	False
P19682	Nicotiana sylvestris	Plants	276	False
Q20060	Caenorhabditis elegans	Metazoa	1549	False
Q0JLP9	Oryza sativa subsp. japonica	Plants	467	False
Q62847	Rattus norvegicus	Metazoa	705	False
Q9H813	Homo sapiens	Metazoa	350	True
Q6ZJM9	Oryza sativa subsp. japonica	Plants	563	False
P82920	Bos taurus	Metazoa	87	False
Q96329	Arabidopsis thaliana	Plants	436	False
G5EBN9	Caenorhabditis elegans	Metazoa	600	True
Q64702	Mus musculus	Metazoa	925	False
O95125	Homo sapiens	Metazoa	648	False
Q6IQ55	Homo sapiens	Metazoa	1244	False
P58467	Mus musculus	Metazoa	439	False
Q0WQG8	Arabidopsis thaliana	Plants	467	True
Q9UK17	Homo sapiens	Metazoa	655	False
G5EFY7	Caenorhabditis elegans	Metazoa	295	False
Q62915	Rattus norvegicus	Metazoa	909	False
Q9ULV3	Homo sapiens	Metazoa	898	False
P53313	Saccharomyces cerevisiae (strain ATCC 204508 / S288c)	Fungi	767	False
Q9BRQ6	Homo sapiens	Metazoa	235	False
Q54QR9	Dictyostelium discoideum	Other	584	False
H2KYH4	Caenorhabditis elegans	Metazoa	392	False
P00423	Bos taurus	Metazoa	169	False
Q9GZL7	Homo sapiens	Metazoa	423	False
P49957	Saccharomyces cerevisiae (strain ATCC 204508 / S288c)	Fungi	279	False
Q53GL0	Homo sapiens	Metazoa	409	False
Q8NAP3	Homo sapiens	Metazoa	1195	False
P47102	Saccharomyces cerevisiae (strain ATCC 204508 / S288c)	Fungi	1408	False
Q8NE71	Homo sapiens	Metazoa	845	False
Q92664	Homo sapiens	Metazoa	365	False
O88576	Mus musculus	Metazoa	615	True
Q96FF9	Homo sapiens	Metazoa	252	False
P49869	Drosophila melanogaster	Metazoa	1073	False
P48349	Arabidopsis thaliana	Plants	248	False
F4JZY1	Arabidopsis thaliana	Plants	1586	False
F4IHY7	Arabidopsis thaliana	Plants	527	False
Q3U1J0	Mus musculus	Metazoa	479	True
Q9S850	Arabidopsis thaliana	Plants	393	False
Q8C6L5	Mus musculus	Metazoa	507	False
Q9BUZ4	Homo sapiens	Metazoa	470	False
Q12778	Homo sapiens	Metazoa	655	False
O80990	Arabidopsis thaliana	Plants	352	False
Q8BHK3	Mus musculus	Metazoa	478	True
P00430	Bos taurus	Metazoa	63	True
P40038	Saccharomyces cerevisiae (strain ATCC 204508 / S288c)	Fungi	420	False
P31000	Rattus norvegicus	Metazoa	466	False
P04909	Schizosaccharomyces pombe (strain 972 / ATCC 24843)	Fungi	132	False
A0A075TRA9	Penicillium expansum	Fungi	546	True
Q64373	Mus musculus	Metazoa	233	False
Q9Y463	Homo sapiens	Metazoa	629	False
Q10953	Caenorhabditis elegans	Metazoa	796	False
O94768	Homo sapiens	Metazoa	372	False
Q04003	Saccharomyces cerevisiae (strain ATCC 204508 / S288c)	Fungi	481	False
Q93Y32	Arabidopsis thaliana	Plants	384	False
Q8R3C6	Mus musculus	Metazoa	952	False
P38198	Saccharomyces cerevisiae (strain ATCC 204508 / S288c)	Fungi	1513	False
P41921	Saccharomyces cerevisiae (strain ATCC 204508 / S288c)	Fungi	483	False
Q8IMA8	Drosophila melanogaster	Metazoa	1192	False
Q6KAU8	Mus musculus	Metazoa	623	False
A1L1K8	Rattus norvegicus	Metazoa	411	False
P38804	Saccharomyces cerevisiae (strain ATCC 204508 / S288c)	Fungi	111	False
Q9UT50	Schizosaccharomyces pombe (strain 972 / ATCC 24843)	Fungi	485	False
Q96PK6	Homo sapiens	Metazoa	669	False
O13600	Schizosaccharomyces pombe (strain 972 / ATCC 24843)	Fungi	209	False
Q9DA75	Mus musculus	Metazoa	534	True
O96237	Plasmodium falciparum (isolate 3D7)	Other	899	False
Q9FMG4	Arabidopsis thaliana	Plants	303	False
Q9BTX1	Homo sapiens	Metazoa	674	True
Q9ZT91	Arabidopsis thaliana	Plants	454	False
Q04364	Saccharomyces cerevisiae (strain ATCC 204508 / S288c)	Fungi	514	False
Q38890	Arabidopsis thaliana	Plants	621	True
Q9VRV7	Drosophila melanogaster	Metazoa	121	False
P92983	Arabidopsis thaliana	Plants	499	False
P48561	Saccharomyces cerevisiae (strain ATCC 204508 / S288c)	Fungi	642	False
P53835	Saccharomyces cerevisiae (strain ATCC 204508 / S288c)	Fungi	661	True
P57764	Homo sapiens	Metazoa	484	False
A0A3Q7HWE4	Solanum lycopersicum	Plants	165	False
P25453	Saccharomyces cerevisiae (strain ATCC 204508 / S288c)	Fungi	334	False
Q6QLQ4	Mus musculus	Metazoa	244	True
P54345	Chlamydomonas reinhardtii	Plants	156	False
Q61467	Mus musculus	Metazoa	341	False
P17809	Mus musculus	Metazoa	492	True
P30775	Saccharomyces cerevisiae (strain ATCC 204508 / S288c)	Fungi	413	False
P13681	Schizosaccharomyces pombe (strain 972 / ATCC 24843)	Fungi	327	False
P28358	Homo sapiens	Metazoa	340	False
P25555	Saccharomyces cerevisiae (strain ATCC 204508 / S288c)	Fungi	427	False
Q8LF36	Arabidopsis thaliana	Plants	492	False
Q6KAS7	Mus musculus	Metazoa	1311	False
Q0WVR4	Arabidopsis thaliana	Plants	345	False
Q6DE08	Xenopus laevis	Metazoa	361	False
Q39237	Arabidopsis thaliana	Plants	368	False
P16163	Drosophila melanogaster	Metazoa	352	False
Q810M6	Mus musculus	Metazoa	228	False
Q15717	Homo sapiens	Metazoa	326	False
Q96EP9	Homo sapiens	Metazoa	437	False
Q8BMI0	Mus musculus	Metazoa	1194	False
P38889	Saccharomyces cerevisiae (strain ATCC 204508 / S288c)	Fungi	622	False
Q9Y696	Homo sapiens	Metazoa	253	True
Q9ERS0	Rattus norvegicus	Metazoa	405	True
O46036	Drosophila melanogaster	Metazoa	476	False
Q6ZN28	Homo sapiens	Metazoa	852	False
Q9P793	Schizosaccharomyces pombe (strain 972 / ATCC 24843)	Fungi	1418	False
P43165	Rattus norvegicus	Metazoa	304	False
P22513	Trypanosoma cruzi	Other	359	False
Q8CIG3	Mus musculus	Metazoa	826	False
Q9USR9	Schizosaccharomyces pombe (strain 972 / ATCC 24843)	Fungi	643	False
Q61097	Mus musculus	Metazoa	873	False
Q8W4D8	Arabidopsis thaliana	Plants	314	False
Q9FN50	Arabidopsis thaliana	Plants	258	False
P23434	Homo sapiens	Metazoa	173	False
P36011	Emericella nidulans (strain FGSC A4 / ATCC 38163 / CBS 112.46 / NRRL 194 / M139)	Fungi	622	False
P03968	Bos taurus	Metazoa	155	False
Q9UUC7	Schizosaccharomyces pombe (strain 972 / ATCC 24843)	Fungi	366	False
O60127	Schizosaccharomyces pombe (strain 972 / ATCC 24843)	Fungi	126	False
Q5JK84	Oryza sativa subsp. japonica	Plants	432	False
Q01359	Neurospora crassa (strain ATCC 24698 / 74-OR23-1A / CBS 708.71 / DSM 1257 / FGSC 987)	Fungi	148	False
Q8TC56	Homo sapiens	Metazoa	605	False
Q8TCW9	Homo sapiens	Metazoa	393	True
Q7S6M9	Neurospora crassa (strain ATCC 24698 / 74-OR23-1A / CBS 708.71 / DSM 1257 / FGSC 987)	Fungi	309	False
P17812	Homo sapiens	Metazoa	591	False
Q969V6	Homo sapiens	Metazoa	931	False
P38060	Mus musculus	Metazoa	325	False
Q9VLD6	Drosophila melanogaster	Metazoa	315	False
P0CB49	Rattus norvegicus	Metazoa	1376	False
Q5K4L6	Homo sapiens	Metazoa	683	True
P78714	Neurospora crassa (strain ATCC 24698 / 74-OR23-1A / CBS 708.71 / DSM 1257 / FGSC 987)	Fungi	530	False
P60879	Mus musculus	Metazoa	206	False
P08907	Equus caballus	Metazoa	401	False
Q9BXJ9	Homo sapiens	Metazoa	866	False
Q9SU56	Arabidopsis thaliana	Plants	610	True
P23511	Homo sapiens	Metazoa	347	False
Q86LG1	Drosophila melanogaster	Metazoa	606	True
Q3E7A3	Saccharomyces cerevisiae (strain ATCC 204508 / S288c)	Fungi	74	True
Q8WZ42	Homo sapiens	Metazoa	34350	False
Q04836	Arabidopsis thaliana	Plants	329	False
Q7Z3K3	Homo sapiens	Metazoa	1410	False
P51784	Homo sapiens	Metazoa	963	False
Q8IXQ9	Homo sapiens	Metazoa	262	False
P11829	Arabidopsis thaliana	Plants	137	False
Q9MAC8	Arabidopsis thaliana	Plants	792	False
Q96P66	Homo sapiens	Metazoa	508	True
P86981	Podarcis siculus	Metazoa	81	False
P0C0S4	Bos taurus	Metazoa	128	False
A9C3R8	Danio rerio	Metazoa	532	False
P94077	Arabidopsis thaliana	Plants	189	False
Q6AVT2	Oryza sativa subsp. japonica	Plants	511	False
P04819	Saccharomyces cerevisiae (strain ATCC 204508 / S288c)	Fungi	755	False
Q3E7A4	Saccharomyces cerevisiae (strain ATCC 204508 / S288c)	Fungi	109	False
Q8T498	Drosophila melanogaster	Metazoa	1580	False
G5EEU2	Caenorhabditis elegans	Metazoa	714	False
Q8GUI6	Arabidopsis thaliana	Plants	954	False
P21372	Saccharomyces cerevisiae (strain ATCC 204508 / S288c)	Fungi	849	False
G5ED68	Caenorhabditis elegans	Metazoa	676	False
Q9SR43	Arabidopsis thaliana	Plants	329	False
Q7M400	Tetrahymena pyriformis	Other	121	False
P31414	Arabidopsis thaliana	Plants	770	True
P06701	Saccharomyces cerevisiae (strain ATCC 204508 / S288c)	Fungi	978	False
P37913	Mus musculus	Metazoa	916	False
Q9UU79	Schizosaccharomyces pombe (strain 972 / ATCC 24843)	Fungi	260	False
Q8BLB7	Mus musculus	Metazoa	883	False
P35561	Mus musculus	Metazoa	428	True
P45983	Homo sapiens	Metazoa	427	False
P13637	Homo sapiens	Metazoa	1013	True
C4R8D7	Komagataella phaffii (strain GS115 / ATCC 20864)	Fungi	409	False
Q5KKP4	Cryptococcus neoformans var. neoformans serotype D (strain JEC21 / ATCC MYA-565)	Fungi	640	False
P14923	Homo sapiens	Metazoa	745	False
P28519	Saccharomyces cerevisiae (strain ATCC 204508 / S288c)	Fungi	371	False
Q924A5	Rattus norvegicus	Metazoa	475	True
Q9BTE3	Homo sapiens	Metazoa	642	False
O13799	Schizosaccharomyces pombe (strain 972 / ATCC 24843)	Fungi	1030	False
Q9N5A8	Caenorhabditis elegans	Metazoa	228	False
Q62962	Rattus norvegicus	Metazoa	512	True
O74458	Schizosaccharomyces pombe (strain 972 / ATCC 24843)	Fungi	1006	False
P30153	Homo sapiens	Metazoa	589	False
P38333	Saccharomyces cerevisiae (strain ATCC 204508 / S288c)	Fungi	483	False
Q8K2X3	Mus musculus	Metazoa	378	False
P55853	Caenorhabditis elegans	Metazoa	91	False
O13725	Schizosaccharomyces pombe (strain 972 / ATCC 24843)	Fungi	242	False
Q9P2Y4	Homo sapiens	Metazoa	722	False
Q9H0C3	Homo sapiens	Metazoa	514	True
Q96F07	Homo sapiens	Metazoa	1278	False
Q60641	Mus musculus	Metazoa	488	False
Q9Y2Q0	Homo sapiens	Metazoa	1164	True
Q8R0W0	Mus musculus	Metazoa	6548	False
W5U2K2	Catharanthus roseus	Plants	289	False
Q96SB8	Homo sapiens	Metazoa	1091	False
P08635	Rattus norvegicus	Metazoa	263	False
Q99188	Saccharomyces cerevisiae (strain ATCC 204508 / S288c)	Fungi	309	False
Q708S6	Danio rerio	Metazoa	529	True
P53369	Rattus norvegicus	Metazoa	156	False
Q20497	Caenorhabditis elegans	Metazoa	3498	False
P06404	Marchantia polymorpha	Plants	353	True
P38205	Saccharomyces cerevisiae (strain ATCC 204508 / S288c)	Fungi	684	False
Q28838	Bos taurus	Metazoa	468	True
P79015	Schizosaccharomyces pombe (strain 972 / ATCC 24843)	Fungi	127	False
Q8K4F5	Mus musculus	Metazoa	307	False
P14410	Homo sapiens	Metazoa	1827	True
Q6P6N5	Mus musculus	Metazoa	408	False
Q8NFA2	Homo sapiens	Metazoa	376	False
O96007	Homo sapiens	Metazoa	188	False
P07871	Rattus norvegicus	Metazoa	424	False
Q15014	Homo sapiens	Metazoa	288	False
Q96FI4	Homo sapiens	Metazoa	390	False
Q91V45	Mus musculus	Metazoa	396	True
Q8CEG8	Mus musculus	Metazoa	438	False
Q92540	Homo sapiens	Metazoa	1137	False
P35869	Homo sapiens	Metazoa	848	False
P25299	Saccharomyces cerevisiae (strain ATCC 204508 / S288c)	Fungi	296	False
Q75Q39	Rattus norvegicus	Metazoa	610	True
P06100	Saccharomyces cerevisiae (strain ATCC 204508 / S288c)	Fungi	191	False
P40562	Saccharomyces cerevisiae (strain ATCC 204508 / S288c)	Fungi	993	False
Q5JVS0	Homo sapiens	Metazoa	413	False
Q9Z0W7	Rattus norvegicus	Metazoa	253	True
P54842	Rattus norvegicus	Metazoa	323	False
Q04217	Saccharomyces cerevisiae (strain ATCC 204508 / S288c)	Fungi	1267	False
P69149	Tetrahymena pyriformis	Other	136	False
G5EFS4	Caenorhabditis elegans	Metazoa	311	False
Q9LRZ3	Arabidopsis thaliana	Plants	641	False
Q9LZX6	Arabidopsis thaliana	Plants	365	False
Q9LQL0	Arabidopsis thaliana	Plants	166	False
Q7Z6L0	Homo sapiens	Metazoa	340	False
Q8L4D8	Arabidopsis thaliana	Plants	587	False
Q96Q83	Homo sapiens	Metazoa	286	False
Q05937	Saccharomyces cerevisiae (strain ATCC 204508 / S288c)	Fungi	343	False
Q9M7N6	Solanum lycopersicum	Plants	152	False
Q68ED7	Mus musculus	Metazoa	630	False
Q13206	Homo sapiens	Metazoa	875	False
O35864	Mus musculus	Metazoa	334	False
P62875	Homo sapiens	Metazoa	67	False
F4JHN2	Arabidopsis thaliana	Plants	534	False
Q9HAW4	Homo sapiens	Metazoa	1339	False
Q9CA89	Arabidopsis thaliana	Plants	515	False
P38278	Saccharomyces cerevisiae (strain ATCC 204508 / S288c)	Fungi	337	False
Q5AL36	Candida albicans (strain SC5314 / ATCC MYA-2876)	Fungi	269	False
P69850	Saccharomyces cerevisiae (strain ATCC 204508 / S288c)	Fungi	94	False
Q12104	Saccharomyces cerevisiae (strain ATCC 204508 / S288c)	Fungi	458	False
P46684	Mus musculus	Metazoa	447	False
P63094	Mus musculus	Metazoa	394	False
O94286	Schizosaccharomyces pombe (strain 972 / ATCC 24843)	Fungi	178	False
Q9UBX3	Homo sapiens	Metazoa	287	True
P51557	Mus musculus	Metazoa	284	False
Q55D99	Dictyostelium discoideum	Other	1197	False
Q944N1	Solanum lycopersicum	Plants	399	False
Q92265	Komagataella pastoris	Fungi	419	True
P15390	Rattus norvegicus	Metazoa	1840	False
Q24325	Drosophila melanogaster	Metazoa	1221	False
Q8C9E8	Mus musculus	Metazoa	313	True
Q9LFY0	Arabidopsis thaliana	Plants	532	False
Q8L743	Arabidopsis thaliana	Plants	599	False
Q9LY74	Arabidopsis thaliana	Plants	338	False
O74511	Schizosaccharomyces pombe (strain 972 / ATCC 24843)	Fungi	838	False
P16861	Saccharomyces cerevisiae (strain ATCC 204508 / S288c)	Fungi	987	False
Q12150	Saccharomyces cerevisiae (strain ATCC 204508 / S288c)	Fungi	2958	True
Q6NM26	Arabidopsis thaliana	Plants	222	False
Q62432	Mus musculus	Metazoa	467	False
Q5T1C6	Homo sapiens	Metazoa	240	False
Q8LB54	Arabidopsis thaliana	Plants	355	False
Q53S58	Homo sapiens	Metazoa	311	True
Q9BYD3	Homo sapiens	Metazoa	311	False
P47093	Saccharomyces cerevisiae (strain ATCC 204508 / S288c)	Fungi	109	False
Q38950	Arabidopsis thaliana	Plants	587	False
P41977	Caenorhabditis elegans	Metazoa	218	False
P04150	Homo sapiens	Metazoa	777	False
Q60547	Mesocricetus auratus	Metazoa	234	False
P41004	Schizosaccharomyces pombe (strain 972 / ATCC 24843)	Fungi	1324	False
P53535	Solanum tuberosum	Plants	974	False
P46199	Homo sapiens	Metazoa	727	False
O00291	Homo sapiens	Metazoa	1037	False
P78917	Schizosaccharomyces pombe (strain 972 / ATCC 24843)	Fungi	550	False
Q7Y1W1	Arabidopsis thaliana	Plants	527	False
P03949	Caenorhabditis elegans	Metazoa	1224	False
Q9UU99	Schizosaccharomyces pombe (strain 972 / ATCC 24843)	Fungi	1008	False
Q9LHF5	Arabidopsis thaliana	Plants	602	False
Q06639	Saccharomyces cerevisiae (strain ATCC 204508 / S288c)	Fungi	885	False
Q9C029	Homo sapiens	Metazoa	511	False
Q6PB66	Mus musculus	Metazoa	1392	False
Q9NAD6	Caenorhabditis elegans	Metazoa	706	False
Q8RWI0	Arabidopsis thaliana	Plants	391	True
Q55BP0	Dictyostelium discoideum	Other	136	False
E9PUL5	Mus musculus	Metazoa	346	False
P40007	Saccharomyces cerevisiae (strain ATCC 204508 / S288c)	Fungi	231	False
O96028	Homo sapiens	Metazoa	1365	False
Q9FFD2	Arabidopsis thaliana	Plants	348	False
Q01406	Gallus gallus	Metazoa	563	False
P30706	Pisum sativum	Plants	457	False
Q04373	Saccharomyces cerevisiae (strain ATCC 204508 / S288c)	Fungi	656	False
Q8BZ47	Mus musculus	Metazoa	1413	False
O95477	Homo sapiens	Metazoa	2261	True
Q6SJ95	Mus musculus	Metazoa	350	False
P38826	Saccharomyces cerevisiae (strain ATCC 204508 / S288c)	Fungi	435	False
O75807	Homo sapiens	Metazoa	674	False
O82794	Arabidopsis thaliana	Plants	220	False
Q8T0D4	Drosophila melanogaster	Metazoa	299	False
Q9QY14	Mus musculus	Metazoa	288	False
P51556	Rattus norvegicus	Metazoa	727	False
O13744	Schizosaccharomyces pombe (strain 972 / ATCC 24843)	Fungi	259	False
P16580	Gallus gallus	Metazoa	373	False
Q9UTK4	Schizosaccharomyces pombe (strain 972 / ATCC 24843)	Fungi	1807	False
Q9UKD2	Homo sapiens	Metazoa	239	False
U9W8F2	Neurospora crassa (strain ATCC 24698 / 74-OR23-1A / CBS 708.71 / DSM 1257 / FGSC 987)	Fungi	110	False
P38075	Saccharomyces cerevisiae (strain ATCC 204508 / S288c)	Fungi	228	False
Q28021	Bos taurus	Metazoa	1388	False
Q8LLD0	Arabidopsis thaliana	Plants	1046	False
Q9M1Z3	Arabidopsis thaliana	Plants	91	False
Q93ZF6	Arabidopsis thaliana	Plants	153	False
H2KZH5	Caenorhabditis elegans	Metazoa	621	False
G5EDU6	Caenorhabditis elegans	Metazoa	280	False
Q9CPN8	Mus musculus	Metazoa	579	False
Q941F1	Arabidopsis thaliana	Plants	515	False
O75394	Homo sapiens	Metazoa	65	False
Q14160	Homo sapiens	Metazoa	1655	False
Q9VLU0	Drosophila melanogaster	Metazoa	90	False
P31689	Homo sapiens	Metazoa	397	False
Q9NUX5	Homo sapiens	Metazoa	634	False
Q9ZV08	Arabidopsis thaliana	Plants	291	False
Q6NTJ3	Xenopus laevis	Metazoa	887	False
Q6RFH5	Homo sapiens	Metazoa	385	False
Q96T55	Homo sapiens	Metazoa	309	True
Q96QE2	Homo sapiens	Metazoa	648	True
Q9P2D8	Homo sapiens	Metazoa	2635	False
Q6AT41	Oryza sativa subsp. japonica	Plants	451	False
P61076	Plasmodium falciparum (isolate 3D7)	Other	617	False
Q8R5G7	Mus musculus	Metazoa	1538	False
Q04370	Saccharomyces cerevisiae (strain ATCC 204508 / S288c)	Fungi	399	True
P20069	Rattus norvegicus	Metazoa	524	False
Q8LAC4	Arabidopsis thaliana	Plants	322	False
Q13901	Homo sapiens	Metazoa	141	False
P15999	Rattus norvegicus	Metazoa	553	False
Q7M4G7	Patiria pectinifera	Metazoa	122	False
O02324	Caenorhabditis elegans	Metazoa	137	False
G3UVW3	Mus musculus	Metazoa	457	True
Q9JI10	Mus musculus	Metazoa	497	False
P56746	Homo sapiens	Metazoa	228	True
Q9R0N7	Mus musculus	Metazoa	403	True
O74381	Schizosaccharomyces pombe (strain 972 / ATCC 24843)	Fungi	467	False
Q9FG13	Arabidopsis thaliana	Plants	329	False
Q6I621	Oryza sativa subsp. japonica	Plants	510	False
P93009	Arabidopsis thaliana	Plants	182	False
Q9QXP0	Mus musculus	Metazoa	498	True
P79110	Bos taurus	Metazoa	311	True
P00045	Saccharomyces cerevisiae (strain ATCC 204508 / S288c)	Fungi	113	False
P48437	Mus musculus	Metazoa	737	False
Q05809	Saccharomyces cerevisiae (strain ATCC 204508 / S288c)	Fungi	96	False
Q9M7X9	Arabidopsis thaliana	Plants	183	False
Q9UT18	Schizosaccharomyces pombe (strain 972 / ATCC 24843)	Fungi	591	False
O35368	Mus musculus	Metazoa	408	False
O94428	Schizosaccharomyces pombe (strain 972 / ATCC 24843)	Fungi	115	False
O14520	Homo sapiens	Metazoa	342	True
Q9SCU7	Arabidopsis thaliana	Plants	323	False
P54144	Arabidopsis thaliana	Plants	501	True
Q9UU84	Schizosaccharomyces pombe (strain 972 / ATCC 24843)	Fungi	426	False
Q24207	Drosophila melanogaster	Metazoa	228	False
G5EFY4	Caenorhabditis elegans	Metazoa	286	False
Q5MGA9	Oryza sativa subsp. indica	Plants	301	False
Q9SZR9	Arabidopsis thaliana	Plants	638	False
P39995	Saccharomyces cerevisiae (strain ATCC 204508 / S288c)	Fungi	279	False
Q08499	Homo sapiens	Metazoa	809	False
P38204	Saccharomyces cerevisiae (strain ATCC 204508 / S288c)	Fungi	145	False
Q17390	Caenorhabditis elegans	Metazoa	791	False
Q9VDY1	Drosophila melanogaster	Metazoa	1638	False
Q61644	Mus musculus	Metazoa	441	False
Q9S7H8	Arabidopsis thaliana	Plants	569	False
Q9H2D6	Homo sapiens	Metazoa	2365	False
B1AZ99	Mus musculus	Metazoa	396	False
Q9Z0S6	Mus musculus	Metazoa	231	True
P25451	Saccharomyces cerevisiae (strain ATCC 204508 / S288c)	Fungi	205	False
Q9LN63	Arabidopsis thaliana	Plants	335	False
Q920B9	Mus musculus	Metazoa	1047	False
P02285	Marthasterias glacialis	Metazoa	121	False
O94487	Schizosaccharomyces pombe (strain 972 / ATCC 24843)	Fungi	624	False
Q9NT68	Homo sapiens	Metazoa	2774	False
Q6PDS3	Mus musculus	Metazoa	724	False
P22694	Homo sapiens	Metazoa	351	False
Q9M4A1	Arabidopsis thaliana	Plants	383	False
Q9H3S7	Homo sapiens	Metazoa	1636	False
P31369	Drosophila melanogaster	Metazoa	498	False
P91276	Caenorhabditis elegans	Metazoa	531	False
Q13838	Homo sapiens	Metazoa	428	False
Q3E7A8	Saccharomyces cerevisiae (strain ATCC 204508 / S288c)	Fungi	72	False
O74904	Schizosaccharomyces pombe (strain 972 / ATCC 24843)	Fungi	122	False
Q07803	Rattus norvegicus	Metazoa	751	False
P54103	Mus musculus	Metazoa	621	False
Q13428	Homo sapiens	Metazoa	1488	False
Q92737	Homo sapiens	Metazoa	203	False
Q08096	Saccharomyces cerevisiae (strain ATCC 204508 / S288c)	Fungi	367	False
Q9SZF7	Arabidopsis thaliana	Plants	531	False
D3Z120	Mus musculus	Metazoa	399	False
Q9H9Q2	Homo sapiens	Metazoa	264	False
P30656	Saccharomyces cerevisiae (strain ATCC 204508 / S288c)	Fungi	287	False
Q8BJ64	Mus musculus	Metazoa	596	False
P49299	Cucurbita maxima	Plants	516	False
P36093	Saccharomyces cerevisiae (strain ATCC 204508 / S288c)	Fungi	366	False
Q9WV78	Rattus norvegicus	Metazoa	438	True
P61961	Mus musculus	Metazoa	85	False
O35049	Rattus norvegicus	Metazoa	655	False
Q8R4N0	Mus musculus	Metazoa	338	False
P50106	Saccharomyces cerevisiae (strain ATCC 204508 / S288c)	Fungi	137	False
Q94K66	Arabidopsis thaliana	Plants	193	False
Q9BQT8	Homo sapiens	Metazoa	299	True
P25697	Arabidopsis thaliana	Plants	395	False
P25627	Saccharomyces cerevisiae (strain ATCC 204508 / S288c)	Fungi	275	False
P38969	Saccharomyces cerevisiae (strain ATCC 204508 / S288c)	Fungi	423	False
Q8LK56	Arabidopsis thaliana	Plants	1987	False
Q8IZF0	Homo sapiens	Metazoa	1738	True
Q70KY4	Mus musculus	Metazoa	559	False
Q9W157	Drosophila melanogaster	Metazoa	971	False
Q9UBB6	Homo sapiens	Metazoa	729	False
P10834	Saccharomyces cerevisiae (strain ATCC 204508 / S288c)	Fungi	293	False
Q09770	Schizosaccharomyces pombe (strain 972 / ATCC 24843)	Fungi	542	False
Q8BUE1	Mus musculus	Metazoa	797	False
P29539	Saccharomyces cerevisiae (strain ATCC 204508 / S288c)	Fungi	1916	False
Q9HAP2	Homo sapiens	Metazoa	919	False
Q6ZQL4	Mus musculus	Metazoa	677	False
P18089	Homo sapiens	Metazoa	450	True
Q9P7M1	Schizosaccharomyces pombe (strain 972 / ATCC 24843)	Fungi	491	False
P13619	Bos taurus	Metazoa	256	False
P82916	Bos taurus	Metazoa	130	False
Q94JQ6	Arabidopsis thaliana	Plants	1084	False
Q99720	Homo sapiens	Metazoa	223	True
P40161	Saccharomyces cerevisiae (strain ATCC 204508 / S288c)	Fungi	455	False
Q8BLY2	Mus musculus	Metazoa	790	False
F4JP43	Arabidopsis thaliana	Plants	2037	False
P06813	Oryctolagus cuniculus	Metazoa	266	False
P04101	Sus scrofa	Metazoa	50	False
A0A8I5ZN27	Rattus norvegicus	Metazoa	1307	False
O74804	Schizosaccharomyces pombe (strain 972 / ATCC 24843)	Fungi	490	False
Q6PH85	Homo sapiens	Metazoa	259	False
Q12019	Saccharomyces cerevisiae (strain ATCC 204508 / S288c)	Fungi	4910	False
Q42400	Arabidopsis thaliana	Plants	485	True
Q9P7F8	Schizosaccharomyces pombe (strain 972 / ATCC 24843)	Fungi	329	False
Q9CWE0	Mus musculus	Metazoa	289	False
Q9C9Y6	Arabidopsis thaliana	Plants	140	False
Q9EPI6	Rattus norvegicus	Metazoa	532	False
Q62711	Rattus norvegicus	Metazoa	772	False
Q9FEF8	Arabidopsis thaliana	Plants	308	False
Q13702	Homo sapiens	Metazoa	412	False
Q941D3	Arabidopsis thaliana	Plants	239	False
Q05201	Drosophila melanogaster	Metazoa	766	False
Q9LFV6	Arabidopsis thaliana	Plants	1011	False
Q9XGX9	Arabidopsis thaliana	Plants	93	False
Q12692	Saccharomyces cerevisiae (strain ATCC 204508 / S288c)	Fungi	134	False
P06624	Bos taurus	Metazoa	263	True
Q14129	Homo sapiens	Metazoa	220	False
Q9NVL8	Homo sapiens	Metazoa	296	False
Q99884	Homo sapiens	Metazoa	636	True
Q62167	Mus musculus	Metazoa	662	False
Q18425	Caenorhabditis elegans	Metazoa	473	False
Q6PIV2	Homo sapiens	Metazoa	292	False
Q3ZBF6	Bos taurus	Metazoa	412	False
P47074	Saccharomyces cerevisiae (strain ATCC 204508 / S288c)	Fungi	515	False
Q9LTX3	Arabidopsis thaliana	Plants	530	False
P83291	Arabidopsis thaliana	Plants	328	False
P35465	Rattus norvegicus	Metazoa	544	False
P08152	Mus musculus	Metazoa	470	False
P62894	Bos taurus	Metazoa	105	False
P22108	Saccharomyces cerevisiae (strain ATCC 204508 / S288c)	Fungi	325	False
O74362	Schizosaccharomyces pombe (strain 972 / ATCC 24843)	Fungi	334	False
Q8LCS8	Arabidopsis thaliana	Plants	124	False
P33750	Saccharomyces cerevisiae (strain ATCC 204508 / S288c)	Fungi	489	False
P53694	Schizosaccharomyces pombe (strain 972 / ATCC 24843)	Fungi	308	False
Q96BA8	Homo sapiens	Metazoa	519	False
Q9BXV9	Homo sapiens	Metazoa	100	False
P38242	Saccharomyces cerevisiae (strain ATCC 204508 / S288c)	Fungi	237	True
Q9FFR3	Arabidopsis thaliana	Plants	487	False
Q9BRQ8	Homo sapiens	Metazoa	373	True
Q66I42	Danio rerio	Metazoa	579	False
Q9UUH6	Schizosaccharomyces pombe (strain 972 / ATCC 24843)	Fungi	188	False
Q14493	Homo sapiens	Metazoa	270	False
Q91836	Xenopus laevis	Metazoa	298	False
Q8NC60	Homo sapiens	Metazoa	698	False
Q68FT6	Rattus norvegicus	Metazoa	455	True
P24226	Brassica oleracea var. capitata	Plants	469	False
Q9VGZ5	Drosophila melanogaster	Metazoa	698	False
P68432	Bos taurus	Metazoa	136	False
Q9D883	Mus musculus	Metazoa	239	False
Q8IWD4	Homo sapiens	Metazoa	279	False
O00204	Homo sapiens	Metazoa	365	False
P35638	Homo sapiens	Metazoa	169	False
Q9C811	Arabidopsis thaliana	Plants	1495	False
Q93WK5	Arabidopsis thaliana	Plants	727	False
P28347	Homo sapiens	Metazoa	426	False
O95786	Homo sapiens	Metazoa	925	False
P53077	Saccharomyces cerevisiae (strain ATCC 204508 / S288c)	Fungi	123	False
O14925	Homo sapiens	Metazoa	209	True
P53869	Saccharomyces cerevisiae (strain ATCC 204508 / S288c)	Fungi	86	False
P42685	Homo sapiens	Metazoa	505	False
Q9P0L2	Homo sapiens	Metazoa	795	False
Q9NVS2	Homo sapiens	Metazoa	196	False
Q8IWZ4	Homo sapiens	Metazoa	224	False
Q38FI2	Trypanosoma brucei brucei (strain 927/4 GUTat10.1)	Other	143	False
P33244	Drosophila melanogaster	Metazoa	1027	False
O60158	Schizosaccharomyces pombe (strain 972 / ATCC 24843)	Fungi	432	False
Q42379	Arabidopsis thaliana	Plants	269	False
P60510	Homo sapiens	Metazoa	307	False
Q6LA53	Schizosaccharomyces pombe (strain 972 / ATCC 24843)	Fungi	346	False
Q8K0E1	Mus musculus	Metazoa	283	False
Q9SG86	Arabidopsis thaliana	Plants	675	False
Q6NZ36	Homo sapiens	Metazoa	180	False
Q9BVI4	Homo sapiens	Metazoa	516	False
Q02085	Mus musculus	Metazoa	264	False
Q96HD9	Homo sapiens	Metazoa	319	False
O48716	Arabidopsis thaliana	Plants	465	False
P28037	Rattus norvegicus	Metazoa	902	False
Q8NF91	Homo sapiens	Metazoa	8797	False
O43680	Homo sapiens	Metazoa	179	False
Q9VF27	Drosophila melanogaster	Metazoa	217	False
Q9NRN7	Homo sapiens	Metazoa	309	False
Q99684	Homo sapiens	Metazoa	422	False
Q99436	Homo sapiens	Metazoa	277	False
Q8L7S8	Arabidopsis thaliana	Plants	748	False
Q9JK42	Mus musculus	Metazoa	407	False
Q8BH07	Mus musculus	Metazoa	226	False
Q9VGA4	Drosophila melanogaster	Metazoa	1169	False
G3XKQ9	Oryza sativa subsp. japonica	Plants	394	False
Q05062	Caenorhabditis elegans	Metazoa	191	False
Q00910	Rattus norvegicus	Metazoa	644	True
Q00987	Homo sapiens	Metazoa	491	False
P93045	Arabidopsis thaliana	Plants	240	False
Q04031	Saccharomyces cerevisiae (strain ATCC 204508 / S288c)	Fungi	235	False
Q8CIG8	Mus musculus	Metazoa	637	False
Q15022	Homo sapiens	Metazoa	739	False
O42254	Gallus gallus	Metazoa	576	False
Q9NVT9	Homo sapiens	Metazoa	282	False
Q9FH18	Arabidopsis thaliana	Plants	509	False
Q80T22	Rattus norvegicus	Metazoa	484	True
Q22038	Caenorhabditis elegans	Metazoa	192	False
Q571I4	Mus musculus	Metazoa	1373	False
Q8LPS2	Arabidopsis thaliana	Plants	670	False
O75603	Homo sapiens	Metazoa	506	False
P63045	Rattus norvegicus	Metazoa	116	False
Q9NUM3	Homo sapiens	Metazoa	307	True
P09079	Mus musculus	Metazoa	269	False
Q24572	Drosophila melanogaster	Metazoa	430	False
O95625	Homo sapiens	Metazoa	1053	False
P32379	Saccharomyces cerevisiae (strain ATCC 204508 / S288c)	Fungi	260	False
Q922Q1	Mus musculus	Metazoa	338	False
Q9NZN3	Homo sapiens	Metazoa	535	False
Q5VT66	Homo sapiens	Metazoa	337	True
Q9FL26	Arabidopsis thaliana	Plants	326	False
Q03525	Saccharomyces cerevisiae (strain ATCC 204508 / S288c)	Fungi	211	False
Q10569	Bos taurus	Metazoa	1444	False
Q9JHZ9	Rattus norvegicus	Metazoa	504	True
Q8UUZ1	Danio rerio	Metazoa	359	False
O76054	Homo sapiens	Metazoa	403	False
O88441	Mus musculus	Metazoa	263	False
P09562	Zea mays	Plants	339	False
Q21776	Caenorhabditis elegans	Metazoa	987	False
F4HQA1	Arabidopsis thaliana	Plants	589	False
P42900	Saccharomyces cerevisiae (strain ATCC 204508 / S288c)	Fungi	643	False
Q9Y817	Schizosaccharomyces pombe (strain 972 / ATCC 24843)	Fungi	1297	False
Q9SU71	Arabidopsis thaliana	Plants	629	False
P55957	Homo sapiens	Metazoa	195	False
O60488	Homo sapiens	Metazoa	711	True
C4QY68	Komagataella phaffii (strain GS115 / ATCC 20864)	Fungi	713	False
Q75QN2	Homo sapiens	Metazoa	995	False
Q9VSK8	Drosophila melanogaster	Metazoa	597	False
O75533	Homo sapiens	Metazoa	1304	False
Q6Q152	Arabidopsis thaliana	Plants	504	False
Q9W420	Drosophila melanogaster	Metazoa	1831	False
Q9SZD6	Arabidopsis thaliana	Plants	953	False
Q336R3	Oryza sativa subsp. japonica	Plants	844	False
Q8INB9	Drosophila melanogaster	Metazoa	611	False
Q9SCY2	Arabidopsis thaliana	Plants	208	False
O14467	Saccharomyces cerevisiae (strain ATCC 204508 / S288c)	Fungi	151	False
P13434	Saccharomyces cerevisiae (strain ATCC 204508 / S288c)	Fungi	144	False
A0A1L8FDW4	Xenopus laevis	Metazoa	619	False
Q6ZVX9	Homo sapiens	Metazoa	377	True
Q3U1N2	Mus musculus	Metazoa	1130	False
Q924W6	Mus musculus	Metazoa	1344	False
O43593	Homo sapiens	Metazoa	1189	False
P38439	Saccharomyces cerevisiae (strain ATCC 204508 / S288c)	Fungi	464	False
Q9UHH9	Homo sapiens	Metazoa	426	False
Q3E757	Saccharomyces cerevisiae (strain ATCC 204508 / S288c)	Fungi	174	False
P42804	Arabidopsis thaliana	Plants	543	False
Q65ZG8	Caenorhabditis elegans	Metazoa	597	False
Q7Z434	Homo sapiens	Metazoa	540	False
P32378	Saccharomyces cerevisiae (strain ATCC 204508 / S288c)	Fungi	372	False
Q9NQC3	Homo sapiens	Metazoa	1192	False
P02276	Triticum aestivum	Plants	151	False
O60481	Homo sapiens	Metazoa	467	False
Q9H8V3	Homo sapiens	Metazoa	914	False
Q9VFG8	Drosophila melanogaster	Metazoa	1288	False
O74826	Schizosaccharomyces pombe (strain 972 / ATCC 24843)	Fungi	216	False
Q8LDF9	Arabidopsis thaliana	Plants	241	False
Q5VWQ8	Homo sapiens	Metazoa	1189	False
Q9C552	Arabidopsis thaliana	Plants	753	False
Q9FVC8	Arabidopsis thaliana	Plants	365	False
P02270	Sipunculus nudus	Metazoa	124	False
Q8WUI4	Homo sapiens	Metazoa	952	False
Q12947	Homo sapiens	Metazoa	444	False
Q96JI7	Homo sapiens	Metazoa	2443	False
Q8L3Z8	Arabidopsis thaliana	Plants	483	False
Q09171	Schizosaccharomyces pombe (strain 972 / ATCC 24843)	Fungi	366	False
Q04311	Saccharomyces cerevisiae (strain ATCC 204508 / S288c)	Fungi	632	False
Q7LFL8	Homo sapiens	Metazoa	322	False
Q19404	Caenorhabditis elegans	Metazoa	442	False
Q7X809	Oryza sativa subsp. japonica	Plants	484	False
O74417	Schizosaccharomyces pombe (strain 972 / ATCC 24843)	Fungi	497	False
O24466	Arabidopsis thaliana	Plants	216	False
P04842	Komagataella phaffii (strain GS115 / ATCC 20864)	Fungi	663	False
P54609	Arabidopsis thaliana	Plants	809	False
Q65XK7	Oryza sativa subsp. japonica	Plants	381	False
P32500	Saccharomyces cerevisiae (strain ATCC 204508 / S288c)	Fungi	655	True
Q63424	Rattus norvegicus	Metazoa	729	True
P52196	Mus musculus	Metazoa	297	False
P41932	Caenorhabditis elegans	Metazoa	248	False
Q03061	Rattus norvegicus	Metazoa	357	False
Q9QX75	Rattus norvegicus	Metazoa	687	True
Q9SAJ3	Arabidopsis thaliana	Plants	1008	False
Q9H2S9	Homo sapiens	Metazoa	585	False
Q9GZR2	Homo sapiens	Metazoa	422	False
Q9Y6J6	Homo sapiens	Metazoa	123	True
Q84LM4	Arabidopsis thaliana	Plants	764	False
P62787	Zea mays	Plants	103	False
Q02764	Nicotiana tabacum	Plants	187	False
Q06449	Saccharomyces cerevisiae (strain ATCC 204508 / S288c)	Fungi	215	False
Q58FA4	Mus musculus	Metazoa	860	False
Q9JLZ3	Mus musculus	Metazoa	314	False
O22922	Arabidopsis thaliana	Plants	232	False
Q04739	Saccharomyces cerevisiae (strain ATCC 204508 / S288c)	Fungi	417	False
Q9VWY6	Drosophila melanogaster	Metazoa	328	False
A0A145P7T2	Lotus japonicus	Plants	693	False
P40522	Saccharomyces cerevisiae (strain ATCC 204508 / S288c)	Fungi	640	False
Q3SXM5	Homo sapiens	Metazoa	330	False
Q0J4I1	Oryza sativa subsp. japonica	Plants	326	False
Q08828	Homo sapiens	Metazoa	1119	True
Q8BG17	Mus musculus	Metazoa	217	False
Q90632	Gallus gallus	Metazoa	542	True
P23500	Saccharomyces cerevisiae (strain ATCC 204508 / S288c)	Fungi	304	True
O13838	Schizosaccharomyces pombe (strain 972 / ATCC 24843)	Fungi	371	False
Q15021	Homo sapiens	Metazoa	1401	False
P53940	Saccharomyces cerevisiae (strain ATCC 204508 / S288c)	Fungi	528	False
Q2MHN3	Mus musculus	Metazoa	2562	False
Q6ZY51	Arabidopsis thaliana	Plants	1196	False
Q6PIU2	Homo sapiens	Metazoa	408	True
Q9P7G6	Schizosaccharomyces pombe (strain 972 / ATCC 24843)	Fungi	566	False
Q9M424	Solanum tuberosum	Plants	498	False
P35363	Mus musculus	Metazoa	471	True
O14492	Homo sapiens	Metazoa	632	False
Q9XI36	Arabidopsis thaliana	Plants	384	False
Q9P0U3	Homo sapiens	Metazoa	644	False
Q64380	Rattus norvegicus	Metazoa	919	False
P52175	Bos taurus	Metazoa	152	False
G5EB74	Emericella nidulans (strain FGSC A4 / ATCC 38163 / CBS 112.46 / NRRL 194 / M139)	Fungi	1852	False
Q9USQ1	Schizosaccharomyces pombe (strain 972 / ATCC 24843)	Fungi	960	False
Q6R327	Homo sapiens	Metazoa	1708	False
Q9UGP5	Homo sapiens	Metazoa	575	False
P29117	Rattus norvegicus	Metazoa	206	False
Q99KD6	Mus musculus	Metazoa	113	True
Q6ZWY9	Mus musculus	Metazoa	126	False
P57752	Arabidopsis thaliana	Plants	92	False
P11413	Homo sapiens	Metazoa	515	False
P36118	Saccharomyces cerevisiae (strain ATCC 204508 / S288c)	Fungi	322	False
P31942	Homo sapiens	Metazoa	346	False
P41909	Saccharomyces cerevisiae (strain ATCC 204508 / S288c)	Fungi	870	True
P38132	Saccharomyces cerevisiae (strain ATCC 204508 / S288c)	Fungi	845	False
Q3MV14	Arabidopsis thaliana	Plants	386	False
Q8BWQ5	Mus musculus	Metazoa	790	False
Q8R537	Cricetulus griseus	Metazoa	318	False
P22289	Saccharomyces cerevisiae (strain ATCC 204508 / S288c)	Fungi	66	True
Q03631	Saccharomyces cerevisiae (strain ATCC 204508 / S288c)	Fungi	944	False
Q9Y448	Homo sapiens	Metazoa	316	False
Q9NUJ1	Homo sapiens	Metazoa	306	False
Q9LJE4	Arabidopsis thaliana	Plants	596	False
Q9FJ95	Arabidopsis thaliana	Plants	364	False
Q60670	Mus musculus	Metazoa	779	False
Q8VDY4	Mus musculus	Metazoa	628	False
Q9S9K9	Arabidopsis thaliana	Plants	257	False
P55926	Rattus norvegicus	Metazoa	526	True
P97717	Mus musculus	Metazoa	514	True
P11802	Homo sapiens	Metazoa	303	False
D3ZGB1	Rattus norvegicus	Metazoa	1548	False
F4IUY8	Arabidopsis thaliana	Plants	1006	False
Q2QWU2	Oryza sativa subsp. japonica	Plants	443	False
Q9LYT7	Arabidopsis thaliana	Plants	253	False
Q04603	Saccharomyces cerevisiae (strain ATCC 204508 / S288c)	Fungi	196	False
O59734	Schizosaccharomyces pombe (strain 972 / ATCC 24843)	Fungi	78	False
Q84VQ3	Arabidopsis thaliana	Plants	439	False
O22130	Arabidopsis thaliana	Plants	317	False
P00046	Schizosaccharomyces pombe (strain 972 / ATCC 24843)	Fungi	109	False
Q8CFN5	Mus musculus	Metazoa	474	False
Q8W593	Arabidopsis thaliana	Plants	350	False
P53330	Saccharomyces cerevisiae (strain ATCC 204508 / S288c)	Fungi	157	False
Q9H4L4	Homo sapiens	Metazoa	574	False
O74914	Schizosaccharomyces pombe (strain 972 / ATCC 24843)	Fungi	244	False
Q84LB6	Solanum lycopersicum	Plants	417	False
Q9D1M4	Mus musculus	Metazoa	174	False
Q42972	Oryza sativa subsp. japonica	Plants	356	False
Q9ZWT1	Arabidopsis thaliana	Plants	374	False
Q8WZ33	Homo sapiens	Metazoa	124	False
Q8IX03	Homo sapiens	Metazoa	1113	False
O57321	Ambystoma tigrinum	Metazoa	543	True
Q9CX60	Mus musculus	Metazoa	105	False
P41277	Saccharomyces cerevisiae (strain ATCC 204508 / S288c)	Fungi	250	False
Q05CL8	Mus musculus	Metazoa	570	False
Q99MR0	Mus musculus	Metazoa	426	False
O94761	Homo sapiens	Metazoa	1208	False
Q8LPL2	Arabidopsis thaliana	Plants	591	True
Q9S7C9	Arabidopsis thaliana	Plants	311	False
P00847	Bos taurus	Metazoa	226	True
P47898	Homo sapiens	Metazoa	357	True
Q93079	Homo sapiens	Metazoa	126	False
Q07243	Mus musculus	Metazoa	675	False
Q7RTT9	Homo sapiens	Metazoa	530	True
Q96GF1	Homo sapiens	Metazoa	192	False
P51158	Rattus norvegicus	Metazoa	221	False
P07926	Bos taurus	Metazoa	143	True
P07056	Neurospora crassa (strain ATCC 24698 / 74-OR23-1A / CBS 708.71 / DSM 1257 / FGSC 987)	Fungi	231	True
A0A1P8B590	Arabidopsis thaliana	Plants	446	False
Q21973	Caenorhabditis elegans	Metazoa	525	True
P0CX38	Saccharomyces cerevisiae (strain ATCC 204508 / S288c)	Fungi	236	False
P21771	Saccharomyces cerevisiae (strain ATCC 204508 / S288c)	Fungi	286	False
Q8N3J2	Homo sapiens	Metazoa	472	False
P48736	Homo sapiens	Metazoa	1102	False
Q7LL22	Schizosaccharomyces pombe (strain 972 / ATCC 24843)	Fungi	462	False
Q8NE35	Homo sapiens	Metazoa	698	False
Q9NUW8	Homo sapiens	Metazoa	608	False
Q94BT6	Arabidopsis thaliana	Plants	609	False
Q3UHU5	Mus musculus	Metazoa	1945	False
Q96FS4	Homo sapiens	Metazoa	1042	False
Q0WQW5	Arabidopsis thaliana	Plants	638	False
Q9H2X6	Homo sapiens	Metazoa	1198	False
Q9P0W2	Homo sapiens	Metazoa	317	False
Q9SKT7	Arabidopsis thaliana	Plants	582	False
P0C2X8	Xenopus laevis	Metazoa	363	False
P56373	Homo sapiens	Metazoa	397	True
Q32P41	Homo sapiens	Metazoa	509	False
Q9Y7U7	Schizosaccharomyces pombe (strain 972 / ATCC 24843)	Fungi	878	False
P25569	Saccharomyces cerevisiae (strain ATCC 204508 / S288c)	Fungi	745	False
P27520	Pisum sativum	Plants	265	False
P52306	Homo sapiens	Metazoa	607	False
P38989	Saccharomyces cerevisiae (strain ATCC 204508 / S288c)	Fungi	1170	False
P38143	Saccharomyces cerevisiae (strain ATCC 204508 / S288c)	Fungi	162	False
O59894	Komagataella pastoris	Fungi	376	False
Q9Y6C9	Homo sapiens	Metazoa	303	True
Q2M3R5	Homo sapiens	Metazoa	365	True
Q681Z2	Arabidopsis thaliana	Plants	203	False
Q9Y2R0	Homo sapiens	Metazoa	106	True
E9PZM4	Mus musculus	Metazoa	1827	False
Q7RYV0	Neurospora crassa (strain ATCC 24698 / 74-OR23-1A / CBS 708.71 / DSM 1257 / FGSC 987)	Fungi	176	False
P52945	Homo sapiens	Metazoa	283	False
O74553	Schizosaccharomyces pombe (strain 972 / ATCC 24843)	Fungi	326	False
Q9Z2Z7	Cricetulus griseus	Metazoa	553	False
P14234	Mus musculus	Metazoa	517	False
P54708	Rattus norvegicus	Metazoa	1036	False
Q9C0J8	Homo sapiens	Metazoa	1336	False
P53879	Saccharomyces cerevisiae (strain ATCC 204508 / S288c)	Fungi	331	False
P55160	Homo sapiens	Metazoa	1127	False
Q9P775	Schizosaccharomyces pombe (strain 972 / ATCC 24843)	Fungi	516	False
P53051	Saccharomyces cerevisiae (strain ATCC 204508 / S288c)	Fungi	589	False
Q09146	Schizosaccharomyces pombe (strain 972 / ATCC 24843)	Fungi	399	False
Q9QWV4	Mus musculus	Metazoa	267	False
Q6Z2G7	Oryza sativa subsp. japonica	Plants	361	False
Q07998	Danio rerio	Metazoa	423	False
Q6UWF3	Homo sapiens	Metazoa	145	True
Q9Y3M2	Homo sapiens	Metazoa	126	False
Q86VZ6	Homo sapiens	Metazoa	243	False
Q05192	Drosophila melanogaster	Metazoa	808	False
O74978	Schizosaccharomyces pombe (strain 972 / ATCC 24843)	Fungi	276	False
O94992	Homo sapiens	Metazoa	359	False
A4D2B0	Homo sapiens	Metazoa	266	False
Q27511	Caenorhabditis elegans	Metazoa	140	False
Q9BXF6	Homo sapiens	Metazoa	653	False
P82413	Spinacia oleracea	Plants	233	False
Q7PLI2	Drosophila melanogaster	Metazoa	2077	False
Q53GD3	Homo sapiens	Metazoa	710	True
Q9V9N4	Drosophila melanogaster	Metazoa	561	False
Q12451	Saccharomyces cerevisiae (strain ATCC 204508 / S288c)	Fungi	1283	False
Q8N6I1	Homo sapiens	Metazoa	236	False
P02687	Bos taurus	Metazoa	169	False
Q9Z206	Mus musculus	Metazoa	595	False
Q9Y512	Homo sapiens	Metazoa	469	False
P68098	Lama guanicoe	Metazoa	105	False
P00425	Saccharomyces cerevisiae (strain ATCC 204508 / S288c)	Fungi	151	True
Q02395	Mus musculus	Metazoa	593	False
Q9UNH5	Homo sapiens	Metazoa	594	False
P08703	Penicillium chrysogenum	Fungi	331	False
Q1K5G1	Neurospora crassa (strain ATCC 24698 / 74-OR23-1A / CBS 708.71 / DSM 1257 / FGSC 987)	Fungi	320	False
Q8IYU8	Homo sapiens	Metazoa	434	False
O15551	Homo sapiens	Metazoa	220	True
O13710	Schizosaccharomyces pombe (strain 972 / ATCC 24843)	Fungi	1076	False
O95948	Homo sapiens	Metazoa	504	False
P13653	Hordeum vulgare	Plants	388	False
O80536	Arabidopsis thaliana	Plants	524	False
Q9H1I8	Homo sapiens	Metazoa	757	False
A0A140LIF8	Mus musculus	Metazoa	395	False
P41903	Saccharomyces cerevisiae (strain ATCC 204508 / S288c)	Fungi	349	False
Q9V4C8	Drosophila melanogaster	Metazoa	1500	False
P47118	Saccharomyces cerevisiae (strain ATCC 204508 / S288c)	Fungi	141	False
O14318	Schizosaccharomyces pombe (strain 972 / ATCC 24843)	Fungi	295	False
Q923E4	Mus musculus	Metazoa	737	False
Q9NRQ2	Homo sapiens	Metazoa	329	False
P92549	Arabidopsis thaliana	Plants	507	False
P78540	Homo sapiens	Metazoa	354	False
Q6F6B5	Arabidopsis thaliana	Plants	741	False
Q9CXZ1	Mus musculus	Metazoa	175	False
Q8NC24	Homo sapiens	Metazoa	303	True
P20674	Homo sapiens	Metazoa	150	False
O94650	Schizosaccharomyces pombe (strain 972 / ATCC 24843)	Fungi	73	False
P34913	Homo sapiens	Metazoa	555	False
Q8WXI3	Homo sapiens	Metazoa	467	False
Q8R5A0	Mus musculus	Metazoa	433	False
B7Z0L8	Drosophila melanogaster	Metazoa	178	False
P61247	Homo sapiens	Metazoa	264	False
Q6STH5	Arabidopsis thaliana	Plants	532	False
Q64213	Mus musculus	Metazoa	653	False
O43623	Homo sapiens	Metazoa	268	False
Q9SU08	Arabidopsis thaliana	Plants	904	False
P05198	Homo sapiens	Metazoa	315	False
Q15811	Homo sapiens	Metazoa	1721	False
Q55FB8	Dictyostelium discoideum	Other	1272	False
Q99JB6	Mus musculus	Metazoa	429	False
Q0DC89	Oryza sativa subsp. japonica	Plants	214	False
P49915	Homo sapiens	Metazoa	693	False
P07253	Saccharomyces cerevisiae (strain ATCC 204508 / S288c)	Fungi	162	False
P36012	Saccharomyces cerevisiae (strain ATCC 204508 / S288c)	Fungi	229	False
Q9SRT0	Arabidopsis thaliana	Plants	460	False
Q8K480	Mus musculus	Metazoa	584	True
P37398	Oryza sativa subsp. japonica	Plants	727	False
P21281	Homo sapiens	Metazoa	511	False
F8VPJ6	Mus musculus	Metazoa	1459	False
F4IXE7	Arabidopsis thaliana	Plants	1189	False
Q15723	Homo sapiens	Metazoa	593	False
A1L3P4	Mus musculus	Metazoa	702	True
Q14145	Homo sapiens	Metazoa	624	False
P0CP68	Cryptococcus neoformans var. neoformans serotype D (strain JEC21 / ATCC MYA-565)	Fungi	365	False
P40075	Saccharomyces cerevisiae (strain ATCC 204508 / S288c)	Fungi	244	False
Q8BG67	Mus musculus	Metazoa	819	False
O70491	Mus musculus	Metazoa	670	True
Q60739	Mus musculus	Metazoa	355	False
O94516	Schizosaccharomyces pombe (strain 972 / ATCC 24843)	Fungi	364	False
P06208	Saccharomyces cerevisiae (strain ATCC 204508 / S288c)	Fungi	619	False
P50947	Saccharomyces cerevisiae (strain ATCC 204508 / S288c)	Fungi	330	False
Q9H255	Homo sapiens	Metazoa	320	True
G5EDW1	Caenorhabditis elegans	Metazoa	217	False
P17095	Mus musculus	Metazoa	107	False
Q66LM6	Mus musculus	Metazoa	333	False
P36630	Schizosaccharomyces pombe (strain 972 / ATCC 24843)	Fungi	411	False
Q9EST4	Mus musculus	Metazoa	264	False
P54254	Mus musculus	Metazoa	791	False
Q8BG21	Mus musculus	Metazoa	171	True
P25932	Drosophila melanogaster	Metazoa	470	False
Q04964	Saccharomyces cerevisiae (strain ATCC 204508 / S288c)	Fungi	104	False
Q96LD4	Homo sapiens	Metazoa	638	False
Q03435	Saccharomyces cerevisiae (strain ATCC 204508 / S288c)	Fungi	203	False
P38112	Saccharomyces cerevisiae (strain ATCC 204508 / S288c)	Fungi	773	False
Q06339	Saccharomyces cerevisiae (strain ATCC 204508 / S288c)	Fungi	672	False
O00746	Homo sapiens	Metazoa	187	False
O18158	Caenorhabditis elegans	Metazoa	1151	False
Q84T94	Oryza sativa subsp. japonica	Plants	639	False
Q9H981	Homo sapiens	Metazoa	624	False
Q7X6Y7	Arabidopsis thaliana	Plants	704	False
Q02749	Saccharomyces cerevisiae (strain ATCC 204508 / S288c)	Fungi	293	False
P01880	Homo sapiens	Metazoa	430	False
Q9UUG2	Schizosaccharomyces pombe (strain 972 / ATCC 24843)	Fungi	621	False
Q9V444	Drosophila melanogaster	Metazoa	128	False
Q78J03	Mus musculus	Metazoa	175	False
Q2TBR2	Bos taurus	Metazoa	149	False
Q9UBD5	Homo sapiens	Metazoa	711	False
Q9LS26	Arabidopsis thaliana	Plants	489	False
P20309	Homo sapiens	Metazoa	590	True
Q9QZ04	Mus musculus	Metazoa	1284	False
Q921B4	Mus musculus	Metazoa	824	False
Q9LKL2	Arabidopsis thaliana	Plants	618	False
O46411	Bos taurus	Metazoa	560	False
Q6P5G0	Mus musculus	Metazoa	583	False
Q9JLI8	Mus musculus	Metazoa	962	False
Q50L42	Mus musculus	Metazoa	875	False
Q92797	Homo sapiens	Metazoa	1274	False
P07436	Physarum polycephalum	Other	467	False
Q3UXZ9	Mus musculus	Metazoa	1690	False
Q9Y2X9	Homo sapiens	Metazoa	895	False
O00198	Homo sapiens	Metazoa	91	True
Q569Z6	Mus musculus	Metazoa	951	False
Q9NR31	Homo sapiens	Metazoa	198	False
Q9QZI9	Mus musculus	Metazoa	472	False
P25368	Saccharomyces cerevisiae (strain ATCC 204508 / S288c)	Fungi	297	False
Q94545	Drosophila melanogaster	Metazoa	556	False
Q6K881	Oryza sativa subsp. japonica	Plants	565	False
Q6PIL6	Homo sapiens	Metazoa	250	False
Q08119	Saccharomyces cerevisiae (strain ATCC 204508 / S288c)	Fungi	714	False
P09987	Gallus gallus	Metazoa	218	False
Q94A28	Arabidopsis thaliana	Plants	995	False
B7Z0X7	Drosophila melanogaster	Metazoa	61	True
Q9ZQH0	Arabidopsis thaliana	Plants	232	False
Q9D808	Mus musculus	Metazoa	123	True
Q6P9F7	Homo sapiens	Metazoa	803	True
Q9SLD2	Arabidopsis thaliana	Plants	520	False
Q9C565	Arabidopsis thaliana	Plants	373	False
Q9R269	Mus musculus	Metazoa	1755	False
Q9H832	Homo sapiens	Metazoa	354	False
P00223	Arctium lappa	Plants	97	False
O15357	Homo sapiens	Metazoa	1258	False
F4ITM1	Arabidopsis thaliana	Plants	398	False
Q42687	Chlamydomonas reinhardtii	Plants	219	False
P59044	Homo sapiens	Metazoa	892	False
Q9WVJ4	Rattus norvegicus	Metazoa	145	False
Q9H583	Homo sapiens	Metazoa	2144	False
Q9MBA2	Arabidopsis thaliana	Plants	326	False
P84087	Rattus norvegicus	Metazoa	134	False
O55003	Mus musculus	Metazoa	187	False
P53969	Saccharomyces cerevisiae (strain ATCC 204508 / S288c)	Fungi	484	False
Q18250	Caenorhabditis elegans	Metazoa	461	False
Q12981	Homo sapiens	Metazoa	228	False
P06652	Schizosaccharomyces pombe (strain 972 / ATCC 24843)	Fungi	596	False
Q8K3Y6	Rattus norvegicus	Metazoa	776	False
Q9WTI7	Mus musculus	Metazoa	1063	False
P19683	Nicotiana sylvestris	Plants	315	False
Q6ZTN6	Homo sapiens	Metazoa	605	False
Q969P5	Homo sapiens	Metazoa	355	False
Q24849	Entamoeba histolytica (strain ATCC 30459 / HM-1:IMSS / ABRM)	Other	601	False
Q8N370	Homo sapiens	Metazoa	569	True
P70704	Mus musculus	Metazoa	1164	True
P55345	Homo sapiens	Metazoa	433	False
O09047	Mus musculus	Metazoa	477	True
P40146	Rattus norvegicus	Metazoa	1248	False
O94329	Schizosaccharomyces pombe (strain 972 / ATCC 24843)	Fungi	183	False
Q7KMJ6	Drosophila melanogaster	Metazoa	793	False
Q10713	Homo sapiens	Metazoa	525	False
Q64537	Rattus norvegicus	Metazoa	270	False
Q96MB7	Homo sapiens	Metazoa	349	False
Q52K88	Arabidopsis thaliana	Plants	202	False
Q9SP35	Arabidopsis thaliana	Plants	243	True
Q1K8V2	Neurospora crassa (strain ATCC 24698 / 74-OR23-1A / CBS 708.71 / DSM 1257 / FGSC 987)	Fungi	91	False
Q8NHC4	Homo sapiens	Metazoa	309	True
Q04411	Saccharomyces cerevisiae (strain ATCC 204508 / S288c)	Fungi	772	False
P00508	Gallus gallus	Metazoa	423	False
Q63HR2	Homo sapiens	Metazoa	1409	False
Q9BV68	Homo sapiens	Metazoa	311	False
P35222	Homo sapiens	Metazoa	781	False
Q9H7S9	Homo sapiens	Metazoa	590	False
Q6DFQ7	Xenopus tropicalis	Metazoa	342	True
P40975	Saccharomyces cerevisiae (strain ATCC 204508 / S288c)	Fungi	43	True
Q9WU42	Mus musculus	Metazoa	2472	False
Q12166	Saccharomyces cerevisiae (strain ATCC 204508 / S288c)	Fungi	604	False
Q99PQ2	Mus musculus	Metazoa	467	False
Q9WVR1	Rattus norvegicus	Metazoa	648	False
Q96SQ7	Homo sapiens	Metazoa	321	False
Q9LPL4	Arabidopsis thaliana	Plants	360	False
P82925	Bos taurus	Metazoa	386	False
Q9NYV7	Homo sapiens	Metazoa	291	True
P46678	Saccharomyces cerevisiae (strain ATCC 204508 / S288c)	Fungi	594	False
Q2NL27	Bos taurus	Metazoa	190	False
Q9Y2X3	Homo sapiens	Metazoa	529	False
O35094	Rattus norvegicus	Metazoa	453	False
Q61823	Mus musculus	Metazoa	469	False
P51168	Homo sapiens	Metazoa	640	True
Q8BH64	Mus musculus	Metazoa	543	False
P39736	Drosophila melanogaster	Metazoa	547	False
Q9W6V6	Gallus gallus	Metazoa	2705	False
F4IY62	Arabidopsis thaliana	Plants	883	False
P09559	Spinacia oleracea	Plants	402	False
P43115	Homo sapiens	Metazoa	390	True
Q9JHE5	Rattus norvegicus	Metazoa	504	True
P38877	Saccharomyces cerevisiae (strain ATCC 204508 / S288c)	Fungi	133	False
Q6YXX9	Oryza sativa subsp. japonica	Plants	150	False
Q29RF7	Homo sapiens	Metazoa	1337	False
Q28177	Bos taurus	Metazoa	415	False
O65220	Arabidopsis thaliana	Plants	281	False
A2AH22	Mus musculus	Metazoa	1300	False
Q9Z2D7	Mus musculus	Metazoa	554	False
P27787	Zea mays	Plants	150	False
Q9QXG4	Mus musculus	Metazoa	701	False
Q11011	Mus musculus	Metazoa	920	False
O43497	Homo sapiens	Metazoa	2377	True
P89105	Saccharomyces cerevisiae (strain ATCC 204508 / S288c)	Fungi	1077	False
P82670	Bos taurus	Metazoa	201	False
Q801P7	Xenopus laevis	Metazoa	418	False
Q9UJX5	Homo sapiens	Metazoa	808	False
P07560	Saccharomyces cerevisiae (strain ATCC 204508 / S288c)	Fungi	215	False
O94451	Schizosaccharomyces pombe (strain 972 / ATCC 24843)	Fungi	727	False
Q26263	Drosophila melanogaster	Metazoa	435	False
P46010	Arabidopsis thaliana	Plants	346	False
P24539	Homo sapiens	Metazoa	256	False
C0HKE5	Mus musculus	Metazoa	130	False
Q8RXD4	Arabidopsis thaliana	Plants	941	False
Q8N183	Homo sapiens	Metazoa	169	False
O14512	Homo sapiens	Metazoa	581	False
O23875	Oryza sativa subsp. japonica	Plants	183	False
Q9H1Y3	Homo sapiens	Metazoa	402	True
Q42479	Arabidopsis thaliana	Plants	529	False
O15427	Homo sapiens	Metazoa	465	True
O42998	Schizosaccharomyces pombe (strain 972 / ATCC 24843)	Fungi	1919	False
Q9H3N8	Homo sapiens	Metazoa	390	True
Q12179	Saccharomyces cerevisiae (strain ATCC 204508 / S288c)	Fungi	454	False
Q9NS25	Homo sapiens	Metazoa	103	False
P31380	Saccharomyces cerevisiae (strain ATCC 204508 / S288c)	Fungi	1131	False
O74792	Schizosaccharomyces pombe (strain 972 / ATCC 24843)	Fungi	515	False
Q00978	Homo sapiens	Metazoa	393	False
P63319	Rattus norvegicus	Metazoa	697	False
O75528	Homo sapiens	Metazoa	432	False
P17987	Homo sapiens	Metazoa	556	False
O15498	Homo sapiens	Metazoa	198	False
Q17577	Caenorhabditis elegans	Metazoa	540	False
P54861	Saccharomyces cerevisiae (strain ATCC 204508 / S288c)	Fungi	757	False
Q940U6	Arabidopsis thaliana	Plants	316	False
Q01593	Arabidopsis thaliana	Plants	720	False
Q9SY66	Arabidopsis thaliana	Plants	680	False
O94716	Schizosaccharomyces pombe (strain 972 / ATCC 24843)	Fungi	233	False
P48529	Arabidopsis thaliana	Plants	305	False
Q10287	Schizosaccharomyces pombe (strain 972 / ATCC 24843)	Fungi	1729	False
Q99496	Homo sapiens	Metazoa	336	False
Q14153	Homo sapiens	Metazoa	422	False
Q9WTV0	Rattus norvegicus	Metazoa	417	False
O95602	Homo sapiens	Metazoa	1720	False
Q925E0	Mus musculus	Metazoa	539	False
P43582	Saccharomyces cerevisiae (strain ATCC 204508 / S288c)	Fungi	211	False
O94916	Homo sapiens	Metazoa	1531	False
P34730	Saccharomyces cerevisiae (strain ATCC 204508 / S288c)	Fungi	273	False
Q9LYA9	Arabidopsis thaliana	Plants	406	False
Q7KWJ5	Plasmodium falciparum (isolate 3D7)	Other	504	True
Q8IY18	Homo sapiens	Metazoa	1101	False
Q03214	Saccharomyces cerevisiae (strain ATCC 204508 / S288c)	Fungi	1411	False
P32239	Homo sapiens	Metazoa	447	True
A0FKN5	Gallus gallus	Metazoa	742	True
O13900	Schizosaccharomyces pombe (strain 972 / ATCC 24843)	Fungi	481	False
Q8N2A8	Homo sapiens	Metazoa	252	True
Q9LYT1	Arabidopsis thaliana	Plants	488	False
P49728	Chlamydomonas reinhardtii	Plants	206	True
Q7DM58	Arabidopsis thaliana	Plants	1516	True
O81796	Arabidopsis thaliana	Plants	368	False
P35064	Tetrahymena thermophila (strain SB210)	Other	138	False
P32349	Saccharomyces cerevisiae (strain ATCC 204508 / S288c)	Fungi	654	False
Q8BGV8	Mus musculus	Metazoa	463	True
O95153	Homo sapiens	Metazoa	1857	False
Q9S752	Arabidopsis thaliana	Plants	388	False
P39210	Homo sapiens	Metazoa	176	True
Q9XTB5	Caenorhabditis elegans	Metazoa	500	False
P34784	Aglaothamnion neglectum	Other	317	False
Q9UBX2	Homo sapiens	Metazoa	424	False
Q24400	Drosophila melanogaster	Metazoa	495	False
Q9QXV1	Mus musculus	Metazoa	362	False
P69571	Pseudotsuga menziesii	Plants	475	False
Q9BWF3	Homo sapiens	Metazoa	364	False
Q93XM6	Arabidopsis thaliana	Plants	481	False
Q8LPU4	Zea mays	Plants	468	False
G5EGK5	Caenorhabditis elegans	Metazoa	928	False
O94504	Schizosaccharomyces pombe (strain 972 / ATCC 24843)	Fungi	133	False
P43135	Mus musculus	Metazoa	414	False
P62070	Homo sapiens	Metazoa	204	False
Q9Y6H6	Homo sapiens	Metazoa	103	True
P29973	Homo sapiens	Metazoa	686	False
Q9ER31	Rattus norvegicus	Metazoa	455	True
O23212	Arabidopsis thaliana	Plants	573	False
P78317	Homo sapiens	Metazoa	190	False
Q5U4E2	Mus musculus	Metazoa	545	False
Q9WVR8	Rattus norvegicus	Metazoa	610	False
P37238	Mus musculus	Metazoa	505	False
P41182	Homo sapiens	Metazoa	706	False
Q810B3	Mus musculus	Metazoa	232	False
Q8WZJ8	Schizosaccharomyces pombe (strain 972 / ATCC 24843)	Fungi	210	False
Q8WWI5	Homo sapiens	Metazoa	657	True
P40630	Mus musculus	Metazoa	243	False
Q99728	Homo sapiens	Metazoa	777	False
Q7L3V2	Homo sapiens	Metazoa	364	False
P22512	Trypanosoma brucei brucei	Other	359	False
A0A0E3T552	Malus domestica	Plants	503	False
P49682	Homo sapiens	Metazoa	368	True
P60202	Mus musculus	Metazoa	277	True
O94906	Homo sapiens	Metazoa	941	False
P11031	Mus musculus	Metazoa	127	False
P22336	Saccharomyces cerevisiae (strain ATCC 204508 / S288c)	Fungi	621	False
O61125	Dictyostelium discoideum	Other	461	False
Q8GY61	Arabidopsis thaliana	Plants	335	False
P10627	Drosophila melanogaster	Metazoa	490	False
Q03112	Homo sapiens	Metazoa	1230	False
P31276	Homo sapiens	Metazoa	330	False
Q39140	Arabidopsis thaliana	Plants	330	False
Q9H0U6	Homo sapiens	Metazoa	180	False
O70191	Mus musculus	Metazoa	283	False
P0CG47	Homo sapiens	Metazoa	229	False
Q9SEI0	Arabidopsis thaliana	Plants	203	False
Q8LAA6	Arabidopsis thaliana	Plants	287	True
Q00839	Homo sapiens	Metazoa	825	False
Q5M775	Homo sapiens	Metazoa	1068	False
Q9BYI3	Homo sapiens	Metazoa	521	False
E9Q8G5	Mus musculus	Metazoa	680	False
Q7RTN6	Homo sapiens	Metazoa	431	False
Q9XFR5	Arabidopsis thaliana	Plants	268	False
Q07352	Homo sapiens	Metazoa	338	False
Q01956	Rattus norvegicus	Metazoa	889	False
Q9Y3M8	Homo sapiens	Metazoa	1113	False
Q39211	Arabidopsis thaliana	Plants	319	False
P35374	Mus musculus	Metazoa	363	True
Q9DDT5	Danio rerio	Metazoa	1084	False
Q9ASV5	Arabidopsis thaliana	Plants	650	True
Q4W9R0	Aspergillus fumigatus (strain ATCC MYA-4609 / CBS 101355 / FGSC A1100 / Af293)	Fungi	153	False
Q8IVF7	Homo sapiens	Metazoa	1028	False
Q9UL62	Homo sapiens	Metazoa	973	False
Q7Z2T5	Homo sapiens	Metazoa	733	False
Q9UDW3	Homo sapiens	Metazoa	170	False
Q09823	Schizosaccharomyces pombe (strain 972 / ATCC 24843)	Fungi	791	False
P49722	Mus musculus	Metazoa	234	False
Q9DA19	Mus musculus	Metazoa	450	False
O88491	Mus musculus	Metazoa	2588	False
Q10572	Caenorhabditis elegans	Metazoa	429	False
Q13541	Homo sapiens	Metazoa	118	False
Q9CA83	Arabidopsis thaliana	Plants	646	False
P05414	Spinacia oleracea	Plants	369	False
Q504T8	Homo sapiens	Metazoa	468	False
P69139	Psammechinus miliaris	Metazoa	126	False
Q9NVI7	Homo sapiens	Metazoa	586	False
P09594	Spinacia oleracea	Plants	199	False
Q944A6	Arabidopsis thaliana	Plants	487	False
Q15406	Homo sapiens	Metazoa	480	False
O80871	Arabidopsis thaliana	Plants	396	False
Q7SIG6	Mus musculus	Metazoa	958	False
P49450	Homo sapiens	Metazoa	140	False
P54964	Saccharomyces cerevisiae (strain ATCC 204508 / S288c)	Fungi	269	False
Q96DN6	Homo sapiens	Metazoa	1003	False
Q67Y99	Arabidopsis thaliana	Plants	330	False
Q9CPX8	Mus musculus	Metazoa	56	True
O22785	Arabidopsis thaliana	Plants	525	False
Q3UMZ3	Mus musculus	Metazoa	260	True
Q9URT4	Schizosaccharomyces pombe (strain 972 / ATCC 24843)	Fungi	697	False
Q9DCJ5	Mus musculus	Metazoa	172	False
P34326	Caenorhabditis elegans	Metazoa	187	False
O16102	Drosophila melanogaster	Metazoa	892	False
Q9NWY4	Homo sapiens	Metazoa	346	False
Q9Y4F3	Homo sapiens	Metazoa	1742	False
Q18508	Caenorhabditis elegans	Metazoa	1784	False
Q8GYT8	Arabidopsis thaliana	Plants	540	False
Q8R4U1	Mus musculus	Metazoa	393	False
O23144	Arabidopsis thaliana	Plants	612	False
Q8CFC7	Mus musculus	Metazoa	668	False
O94822	Homo sapiens	Metazoa	1766	False
Q9UBE0	Homo sapiens	Metazoa	346	False
Q9UNA4	Homo sapiens	Metazoa	740	False
O75956	Homo sapiens	Metazoa	126	False
Q96CP6	Homo sapiens	Metazoa	724	False
Q02642	Saccharomyces cerevisiae (strain ATCC 204508 / S288c)	Fungi	157	False
Q14203	Homo sapiens	Metazoa	1278	False
O95900	Homo sapiens	Metazoa	331	False
Q8CE90	Mus musculus	Metazoa	535	False
Q9GZZ1	Homo sapiens	Metazoa	169	False
Q9VT41	Drosophila melanogaster	Metazoa	1001	False
Q8IBI5	Plasmodium falciparum (isolate 3D7)	Other	553	False
P40546	Saccharomyces cerevisiae (strain ATCC 204508 / S288c)	Fungi	346	False
P00422	Neurospora crassa (strain ATCC 24698 / 74-OR23-1A / CBS 708.71 / DSM 1257 / FGSC 987)	Fungi	269	True
P62753	Homo sapiens	Metazoa	249	False
O22315	Arabidopsis thaliana	Plants	303	False
P62241	Homo sapiens	Metazoa	208	False
P43609	Saccharomyces cerevisiae (strain ATCC 204508 / S288c)	Fungi	557	False
Q9SSA5	Arabidopsis thaliana	Plants	437	False
P14604	Rattus norvegicus	Metazoa	290	False
Q9Y3D0	Homo sapiens	Metazoa	163	False
Q22717	Caenorhabditis elegans	Metazoa	170	False
O74388	Schizosaccharomyces pombe (strain 972 / ATCC 24843)	Fungi	301	False
Q9SX99	Arabidopsis thaliana	Plants	261	False
Q5QJE6	Homo sapiens	Metazoa	756	False
Q86VW1	Homo sapiens	Metazoa	577	True
Q9HCL2	Homo sapiens	Metazoa	828	False
O70467	Rattus norvegicus	Metazoa	528	False
Q8IWL3	Homo sapiens	Metazoa	235	False
Q92551	Homo sapiens	Metazoa	441	False
P12904	Saccharomyces cerevisiae (strain ATCC 204508 / S288c)	Fungi	322	False
Q9CQ79	Mus musculus	Metazoa	226	False
Q19345	Caenorhabditis elegans	Metazoa	572	False
P53992	Homo sapiens	Metazoa	1094	False
P24345	Zea mays	Plants	359	False
Q8TCC3	Homo sapiens	Metazoa	161	False
P53742	Saccharomyces cerevisiae (strain ATCC 204508 / S288c)	Fungi	486	False
O04492	Arabidopsis thaliana	Plants	419	False
Q9VEX5	Drosophila melanogaster	Metazoa	689	False
Q6ZPR5	Mus musculus	Metazoa	823	False
P53886	Saccharomyces cerevisiae (strain ATCC 204508 / S288c)	Fungi	1748	False
P68530	Bos taurus	Metazoa	227	True
Q9W123	Drosophila melanogaster	Metazoa	495	False
Q8VIE6	Mus musculus	Metazoa	465	True
G2TRN4	Schizosaccharomyces pombe (strain 972 / ATCC 24843)	Fungi	104	False
Q8N2H3	Homo sapiens	Metazoa	581	False
Q8NFH5	Homo sapiens	Metazoa	326	False
Q9H0H5	Homo sapiens	Metazoa	632	False
O74465	Schizosaccharomyces pombe (strain 972 / ATCC 24843)	Fungi	999	False
P70257	Mus musculus	Metazoa	488	False
Q56P03	Homo sapiens	Metazoa	285	False
Q8MMZ7	Toxoplasma gondii	Other	994	False
Q9Y2E8	Homo sapiens	Metazoa	581	True
Q9CA42	Arabidopsis thaliana	Plants	1085	False
P30804	Canis lupus familiaris	Metazoa	1165	False
Q6K1S6	Oryza sativa subsp. japonica	Plants	258	False
Q9P032	Homo sapiens	Metazoa	175	False
Q9VIT0	Drosophila melanogaster	Metazoa	255	False
Q7RTY1	Homo sapiens	Metazoa	509	True
Q12220	Saccharomyces cerevisiae (strain ATCC 204508 / S288c)	Fungi	943	False
Q9FJ17	Arabidopsis thaliana	Plants	211	False
Q9NZ09	Homo sapiens	Metazoa	502	False
Q8H151	Arabidopsis thaliana	Plants	608	False
Q4X006	Aspergillus fumigatus (strain ATCC MYA-4609 / CBS 101355 / FGSC A1100 / Af293)	Fungi	1499	False
P38137	Saccharomyces cerevisiae (strain ATCC 204508 / S288c)	Fungi	543	False
Q9C519	Arabidopsis thaliana	Plants	553	False
Q8WV60	Homo sapiens	Metazoa	388	False
Q9C6Z1	Arabidopsis thaliana	Plants	589	False
Q9FZ47	Arabidopsis thaliana	Plants	290	False
O82210	Arabidopsis thaliana	Plants	366	False
Q12107	Saccharomyces cerevisiae (strain ATCC 204508 / S288c)	Fungi	265	False
Q8IZD6	Homo sapiens	Metazoa	547	True
P51449	Homo sapiens	Metazoa	518	False
Q9Y3D5	Homo sapiens	Metazoa	142	False
C0HLN0	Rattus norvegicus	Metazoa	54	True
P40465	Saccharomyces cerevisiae (strain ATCC 204508 / S288c)	Fungi	213	False
Q9WVR3	Rattus norvegicus	Metazoa	1257	False
Q9UK58	Homo sapiens	Metazoa	526	False
P27476	Saccharomyces cerevisiae (strain ATCC 204508 / S288c)	Fungi	414	False
Q9D3D9	Mus musculus	Metazoa	168	False
Q9HGK2	Schizosaccharomyces pombe (strain 972 / ATCC 24843)	Fungi	216	False
Q4KLP8	Xenopus laevis	Metazoa	663	False
Q05498	Saccharomyces cerevisiae (strain ATCC 204508 / S288c)	Fungi	189	False
P82231	Spinacia oleracea	Plants	271	False
Q2TA12	Bos taurus	Metazoa	306	False
Q60700	Mus musculus	Metazoa	888	False
P53991	Chlamydomonas reinhardtii	Plants	354	False
I3W9F6	Rhizophagus irregularis	Fungi	276	True
P32302	Homo sapiens	Metazoa	372	True
Q13185	Homo sapiens	Metazoa	183	False
O55170	Rattus norvegicus	Metazoa	466	False
Q06675	Saccharomyces cerevisiae (strain ATCC 204508 / S288c)	Fungi	368	False
Q2VWA4	Homo sapiens	Metazoa	1015	False
P47096	Saccharomyces cerevisiae (strain ATCC 204508 / S288c)	Fungi	177	False
P52286	Saccharomyces cerevisiae (strain ATCC 204508 / S288c)	Fungi	194	False
Q9H147	Homo sapiens	Metazoa	329	False
P97524	Rattus norvegicus	Metazoa	620	True
A4PES0	Sus scrofa	Metazoa	565	False
P53233	Saccharomyces cerevisiae (strain ATCC 204508 / S288c)	Fungi	369	False
Q8BZ89	Mus musculus	Metazoa	410	False
Q02962	Homo sapiens	Metazoa	417	False
P49107	Arabidopsis thaliana	Plants	171	False
P32499	Saccharomyces cerevisiae (strain ATCC 204508 / S288c)	Fungi	720	False
O42227	Xenopus laevis	Metazoa	480	False
Q63087	Rattus norvegicus	Metazoa	326	False
Q9JJI5	Rattus norvegicus	Metazoa	425	True
Q63ZV0	Mus musculus	Metazoa	521	False
Q6F5E8	Homo sapiens	Metazoa	1435	False
P70392	Mus musculus	Metazoa	1189	False
Q9Y2W2	Homo sapiens	Metazoa	641	False
P32863	Saccharomyces cerevisiae (strain ATCC 204508 / S288c)	Fungi	898	False
Q9FL44	Arabidopsis thaliana	Plants	235	False
P18847	Homo sapiens	Metazoa	181	False
P31751	Homo sapiens	Metazoa	481	False
Q08921	Saccharomyces cerevisiae (strain ATCC 204508 / S288c)	Fungi	799	False
Q9ULD5	Homo sapiens	Metazoa	831	False
Q1XA76	Gallus gallus	Metazoa	527	True
Q9CXW4	Mus musculus	Metazoa	178	False
Q5U308	Rattus norvegicus	Metazoa	858	True
O43687	Homo sapiens	Metazoa	104	False
Q1PEX8	Arabidopsis thaliana	Plants	75	True
Q9FY99	Arabidopsis thaliana	Plants	596	False
O49570	Arabidopsis thaliana	Plants	650	False
Q8IYX4	Homo sapiens	Metazoa	353	False
F4I7I0	Arabidopsis thaliana	Plants	543	False
O75122	Homo sapiens	Metazoa	1294	False
O74954	Schizosaccharomyces pombe (strain 972 / ATCC 24843)	Fungi	613	False
Q9URV9	Schizosaccharomyces pombe (strain 972 / ATCC 24843)	Fungi	124	False
O95630	Homo sapiens	Metazoa	424	False
Q9C5D0	Arabidopsis thaliana	Plants	238	False
P09959	Saccharomyces cerevisiae (strain ATCC 204508 / S288c)	Fungi	803	False
Q60EW9	Oryza sativa subsp. japonica	Plants	774	False
Q63099	Rattus norvegicus	Metazoa	907	False
P53201	Saccharomyces cerevisiae (strain ATCC 204508 / S288c)	Fungi	476	False
Q9ZV24	Arabidopsis thaliana	Plants	148	True
P11155	Zea mays	Plants	947	False
O75821	Homo sapiens	Metazoa	320	False
Q7KNF2	Drosophila melanogaster	Metazoa	224	False
P10734	Drosophila melanogaster	Metazoa	429	False
Q8NFJ9	Homo sapiens	Metazoa	593	False
P29458	Schizosaccharomyces pombe (strain 972 / ATCC 24843)	Fungi	911	False
O43365	Homo sapiens	Metazoa	443	False
Q92772	Homo sapiens	Metazoa	493	False
Q6IP18	Xenopus laevis	Metazoa	276	False
Q9NS69	Homo sapiens	Metazoa	142	True
Q9LQK7	Arabidopsis thaliana	Plants	475	False
P50480	Rattus norvegicus	Metazoa	360	False
P57081	Homo sapiens	Metazoa	412	False
P81760	Arabidopsis thaliana	Plants	236	False
P82248	Spinacia oleracea	Plants	168	False
Q9NS23	Homo sapiens	Metazoa	344	False
Q8L785	Arabidopsis thaliana	Plants	1067	False
Q2NKJ3	Homo sapiens	Metazoa	1217	False
F8VPU2	Mus musculus	Metazoa	1048	False
O02751	Bos taurus	Metazoa	592	False
Q63810	Mus musculus	Metazoa	170	False
O35346	Rattus norvegicus	Metazoa	1055	False
Q6L545	Oryza sativa subsp. japonica	Plants	354	False
Q3B8Q2	Rattus norvegicus	Metazoa	411	False
Q9CQT9	Mus musculus	Metazoa	129	True
Q54S83	Dictyostelium discoideum	Other	484	False
P30181	Arabidopsis thaliana	Plants	916	False
Q18685	Caenorhabditis elegans	Metazoa	720	False
Q9QUS4	Mus musculus	Metazoa	339	False
Q10740	Saccharomyces cerevisiae (strain ATCC 204508 / S288c)	Fungi	671	False
P35221	Homo sapiens	Metazoa	906	False
P43694	Homo sapiens	Metazoa	442	False
Q43127	Arabidopsis thaliana	Plants	430	False
Q9LKW9	Arabidopsis thaliana	Plants	1146	True
Q96E11	Homo sapiens	Metazoa	262	False
P10606	Homo sapiens	Metazoa	129	False
P68519	Crotalus viridis viridis	Metazoa	105	False
Q96PX9	Homo sapiens	Metazoa	1627	False
Q62696	Rattus norvegicus	Metazoa	911	False
Q03358	Mus musculus	Metazoa	267	False
Q8NEZ2	Homo sapiens	Metazoa	397	False
P09597	Spinacia oleracea	Plants	134	False
Q6NXK7	Mus musculus	Metazoa	797	True
P32238	Homo sapiens	Metazoa	428	True
Q96301	Arabidopsis thaliana	Plants	914	False
Q08558	Saccharomyces cerevisiae (strain ATCC 204508 / S288c)	Fungi	271	False
P00288	Vicia faba	Plants	99	False
Q9WVH4	Mus musculus	Metazoa	672	False
Q9UT76	Schizosaccharomyces pombe (strain 972 / ATCC 24843)	Fungi	393	False
Q8BFZ4	Mus musculus	Metazoa	434	False
P41047	Mus musculus	Metazoa	279	True
Q6UXN9	Homo sapiens	Metazoa	313	False
P04913	Schizosaccharomyces pombe (strain 972 / ATCC 24843)	Fungi	126	False
Q8GW32	Arabidopsis thaliana	Plants	94	False
P35658	Homo sapiens	Metazoa	2090	False
Q9M9H4	Arabidopsis thaliana	Plants	500	False
P57105	Homo sapiens	Metazoa	145	False
Q6K431	Oryza sativa subsp. japonica	Plants	1022	False
Q8IYB8	Homo sapiens	Metazoa	786	False
Q92908	Homo sapiens	Metazoa	595	False
Q8R0S9	Mus musculus	Metazoa	554	True
Q6R6M4	Homo sapiens	Metazoa	530	False
P04897	Rattus norvegicus	Metazoa	355	False
Q9BZI7	Homo sapiens	Metazoa	483	False
Q9P241	Homo sapiens	Metazoa	1426	False
P05114	Homo sapiens	Metazoa	100	False
P21729	Mus musculus	Metazoa	384	True
P10827	Homo sapiens	Metazoa	490	False
P11531	Mus musculus	Metazoa	3678	False
Q12153	Saccharomyces cerevisiae (strain ATCC 204508 / S288c)	Fungi	453	False
P32367	Saccharomyces cerevisiae (strain ATCC 204508 / S288c)	Fungi	649	False
G1X9H9	Arthrobotrys oligospora (strain ATCC 24927 / CBS 115.81 / DSM 1491)	Fungi	411	False
Q9VLJ8	Drosophila melanogaster	Metazoa	453	False
P09139	Rattus norvegicus	Metazoa	414	False
A0A396IUP1	Medicago truncatula	Plants	594	False
P50518	Mus musculus	Metazoa	226	False
Q24564	Drosophila melanogaster	Metazoa	635	False
F6ZDS4	Mus musculus	Metazoa	2431	False
Q27297	Drosophila melanogaster	Metazoa	336	False
O15055	Homo sapiens	Metazoa	1255	False
O14894	Homo sapiens	Metazoa	197	True
Q9BSV6	Homo sapiens	Metazoa	310	False
P17679	Mus musculus	Metazoa	413	False
P70698	Mus musculus	Metazoa	591	False
Q9NVA1	Homo sapiens	Metazoa	299	False
Q9P805	Schizosaccharomyces pombe (strain 972 / ATCC 24843)	Fungi	127	False
F4J2K2	Arabidopsis thaliana	Plants	625	False
Q9FIB6	Arabidopsis thaliana	Plants	442	False
Q9Y8G3	Schizosaccharomyces pombe (strain 972 / ATCC 24843)	Fungi	596	False
Q9BXF3	Homo sapiens	Metazoa	1484	False
Q9SKX9	Arabidopsis thaliana	Plants	71	True
Q6PJ21	Homo sapiens	Metazoa	355	False
Q9NZN4	Homo sapiens	Metazoa	543	False
O75001	Schizosaccharomyces pombe (strain 972 / ATCC 24843)	Fungi	760	False
P14938	Raphanus sativus	Plants	96	False
Q16629	Homo sapiens	Metazoa	238	False
P60824	Mus musculus	Metazoa	172	False
Q8N8Q3	Homo sapiens	Metazoa	282	False
Q9UH99	Homo sapiens	Metazoa	717	False
Q9C5Z3	Arabidopsis thaliana	Plants	441	False
Q04116	Saccharomyces cerevisiae (strain ATCC 204508 / S288c)	Fungi	353	False
Q9Y5L0	Homo sapiens	Metazoa	923	False
O08808	Mus musculus	Metazoa	1255	False
P78364	Homo sapiens	Metazoa	1004	False
P36617	Schizosaccharomyces pombe (strain 972 / ATCC 24843)	Fungi	877	False
P48727	Caenorhabditis elegans	Metazoa	333	False
Q9VH07	Drosophila melanogaster	Metazoa	456	False
O64903	Arabidopsis thaliana	Plants	231	False
Q6R0A6	Arabidopsis thaliana	Plants	294	False
Q7ZT82	Danio rerio	Metazoa	382	False
P02253	Bos taurus	Metazoa	213	False
O75665	Homo sapiens	Metazoa	1012	False
Q9NV29	Homo sapiens	Metazoa	134	True
Q9ZUF4	Arabidopsis thaliana	Plants	462	False
O94851	Homo sapiens	Metazoa	1957	False
P40160	Saccharomyces cerevisiae (strain ATCC 204508 / S288c)	Fungi	425	False
I1CR68	Rhizopus delemar (strain RA 99-880 / ATCC MYA-4621 / FGSC 9543 / NRRL 43880)	Fungi	306	True
Q03195	Saccharomyces cerevisiae (strain ATCC 204508 / S288c)	Fungi	608	False
P38927	Saccharomyces cerevisiae (strain ATCC 204508 / S288c)	Fungi	245	False
Q9H0Z9	Homo sapiens	Metazoa	239	False
P45951	Arabidopsis thaliana	Plants	536	False
P08579	Homo sapiens	Metazoa	225	False
P34223	Saccharomyces cerevisiae (strain ATCC 204508 / S288c)	Fungi	423	False
Q99942	Homo sapiens	Metazoa	180	False
O15084	Homo sapiens	Metazoa	1053	False
O94829	Homo sapiens	Metazoa	963	False
Q9BQ04	Homo sapiens	Metazoa	359	False
P59047	Homo sapiens	Metazoa	1200	False
Q9WUM4	Mus musculus	Metazoa	474	False
P17545	Trypanosoma brucei brucei	Other	1766	False
P47043	Saccharomyces cerevisiae (strain ATCC 204508 / S288c)	Fungi	880	False
Q9VWF4	Drosophila melanogaster	Metazoa	387	False
Q9P7E0	Schizosaccharomyces pombe (strain 972 / ATCC 24843)	Fungi	79	True
P02255	Drosophila melanogaster	Metazoa	256	False
Q96Q89	Homo sapiens	Metazoa	1820	False
O15552	Homo sapiens	Metazoa	330	True
O82503	Arabidopsis thaliana	Plants	287	False
P40688	Drosophila melanogaster	Metazoa	548	False
F4IDJ0	Arabidopsis thaliana	Plants	830	False
P56501	Mus musculus	Metazoa	308	True
P47973	Rattus norvegicus	Metazoa	320	False
P13446	Euglena gracilis	Other	480	False
P15037	Mus musculus	Metazoa	468	False
P38084	Saccharomyces cerevisiae (strain ATCC 204508 / S288c)	Fungi	609	False
Q9NYB5	Homo sapiens	Metazoa	712	True
Q16281	Homo sapiens	Metazoa	694	False
Q03338	Saccharomyces cerevisiae (strain ATCC 204508 / S288c)	Fungi	469	False
Q16611	Homo sapiens	Metazoa	211	False
Q80WE1	Rattus norvegicus	Metazoa	593	False
Q6AZ28	Rattus norvegicus	Metazoa	572	False
Q9LLC1	Arabidopsis thaliana	Plants	255	False
Q5H8A6	Lotus japonicus	Plants	853	False
Q336R9	Oryza sativa subsp. japonica	Plants	263	False
Q9FVU9	Arabidopsis thaliana	Plants	358	False
O74731	Schizosaccharomyces pombe (strain 972 / ATCC 24843)	Fungi	479	False
Q9HCS4	Homo sapiens	Metazoa	588	False
P00241	Cyanidium caldarium	Other	98	False
P22342	Euglena viridis	Other	102	False
Q94AV5	Arabidopsis thaliana	Plants	459	False
Q94K73	Arabidopsis thaliana	Plants	429	False
Q5VRD7	Oryza sativa subsp. japonica	Plants	53	True
O74844	Schizosaccharomyces pombe (strain 972 / ATCC 24843)	Fungi	244	False
Q67Y93	Arabidopsis thaliana	Plants	191	False
Q03124	Saccharomyces cerevisiae (strain ATCC 204508 / S288c)	Fungi	581	False
Q86XF0	Homo sapiens	Metazoa	187	False
Q04377	Saccharomyces cerevisiae (strain ATCC 204508 / S288c)	Fungi	747	False
P97836	Rattus norvegicus	Metazoa	992	False
Q61831	Mus musculus	Metazoa	464	False
P55017	Homo sapiens	Metazoa	1021	False
A0A2R6QE26	Actinidia chinensis var. chinensis	Plants	689	False
Q17391	Caenorhabditis elegans	Metazoa	777	False
P49116	Homo sapiens	Metazoa	596	False
Q96EV2	Homo sapiens	Metazoa	1170	False
Q8TE02	Homo sapiens	Metazoa	300	False
P70169	Mus musculus	Metazoa	412	False
Q13156	Homo sapiens	Metazoa	261	False
Q8N201	Homo sapiens	Metazoa	2190	False
P19838	Homo sapiens	Metazoa	968	False
P40169	Saccharomyces cerevisiae (strain ATCC 204508 / S288c)	Fungi	301	True
A2VEY9	Drosophila melanogaster	Metazoa	693	True
Q12084	Saccharomyces cerevisiae (strain ATCC 204508 / S288c)	Fungi	232	False
O64645	Arabidopsis thaliana	Plants	214	False
Q8IBS5	Plasmodium falciparum (isolate 3D7)	Other	528	False
Q9UBY5	Homo sapiens	Metazoa	353	True
P00235	Equisetum arvense	Plants	95	False
Q9WTY4	Mus musculus	Metazoa	265	True
Q07075	Homo sapiens	Metazoa	957	True
P85125	Rattus norvegicus	Metazoa	392	False
Q1H5E9	Arabidopsis thaliana	Plants	397	False
P12532	Homo sapiens	Metazoa	417	False
Q9JJ43	Mus musculus	Metazoa	396	False
P24867	Saccharomyces cerevisiae (strain ATCC 204508 / S288c)	Fungi	279	False
Q9LY00	Arabidopsis thaliana	Plants	294	False
Q5NUL3	Homo sapiens	Metazoa	361	True
Q9FNY2	Arabidopsis thaliana	Plants	385	False
Q9M2Q6	Arabidopsis thaliana	Plants	354	False
Q13009	Homo sapiens	Metazoa	1591	False
Q9FK12	Arabidopsis thaliana	Plants	354	False
Q8WSR3	Ascaris suum	Metazoa	645	False
Q22037	Caenorhabditis elegans	Metazoa	346	False
P20428	Rattus norvegicus	Metazoa	287	False
Q5M876	Rattus norvegicus	Metazoa	319	False
Q9JKN6	Mus musculus	Metazoa	507	False
Q5VWG9	Homo sapiens	Metazoa	929	False
Q96A70	Homo sapiens	Metazoa	460	False
O00148	Homo sapiens	Metazoa	427	False
O13775	Schizosaccharomyces pombe (strain 972 / ATCC 24843)	Fungi	716	False
Q05066	Homo sapiens	Metazoa	204	False
P00062	Sambucus nigra	Plants	111	False
P25373	Saccharomyces cerevisiae (strain ATCC 204508 / S288c)	Fungi	110	False
Q60680	Mus musculus	Metazoa	745	False
Q10428	Schizosaccharomyces pombe (strain 972 / ATCC 24843)	Fungi	548	False
M9PFN0	Drosophila melanogaster	Metazoa	352	False
Q12343	Saccharomyces cerevisiae (strain ATCC 204508 / S288c)	Fungi	284	False
Q9CR68	Mus musculus	Metazoa	274	False
Q9P0M6	Homo sapiens	Metazoa	372	False
Q23917	Dictyostelium discoideum	Other	793	False
Q04599	Saccharomyces cerevisiae (strain ATCC 204508 / S288c)	Fungi	285	False
Q9UU96	Schizosaccharomyces pombe (strain 972 / ATCC 24843)	Fungi	736	False
Q3KNY0	Mus musculus	Metazoa	2849	False
Q9FLF7	Arabidopsis thaliana	Plants	445	False
O13965	Schizosaccharomyces pombe (strain 972 / ATCC 24843)	Fungi	730	False
Q03172	Mus musculus	Metazoa	2688	False
P51579	Rattus norvegicus	Metazoa	389	True
O95260	Homo sapiens	Metazoa	518	False
Q61469	Mus musculus	Metazoa	283	True
Q9LML2	Arabidopsis thaliana	Plants	979	False
Q8IUN9	Homo sapiens	Metazoa	316	True
Q3MHL3	Bos taurus	Metazoa	425	False
P0CU08	Schizosaccharomyces pombe (strain 972 / ATCC 24843)	Fungi	235	False
P26374	Homo sapiens	Metazoa	656	False
Q61880	Mus musculus	Metazoa	340	False
Q9NP58	Homo sapiens	Metazoa	842	True
O89019	Mus musculus	Metazoa	1062	False
Q75H77	Oryza sativa subsp. japonica	Plants	362	False
F2Z699	Yarrowia lipolytica (strain CLIB 122 / E 150)	Fungi	582	False
Q9CX92	Mus musculus	Metazoa	205	True
Q84Y95	Arabidopsis thaliana	Plants	173	False
P41135	Rattus norvegicus	Metazoa	164	False
Q84W56	Arabidopsis thaliana	Plants	911	False
Q64524	Mus musculus	Metazoa	126	False
Q1K548	Neurospora crassa (strain ATCC 24698 / 74-OR23-1A / CBS 708.71 / DSM 1257 / FGSC 987)	Fungi	477	False
P20618	Homo sapiens	Metazoa	241	False
Q8IE02	Plasmodium falciparum (isolate 3D7)	Other	597	False
Q93YN1	Arabidopsis thaliana	Plants	390	False
Q92826	Homo sapiens	Metazoa	284	False
P82908	Bos taurus	Metazoa	103	False
O95619	Homo sapiens	Metazoa	227	False
Q9FGH9	Arabidopsis thaliana	Plants	624	False
Q9SHJ6	Arabidopsis thaliana	Plants	323	False
Q9VV74	Drosophila melanogaster	Metazoa	226	False
Q10661	Caenorhabditis elegans	Metazoa	123	False
Q96RL7	Homo sapiens	Metazoa	3174	False
Q80Z37	Mus musculus	Metazoa	1033	False
O43511	Homo sapiens	Metazoa	780	True
A2AIV2	Mus musculus	Metazoa	1811	False
Q9CPY3	Mus musculus	Metazoa	264	False
P04049	Homo sapiens	Metazoa	648	False
A7DTF0	Caenorhabditis elegans	Metazoa	337	False
P12629	Spinacia oleracea	Plants	250	False
Q9Z2F5	Rattus norvegicus	Metazoa	430	False
Q8BX46	Mus musculus	Metazoa	964	False
Q8IS98	Crithidia fasciculata	Other	134	False
Q6I5C3	Oryza sativa subsp. japonica	Plants	209	False
P08485	Rattus norvegicus	Metazoa	478	True
Q9BUJ2	Homo sapiens	Metazoa	856	False
Q9TYY7	Caenorhabditis elegans	Metazoa	478	True
Q08214	Saccharomyces cerevisiae (strain ATCC 204508 / S288c)	Fungi	380	False
Q7Z3B3	Homo sapiens	Metazoa	1105	False
O00522	Homo sapiens	Metazoa	736	False
P48443	Homo sapiens	Metazoa	463	False
Q9JHI9	Mus musculus	Metazoa	570	True
P61221	Homo sapiens	Metazoa	599	False
Q04089	Saccharomyces cerevisiae (strain ATCC 204508 / S288c)	Fungi	582	False
Q96JC9	Homo sapiens	Metazoa	268	False
P00066	Nigella damascena	Plants	111	False
Q91V24	Mus musculus	Metazoa	2159	True
P29595	Mus musculus	Metazoa	81	False
Q8JGN5	Xenopus laevis	Metazoa	160	False
Q95QK3	Caenorhabditis elegans	Metazoa	1061	False
Q2M3C6	Homo sapiens	Metazoa	523	False
P26583	Homo sapiens	Metazoa	209	False
Q9WTJ6	Mus musculus	Metazoa	475	False
Q9R1A0	Rattus norvegicus	Metazoa	323	False
Q8NC56	Homo sapiens	Metazoa	503	False
Q9UNX4	Homo sapiens	Metazoa	943	False
Q09907	Schizosaccharomyces pombe (strain 972 / ATCC 24843)	Fungi	355	False
O08773	Rattus norvegicus	Metazoa	544	False
Q93ZN9	Arabidopsis thaliana	Plants	461	False
O00287	Homo sapiens	Metazoa	272	False
Q5Y5T5	Mus musculus	Metazoa	762	True
Q9H4B6	Homo sapiens	Metazoa	383	False
Q5DT39	Rattus norvegicus	Metazoa	243	True
Q9Y6M7	Homo sapiens	Metazoa	1214	False
Q94126	Caenorhabditis elegans	Metazoa	211	False
Q3SYS1	Bos taurus	Metazoa	178	False
P21528	Pisum sativum	Plants	441	False
Q6DKI7	Homo sapiens	Metazoa	326	True
P98197	Mus musculus	Metazoa	1187	True
Q95QW4	Caenorhabditis elegans	Metazoa	561	False
P18113	Rattus norvegicus	Metazoa	461	False
Q9Z2N6	Rattus norvegicus	Metazoa	79	False
Q03976	Saccharomyces cerevisiae (strain ATCC 204508 / S288c)	Fungi	319	False
Q6I9Y2	Homo sapiens	Metazoa	204	False
P51662	Oryctolagus cuniculus	Metazoa	346	False
Q8WZ19	Homo sapiens	Metazoa	329	False
P15847	Plasmodium falciparum	Other	184	False
P54789	Schizosaccharomyces pombe (strain 972 / ATCC 24843)	Fungi	707	False
Q84M97	Arabidopsis thaliana	Plants	742	False
P08425	Saccharomyces cerevisiae (strain ATCC 204508 / S288c)	Fungi	469	False
Q99N80	Mus musculus	Metazoa	567	False
P21279	Mus musculus	Metazoa	359	False
Q9C086	Homo sapiens	Metazoa	356	False
Q3U284	Mus musculus	Metazoa	315	True
Q9BSM1	Homo sapiens	Metazoa	259	False
Q8N371	Homo sapiens	Metazoa	416	False
G3LSH3	Lotus japonicus	Plants	483	False
P16403	Homo sapiens	Metazoa	213	False
P36970	Rattus norvegicus	Metazoa	197	False
Q9FJW3	Arabidopsis thaliana	Plants	82	True
Q9H1C0	Homo sapiens	Metazoa	372	True
Q14330	Homo sapiens	Metazoa	331	True
O81445	Arabidopsis thaliana	Plants	213	False
O60341	Homo sapiens	Metazoa	852	False
P0C5Z0	Homo sapiens	Metazoa	115	False
Q9ERI5	Mus musculus	Metazoa	403	False
Q9H8H0	Homo sapiens	Metazoa	719	False
P0CL69	Mus musculus	Metazoa	594	False
Q9LR78	Arabidopsis thaliana	Plants	793	False
O88343	Mus musculus	Metazoa	1079	False
Q9Y2I9	Homo sapiens	Metazoa	924	False
Q9UBC0	Homo sapiens	Metazoa	465	False
Q8NFT2	Homo sapiens	Metazoa	490	False
P42845	Saccharomyces cerevisiae (strain ATCC 204508 / S288c)	Fungi	420	False
Q945P1	Arabidopsis thaliana	Plants	317	False
O14098	Schizosaccharomyces pombe (strain 972 / ATCC 24843)	Fungi	593	False
P19484	Homo sapiens	Metazoa	476	False
P37292	Saccharomyces cerevisiae (strain ATCC 204508 / S288c)	Fungi	490	False
O64750	Arabidopsis thaliana	Plants	186	False
P20484	Saccharomyces cerevisiae (strain ATCC 204508 / S288c)	Fungi	414	False
O60716	Homo sapiens	Metazoa	968	False
Q6PIU1	Homo sapiens	Metazoa	500	False
Q8BGC4	Mus musculus	Metazoa	377	False
Q9UPY5	Homo sapiens	Metazoa	501	True
Q7L5D6	Homo sapiens	Metazoa	327	False
P38858	Saccharomyces cerevisiae (strain ATCC 204508 / S288c)	Fungi	249	False
D3ZUE1	Rattus norvegicus	Metazoa	857	False
Q9BSW2	Homo sapiens	Metazoa	731	False
Q9UGC7	Homo sapiens	Metazoa	380	False
Q8TAT5	Homo sapiens	Metazoa	605	False
Q64514	Mus musculus	Metazoa	1262	False
Q9H4Q4	Homo sapiens	Metazoa	367	False
Q9EPN1	Mus musculus	Metazoa	2936	False
Q8GUC3	Hordeum vulgare	Plants	350	False
Q9NZZ3	Homo sapiens	Metazoa	219	False
P32836	Saccharomyces cerevisiae (strain ATCC 204508 / S288c)	Fungi	220	False
P28033	Mus musculus	Metazoa	296	False
P24993	Zea mays	Plants	73	True
Q01560	Saccharomyces cerevisiae (strain ATCC 204508 / S288c)	Fungi	414	False
Q80VC6	Mus musculus	Metazoa	287	False
P33535	Rattus norvegicus	Metazoa	398	True
F4JEI8	Arabidopsis thaliana	Plants	317	False
Q6C793	Yarrowia lipolytica (strain CLIB 122 / E 150)	Fungi	465	False
Q14156	Homo sapiens	Metazoa	821	False
O45495	Caenorhabditis elegans	Metazoa	139	False
Q8VWH2	Oryza sativa subsp. japonica	Plants	178	False
P21727	Pisum sativum	Plants	402	False
P46561	Caenorhabditis elegans	Metazoa	538	False
Q25QX6	Xenopus laevis	Metazoa	153	False
Q8BMF8	Mus musculus	Metazoa	549	True
P30822	Saccharomyces cerevisiae (strain ATCC 204508 / S288c)	Fungi	1084	False
Q6Z965	Oryza sativa subsp. japonica	Plants	394	False
P40055	Saccharomyces cerevisiae (strain ATCC 204508 / S288c)	Fungi	554	False
Q9VW47	Drosophila melanogaster	Metazoa	2531	False
Q8WWY3	Homo sapiens	Metazoa	499	False
Q8TD22	Homo sapiens	Metazoa	340	False
P15692	Homo sapiens	Metazoa	395	False
Q7TPD6	Mus musculus	Metazoa	673	False
Q9VTL1	Drosophila melanogaster	Metazoa	395	False
P53569	Mus musculus	Metazoa	1052	False
P0DKB7	Arabidopsis thaliana	Plants	326	False
Q6ZQ88	Mus musculus	Metazoa	853	False
Q9SW27	Arabidopsis thaliana	Plants	118	False
Q9NRR8	Homo sapiens	Metazoa	79	False
Q9Y5U8	Homo sapiens	Metazoa	109	True
O88700	Mus musculus	Metazoa	1416	False
O44827	Caenorhabditis elegans	Metazoa	510	True
P70473	Rattus norvegicus	Metazoa	382	False
Q9Y5P1	Homo sapiens	Metazoa	312	True
Q8NA29	Homo sapiens	Metazoa	543	True
P55212	Homo sapiens	Metazoa	293	False
Q9CAI2	Arabidopsis thaliana	Plants	414	False
P32597	Saccharomyces cerevisiae (strain ATCC 204508 / S288c)	Fungi	1359	False
Q3V6T2	Homo sapiens	Metazoa	1871	False
Q60770	Mus musculus	Metazoa	592	False
Q9FNP1	Arabidopsis thaliana	Plants	1130	False
P38809	Saccharomyces cerevisiae (strain ATCC 204508 / S288c)	Fungi	366	False
Q13495	Homo sapiens	Metazoa	774	False
Q10317	Schizosaccharomyces pombe (strain 972 / ATCC 24843)	Fungi	193	False
Q6IDB0	Arabidopsis thaliana	Plants	193	False
Q8C0V1	Mus musculus	Metazoa	768	False
Q14166	Homo sapiens	Metazoa	644	False
Q9FNY3	Arabidopsis thaliana	Plants	292	False
D6VTK4	Saccharomyces cerevisiae (strain ATCC 204508 / S288c)	Fungi	431	True
P34914	Mus musculus	Metazoa	554	False
P0CG30	Homo sapiens	Metazoa	244	False
O46339	Drosophila melanogaster	Metazoa	487	False
B8XA41	Solanum habrochaites	Plants	777	False
P09007	Saccharomyces cerevisiae (strain ATCC 204508 / S288c)	Fungi	221	False
Q9BZD4	Homo sapiens	Metazoa	464	False
F4J264	Arabidopsis thaliana	Plants	406	False
Q9H4B0	Homo sapiens	Metazoa	414	False
Q9SID1	Arabidopsis thaliana	Plants	238	False
Q09715	Schizosaccharomyces pombe (strain 972 / ATCC 24843)	Fungi	614	False
Q4V7K4	Xenopus laevis	Metazoa	733	False
Q9LZD0	Arabidopsis thaliana	Plants	599	False
O88453	Rattus norvegicus	Metazoa	931	False
Q9DCM2	Mus musculus	Metazoa	226	False
Q9BY41	Homo sapiens	Metazoa	377	False
O74736	Schizosaccharomyces pombe (strain 972 / ATCC 24843)	Fungi	305	False
Q9GZH2	Caenorhabditis elegans	Metazoa	448	False
Q07821	Saccharomyces cerevisiae (strain ATCC 204508 / S288c)	Fungi	250	False
Q9NK54	Drosophila melanogaster	Metazoa	1711	False
Q9M5K3	Arabidopsis thaliana	Plants	507	False
P34791	Arabidopsis thaliana	Plants	260	False
Q15562	Homo sapiens	Metazoa	447	False
P32855	Saccharomyces cerevisiae (strain ATCC 204508 / S288c)	Fungi	1065	False
O04425	Arabidopsis thaliana	Plants	747	False
Q9H7T9	Homo sapiens	Metazoa	357	False
P22814	Drosophila melanogaster	Metazoa	510	False
Q96SN7	Homo sapiens	Metazoa	254	True
Q09081	Oryctolagus cuniculus	Metazoa	499	False
P35718	Saccharomyces cerevisiae (strain ATCC 204508 / S288c)	Fungi	212	False
Q94521	Drosophila melanogaster	Metazoa	275	False
A0A2P1GIW2	Catharanthus roseus	Plants	330	False
P15172	Homo sapiens	Metazoa	320	False
P43692	Gallus gallus	Metazoa	391	False
P00042	Wickerhamomyces anomalus	Fungi	109	False
P21592	Saccharomyces cerevisiae (strain ATCC 204508 / S288c)	Fungi	462	False
Q8NG11	Homo sapiens	Metazoa	270	True
Q9R0W5	Rattus norvegicus	Metazoa	495	True
Q9JIA7	Mus musculus	Metazoa	617	False
P43275	Mus musculus	Metazoa	213	False
P04911	Saccharomyces cerevisiae (strain ATCC 204508 / S288c)	Fungi	132	False
Q1LZ24	Drosophila melanogaster	Metazoa	586	False
Q7TNG8	Mus musculus	Metazoa	484	False
O60832	Homo sapiens	Metazoa	514	False
Q9UHI7	Homo sapiens	Metazoa	598	True
O43837	Homo sapiens	Metazoa	385	False
Q9P6I9	Schizosaccharomyces pombe (strain 972 / ATCC 24843)	Fungi	618	False
G5EGE9	Caenorhabditis elegans	Metazoa	1263	False
O59804	Schizosaccharomyces pombe (strain 972 / ATCC 24843)	Fungi	104	False
P49028	Drosophila melanogaster	Metazoa	147	False
O08837	Rattus norvegicus	Metazoa	802	False
Q11120	Schizosaccharomyces pombe (strain 972 / ATCC 24843)	Fungi	515	False
P08173	Homo sapiens	Metazoa	479	True
P06785	Saccharomyces cerevisiae (strain ATCC 204508 / S288c)	Fungi	304	False
Q8RWR1	Arabidopsis thaliana	Plants	429	False
Q8VEH6	Mus musculus	Metazoa	393	False
P05165	Homo sapiens	Metazoa	728	False
Q91Y55	Rattus norvegicus	Metazoa	235	True
Q09687	Schizosaccharomyces pombe (strain 972 / ATCC 24843)	Fungi	518	False
Q9C5G0	Arabidopsis thaliana	Plants	367	False
Q02793	Saccharomyces cerevisiae (strain ATCC 204508 / S288c)	Fungi	397	False
P38903	Saccharomyces cerevisiae (strain ATCC 204508 / S288c)	Fungi	757	False
A2ANU3	Mus musculus	Metazoa	258	False
P86937	Trypanosoma brucei brucei	Other	839	False
O01803	Caenorhabditis elegans	Metazoa	211	False
Q84WW2	Arabidopsis thaliana	Plants	325	False
A0A095C325	Cryptococcus deuterogattii (strain R265)	Fungi	1408	False
P00432	Bos taurus	Metazoa	527	False
Q96GR2	Homo sapiens	Metazoa	724	False
Q2NNE0	Arabidopsis thaliana	Plants	484	False
O00213	Homo sapiens	Metazoa	710	False
Q9W2H9	Drosophila melanogaster	Metazoa	541	False
P40043	Saccharomyces cerevisiae (strain ATCC 204508 / S288c)	Fungi	161	False
A0A0P0WQ90	Oryza sativa subsp. japonica	Plants	416	False
P53289	Saccharomyces cerevisiae (strain ATCC 204508 / S288c)	Fungi	263	False
P35129	Caenorhabditis elegans	Metazoa	147	False
P47738	Mus musculus	Metazoa	519	False
Q96AD5	Homo sapiens	Metazoa	504	True
Q03920	Saccharomyces cerevisiae (strain ATCC 204508 / S288c)	Fungi	221	False
O43924	Homo sapiens	Metazoa	150	False
Q8HWS3	Homo sapiens	Metazoa	928	False
P28656	Mus musculus	Metazoa	391	False
P97452	Mus musculus	Metazoa	732	False
Q8VYD8	Arabidopsis thaliana	Plants	315	False
Q8K5A9	Rattus norvegicus	Metazoa	228	True
Q8NI51	Homo sapiens	Metazoa	663	False
P38793	Saccharomyces cerevisiae (strain ATCC 204508 / S288c)	Fungi	499	False
Q14669	Homo sapiens	Metazoa	1992	False
O08839	Rattus norvegicus	Metazoa	588	False
Q9ZPX5	Arabidopsis thaliana	Plants	632	False
Q13363	Homo sapiens	Metazoa	440	False
Q9LPS1	Arabidopsis thaliana	Plants	498	True
Q96253	Arabidopsis thaliana	Plants	70	False
Q9H1K0	Homo sapiens	Metazoa	784	False
P30624	Saccharomyces cerevisiae (strain ATCC 204508 / S288c)	Fungi	700	False
P33301	Saccharomyces cerevisiae (strain ATCC 204508 / S288c)	Fungi	854	False
Q9SU30	Arabidopsis thaliana	Plants	413	False
P32063	Coriandrum sativum	Plants	385	False
Q7KSD8	Drosophila melanogaster	Metazoa	562	False
P43136	Mus musculus	Metazoa	390	False
Q966L3	Caenorhabditis elegans	Metazoa	218	False
Q9UQ90	Homo sapiens	Metazoa	795	False
P30664	Xenopus laevis	Metazoa	863	False
Q4H4B6	Danio rerio	Metazoa	1724	False
Q13501	Homo sapiens	Metazoa	440	False
P70121	Mus musculus	Metazoa	873	False
Q9S7G6	Arabidopsis thaliana	Plants	991	False
Q7XR83	Oryza sativa subsp. japonica	Plants	333	False
Q9STM3	Arabidopsis thaliana	Plants	1360	False
Q9N2W5	Caenorhabditis elegans	Metazoa	301	False
Q05437	Gallus gallus	Metazoa	245	False
Q9Y2P8	Homo sapiens	Metazoa	373	False
Q96EH3	Homo sapiens	Metazoa	234	False
P35123	Mus musculus	Metazoa	962	False
Q9R0U0	Mus musculus	Metazoa	262	False
G5ECY0	Caenorhabditis elegans	Metazoa	967	False
Q91WD5	Mus musculus	Metazoa	463	False
E9Q4F7	Mus musculus	Metazoa	2643	False
P19518	Oryctolagus cuniculus	Metazoa	222	True
O15143	Homo sapiens	Metazoa	372	False
Q9UUA8	Schizosaccharomyces pombe (strain 972 / ATCC 24843)	Fungi	120	False
Q8H113	Arabidopsis thaliana	Plants	357	False
P15650	Rattus norvegicus	Metazoa	430	False
P39990	Saccharomyces cerevisiae (strain ATCC 204508 / S288c)	Fungi	126	False
O75410	Homo sapiens	Metazoa	805	False
P07756	Rattus norvegicus	Metazoa	1500	False
Q9H5I1	Homo sapiens	Metazoa	410	False
Q9SI64	Arabidopsis thaliana	Plants	702	False
Q5RJ80	Danio rerio	Metazoa	914	False
P18583	Homo sapiens	Metazoa	2426	False
Q9FMK7	Arabidopsis thaliana	Plants	365	False
F4J284	Arabidopsis thaliana	Plants	860	False
P40547	Saccharomyces cerevisiae (strain ATCC 204508 / S288c)	Fungi	921	False
Q9WVS4	Mus musculus	Metazoa	420	False
Q86YH6	Homo sapiens	Metazoa	399	False
Q9UPI3	Homo sapiens	Metazoa	526	True
P18068	Chlamydomonas reinhardtii	Plants	145	False
Q95V55	Drosophila melanogaster	Metazoa	613	False
Q9P275	Homo sapiens	Metazoa	1123	False
Q8C3K6	Mus musculus	Metazoa	665	True
Q5ABZ2	Candida albicans (strain SC5314 / ATCC MYA-2876)	Fungi	534	False
Q9NVR2	Homo sapiens	Metazoa	710	False
Q8NEG4	Homo sapiens	Metazoa	500	False
P38253	Saccharomyces cerevisiae (strain ATCC 204508 / S288c)	Fungi	122	True
Q92629	Homo sapiens	Metazoa	289	True
Q05153	Arabidopsis thaliana	Plants	646	False
Q62881	Rattus norvegicus	Metazoa	221	False
Q7Y220	Arabidopsis thaliana	Plants	649	False
Q06011	Saccharomyces cerevisiae (strain ATCC 204508 / S288c)	Fungi	112	True
Q6GNV6	Xenopus laevis	Metazoa	856	False
P51592	Drosophila melanogaster	Metazoa	2885	False
O70433	Mus musculus	Metazoa	279	False
P14142	Mus musculus	Metazoa	509	True
P32504	Saccharomyces cerevisiae (strain ATCC 204508 / S288c)	Fungi	956	False
F4JGZ1	Arabidopsis thaliana	Plants	1278	False
P13618	Sus scrofa	Metazoa	76	False
O43541	Homo sapiens	Metazoa	496	False
Q9NQV5	Homo sapiens	Metazoa	511	False
P27216	Homo sapiens	Metazoa	316	False
Q8IZ52	Homo sapiens	Metazoa	775	True
Q8GRN0	Arabidopsis thaliana	Plants	222	False
Q61179	Mus musculus	Metazoa	399	False
Q9FJI1	Arabidopsis thaliana	Plants	178	False
Q9ESL4	Mus musculus	Metazoa	802	False
Q9DBY5	Mus musculus	Metazoa	414	False
P31392	Rattus norvegicus	Metazoa	395	True
O95210	Homo sapiens	Metazoa	358	True
Q0JJ05	Oryza sativa subsp. japonica	Plants	987	False
Q9WVR6	Rattus norvegicus	Metazoa	533	True
Q9BVS5	Homo sapiens	Metazoa	477	False
Q12772	Homo sapiens	Metazoa	1141	False
P40305	Homo sapiens	Metazoa	122	True
Q00977	Mus musculus	Metazoa	226	True
P59858	Polysiphonia urceolata	Other	162	False
Q8GXU8	Arabidopsis thaliana	Plants	356	False
Q9H171	Homo sapiens	Metazoa	429	False
Q92843	Homo sapiens	Metazoa	193	False
Q0WX00	Arabidopsis thaliana	Plants	460	False
P42028	Bos taurus	Metazoa	212	False
Q96AY2	Homo sapiens	Metazoa	570	False
P06895	Platynereis dumerilii	Metazoa	119	False
P53999	Homo sapiens	Metazoa	127	False
Q07065	Homo sapiens	Metazoa	602	False
Q14562	Homo sapiens	Metazoa	1220	False
Q9SGS4	Arabidopsis thaliana	Plants	302	False
P08740	Chlamydomonas reinhardtii	Plants	382	True
Q9NS56	Homo sapiens	Metazoa	1045	False
Q8VE42	Mus musculus	Metazoa	238	False
Q12199	Saccharomyces cerevisiae (strain ATCC 204508 / S288c)	Fungi	356	False
P08898	Caenorhabditis elegans	Metazoa	136	False
Q9FFZ7	Arabidopsis thaliana	Plants	202	True
Q12488	Saccharomyces cerevisiae (strain ATCC 204508 / S288c)	Fungi	208	False
P82411	Spinacia oleracea	Plants	116	False
Q61410	Mus musculus	Metazoa	762	False
Q01454	Saccharomyces cerevisiae (strain ATCC 204508 / S288c)	Fungi	927	False
P97629	Rattus norvegicus	Metazoa	1025	False
O01670	Lymnaea stagnalis	Metazoa	578	True
P11141	Caenorhabditis elegans	Metazoa	657	False
P32807	Saccharomyces cerevisiae (strain ATCC 204508 / S288c)	Fungi	602	False
P11416	Mus musculus	Metazoa	462	False
Q9UNG2	Homo sapiens	Metazoa	177	True
Q96LL9	Homo sapiens	Metazoa	226	False
F4JF14	Arabidopsis thaliana	Plants	953	False
P02511	Homo sapiens	Metazoa	175	False
P09450	Mus musculus	Metazoa	344	False
Q9SX98	Arabidopsis thaliana	Plants	519	False
Q9HCX4	Homo sapiens	Metazoa	862	False
Q06707	Saccharomyces cerevisiae (strain ATCC 204508 / S288c)	Fungi	132	False
O75970	Homo sapiens	Metazoa	2070	False
Q8N573	Homo sapiens	Metazoa	874	False
O74365	Schizosaccharomyces pombe (strain 972 / ATCC 24843)	Fungi	865	False
P00560	Saccharomyces cerevisiae (strain ATCC 204508 / S288c)	Fungi	416	False
O95704	Homo sapiens	Metazoa	486	False
Q12849	Homo sapiens	Metazoa	480	False
Q6VVB1	Homo sapiens	Metazoa	395	False
Q9BXL5	Homo sapiens	Metazoa	484	False
P53239	Saccharomyces cerevisiae (strain ATCC 204508 / S288c)	Fungi	316	False
F7VJQ1	Homo sapiens	Metazoa	73	True
A0A5S9MMK5	Caenorhabditis elegans	Metazoa	443	False
Q08162	Saccharomyces cerevisiae (strain ATCC 204508 / S288c)	Fungi	1001	False
Q03701	Homo sapiens	Metazoa	1054	False
Q8LGJ5	Arabidopsis thaliana	Plants	276	False
Q9R210	Mus musculus	Metazoa	475	False
Q8CGP1	Mus musculus	Metazoa	126	False
Q9ER69	Mus musculus	Metazoa	396	False
Q9QY24	Mus musculus	Metazoa	411	False
P25801	Mus musculus	Metazoa	158	False
A7UL74	Arabidopsis thaliana	Plants	345	False
Q9NWQ8	Homo sapiens	Metazoa	432	True
Q8CFT2	Mus musculus	Metazoa	1985	False
Q9C682	Arabidopsis thaliana	Plants	226	False
Q156A1	Homo sapiens	Metazoa	80	False
Q32065	Chlamydomonas reinhardtii	Plants	2971	False
Q8II12	Plasmodium falciparum (isolate 3D7)	Other	409	True
Q8LDU4	Arabidopsis thaliana	Plants	319	False
Q9NP80	Homo sapiens	Metazoa	782	False
P82024	Spinacia oleracea	Plants	180	False
Q6PD24	Mus musculus	Metazoa	605	False
Q5SSJ5	Homo sapiens	Metazoa	553	False
Q3TSG4	Mus musculus	Metazoa	395	False
Q05541	Saccharomyces cerevisiae (strain ATCC 204508 / S288c)	Fungi	303	False
P0DOV1	Mus musculus	Metazoa	425	False
P17655	Homo sapiens	Metazoa	700	False
P05388	Homo sapiens	Metazoa	317	False
Q9Y618	Homo sapiens	Metazoa	2514	False
O80462	Arabidopsis thaliana	Plants	888	False
P59108	Mus musculus	Metazoa	548	False
Q9Z0X1	Mus musculus	Metazoa	612	False
Q9M394	Arabidopsis thaliana	Plants	471	False
P09661	Homo sapiens	Metazoa	255	False
Q9UBC1	Homo sapiens	Metazoa	381	False
Q96N64	Homo sapiens	Metazoa	755	False
P00830	Saccharomyces cerevisiae (strain ATCC 204508 / S288c)	Fungi	511	False
Q9SIJ0	Arabidopsis thaliana	Plants	270	False
Q6NS38	Homo sapiens	Metazoa	261	False
Q8RWG1	Arabidopsis thaliana	Plants	682	False
Q708S3	Danio rerio	Metazoa	558	True
Q8CGT6	Mus musculus	Metazoa	848	False
P39006	Saccharomyces cerevisiae (strain ATCC 204508 / S288c)	Fungi	500	True
Q14739	Homo sapiens	Metazoa	615	False
P00041	Pichia kudriavzevii	Fungi	109	False
Q9UL03	Homo sapiens	Metazoa	887	False
Q01831	Homo sapiens	Metazoa	940	False
P42225	Mus musculus	Metazoa	749	False
P57735	Homo sapiens	Metazoa	213	False
Q99741	Homo sapiens	Metazoa	560	False
Q791V5	Mus musculus	Metazoa	303	True
Q8NBS3	Homo sapiens	Metazoa	875	False
Q15596	Homo sapiens	Metazoa	1464	False
Q9FHR8	Arabidopsis thaliana	Plants	278	False
O82277	Arabidopsis thaliana	Plants	361	False
Q76MV0	Nicotiana tabacum	Plants	136	False
P10964	Saccharomyces cerevisiae (strain ATCC 204508 / S288c)	Fungi	1664	False
P53332	Saccharomyces cerevisiae (strain ATCC 204508 / S288c)	Fungi	305	False
Q5F3T7	Gallus gallus	Metazoa	489	False
Q8K400	Mus musculus	Metazoa	1152	False
P46674	Saccharomyces cerevisiae (strain ATCC 204508 / S288c)	Fungi	1301	False
Q9JJV4	Mus musculus	Metazoa	327	True
Q9BZM3	Homo sapiens	Metazoa	304	False
D2K8N5	Nicotiana benthamiana	Plants	403	False
Q9VA38	Drosophila melanogaster	Metazoa	1105	False
Q80US8	Mus musculus	Metazoa	206	False
Q7RTP6	Homo sapiens	Metazoa	2002	False
Q8K1R3	Mus musculus	Metazoa	783	False
P43005	Homo sapiens	Metazoa	524	True
O00590	Homo sapiens	Metazoa	384	True
P00058	Gossypium barbadense	Plants	111	False
P46101	Rattus norvegicus	Metazoa	859	True
Q86UR1	Homo sapiens	Metazoa	476	False
A4FVR1	Arabidopsis thaliana	Plants	575	False
Q6NS65	Mus musculus	Metazoa	339	True
Q8IZA0	Homo sapiens	Metazoa	1049	True
Q8K3G5	Mus musculus	Metazoa	453	False
C4R6F0	Komagataella phaffii (strain GS115 / ATCC 20864)	Fungi	455	False
Q6NZF1	Mus musculus	Metazoa	792	False
F8VQB6	Mus musculus	Metazoa	2062	False
O16000	Caenorhabditis elegans	Metazoa	291	False
F4JRS4	Arabidopsis thaliana	Plants	707	False
Q9Y3I0	Homo sapiens	Metazoa	505	False
P56287	Schizosaccharomyces pombe (strain 972 / ATCC 24843)	Fungi	678	False
Q9Y3E5	Homo sapiens	Metazoa	179	True
P28288	Homo sapiens	Metazoa	659	True
Q6PIZ9	Homo sapiens	Metazoa	186	True
O75964	Homo sapiens	Metazoa	103	False
Q04683	Mus musculus	Metazoa	374	True
Q9UUG1	Schizosaccharomyces pombe (strain 972 / ATCC 24843)	Fungi	317	False
Q96JM3	Homo sapiens	Metazoa	812	False
O08691	Mus musculus	Metazoa	354	False
F4IW47	Arabidopsis thaliana	Plants	741	False
Q8L5W8	Arabidopsis thaliana	Plants	416	False
P63212	Bos taurus	Metazoa	71	False
Q9SII8	Arabidopsis thaliana	Plants	551	False
Q9ZU28	Arabidopsis thaliana	Plants	351	False
Q9SZ42	Arabidopsis thaliana	Plants	323	False
P0C7R2	Arabidopsis thaliana	Plants	280	False
P17658	Homo sapiens	Metazoa	529	False
Q8R3L2	Mus musculus	Metazoa	676	False
Q8HYL8	Phascolarctos cinereus	Metazoa	661	False
Q9FYT6	Zea mays	Plants	715	False
P39994	Saccharomyces cerevisiae (strain ATCC 204508 / S288c)	Fungi	560	False
Q9BYV1	Homo sapiens	Metazoa	514	False
O08586	Mus musculus	Metazoa	403	False
P19684	Nicotiana sylvestris	Plants	324	False
Q96A56	Homo sapiens	Metazoa	240	False
P33893	Saccharomyces cerevisiae (strain ATCC 204508 / S288c)	Fungi	541	False
Q6S5G3	Arabidopsis thaliana	Plants	793	False
F4HZD1	Arabidopsis thaliana	Plants	944	False
P22626	Homo sapiens	Metazoa	353	False
P78946	Schizosaccharomyces pombe (strain 972 / ATCC 24843)	Fungi	126	False
E9Q5F9	Mus musculus	Metazoa	2537	False
Q8K4K6	Mus musculus	Metazoa	548	False
Q9UFW8	Homo sapiens	Metazoa	167	False
Q9VCH5	Drosophila melanogaster	Metazoa	1960	False
Q13356	Homo sapiens	Metazoa	520	False
Q9NWD9	Homo sapiens	Metazoa	120	False
P53987	Rattus norvegicus	Metazoa	494	True
Q924W5	Mus musculus	Metazoa	1097	False
P31391	Homo sapiens	Metazoa	388	True
O75164	Homo sapiens	Metazoa	1064	False
P82914	Homo sapiens	Metazoa	257	False
Q3ZN08	Mus musculus	Metazoa	260	False
P49654	Rattus norvegicus	Metazoa	397	True
P57678	Homo sapiens	Metazoa	1058	False
O15819	Dictyostelium discoideum	Other	139	False
Q9NBK5	Drosophila melanogaster	Metazoa	463	False
A2T1U1	Brassica oleracea var. botrytis	Plants	305	False
P08985	Drosophila melanogaster	Metazoa	141	False
P39002	Saccharomyces cerevisiae (strain ATCC 204508 / S288c)	Fungi	694	False
Q12381	Schizosaccharomyces pombe (strain 972 / ATCC 24843)	Fungi	906	False
P47929	Homo sapiens	Metazoa	136	False
Q9Z0G9	Mus musculus	Metazoa	219	True
P10823	Saccharomyces cerevisiae (strain ATCC 204508 / S288c)	Fungi	449	False
Q8K3Q3	Mus musculus	Metazoa	521	False
Q9GQN5	Drosophila melanogaster	Metazoa	1311	False
Q96G03	Homo sapiens	Metazoa	612	False
Q86WJ1	Homo sapiens	Metazoa	897	False
Q12283	Saccharomyces cerevisiae (strain ATCC 204508 / S288c)	Fungi	360	False
Q07845	Saccharomyces cerevisiae (strain ATCC 204508 / S288c)	Fungi	632	False
A9XMT3	Lotus japonicus	Plants	518	False
O02326	Caenorhabditis elegans	Metazoa	467	False
P53276	Saccharomyces cerevisiae (strain ATCC 204508 / S288c)	Fungi	713	False
Q9UBN4	Homo sapiens	Metazoa	977	False
O77932	Homo sapiens	Metazoa	396	False
Q9HBW0	Homo sapiens	Metazoa	348	True
Q9VFI9	Drosophila melanogaster	Metazoa	1118	False
Q06213	Saccharomyces cerevisiae (strain ATCC 204508 / S288c)	Fungi	157	False
Q8LDD3	Arabidopsis thaliana	Plants	193	False
Q9ERQ3	Mus musculus	Metazoa	566	False
P34427	Caenorhabditis elegans	Metazoa	962	False
P26686	Drosophila melanogaster	Metazoa	376	False
P53763	Phaseolus vulgaris	Plants	308	False
Q8C551	Mus musculus	Metazoa	337	False
Q9VN60	Drosophila melanogaster	Metazoa	278	False
Q9UNY4	Homo sapiens	Metazoa	1162	False
Q9NQV8	Homo sapiens	Metazoa	689	False
Q9DEX1	Xenopus laevis	Metazoa	560	False
P04166	Rattus norvegicus	Metazoa	146	False
Q9ESQ5	Rattus norvegicus	Metazoa	1208	False
Q5IRJ6	Mus musculus	Metazoa	567	False
Q9M815	Arabidopsis thaliana	Plants	190	False
Q5TB30	Homo sapiens	Metazoa	811	False
Q00578	Saccharomyces cerevisiae (strain ATCC 204508 / S288c)	Fungi	843	False
Q03153	Saccharomyces cerevisiae (strain ATCC 204508 / S288c)	Fungi	612	False
P00295	Mercurialis perennis	Plants	99	False
Q04206	Homo sapiens	Metazoa	551	False
P29276	Rattus norvegicus	Metazoa	332	True
Q9LUA3	Arabidopsis thaliana	Plants	122	False
Q5VMP0	Oryza sativa subsp. japonica	Plants	720	False
P49916	Homo sapiens	Metazoa	1009	False
Q9D495	Mus musculus	Metazoa	329	False
Q80ZW0	Mus musculus	Metazoa	539	False
Q9FMZ0	Arabidopsis thaliana	Plants	337	False
Q9HBL7	Homo sapiens	Metazoa	147	True
P17659	Rattus norvegicus	Metazoa	530	False
Q6PR54	Mus musculus	Metazoa	2419	False
Q08245	Saccharomyces cerevisiae (strain ATCC 204508 / S288c)	Fungi	113	False
O74499	Schizosaccharomyces pombe (strain 972 / ATCC 24843)	Fungi	113	False
Q00535	Homo sapiens	Metazoa	292	False
Q94AI7	Arabidopsis thaliana	Plants	1131	False
P32970	Homo sapiens	Metazoa	193	True
P04053	Homo sapiens	Metazoa	509	False
Q9UBQ5	Homo sapiens	Metazoa	218	False
Q96HA9	Homo sapiens	Metazoa	241	False
P39964	Schizosaccharomyces pombe (strain 972 / ATCC 24843)	Fungi	757	False
P20448	Saccharomyces cerevisiae (strain ATCC 204508 / S288c)	Fungi	770	False
P10069	Emericella nidulans (strain FGSC A4 / ATCC 38163 / CBS 112.46 / NRRL 194 / M139)	Fungi	432	False
Q8NHZ7	Homo sapiens	Metazoa	208	False
P51432	Mus musculus	Metazoa	1234	False
P09077	Drosophila melanogaster	Metazoa	417	False
Q3T0L3	Bos taurus	Metazoa	172	False
P06271	Nicotiana tabacum	Plants	1070	False
P61218	Homo sapiens	Metazoa	127	False
I1RAW4	Gibberella zeae (strain ATCC MYA-4620 / CBS 123657 / FGSC 9075 / NRRL 31084 / PH-1)	Fungi	316	False
Q6PB70	Mus musculus	Metazoa	1060	False
Q38897	Arabidopsis thaliana	Plants	611	False
Q9VP22	Drosophila melanogaster	Metazoa	1157	False
Q9NS73	Homo sapiens	Metazoa	344	False
Q04741	Homo sapiens	Metazoa	290	False
O09018	Rattus norvegicus	Metazoa	414	False
P40060	Saccharomyces cerevisiae (strain ATCC 204508 / S288c)	Fungi	125	False
O94953	Homo sapiens	Metazoa	1096	False
Q9Y2K7	Homo sapiens	Metazoa	1162	False
O18475	Drosophila melanogaster	Metazoa	2059	False
Q9JMJ4	Rattus norvegicus	Metazoa	504	False
Q10325	Schizosaccharomyces pombe (strain 972 / ATCC 24843)	Fungi	407	False
Q15915	Homo sapiens	Metazoa	447	False
P50105	Saccharomyces cerevisiae (strain ATCC 204508 / S288c)	Fungi	388	False
J9VWW9	Cryptococcus neoformans var. grubii serotype A (strain H99 / ATCC 208821 / CBS 10515 / FGSC 9487)	Fungi	225	False
Q90257	Danio rerio	Metazoa	270	False
Q9Y6D9	Homo sapiens	Metazoa	718	False
Q6PGP7	Homo sapiens	Metazoa	1564	False
P43587	Saccharomyces cerevisiae (strain ATCC 204508 / S288c)	Fungi	155	False
Q02880	Homo sapiens	Metazoa	1626	False
Q9JMA9	Mus musculus	Metazoa	638	True
Q9H910	Homo sapiens	Metazoa	190	False
Q27368	Drosophila melanogaster	Metazoa	805	False
P0DPK5	Homo sapiens	Metazoa	147	False
P70451	Mus musculus	Metazoa	823	False
O14370	Schizosaccharomyces pombe (strain 972 / ATCC 24843)	Fungi	427	False
D0VWV4	Sus scrofa	Metazoa	169	True
P38009	Saccharomyces cerevisiae (strain ATCC 204508 / S288c)	Fungi	592	False
Q12029	Saccharomyces cerevisiae (strain ATCC 204508 / S288c)	Fungi	327	False
Q9LXI8	Arabidopsis thaliana	Plants	67	False
Q14781	Homo sapiens	Metazoa	532	False
Q9NX76	Homo sapiens	Metazoa	183	True
Q9UQ49	Homo sapiens	Metazoa	428	False
Q9SEU8	Arabidopsis thaliana	Plants	186	False
Q12298	Saccharomyces cerevisiae (strain ATCC 204508 / S288c)	Fungi	539	False
P22980	Caenorhabditis elegans	Metazoa	324	False
Q12486	Saccharomyces cerevisiae (strain ATCC 204508 / S288c)	Fungi	218	False
Q9H902	Homo sapiens	Metazoa	201	True
Q8BHN1	Mus musculus	Metazoa	524	False
Q9D3G9	Mus musculus	Metazoa	191	False
Q08553	Saccharomyces cerevisiae (strain ATCC 204508 / S288c)	Fungi	188	False
Q00598	Cyanophora paradoxa	Other	363	False
Q9TUP7	Canis lupus familiaris	Metazoa	444	True
P13620	Bos taurus	Metazoa	161	False
O75608	Homo sapiens	Metazoa	230	False
P47084	Saccharomyces cerevisiae (strain ATCC 204508 / S288c)	Fungi	519	False
Q5GLZ8	Homo sapiens	Metazoa	1057	False
Q9M0V3	Arabidopsis thaliana	Plants	1088	False
I7HD01	Leishmania donovani	Other	189	False
Q9HAB3	Homo sapiens	Metazoa	445	True
O74443	Schizosaccharomyces pombe (strain 972 / ATCC 24843)	Fungi	272	False
A0A6P3HVI0	Bison bison bison	Metazoa	535	True
Q9JJL0	Mus musculus	Metazoa	238	False
Q99801	Homo sapiens	Metazoa	234	False
P53230	Saccharomyces cerevisiae (strain ATCC 204508 / S288c)	Fungi	385	False
Q61967	Mus musculus	Metazoa	636	False
P08638	Saccharomyces cerevisiae (strain ATCC 204508 / S288c)	Fungi	886	False
Q10MC0	Oryza sativa subsp. japonica	Plants	628	False
G5EBH1	Caenorhabditis elegans	Metazoa	1074	False
Q9UT23	Schizosaccharomyces pombe (strain 972 / ATCC 24843)	Fungi	834	False
P10826	Homo sapiens	Metazoa	455	False
Q5VV67	Homo sapiens	Metazoa	1664	False
O00750	Homo sapiens	Metazoa	1634	False
O36024	Schizosaccharomyces pombe (strain 972 / ATCC 24843)	Fungi	280	False
P80217	Homo sapiens	Metazoa	286	False
P48499	Leishmania mexicana	Other	251	False
Q7SHR9	Neurospora crassa (strain ATCC 24698 / 74-OR23-1A / CBS 708.71 / DSM 1257 / FGSC 987)	Fungi	316	False
O75116	Homo sapiens	Metazoa	1388	False
P53986	Mus musculus	Metazoa	493	True
Q6TRW4	Rattus norvegicus	Metazoa	1447	False
O74856	Schizosaccharomyces pombe (strain 972 / ATCC 24843)	Fungi	335	False
P31267	Homo sapiens	Metazoa	233	False
P48525	Saccharomyces cerevisiae (strain ATCC 204508 / S288c)	Fungi	536	False
Q10173	Schizosaccharomyces pombe (strain 972 / ATCC 24843)	Fungi	441	False
Q9SUA1	Arabidopsis thaliana	Plants	763	False
Q9S7E4	Arabidopsis thaliana	Plants	384	False
Q9P3W1	Schizosaccharomyces pombe (strain 972 / ATCC 24843)	Fungi	434	False
Q60674	Mus musculus	Metazoa	576	False
Q9S757	Arabidopsis thaliana	Plants	368	False
Q8TAE7	Homo sapiens	Metazoa	436	False
Q03060	Homo sapiens	Metazoa	345	False
A0A7U2QXY7	Aspergillus flavus (strain ATCC 200026 / FGSC A1120 / IAM 13836 / NRRL 3357 / JCM 12722 / SRRC 167)	Fungi	438	False
Q812E9	Rattus norvegicus	Metazoa	278	True
P20339	Homo sapiens	Metazoa	215	False
Q1JPL4	Arabidopsis thaliana	Plants	571	False
Q60929	Mus musculus	Metazoa	498	False
Q9H160	Homo sapiens	Metazoa	280	False
P00074	Ginkgo biloba	Plants	113	False
Q12309	Saccharomyces cerevisiae (strain ATCC 204508 / S288c)	Fungi	687	False
P06505	Spinacia oleracea	Plants	335	False
P05982	Rattus norvegicus	Metazoa	274	False
Q99551	Homo sapiens	Metazoa	399	False
Q9UUJ4	Schizosaccharomyces pombe (strain 972 / ATCC 24843)	Fungi	333	False
Q9SU91	Arabidopsis thaliana	Plants	336	False
P53618	Homo sapiens	Metazoa	953	False
P00455	Spinacia oleracea	Plants	369	False
Q969J2	Homo sapiens	Metazoa	545	False
Q9P267	Homo sapiens	Metazoa	1494	False
Q84VQ4	Arabidopsis thaliana	Plants	218	False
P19783	Mus musculus	Metazoa	169	False
Q9SHG6	Arabidopsis thaliana	Plants	849	False
P40506	Saccharomyces cerevisiae (strain ATCC 204508 / S288c)	Fungi	365	False
Q04013	Saccharomyces cerevisiae (strain ATCC 204508 / S288c)	Fungi	314	True
Q969Q6	Homo sapiens	Metazoa	453	False
Q9Y606	Homo sapiens	Metazoa	427	False
Q9P5M9	Schizosaccharomyces pombe (strain 972 / ATCC 24843)	Fungi	257	False
Q9BSJ5	Homo sapiens	Metazoa	609	False
Q708Y0	Arabidopsis thaliana	Plants	623	False
Q15397	Homo sapiens	Metazoa	648	False
Q9SW31	Arabidopsis thaliana	Plants	157	False
P43606	Saccharomyces cerevisiae (strain ATCC 204508 / S288c)	Fungi	678	False
P07378	Trypanosoma brucei brucei	Other	440	False
O23492	Arabidopsis thaliana	Plants	582	True
Q8TAF3	Homo sapiens	Metazoa	677	False
P22561	Mus musculus	Metazoa	449	False
Q16587	Homo sapiens	Metazoa	644	False
O95801	Homo sapiens	Metazoa	387	False
Q6JAN1	Canis lupus familiaris	Metazoa	1081	False
P50536	Drosophila melanogaster	Metazoa	512	False
Q8NFU0	Homo sapiens	Metazoa	473	True
P04636	Rattus norvegicus	Metazoa	338	False
Q03330	Saccharomyces cerevisiae (strain ATCC 204508 / S288c)	Fungi	439	False
P48234	Saccharomyces cerevisiae (strain ATCC 204508 / S288c)	Fungi	707	False
Q9Y4Z0	Homo sapiens	Metazoa	139	False
O22806	Arabidopsis thaliana	Plants	395	False
Q6ZPR4	Mus musculus	Metazoa	1224	True
P0C0S6	Mus musculus	Metazoa	128	False
Q6IEG0	Homo sapiens	Metazoa	339	False
G5EG51	Caenorhabditis elegans	Metazoa	1270	False
O43572	Homo sapiens	Metazoa	662	False
Q13564	Homo sapiens	Metazoa	534	False
Q04675	Saccharomyces cerevisiae (strain ATCC 204508 / S288c)	Fungi	128	False
Q9H0A0	Homo sapiens	Metazoa	1025	False
Q9H6F5	Homo sapiens	Metazoa	360	False
P49791	Rattus norvegicus	Metazoa	1468	False
P23396	Homo sapiens	Metazoa	243	False
P08657	Kluyveromyces lactis (strain ATCC 8585 / CBS 2359 / DSM 70799 / NBRC 1267 / NRRL Y-1140 / WM37)	Fungi	865	False
Q7Z713	Homo sapiens	Metazoa	158	False
Q5M729	Arabidopsis thaliana	Plants	539	False
Q86X55	Homo sapiens	Metazoa	608	False
P56286	Schizosaccharomyces pombe (strain 972 / ATCC 24843)	Fungi	306	False
B1B3P3	Sophora flavescens	Plants	410	False
Q9NWS1	Homo sapiens	Metazoa	579	False
O80786	Arabidopsis thaliana	Plants	727	False
O35638	Mus musculus	Metazoa	1231	False
P27807	Triticum aestivum	Plants	152	False
Q9ZTS2	Capsicum annuum	Plants	144	False
A0A0N7KIY3	Oryza sativa subsp. japonica	Plants	352	False
Q12248	Saccharomyces cerevisiae (strain ATCC 204508 / S288c)	Fungi	94	False
Q95TS5	Drosophila melanogaster	Metazoa	654	False
Q4PSU4	Arabidopsis thaliana	Plants	264	False
Q93560	Caenorhabditis elegans	Metazoa	817	False
Q9JIY5	Mus musculus	Metazoa	458	False
Q0E4K1	Oryza sativa subsp. japonica	Plants	492	False
P23760	Homo sapiens	Metazoa	479	False
Q12321	Saccharomyces cerevisiae (strain ATCC 204508 / S288c)	Fungi	566	False
Q7TSH3	Mus musculus	Metazoa	1157	False
Q5W7F1	Danio rerio	Metazoa	743	True
O14978	Homo sapiens	Metazoa	683	False
O81283	Arabidopsis thaliana	Plants	1503	True
P46818	Sinapis alba	Plants	1078	False
Q9NVH6	Homo sapiens	Metazoa	421	False
Q6SKR2	Mus musculus	Metazoa	214	False
Q6WN19	Rattus norvegicus	Metazoa	469	False
O43670	Homo sapiens	Metazoa	478	False
Q8LKS5	Arabidopsis thaliana	Plants	700	False
Q92804	Homo sapiens	Metazoa	592	False
Q06609	Homo sapiens	Metazoa	339	False
Q8LBB7	Arabidopsis thaliana	Plants	228	False
O74485	Schizosaccharomyces pombe (strain 972 / ATCC 24843)	Fungi	581	False
Q93YN8	Arabidopsis thaliana	Plants	296	False
Q12035	Saccharomyces cerevisiae (strain ATCC 204508 / S288c)	Fungi	217	False
P42736	Arabidopsis thaliana	Plants	248	False
P10749	Mus musculus	Metazoa	269	False
Q9SGS2	Arabidopsis thaliana	Plants	338	False
Q9FNH4	Arabidopsis thaliana	Plants	227	False
P63098	Homo sapiens	Metazoa	170	False
P0CV95	Fragaria ananassa	Plants	578	False
C4M4P4	Entamoeba histolytica (strain ATCC 30459 / HM-1:IMSS / ABRM)	Other	148	False
C0HKE9	Mus musculus	Metazoa	130	False
Q0VD86	Homo sapiens	Metazoa	236	False
P20240	Drosophila melanogaster	Metazoa	424	False
Q26457	Aedes albopictus	Metazoa	383	False
P13639	Homo sapiens	Metazoa	858	False
Q80Z36	Rattus norvegicus	Metazoa	951	False
Q9ZV65	Arabidopsis thaliana	Plants	725	False
Q9FZF1	Arabidopsis thaliana	Plants	248	False
P11831	Homo sapiens	Metazoa	508	False
P29677	Solanum tuberosum	Plants	504	False
O14920	Homo sapiens	Metazoa	756	False
Q06706	Saccharomyces cerevisiae (strain ATCC 204508 / S288c)	Fungi	1349	False
Q12235	Saccharomyces cerevisiae (strain ATCC 204508 / S288c)	Fungi	531	True
Q2HIK4	Arabidopsis thaliana	Plants	129	False
P51023	Drosophila melanogaster	Metazoa	718	False
P28805	Spinacia oleracea	Plants	66	False
P33527	Homo sapiens	Metazoa	1531	True
Q20481	Caenorhabditis elegans	Metazoa	287	False
O22527	Arabidopsis thaliana	Plants	324	False
Q07381	Saccharomyces cerevisiae (strain ATCC 204508 / S288c)	Fungi	788	False
Q13415	Homo sapiens	Metazoa	861	False
Q9V3Y0	Drosophila melanogaster	Metazoa	215	False
P12294	Saccharomyces cerevisiae	Fungi	476	False
Q8C8M1	Mus musculus	Metazoa	221	False
Q9ERD6	Mus musculus	Metazoa	590	False
O74400	Schizosaccharomyces pombe (strain 972 / ATCC 24843)	Fungi	674	False
Q9M7I7	Arabidopsis thaliana	Plants	318	False
Q9LIQ9	Arabidopsis thaliana	Plants	714	False
P27048	Mus musculus	Metazoa	231	False
Q9U3C8	Caenorhabditis elegans	Metazoa	295	False
O94522	Schizosaccharomyces pombe (strain 972 / ATCC 24843)	Fungi	390	False
Q8K3P4	Rattus norvegicus	Metazoa	362	False
P46087	Homo sapiens	Metazoa	812	False
F4JVI3	Arabidopsis thaliana	Plants	493	False
P19397	Homo sapiens	Metazoa	219	True
Q12178	Saccharomyces cerevisiae (strain ATCC 204508 / S288c)	Fungi	158	False
P38850	Saccharomyces cerevisiae (strain ATCC 204508 / S288c)	Fungi	1070	False
P62136	Homo sapiens	Metazoa	330	False
P17947	Homo sapiens	Metazoa	270	False
Q9V9M8	Drosophila melanogaster	Metazoa	293	False
Q9ULX9	Homo sapiens	Metazoa	164	False
Q96C12	Homo sapiens	Metazoa	935	False
Q9P7C9	Schizosaccharomyces pombe (strain 972 / ATCC 24843)	Fungi	304	False
O43524	Homo sapiens	Metazoa	673	False
Q06678	Saccharomyces cerevisiae (strain ATCC 204508 / S288c)	Fungi	367	False
D4ACN8	Rattus norvegicus	Metazoa	147	True
P0C510	Oryza sativa	Plants	477	False
Q9UKF6	Homo sapiens	Metazoa	684	False
Q9WVS8	Mus musculus	Metazoa	806	False
Q9C7I5	Arabidopsis thaliana	Plants	189	False
P34915	Physcomitrium patens	Plants	475	False
P22361	Mus musculus	Metazoa	628	False
O14713	Homo sapiens	Metazoa	200	False
P48985	Mus musculus	Metazoa	351	False
Q9D3F7	Mus musculus	Metazoa	229	False
Q12481	Saccharomyces cerevisiae (strain ATCC 204508 / S288c)	Fungi	300	False
Q9GZT9	Homo sapiens	Metazoa	426	False
Q9BW72	Homo sapiens	Metazoa	106	True
Q07824	Saccharomyces cerevisiae (strain ATCC 204508 / S288c)	Fungi	586	False
P25815	Homo sapiens	Metazoa	95	False
Q8ITW8	Caenorhabditis elegans	Metazoa	504	False
Q42418	Arabidopsis thaliana	Plants	131	False
Q9SJM4	Arabidopsis thaliana	Plants	414	False
Q9LYP2	Arabidopsis thaliana	Plants	401	False
Q8N4S9	Homo sapiens	Metazoa	558	False
Q810J8	Mus musculus	Metazoa	777	False
O94259	Schizosaccharomyces pombe (strain 972 / ATCC 24843)	Fungi	327	False
Q6ICL3	Homo sapiens	Metazoa	276	False
O75348	Homo sapiens	Metazoa	118	False
A0SVK0	Arabidopsis thaliana	Plants	291	False
Q93ZE2	Arabidopsis thaliana	Plants	368	False
P15791	Rattus norvegicus	Metazoa	533	False
Q15366	Homo sapiens	Metazoa	365	False
P38111	Saccharomyces cerevisiae (strain ATCC 204508 / S288c)	Fungi	2368	False
Q13107	Homo sapiens	Metazoa	963	False
P63128	Homo sapiens	Metazoa	1117	False
Q8IYR2	Homo sapiens	Metazoa	804	False
Q9P0L0	Homo sapiens	Metazoa	249	False
Q3UNH4	Mus musculus	Metazoa	932	False
Q00059	Homo sapiens	Metazoa	246	False
P01106	Homo sapiens	Metazoa	454	False
Q8TEW0	Homo sapiens	Metazoa	1356	False
P47131	Saccharomyces cerevisiae (strain ATCC 204508 / S288c)	Fungi	105	True
P29547	Saccharomyces cerevisiae (strain ATCC 204508 / S288c)	Fungi	415	False
A0A120KVR5	Trypanosoma brucei brucei	Other	1642	False
Q8WZ73	Homo sapiens	Metazoa	363	False
Q71BG9	Solanum lycopersicum	Plants	861	False
Q9H444	Homo sapiens	Metazoa	224	False
Q9Y2Y0	Homo sapiens	Metazoa	163	False
Q15714	Homo sapiens	Metazoa	1073	False
Q9MA15	Arabidopsis thaliana	Plants	711	False
A1Z7A8	Drosophila melanogaster	Metazoa	634	False
Q9SMX3	Arabidopsis thaliana	Plants	274	False
Q9M5K2	Arabidopsis thaliana	Plants	507	False
Q60EC2	Oryza sativa subsp. japonica	Plants	261	True
P69150	Tetrahymena thermophila	Other	136	False
P36626	Schizosaccharomyces pombe (strain 972 / ATCC 24843)	Fungi	561	False
Q00536	Homo sapiens	Metazoa	496	False
O60828	Homo sapiens	Metazoa	265	False
Q9UBL6	Homo sapiens	Metazoa	633	False
Q9I9N6	Danio rerio	Metazoa	203	False
P00073	Spinacia oleracea	Plants	111	False
Q9YHT1	Gallus gallus	Metazoa	665	False
Q2EMV9	Mus musculus	Metazoa	1817	False
Q68DD2	Homo sapiens	Metazoa	849	False
P55769	Homo sapiens	Metazoa	128	False
Q09309	Caenorhabditis elegans	Metazoa	454	False
Q99J95	Mus musculus	Metazoa	372	False
Q9CQ20	Mus musculus	Metazoa	182	False
Q9LW68	Arabidopsis thaliana	Plants	195	False
P42834	Saccharomyces cerevisiae (strain ATCC 204508 / S288c)	Fungi	146	False
P46782	Homo sapiens	Metazoa	204	False
Q8NCE0	Homo sapiens	Metazoa	465	False
P31167	Arabidopsis thaliana	Plants	381	True
Q8WXU2	Homo sapiens	Metazoa	420	False
Q08004	Saccharomyces cerevisiae (strain ATCC 204508 / S288c)	Fungi	166	False
P70284	Mus musculus	Metazoa	272	False
Q96PP9	Homo sapiens	Metazoa	640	False
P49847	Drosophila melanogaster	Metazoa	606	False
Q5EBM0	Homo sapiens	Metazoa	449	False
A2AIL4	Mus musculus	Metazoa	333	False
P19156	Sus scrofa	Metazoa	1034	False
P11884	Rattus norvegicus	Metazoa	519	False
Q03433	Saccharomyces cerevisiae (strain ATCC 204508 / S288c)	Fungi	280	False
A6NLJ0	Homo sapiens	Metazoa	364	False
O14146	Schizosaccharomyces pombe (strain 972 / ATCC 24843)	Fungi	159	False
F4IPE3	Arabidopsis thaliana	Plants	445	False
Q9BWT1	Homo sapiens	Metazoa	371	False
P22087	Homo sapiens	Metazoa	321	False
P0CH07	Schizosaccharomyces pombe (strain 972 / ATCC 24843)	Fungi	128	False
P25588	Saccharomyces cerevisiae (strain ATCC 204508 / S288c)	Fungi	1096	False
P53810	Mus musculus	Metazoa	271	False
Q9NPB3	Homo sapiens	Metazoa	220	False
P27601	Mus musculus	Metazoa	377	False
Q7Z2W9	Homo sapiens	Metazoa	205	False
P31384	Saccharomyces cerevisiae (strain ATCC 204508 / S288c)	Fungi	837	False
P35200	Saccharomyces cerevisiae (strain ATCC 204508 / S288c)	Fungi	230	False
Q8CCE9	Mus musculus	Metazoa	783	False
P00319	Galdieria sulphuraria	Other	161	False
Q06338	Saccharomyces cerevisiae (strain ATCC 204508 / S288c)	Fungi	283	False
O42647	Schizosaccharomyces pombe (strain 972 / ATCC 24843)	Fungi	188	False
P49443	Mus musculus	Metazoa	382	False
Q9UIV1	Homo sapiens	Metazoa	285	False
Q9GZR1	Homo sapiens	Metazoa	1112	False
O43447	Homo sapiens	Metazoa	177	False
Q9ULC5	Homo sapiens	Metazoa	683	True
Q6Z784	Oryza sativa subsp. japonica	Plants	280	False
Q80U72	Mus musculus	Metazoa	1665	False
O75381	Homo sapiens	Metazoa	377	False
Q9M7T0	Arabidopsis thaliana	Plants	201	False
Q2LAE1	Arabidopsis thaliana	Plants	1759	False
Q24JJ9	Arabidopsis thaliana	Plants	361	False
P27202	Arabidopsis thaliana	Plants	140	False
P0CZ23	Arabidopsis thaliana	Plants	675	False
Q96SB3	Homo sapiens	Metazoa	817	False
O95838	Homo sapiens	Metazoa	553	False
Q9W4S7	Drosophila melanogaster	Metazoa	717	False
Q12275	Saccharomyces cerevisiae (strain ATCC 204508 / S288c)	Fungi	1648	False
P40646	Mus musculus	Metazoa	380	False
Q9USW9	Schizosaccharomyces pombe (strain 972 / ATCC 24843)	Fungi	244	False
Q62985	Rattus norvegicus	Metazoa	756	False
P28661	Mus musculus	Metazoa	478	False
E1BF86	Bos taurus	Metazoa	512	True
A1ZAK1	Drosophila melanogaster	Metazoa	1007	False
Q96AJ1	Homo sapiens	Metazoa	413	False
Q8NEY3	Homo sapiens	Metazoa	305	False
Q9Y6I4	Homo sapiens	Metazoa	520	False
P92947	Arabidopsis thaliana	Plants	493	False
Q91V08	Mus musculus	Metazoa	207	True
P27112	Oryctolagus cuniculus	Metazoa	1035	False
Q03201	Saccharomyces cerevisiae (strain ATCC 204508 / S288c)	Fungi	203	False
O96033	Homo sapiens	Metazoa	88	False
Q93ZG9	Arabidopsis thaliana	Plants	477	False
P31228	Bos taurus	Metazoa	341	False
Q8NB91	Homo sapiens	Metazoa	859	False
P51531	Homo sapiens	Metazoa	1590	False
O70585	Mus musculus	Metazoa	659	False
Q5ANE3	Candida albicans (strain SC5314 / ATCC MYA-2876)	Fungi	170	True
Q6NN03	Arabidopsis thaliana	Plants	63	True
Q9D489	Mus musculus	Metazoa	467	False
Q09779	Schizosaccharomyces pombe (strain 972 / ATCC 24843)	Fungi	1628	False
Q42606	Arabidopsis thaliana	Plants	369	False
Q9SHS7	Arabidopsis thaliana	Plants	1006	False
Q12285	Saccharomyces cerevisiae (strain ATCC 204508 / S288c)	Fungi	212	False
Q13148	Homo sapiens	Metazoa	414	False
P04198	Homo sapiens	Metazoa	464	False
Q12167	Saccharomyces cerevisiae (strain ATCC 204508 / S288c)	Fungi	365	False
P48268	Chlamydomonas reinhardtii	Plants	82	True
Q9ZQC5	Arabidopsis thaliana	Plants	583	False
B6HQN4	Penicillium rubens (strain ATCC 28089 / DSM 1075 / NRRL 1951 / Wisconsin 54-1255)	Fungi	268	False
P35845	Saccharomyces cerevisiae (strain ATCC 204508 / S288c)	Fungi	1188	False
Q9VU86	Drosophila melanogaster	Metazoa	1873	False
O94248	Schizosaccharomyces pombe (strain 972 / ATCC 24843)	Fungi	4717	False
Q63377	Rattus norvegicus	Metazoa	279	True
P06838	Saccharomyces cerevisiae (strain ATCC 204508 / S288c)	Fungi	210	False
Q68G58	Mus musculus	Metazoa	516	False
P02290	Parechinus angulosus	Metazoa	145	False
O74957	Schizosaccharomyces pombe (strain 972 / ATCC 24843)	Fungi	834	False
P87115	Schizosaccharomyces pombe (strain 972 / ATCC 24843)	Fungi	1033	False
O17695	Caenorhabditis elegans	Metazoa	461	False
P53889	Saccharomyces cerevisiae (strain ATCC 204508 / S288c)	Fungi	259	False
O60333	Homo sapiens	Metazoa	1816	False
Q04744	Mus musculus	Metazoa	253	False
Q9YHT2	Gallus gallus	Metazoa	290	False
Q93Z18	Arabidopsis thaliana	Plants	415	False
P04051	Saccharomyces cerevisiae (strain ATCC 204508 / S288c)	Fungi	1460	False
Q10222	Schizosaccharomyces pombe (strain 972 / ATCC 24843)	Fungi	670	False
P35728	Saccharomyces cerevisiae (strain ATCC 204508 / S288c)	Fungi	441	False
Q9NUK0	Homo sapiens	Metazoa	354	False
Q9BZF9	Homo sapiens	Metazoa	1416	False
P22462	Rattus norvegicus	Metazoa	638	False
B9VRJ2	Papaver somniferum	Plants	321	False
P13866	Homo sapiens	Metazoa	664	True
Q9LY87	Arabidopsis thaliana	Plants	468	False
P62127	Nicotiana plumbaginifolia	Plants	123	False
P79832	Oncorhynchus mykiss	Metazoa	723	False
P16373	Mus musculus	Metazoa	653	False
Q9VQ30	Drosophila melanogaster	Metazoa	604	False
Q9BPW8	Homo sapiens	Metazoa	284	False
F4K8S5	Arabidopsis thaliana	Plants	355	False
Q8L9Y3	Arabidopsis thaliana	Plants	382	False
P22135	Saccharomyces cerevisiae (strain ATCC 204508 / S288c)	Fungi	325	False
Q94BN0	Arabidopsis thaliana	Plants	364	False
Q0WNZ5	Arabidopsis thaliana	Plants	812	False
Q9ES71	Rattus norvegicus	Metazoa	678	False
Q12948	Homo sapiens	Metazoa	553	False
Q9C757	Arabidopsis thaliana	Plants	580	True
Q10262	Schizosaccharomyces pombe (strain 972 / ATCC 24843)	Fungi	131	False
P26370	Saccharomyces cerevisiae (strain ATCC 204508 / S288c)	Fungi	528	False
Q3UQS8	Mus musculus	Metazoa	1199	False
Q8I2S0	Plasmodium falciparum (isolate 3D7)	Other	384	False
P49888	Homo sapiens	Metazoa	294	False
Q24134	Drosophila melanogaster	Metazoa	578	False
P22341	Euglena viridis	Other	96	False
O55135	Mus musculus	Metazoa	245	False
P10900	Hordeum vulgare	Plants	508	True
Q9Y7Y6	Schizosaccharomyces pombe (strain 972 / ATCC 24843)	Fungi	291	False
P52503	Mus musculus	Metazoa	116	False
O94494	Schizosaccharomyces pombe (strain 972 / ATCC 24843)	Fungi	277	False
P16972	Arabidopsis thaliana	Plants	148	False
Q9FG61	Arabidopsis thaliana	Plants	448	False
Q01780	Homo sapiens	Metazoa	885	False
P12297	Drosophila melanogaster	Metazoa	963	False
Q6PEY1	Homo sapiens	Metazoa	159	True
Q7L0X2	Homo sapiens	Metazoa	663	False
P26526	Chlamydomonas reinhardtii	Plants	508	False
Q62521	Mus musculus	Metazoa	466	False
O96019	Homo sapiens	Metazoa	429	False
Q96DE0	Homo sapiens	Metazoa	195	False
Q7T3R4	Takifugu rubripes	Metazoa	481	True
P04625	Gallus gallus	Metazoa	408	False
P36552	Mus musculus	Metazoa	443	False
Q91YX0	Mus musculus	Metazoa	663	False
Q8NBI5	Homo sapiens	Metazoa	491	True
P49597	Arabidopsis thaliana	Plants	434	False
Q61188	Mus musculus	Metazoa	746	False
Q9LFW1	Arabidopsis thaliana	Plants	360	False
P35434	Rattus norvegicus	Metazoa	168	False
Q9SRK5	Arabidopsis thaliana	Plants	282	False
Q8BGD7	Mus musculus	Metazoa	802	False
Q92963	Homo sapiens	Metazoa	219	False
Q28205	Bos taurus	Metazoa	1199	False
P0C1H3	Gallus gallus	Metazoa	126	False
Q16617	Homo sapiens	Metazoa	165	True
P29353	Homo sapiens	Metazoa	583	False
Q9D7X3	Mus musculus	Metazoa	185	False
Q6T264	Mus musculus	Metazoa	1020	False
O88282	Mus musculus	Metazoa	474	False
O94285	Schizosaccharomyces pombe (strain 972 / ATCC 24843)	Fungi	203	False
P39654	Mus musculus	Metazoa	663	False
Q9S736	Arabidopsis thaliana	Plants	566	False
Q9PVE4	Danio rerio	Metazoa	395	False
Q9D6Y7	Mus musculus	Metazoa	233	False
P32451	Saccharomyces cerevisiae (strain ATCC 204508 / S288c)	Fungi	375	False
Q63ZY3	Homo sapiens	Metazoa	851	False
Q7Z6Z7	Homo sapiens	Metazoa	4374	False
Q50L43	Mus musculus	Metazoa	825	False
Q03937	Saccharomyces cerevisiae (strain ATCC 204508 / S288c)	Fungi	162	False
O75751	Homo sapiens	Metazoa	556	True
D7UQM5	Patiria pectinifera	Metazoa	407	False
Q14249	Homo sapiens	Metazoa	297	False
P38197	Saccharomyces cerevisiae (strain ATCC 204508 / S288c)	Fungi	257	False
Q15080	Homo sapiens	Metazoa	339	False
O08786	Mus musculus	Metazoa	436	True
P11801	Homo sapiens	Metazoa	424	False
P51801	Homo sapiens	Metazoa	687	True
P38172	Saccharomyces cerevisiae (strain ATCC 204508 / S288c)	Fungi	270	False
Q9FKP4	Arabidopsis thaliana	Plants	1264	False
Q68FR2	Rattus norvegicus	Metazoa	507	False
P36402	Homo sapiens	Metazoa	384	False
Q9GZQ3	Homo sapiens	Metazoa	224	False
O23138	Arabidopsis thaliana	Plants	114	False
P31316	Mus musculus	Metazoa	305	False
P28356	Homo sapiens	Metazoa	352	False
Q06596	Saccharomyces cerevisiae (strain ATCC 204508 / S288c)	Fungi	294	False
P14907	Saccharomyces cerevisiae (strain ATCC 204508 / S288c)	Fungi	823	False
Q5SU73	Mus musculus	Metazoa	570	False
P00048	Neurospora crassa (strain ATCC 24698 / 74-OR23-1A / CBS 708.71 / DSM 1257 / FGSC 987)	Fungi	108	False
Q8R4P5	Mus musculus	Metazoa	757	False
Q9M5A9	Arabidopsis thaliana	Plants	388	False
Q9SFU0	Arabidopsis thaliana	Plants	1038	False
Q93VR9	Arabidopsis thaliana	Plants	326	False
O15218	Homo sapiens	Metazoa	404	True
P40303	Saccharomyces cerevisiae (strain ATCC 204508 / S288c)	Fungi	254	False
O54701	Rattus norvegicus	Metazoa	670	True
P93022	Arabidopsis thaliana	Plants	1164	False
Q86MA2	Trypanosoma brucei brucei	Other	743	False
Q01329	Saccharomyces cerevisiae (strain ATCC 204508 / S288c)	Fungi	785	False
P63163	Mus musculus	Metazoa	240	False
P55018	Rattus norvegicus	Metazoa	1002	False
Q99KE8	Mus musculus	Metazoa	643	False
P11970	Populus nigra	Plants	168	False
Q61548	Mus musculus	Metazoa	901	False
Q80TG1	Mus musculus	Metazoa	1036	False
P62804	Rattus norvegicus	Metazoa	103	False
Q9VZM7	Drosophila melanogaster	Metazoa	631	False
P49085	Zea mays	Plants	410	False
P28515	Caenorhabditis elegans	Metazoa	416	False
A0A0S2UWC9	Petunia hybrida	Plants	249	False
P28829	Schizosaccharomyces pombe (strain 972 / ATCC 24843)	Fungi	659	False
Q8BTW8	Mus musculus	Metazoa	588	False
P36036	Saccharomyces cerevisiae (strain ATCC 204508 / S288c)	Fungi	203	False
Q7FZF1	Arabidopsis thaliana	Plants	203	False
Q71F23	Homo sapiens	Metazoa	418	False
Q08211	Homo sapiens	Metazoa	1270	False
Q08753	Chlamydomonas moewusii	Plants	164	False
Q9JJF3	Mus musculus	Metazoa	603	False
Q96C03	Homo sapiens	Metazoa	454	True
Q9USX8	Schizosaccharomyces pombe (strain 972 / ATCC 24843)	Fungi	239	False
Q39024	Arabidopsis thaliana	Plants	376	False
Q01959	Homo sapiens	Metazoa	620	True
Q969F9	Homo sapiens	Metazoa	1004	False
P22954	Arabidopsis thaliana	Plants	653	False
P48813	Saccharomyces cerevisiae (strain ATCC 204508 / S288c)	Fungi	663	False
Q8H0V5	Arabidopsis thaliana	Plants	354	False
P40470	Saccharomyces cerevisiae (strain ATCC 204508 / S288c)	Fungi	206	False
P48434	Gallus gallus	Metazoa	494	False
Q8VC04	Mus musculus	Metazoa	261	False
Q03414	Xenopus laevis	Metazoa	516	False
Q08287	Saccharomyces cerevisiae (strain ATCC 204508 / S288c)	Fungi	484	False
Q8C7E9	Mus musculus	Metazoa	632	False
Q9UUC6	Schizosaccharomyces pombe (strain 972 / ATCC 24843)	Fungi	97	False
Q9W148	Drosophila melanogaster	Metazoa	731	False
Q9URX9	Schizosaccharomyces pombe (strain 972 / ATCC 24843)	Fungi	284	False
Q12320	Saccharomyces cerevisiae (strain ATCC 204508 / S288c)	Fungi	285	False
P60203	Rattus norvegicus	Metazoa	277	True
P02835	Drosophila melanogaster	Metazoa	410	False
Q9LZP9	Arabidopsis thaliana	Plants	131	False
Q8NDT2	Homo sapiens	Metazoa	890	False
Q9NY33	Homo sapiens	Metazoa	737	False
Q8R1B5	Mus musculus	Metazoa	158	False
Q9FJL3	Arabidopsis thaliana	Plants	578	False
Q8IUH3	Homo sapiens	Metazoa	476	False
Q05905	Saccharomyces cerevisiae (strain ATCC 204508 / S288c)	Fungi	244	False
P50443	Homo sapiens	Metazoa	739	False
Q9UIS9	Homo sapiens	Metazoa	605	False
Q93WG3	Arabidopsis thaliana	Plants	294	False
Q9H4B4	Homo sapiens	Metazoa	646	False
P49959	Homo sapiens	Metazoa	708	False
P63252	Homo sapiens	Metazoa	427	True
Q9UJA3	Homo sapiens	Metazoa	840	False
Q63638	Rattus norvegicus	Metazoa	3259	False
Q94AH9	Arabidopsis thaliana	Plants	320	False
P42128	Mus musculus	Metazoa	719	False
A0A3Q2IDB4	Equus caballus	Metazoa	552	True
Q60756	Mus musculus	Metazoa	195	False
P53163	Saccharomyces cerevisiae (strain ATCC 204508 / S288c)	Fungi	194	False
B6VQ60	Caenorhabditis elegans	Metazoa	612	False
Q7S711	Neurospora crassa (strain ATCC 24698 / 74-OR23-1A / CBS 708.71 / DSM 1257 / FGSC 987)	Fungi	443	False
Q9GZY0	Homo sapiens	Metazoa	626	False
Q9BYB4	Homo sapiens	Metazoa	327	False
Q9NW64	Homo sapiens	Metazoa	420	False
P0C870	Homo sapiens	Metazoa	316	False
P38228	Saccharomyces cerevisiae (strain ATCC 204508 / S288c)	Fungi	572	False
P84243	Homo sapiens	Metazoa	136	False
Q96QA6	Homo sapiens	Metazoa	119	False
Q3TWW8	Mus musculus	Metazoa	339	False
Q9BRI3	Homo sapiens	Metazoa	372	False
Q9NZ56	Homo sapiens	Metazoa	1722	False
P42731	Arabidopsis thaliana	Plants	629	False
P63329	Rattus norvegicus	Metazoa	521	False
Q8BMC0	Mus musculus	Metazoa	344	True
Q9NWZ8	Homo sapiens	Metazoa	242	False
P32876	Bos taurus	Metazoa	136	True
Q9R1U7	Rattus norvegicus	Metazoa	536	True
Q61510	Mus musculus	Metazoa	634	False
Q06991	Saccharomyces cerevisiae (strain ATCC 204508 / S288c)	Fungi	263	True
Q9P7T4	Schizosaccharomyces pombe (strain 972 / ATCC 24843)	Fungi	1019	False
A3BV95	Oryza sativa subsp. japonica	Plants	291	False
Q8CHM7	Rattus norvegicus	Metazoa	581	False
O23077	Arabidopsis thaliana	Plants	319	False
Q09330	Schizosaccharomyces pombe (strain 972 / ATCC 24843)	Fungi	199	False
Q8NFT6	Homo sapiens	Metazoa	615	False
Q67WJ8	Oryza sativa subsp. japonica	Plants	298	True
E9AE57	Leishmania major	Other	568	False
P35356	Procambarus clarkii	Metazoa	376	True
Q7G8V2	Arabidopsis thaliana	Plants	206	False
Q8RWL6	Arabidopsis thaliana	Plants	570	False
Q3T9M1	Mus musculus	Metazoa	494	False
Q8WXI8	Homo sapiens	Metazoa	215	True
Q9XZ06	Drosophila melanogaster	Metazoa	823	False
O14388	Schizosaccharomyces pombe (strain 972 / ATCC 24843)	Fungi	136	False
O14744	Homo sapiens	Metazoa	637	False
O08573	Mus musculus	Metazoa	353	False
Q9BWH2	Homo sapiens	Metazoa	189	True
Q9D8F1	Mus musculus	Metazoa	300	False
Q96255	Arabidopsis thaliana	Plants	430	False
Q7L0Q8	Homo sapiens	Metazoa	258	False
P70174	Mus musculus	Metazoa	488	True
P06168	Saccharomyces cerevisiae (strain ATCC 204508 / S288c)	Fungi	395	False
O43900	Homo sapiens	Metazoa	615	False
P35290	Mus musculus	Metazoa	203	False
P14678	Homo sapiens	Metazoa	240	False
Q9VC03	Drosophila melanogaster	Metazoa	389	False
Q9WTR8	Rattus norvegicus	Metazoa	1696	False
Q9SYD8	Arabidopsis thaliana	Plants	210	False
A0A061ACU2	Caenorhabditis elegans	Metazoa	2442	True
Q8N2C7	Homo sapiens	Metazoa	3258	False
Q7L014	Homo sapiens	Metazoa	1031	False
Q9Z2A5	Mus musculus	Metazoa	516	False
P17028	Homo sapiens	Metazoa	368	False
Q12161	Saccharomyces cerevisiae (strain ATCC 204508 / S288c)	Fungi	406	False
P05764	Schizosaccharomyces pombe (strain 972 / ATCC 24843)	Fungi	87	False
O14325	Schizosaccharomyces pombe (strain 972 / ATCC 24843)	Fungi	779	False
O13853	Schizosaccharomyces pombe (strain 972 / ATCC 24843)	Fungi	742	False
Q5RI15	Homo sapiens	Metazoa	118	True
P32388	Saccharomyces cerevisiae (strain ATCC 204508 / S288c)	Fungi	137	False
O13286	Schizosaccharomyces pombe (strain 972 / ATCC 24843)	Fungi	556	False
Q96EY7	Homo sapiens	Metazoa	689	False
Q96LA8	Homo sapiens	Metazoa	375	False
Q38879	Arabidopsis thaliana	Plants	133	False
P00352	Homo sapiens	Metazoa	501	False
Q9LS24	Arabidopsis thaliana	Plants	292	False
Q9SX65	Arabidopsis thaliana	Plants	156	False
Q9UKK6	Homo sapiens	Metazoa	140	False
Q9NS37	Homo sapiens	Metazoa	354	False
Q03429	Saccharomyces cerevisiae (strain ATCC 204508 / S288c)	Fungi	123	False
P06367	Saccharomyces cerevisiae (strain ATCC 204508 / S288c)	Fungi	137	False
P31596	Rattus norvegicus	Metazoa	573	True
P28566	Homo sapiens	Metazoa	365	True
Q920B6	Rattus norvegicus	Metazoa	426	True
Q9Y271	Homo sapiens	Metazoa	337	True
P22460	Homo sapiens	Metazoa	613	False
Q8LC79	Arabidopsis thaliana	Plants	295	False
P37299	Saccharomyces cerevisiae (strain ATCC 204508 / S288c)	Fungi	77	True
Q15269	Homo sapiens	Metazoa	919	False
Q84VV6	Arabidopsis thaliana	Plants	146	False
Q9JLT4	Mus musculus	Metazoa	524	False
O44081	Drosophila melanogaster	Metazoa	508	False
Q9NQ88	Homo sapiens	Metazoa	270	False
P34253	Saccharomyces cerevisiae (strain ATCC 204508 / S288c)	Fungi	313	False
Q10271	Schizosaccharomyces pombe (strain 972 / ATCC 24843)	Fungi	321	False
Q9LV58	Arabidopsis thaliana	Plants	148	False
Q5I7G2	Lymnaea stagnalis	Metazoa	436	False
Q64289	Rattus norvegicus	Metazoa	357	False
P28222	Homo sapiens	Metazoa	390	True
P22798	Spinacia oleracea	Plants	271	False
Q26635	Sarcophaga peregrina	Metazoa	354	False
Q9BQG0	Homo sapiens	Metazoa	1328	False
Q7M2P1	Sus scrofa	Metazoa	76	False
Q96JP5	Homo sapiens	Metazoa	570	False
Q15020	Homo sapiens	Metazoa	963	False
Q91WN3	Mus musculus	Metazoa	478	True
Q9I8D1	Gallus gallus	Metazoa	1276	False
Q9SEL5	Arabidopsis thaliana	Plants	222	False
Q13325	Homo sapiens	Metazoa	482	False
P22243	Carthamus tinctorius	Plants	396	False
G5ED66	Caenorhabditis elegans	Metazoa	308	False
P27469	Homo sapiens	Metazoa	103	False
Q54I18	Dictyostelium discoideum	Other	1046	False
Q08687	Saccharomyces cerevisiae (strain ATCC 204508 / S288c)	Fungi	178	False
Q7Z7G2	Homo sapiens	Metazoa	160	False
Q9SLJ2	Arabidopsis thaliana	Plants	98	False
Q9BSU3	Homo sapiens	Metazoa	229	False
P70032	Xenopus laevis	Metazoa	598	False
P84232	Poroderma africanum	Metazoa	136	False
O74331	Schizosaccharomyces pombe (strain 972 / ATCC 24843)	Fungi	363	False
P00157	Bos taurus	Metazoa	379	True
Q7Z7H8	Homo sapiens	Metazoa	261	False
P36037	Saccharomyces cerevisiae (strain ATCC 204508 / S288c)	Fungi	715	False
Q40541	Nicotiana tabacum	Plants	690	False
O82798	Arabidopsis thaliana	Plants	259	False
Q09M02	Mus musculus	Metazoa	886	False
P62312	Homo sapiens	Metazoa	80	False
Q9NRL2	Homo sapiens	Metazoa	1556	False
O61443	Drosophila melanogaster	Metazoa	365	False
Q9U2Z0	Caenorhabditis elegans	Metazoa	391	False
Q6U6G5	Rattus norvegicus	Metazoa	426	False
Q9UQN3	Homo sapiens	Metazoa	213	False
O76689	Caenorhabditis elegans	Metazoa	714	True
Q9PVF8	Danio rerio	Metazoa	907	False
Q9BTP7	Homo sapiens	Metazoa	215	False
C6ZJZ3	Glycine max	Plants	237	False
Q9D4W2	Mus musculus	Metazoa	315	False
P9WEU3	Cryptococcus deuterogattii (strain R265)	Fungi	1529	False
Q9JKY0	Mus musculus	Metazoa	299	False
Q8N3U4	Homo sapiens	Metazoa	1231	False
Q7Z3H4	Homo sapiens	Metazoa	446	False
Q5Z9J0	Oryza sativa subsp. japonica	Plants	580	False
Q9ZVC9	Arabidopsis thaliana	Plants	851	False
P39113	Saccharomyces cerevisiae (strain ATCC 204508 / S288c)	Fungi	1433	False
P84029	Drosophila melanogaster	Metazoa	108	False
Q8IVP5	Homo sapiens	Metazoa	155	True
P49377	Kluyveromyces lactis (strain ATCC 8585 / CBS 2359 / DSM 70799 / NBRC 1267 / NRRL Y-1140 / WM37)	Fungi	289	False
F4I718	Arabidopsis thaliana	Plants	2136	False
O13983	Schizosaccharomyces pombe (strain 972 / ATCC 24843)	Fungi	1063	False
Q9C9F5	Arabidopsis thaliana	Plants	308	False
Q9VR56	Drosophila melanogaster	Metazoa	319	False
Q9ZWB3	Arabidopsis thaliana	Plants	471	False
Q9SIS3	Arabidopsis thaliana	Plants	608	False
D4AEP3	Rattus norvegicus	Metazoa	194	True
P38114	Saccharomyces cerevisiae (strain ATCC 204508 / S288c)	Fungi	1094	False
O35445	Mus musculus	Metazoa	180	False
Q9XUS7	Caenorhabditis elegans	Metazoa	610	False
Q9NQG5	Homo sapiens	Metazoa	326	False
P38282	Saccharomyces cerevisiae (strain ATCC 204508 / S288c)	Fungi	291	False
Q9FX64	Arabidopsis thaliana	Plants	226	False
Q960X4	Drosophila melanogaster	Metazoa	541	False
P54679	Dictyostelium discoideum	Other	1058	False
Q8LPL7	Arabidopsis thaliana	Plants	355	False
P39685	Saccharomyces cerevisiae (strain ATCC 204508 / S288c)	Fungi	1337	False
Q9SJT1	Arabidopsis thaliana	Plants	700	False
Q8WWC4	Homo sapiens	Metazoa	291	False
Q6K1E7	Mus musculus	Metazoa	370	False
O43765	Homo sapiens	Metazoa	313	False
Q6UXY1	Homo sapiens	Metazoa	529	False
Q5VTD9	Homo sapiens	Metazoa	330	False
Q61694	Mus musculus	Metazoa	373	False
Q9P7H1	Schizosaccharomyces pombe (strain 972 / ATCC 24843)	Fungi	537	False
Q9U5W9	Drosophila melanogaster	Metazoa	167	False
Q946J8	Arabidopsis thaliana	Plants	445	False
Q8N414	Homo sapiens	Metazoa	524	False
Q9NRP7	Homo sapiens	Metazoa	1315	False
P29385	Arabidopsis thaliana	Plants	246	False
P46935	Mus musculus	Metazoa	887	False
Q8L3W1	Arabidopsis thaliana	Plants	341	False
Q8LBM2	Arabidopsis thaliana	Plants	131	False
O76460	Drosophila melanogaster	Metazoa	784	False
P52815	Homo sapiens	Metazoa	198	False
P21439	Homo sapiens	Metazoa	1286	True
Q5UBY2	Arabidopsis thaliana	Plants	687	False
Q9HD67	Homo sapiens	Metazoa	2058	False
Q10Q07	Oryza sativa subsp. japonica	Plants	401	False
Q38882	Arabidopsis thaliana	Plants	810	False
Q8NHG8	Homo sapiens	Metazoa	242	False
Q18909	Caenorhabditis elegans	Metazoa	319	False
P36179	Drosophila melanogaster	Metazoa	591	False
Q641K1	Mus musculus	Metazoa	1218	False
Q40412	Nicotiana plumbaginifolia	Plants	663	False
Q969S3	Homo sapiens	Metazoa	477	False
O43299	Homo sapiens	Metazoa	807	False
P22579	Saccharomyces cerevisiae (strain ATCC 204508 / S288c)	Fungi	1536	False
Q91YI4	Mus musculus	Metazoa	410	False
Q8NHW3	Homo sapiens	Metazoa	353	False
P29266	Rattus norvegicus	Metazoa	335	False
Q9H410	Homo sapiens	Metazoa	356	False
Q8N608	Homo sapiens	Metazoa	796	True
Q6NNL9	Arabidopsis thaliana	Plants	93	False
Q69P94	Oryza sativa subsp. japonica	Plants	232	False
Q9VB08	Drosophila melanogaster	Metazoa	435	False
P38911	Saccharomyces cerevisiae (strain ATCC 204508 / S288c)	Fungi	411	False
P53971	Saccharomyces cerevisiae (strain ATCC 204508 / S288c)	Fungi	965	False
Q8IVS8	Homo sapiens	Metazoa	523	False
P47979	Schizosaccharomyces pombe (strain 972 / ATCC 24843)	Fungi	404	False
O74429	Schizosaccharomyces pombe (strain 972 / ATCC 24843)	Fungi	920	False
Q6NTE8	Homo sapiens	Metazoa	343	False
P37263	Saccharomyces cerevisiae (strain ATCC 204508 / S288c)	Fungi	153	False
O94668	Schizosaccharomyces pombe (strain 972 / ATCC 24843)	Fungi	388	False
O43315	Homo sapiens	Metazoa	295	True
P49584	Cricetulus griseus	Metazoa	367	False
P15343	Equus caballus	Metazoa	58	False
O00358	Homo sapiens	Metazoa	373	False
Q9SJQ9	Arabidopsis thaliana	Plants	358	False
Q9GZM5	Homo sapiens	Metazoa	350	False
P22276	Saccharomyces cerevisiae (strain ATCC 204508 / S288c)	Fungi	1149	False
Q9UU83	Schizosaccharomyces pombe (strain 972 / ATCC 24843)	Fungi	425	False
Q66GP9	Arabidopsis thaliana	Plants	561	False
P0DKB6	Homo sapiens	Metazoa	136	True
P49698	Mus musculus	Metazoa	474	False
Q6R0H1	Arabidopsis thaliana	Plants	645	False
O95391	Homo sapiens	Metazoa	586	False
Q8IVE3	Homo sapiens	Metazoa	1493	False
Q9NUV9	Homo sapiens	Metazoa	329	False
P48023	Homo sapiens	Metazoa	281	True
O70507	Mus musculus	Metazoa	1201	False
P10518	Mus musculus	Metazoa	330	False
Q93V47	Arabidopsis thaliana	Plants	100	False
O15111	Homo sapiens	Metazoa	745	False
P32800	Saccharomyces cerevisiae (strain ATCC 204508 / S288c)	Fungi	271	True
O48538	Arabidopsis thaliana	Plants	944	False
P42858	Homo sapiens	Metazoa	3142	False
Q9UBY9	Homo sapiens	Metazoa	170	False
Q9C0C9	Homo sapiens	Metazoa	1292	False
Q9VR19	Drosophila melanogaster	Metazoa	379	False
Q92913	Homo sapiens	Metazoa	245	False
Q3T9X0	Mus musculus	Metazoa	538	True
F4HZG9	Arabidopsis thaliana	Plants	493	False
Q9VGH1	Drosophila melanogaster	Metazoa	520	False
Q5H9R7	Homo sapiens	Metazoa	873	False
Q9HC97	Homo sapiens	Metazoa	309	True
Q8WQX6	Leishmania tarentolae	Other	1120	False
Q5T8A7	Homo sapiens	Metazoa	1209	False
Q8N693	Homo sapiens	Metazoa	406	False
Q9Y371	Homo sapiens	Metazoa	365	False
Q5GH77	Homo sapiens	Metazoa	459	True
Q7ZT47	Xenopus laevis	Metazoa	196	False
P70441	Mus musculus	Metazoa	355	False
P35817	Saccharomyces cerevisiae (strain ATCC 204508 / S288c)	Fungi	686	False
Q9WTS6	Mus musculus	Metazoa	2715	False
P31941	Homo sapiens	Metazoa	199	False
O35658	Mus musculus	Metazoa	278	False
Q8N2I9	Homo sapiens	Metazoa	435	False
Q9R1U5	Rattus norvegicus	Metazoa	776	False
Q9UG56	Homo sapiens	Metazoa	409	True
Q15233	Homo sapiens	Metazoa	471	False
Q9VXG1	Drosophila melanogaster	Metazoa	1959	False
Q66GI4	Arabidopsis thaliana	Plants	572	False
Q09349	Caenorhabditis elegans	Metazoa	984	False
P58406	Mus musculus	Metazoa	445	True
P38181	Saccharomyces cerevisiae (strain ATCC 204508 / S288c)	Fungi	1502	False
P97449	Mus musculus	Metazoa	966	True
P53309	Saccharomyces cerevisiae (strain ATCC 204508 / S288c)	Fungi	568	False
Q7LBE3	Homo sapiens	Metazoa	791	True
O64740	Arabidopsis thaliana	Plants	302	False
Q9LU05	Arabidopsis thaliana	Plants	168	False
P06451	Spinacia oleracea	Plants	247	True
O96533	Drosophila melanogaster	Metazoa	456	False
Q9R1A8	Mus musculus	Metazoa	733	False
Q9XF57	Arabidopsis thaliana	Plants	317	False
Q9Y2I8	Homo sapiens	Metazoa	494	False
J9VLJ9	Cryptococcus neoformans var. grubii serotype A (strain H99 / ATCC 208821 / CBS 10515 / FGSC 9487)	Fungi	154	False
Q8VY16	Arabidopsis thaliana	Plants	819	False
P06006	Pisum sativum	Plants	353	True
P38805	Saccharomyces cerevisiae (strain ATCC 204508 / S288c)	Fungi	295	False
Q9ZPQ3	Arabidopsis thaliana	Plants	317	False
Q9C0F3	Homo sapiens	Metazoa	470	False
Q3SYS0	Bos taurus	Metazoa	216	False
P09769	Homo sapiens	Metazoa	529	False
O75044	Homo sapiens	Metazoa	1071	False
Q99459	Homo sapiens	Metazoa	802	False
O43379	Homo sapiens	Metazoa	1518	False
O14929	Homo sapiens	Metazoa	419	False
Q13523	Homo sapiens	Metazoa	1007	False
Q80ZQ9	Mus musculus	Metazoa	193	False
P27448	Homo sapiens	Metazoa	753	False
P63220	Homo sapiens	Metazoa	83	False
Q00013	Homo sapiens	Metazoa	466	False
P70600	Rattus norvegicus	Metazoa	1009	False
Q5BKR2	Mus musculus	Metazoa	547	True
P07038	Neurospora crassa (strain ATCC 24698 / 74-OR23-1A / CBS 708.71 / DSM 1257 / FGSC 987)	Fungi	920	False
P11596	Drosophila melanogaster	Metazoa	197	False
Q9LVQ7	Arabidopsis thaliana	Plants	500	False
Q9W1V7	Drosophila melanogaster	Metazoa	452	False
Q42529	Arabidopsis thaliana	Plants	312	False
Q7JXF5	Drosophila melanogaster	Metazoa	394	False
P36887	Sus scrofa	Metazoa	351	False
Q10099	Schizosaccharomyces pombe (strain 972 / ATCC 24843)	Fungi	339	False
Q8IWA0	Homo sapiens	Metazoa	830	False
O43709	Homo sapiens	Metazoa	281	False
O14006	Schizosaccharomyces pombe (strain 972 / ATCC 24843)	Fungi	271	False
Q14966	Homo sapiens	Metazoa	1978	False
P36053	Saccharomyces cerevisiae (strain ATCC 204508 / S288c)	Fungi	145	False
O70237	Mus musculus	Metazoa	330	False
Q96B77	Homo sapiens	Metazoa	213	True
Q9VMD6	Drosophila melanogaster	Metazoa	659	False
P29674	Xenopus laevis	Metazoa	403	False
Q9FRL5	Arabidopsis thaliana	Plants	309	False
P62773	Brassica oleracea	Plants	111	False
P13405	Mus musculus	Metazoa	921	False
Q5I6B8	Rattus norvegicus	Metazoa	688	False
P35001	Gallus gallus	Metazoa	246	False
Q9SUT5	Arabidopsis thaliana	Plants	358	False
P36056	Saccharomyces cerevisiae (strain ATCC 204508 / S288c)	Fungi	628	False
Q3U5F4	Mus musculus	Metazoa	280	False
O75340	Homo sapiens	Metazoa	191	False
Q13485	Homo sapiens	Metazoa	552	False
Q9Z140	Mus musculus	Metazoa	557	False
P0C170	Rattus norvegicus	Metazoa	130	False
Q6ZSB9	Homo sapiens	Metazoa	765	False
Q94BU1	Arabidopsis thaliana	Plants	692	False
Q9EQ31	Mus musculus	Metazoa	354	True
Q92247	Neurospora crassa (strain ATCC 24698 / 74-OR23-1A / CBS 708.71 / DSM 1257 / FGSC 987)	Fungi	412	False
P10898	Chlamydomonas reinhardtii	Plants	461	True
O00429	Homo sapiens	Metazoa	736	False
Q10589	Homo sapiens	Metazoa	180	True
Q8NG66	Homo sapiens	Metazoa	645	False
O42898	Schizosaccharomyces pombe (strain 972 / ATCC 24843)	Fungi	266	False
P84338	Ginkgo biloba	Plants	99	False
P28737	Saccharomyces cerevisiae (strain ATCC 204508 / S288c)	Fungi	362	True
Q96QP1	Homo sapiens	Metazoa	1244	False
P25054	Homo sapiens	Metazoa	2843	False
P38398	Homo sapiens	Metazoa	1863	False
Q9CAP8	Arabidopsis thaliana	Plants	691	False
P18491	Drosophila melanogaster	Metazoa	199	False
P0C0S8	Homo sapiens	Metazoa	130	False
P54791	Saccharomyces cerevisiae (strain ATCC 204508 / S288c)	Fungi	529	False
Q67YG7	Arabidopsis thaliana	Plants	148	False
Q95Q39	Caenorhabditis elegans	Metazoa	287	True
Q9TTY5	Bos taurus	Metazoa	342	True
Q9Y697	Homo sapiens	Metazoa	457	False
Q6PDG5	Mus musculus	Metazoa	1213	False
Q6PCP5	Mus musculus	Metazoa	291	False
Q86TM3	Homo sapiens	Metazoa	631	False
Q9BRJ7	Homo sapiens	Metazoa	211	False
Q8RUN2	Arabidopsis thaliana	Plants	213	False
P32246	Homo sapiens	Metazoa	355	True
Q9LVI9	Arabidopsis thaliana	Plants	426	False
P16951	Mus musculus	Metazoa	487	False
Q9FJW4	Arabidopsis thaliana	Plants	154	False
P15104	Homo sapiens	Metazoa	373	False
O22267	Arabidopsis thaliana	Plants	1122	True
Q21017	Caenorhabditis elegans	Metazoa	822	False
Q9R109	Mus musculus	Metazoa	243	False
P42935	Saccharomyces cerevisiae (strain ATCC 204508 / S288c)	Fungi	788	False
P67882	Meleagris gallopavo	Metazoa	105	False
Q96EP1	Homo sapiens	Metazoa	664	False
Q9STS1	Arabidopsis thaliana	Plants	503	False
Q9FZK4	Arabidopsis thaliana	Plants	122	False
P93286	Arabidopsis thaliana	Plants	442	True
Q02386	Homo sapiens	Metazoa	682	False
O95359	Homo sapiens	Metazoa	2948	False
O18412	Drosophila melanogaster	Metazoa	718	False
Q9UT19	Schizosaccharomyces pombe (strain 972 / ATCC 24843)	Fungi	764	False
O94632	Schizosaccharomyces pombe (strain 972 / ATCC 24843)	Fungi	773	False
P13808	Mus musculus	Metazoa	1237	False
P01103	Gallus gallus	Metazoa	641	False
H2L008	Caenorhabditis elegans	Metazoa	480	False
Q12297	Saccharomyces cerevisiae (strain ATCC 204508 / S288c)	Fungi	353	False
Q9BT49	Homo sapiens	Metazoa	309	False
P19367	Homo sapiens	Metazoa	917	False
Q10L01	Oryza sativa subsp. japonica	Plants	382	True
P06803	Mus musculus	Metazoa	313	False
Q9M8J9	Arabidopsis thaliana	Plants	406	False
Q10424	Schizosaccharomyces pombe (strain 972 / ATCC 24843)	Fungi	330	False
O81098	Arabidopsis thaliana	Plants	205	False
P41970	Homo sapiens	Metazoa	407	False
Q86UD0	Homo sapiens	Metazoa	394	False
Q6P4A7	Homo sapiens	Metazoa	337	False
Q15078	Homo sapiens	Metazoa	307	False
Q7TT49	Rattus norvegicus	Metazoa	1713	False
Q9S816	Arabidopsis thaliana	Plants	521	False
P52500	Rattus norvegicus	Metazoa	384	True
P11402	Spinacia oleracea	Plants	257	False
Q9ES56	Mus musculus	Metazoa	219	False
F4I2H7	Arabidopsis thaliana	Plants	790	False
A0A076FFM5	Ocimum basilicum	Plants	523	False
O60779	Homo sapiens	Metazoa	497	True
P55088	Mus musculus	Metazoa	323	True
O94580	Schizosaccharomyces pombe (strain 972 / ATCC 24843)	Fungi	282	False
O75817	Homo sapiens	Metazoa	140	False
Q15760	Homo sapiens	Metazoa	415	True
Q05825	Drosophila melanogaster	Metazoa	505	False
Q80VM7	Mus musculus	Metazoa	985	False
F4HT77	Arabidopsis thaliana	Plants	363	False
P04908	Homo sapiens	Metazoa	130	False
Q9XZE5	Dictyostelium discoideum	Other	306	False
Q8WTP8	Homo sapiens	Metazoa	325	False
Q55GJ6	Dictyostelium discoideum	Other	214	False
P43124	Saccharomyces cerevisiae (strain ATCC 204508 / S288c)	Fungi	402	False
Q9Z351	Mus musculus	Metazoa	759	False
Q8LAJ7	Arabidopsis thaliana	Plants	292	False
Q76M72	Mus musculus	Metazoa	551	True
P32598	Saccharomyces cerevisiae (strain ATCC 204508 / S288c)	Fungi	312	False
P93004	Arabidopsis thaliana	Plants	280	True
A0A0B4J2F0	Homo sapiens	Metazoa	54	True
Q8L844	Arabidopsis thaliana	Plants	709	False
P87054	Schizosaccharomyces pombe (strain 972 / ATCC 24843)	Fungi	133	False
Q6K678	Oryza sativa subsp. japonica	Plants	210	False
F4I2J8	Arabidopsis thaliana	Plants	716	False
Q9HDD0	Homo sapiens	Metazoa	168	False
Q8GXX0	Arabidopsis thaliana	Plants	191	False
Q7G065	Oryza sativa subsp. japonica	Plants	518	False
Q9BPZ7	Homo sapiens	Metazoa	522	False
P30952	Saccharomyces cerevisiae (strain ATCC 204508 / S288c)	Fungi	554	False
Q96JB5	Homo sapiens	Metazoa	506	False
O74934	Yarrowia lipolytica (strain CLIB 122 / E 150)	Fungi	689	False
A0A8I6ASZ5	Rattus norvegicus	Metazoa	666	False
Q9FTA2	Arabidopsis thaliana	Plants	239	False
Q8W4Q4	Arabidopsis thaliana	Plants	702	False
O59702	Schizosaccharomyces pombe (strain 972 / ATCC 24843)	Fungi	405	False
P51577	Rattus norvegicus	Metazoa	388	True
Q9UQC2	Homo sapiens	Metazoa	676	False
Q15057	Homo sapiens	Metazoa	778	False
P14408	Rattus norvegicus	Metazoa	507	False
P32792	Saccharomyces cerevisiae (strain ATCC 204508 / S288c)	Fungi	385	False
P06843	Saccharomyces cerevisiae (strain ATCC 204508 / S288c)	Fungi	333	False
P40070	Saccharomyces cerevisiae (strain ATCC 204508 / S288c)	Fungi	187	False
Q9UBY0	Homo sapiens	Metazoa	812	True
P53072	Saccharomyces cerevisiae (strain ATCC 204508 / S288c)	Fungi	289	False
P26284	Rattus norvegicus	Metazoa	390	False
Q8N163	Homo sapiens	Metazoa	923	False
Q86SG3	Homo sapiens	Metazoa	579	False
O14827	Homo sapiens	Metazoa	1237	False
Q9P7B7	Schizosaccharomyces pombe (strain 972 / ATCC 24843)	Fungi	295	False
Q69YU5	Homo sapiens	Metazoa	71	True
Q9Y2D0	Homo sapiens	Metazoa	317	False
Q38953	Arabidopsis thaliana	Plants	1168	False
P18492	Hordeum vulgare	Plants	469	False
Q94AI6	Arabidopsis thaliana	Plants	752	False
Q07923	Saccharomyces cerevisiae (strain ATCC 204508 / S288c)	Fungi	191	False
Q9Z2A0	Mus musculus	Metazoa	559	False
Q13315	Homo sapiens	Metazoa	3056	False
Q8N100	Homo sapiens	Metazoa	152	False
D5LXJ0	Lotus japonicus	Plants	691	False
O24591	Zea mays	Plants	307	False
Q9UTL6	Schizosaccharomyces pombe (strain 972 / ATCC 24843)	Fungi	225	False
O88735	Mus musculus	Metazoa	730	False
Q03067	Saccharomyces cerevisiae (strain ATCC 204508 / S288c)	Fungi	99	False
P56391	Mus musculus	Metazoa	86	False
Q9SRL4	Arabidopsis thaliana	Plants	701	False
O15511	Homo sapiens	Metazoa	151	False
Q63384	Rattus norvegicus	Metazoa	416	True
Q9USX3	Schizosaccharomyces pombe (strain 972 / ATCC 24843)	Fungi	406	False
P48612	Drosophila melanogaster	Metazoa	395	False
Q9HBM1	Homo sapiens	Metazoa	224	False
Q92979	Homo sapiens	Metazoa	244	False
Q2Y0W8	Homo sapiens	Metazoa	1093	False
Q9NX63	Homo sapiens	Metazoa	227	False
Q9FG73	Arabidopsis thaliana	Plants	682	False
Q0WPZ7	Arabidopsis thaliana	Plants	611	False
Q9Y113	Drosophila melanogaster	Metazoa	594	False
P24860	Mus musculus	Metazoa	430	False
O00625	Homo sapiens	Metazoa	290	False
Q8N4J0	Homo sapiens	Metazoa	409	False
P25651	Saccharomyces cerevisiae (strain ATCC 204508 / S288c)	Fungi	190	False
A0A0D1DYJ6	Mycosarcoma maydis	Fungi	619	True
K4PW38	Oryza sativa subsp. japonica	Plants	458	False
P38647	Mus musculus	Metazoa	679	False
P32786	Saccharomyces cerevisiae (strain ATCC 204508 / S288c)	Fungi	894	False
Q9H400	Homo sapiens	Metazoa	295	True
Q60848	Mus musculus	Metazoa	821	False
Q8NEM7	Homo sapiens	Metazoa	779	False
Q9CR51	Mus musculus	Metazoa	118	False
Q13489	Homo sapiens	Metazoa	604	False
Q9H6Z9	Homo sapiens	Metazoa	239	False
Q6VWJ6	Hordeum vulgare	Plants	573	False
G8GJ94	Salvia sclarea	Plants	575	False
O42848	Schizosaccharomyces pombe (strain 972 / ATCC 24843)	Fungi	197	False
Q03378	Antirrhinum majus	Plants	215	False
Q59E36	Drosophila melanogaster	Metazoa	590	False
Q9M6N7	Arabidopsis thaliana	Plants	475	True
Q9H596	Homo sapiens	Metazoa	190	False
Q07794	Saccharomyces cerevisiae (strain ATCC 204508 / S288c)	Fungi	436	False
O94294	Schizosaccharomyces pombe (strain 972 / ATCC 24843)	Fungi	886	False
Q9LZD3	Arabidopsis thaliana	Plants	638	False
Q9FIX1	Arabidopsis thaliana	Plants	172	False
P14094	Mus musculus	Metazoa	304	True
Q6TA49	Sus scrofa	Metazoa	289	True
Q9M7J4	Nicotiana tabacum	Plants	722	False
O95049	Homo sapiens	Metazoa	919	False
P34980	Rattus norvegicus	Metazoa	365	True
Q5R3K3	Homo sapiens	Metazoa	315	True
Q7Z410	Homo sapiens	Metazoa	1059	True
Q9NQ40	Homo sapiens	Metazoa	469	True
P39965	Saccharomyces cerevisiae (strain ATCC 204508 / S288c)	Fungi	576	False
Q9UUB6	Schizosaccharomyces pombe (strain 972 / ATCC 24843)	Fungi	300	False
S8GBB9	Toxoplasma gondii (strain ATCC 50611 / Me49)	Other	500	True
Q6INH0	Xenopus laevis	Metazoa	425	False
Q53GT1	Homo sapiens	Metazoa	634	False
P40847	Schizosaccharomyces pombe (strain 972 / ATCC 24843)	Fungi	254	False
Q9CWR0	Mus musculus	Metazoa	618	False
Q1MT80	Danio rerio	Metazoa	618	False
Q09967	Caenorhabditis elegans	Metazoa	551	True
Q9FNP4	Arabidopsis thaliana	Plants	174	False
Q9P2R6	Homo sapiens	Metazoa	1566	False
Q94CL6	Arabidopsis thaliana	Plants	474	False
A2A288	Homo sapiens	Metazoa	527	False
Q8TBM8	Homo sapiens	Metazoa	379	False
Q6K498	Oryza sativa subsp. japonica	Plants	277	False
Q9VPU8	Drosophila melanogaster	Metazoa	345	False
Q9H2U2	Homo sapiens	Metazoa	334	False
P46897	Arabidopsis thaliana	Plants	258	False
P12959	Zea mays	Plants	453	False
Q9UKU7	Homo sapiens	Metazoa	415	False
Q9JKD8	Mus musculus	Metazoa	530	False
Q06568	Saccharomyces cerevisiae (strain ATCC 204508 / S288c)	Fungi	189	False
Q96HR8	Homo sapiens	Metazoa	494	False
P30047	Homo sapiens	Metazoa	84	False
Q6NLW5	Arabidopsis thaliana	Plants	300	False
P53260	Saccharomyces cerevisiae (strain ATCC 204508 / S288c)	Fungi	183	False
P43353	Homo sapiens	Metazoa	468	False
Q01896	Saccharomyces cerevisiae (strain ATCC 204508 / S288c)	Fungi	1091	True
P52168	Drosophila melanogaster	Metazoa	540	False
A0A2P1GIW3	Catharanthus roseus	Plants	320	False
Q9P6N2	Schizosaccharomyces pombe (strain 972 / ATCC 24843)	Fungi	229	False
Q8NDV2	Homo sapiens	Metazoa	337	True
Q9GZT6	Homo sapiens	Metazoa	254	False
Q9UKP6	Homo sapiens	Metazoa	389	True
P14681	Saccharomyces cerevisiae (strain ATCC 204508 / S288c)	Fungi	368	False
Q8GZ79	Arabidopsis thaliana	Plants	274	False
Q8L794	Arabidopsis thaliana	Plants	478	False
Q9FN03	Arabidopsis thaliana	Plants	440	False
Q12182	Saccharomyces cerevisiae (strain ATCC 204508 / S288c)	Fungi	319	False
Q5XV40	Arabidopsis thaliana	Plants	358	True
Q9SKT1	Arabidopsis thaliana	Plants	336	False
Q9FVJ3	Arabidopsis thaliana	Plants	337	False
Q06682	Saccharomyces cerevisiae (strain ATCC 204508 / S288c)	Fungi	500	False
P08074	Mus musculus	Metazoa	244	False
Q9BVN2	Homo sapiens	Metazoa	902	False
O80506	Arabidopsis thaliana	Plants	93	False
P97562	Rattus norvegicus	Metazoa	681	False
P49435	Saccharomyces cerevisiae (strain ATCC 204508 / S288c)	Fungi	187	False
O13999	Schizosaccharomyces pombe (strain 972 / ATCC 24843)	Fungi	187	True
P61581	Homo sapiens	Metazoa	75	False
Q9URZ4	Schizosaccharomyces pombe (strain 972 / ATCC 24843)	Fungi	587	False
O96693	Plasmodium falciparum (isolate HB3)	Other	488	False
Q921D9	Mus musculus	Metazoa	618	False
P24929	Nicotiana tabacum	Plants	186	False
Q12523	Saccharomyces cerevisiae (strain ATCC 204508 / S288c)	Fungi	523	False
Q5E915	Arabidopsis thaliana	Plants	547	False
Q9R037	Rattus norvegicus	Metazoa	908	False
Q8BP27	Mus musculus	Metazoa	319	False
P32830	Saccharomyces cerevisiae (strain ATCC 204508 / S288c)	Fungi	109	False
Q5VTR2	Homo sapiens	Metazoa	975	False
P35477	Nicotiana tabacum	Plants	99	False
P07812	Gallus gallus	Metazoa	786	False
P05632	Bos taurus	Metazoa	51	False
O88291	Mus musculus	Metazoa	580	False
Q08931	Saccharomyces cerevisiae (strain ATCC 204508 / S288c)	Fungi	133	False
P21980	Homo sapiens	Metazoa	687	False
P04386	Saccharomyces cerevisiae (strain ATCC 204508 / S288c)	Fungi	881	False
Q9Y4D2	Homo sapiens	Metazoa	1042	True
Q9UQL6	Homo sapiens	Metazoa	1122	False
P92966	Arabidopsis thaliana	Plants	356	False
Q8N5K1	Homo sapiens	Metazoa	135	True
P31399	Rattus norvegicus	Metazoa	161	False
Q9Y6I9	Homo sapiens	Metazoa	313	True
Q13868	Homo sapiens	Metazoa	293	False
P43572	Saccharomyces cerevisiae (strain ATCC 204508 / S288c)	Fungi	832	False
O65683	Arabidopsis thaliana	Plants	159	False
Q15743	Homo sapiens	Metazoa	365	True
P49573	Saccharomyces cerevisiae (strain ATCC 204508 / S288c)	Fungi	406	False
P51950	Marthasterias glacialis	Metazoa	324	False
Q95XG8	Caenorhabditis elegans	Metazoa	560	True
P62937	Homo sapiens	Metazoa	165	False
Q5T5X7	Homo sapiens	Metazoa	828	False
Q2MHE4	Arabidopsis thaliana	Plants	390	False
B4FUP5	Zea mays	Plants	253	False
Q9Y399	Homo sapiens	Metazoa	296	False
P32345	Saccharomyces cerevisiae (strain ATCC 204508 / S288c)	Fungi	308	False
P84861	Polysiphonia urceolata	Other	164	False
O43688	Homo sapiens	Metazoa	288	True
P29185	Zea mays	Plants	577	False
P36038	Saccharomyces cerevisiae (strain ATCC 204508 / S288c)	Fungi	271	False
P51172	Homo sapiens	Metazoa	802	False
Q9ET78	Mus musculus	Metazoa	696	False
O35280	Mus musculus	Metazoa	476	False
B1AYL1	Mus musculus	Metazoa	1681	False
Q7RTM1	Homo sapiens	Metazoa	612	True
Q62796	Rattus norvegicus	Metazoa	647	False
P17535	Homo sapiens	Metazoa	347	False
Q12425	Saccharomyces cerevisiae (strain ATCC 204508 / S288c)	Fungi	185	False
P40495	Saccharomyces cerevisiae (strain ATCC 204508 / S288c)	Fungi	371	False
P36494	Spinacia oleracea	Plants	261	False
Q3ZCG2	Bos taurus	Metazoa	109	True
Q9SDW0	Arabidopsis thaliana	Plants	323	False
Q2KI49	Bos taurus	Metazoa	159	False
E9PT37	Rattus norvegicus	Metazoa	1207	False
Q9C9W5	Arabidopsis thaliana	Plants	386	False
Q4FZD7	Mus musculus	Metazoa	595	False
P87231	Schizosaccharomyces pombe (strain 972 / ATCC 24843)	Fungi	608	False
Q8H0U4	Arabidopsis thaliana	Plants	891	False
Q9LDE1	Arabidopsis thaliana	Plants	323	False
O00442	Homo sapiens	Metazoa	366	False
O23310	Arabidopsis thaliana	Plants	161	False
P25711	Neurospora crassa (strain ATCC 24698 / 74-OR23-1A / CBS 708.71 / DSM 1257 / FGSC 987)	Fungi	218	False
Q9Z2I0	Mus musculus	Metazoa	738	False
Q9BRG1	Homo sapiens	Metazoa	176	False
Q9Y5X4	Homo sapiens	Metazoa	410	False
Q80SU7	Mus musculus	Metazoa	2427	False
Q8GWE0	Arabidopsis thaliana	Plants	702	False
Q01574	Saccharomyces cerevisiae (strain ATCC 204508 / S288c)	Fungi	713	False
Q9JHS4	Mus musculus	Metazoa	634	False
Q9BZV1	Homo sapiens	Metazoa	441	False
P82249	Spinacia oleracea	Plants	130	False
Q9Y7Z5	Schizosaccharomyces pombe (strain 972 / ATCC 24843)	Fungi	279	True
Q7TMF2	Mus musculus	Metazoa	345	False
Q03923	Homo sapiens	Metazoa	595	False
P20248	Homo sapiens	Metazoa	432	False
G5EGA3	Caenorhabditis elegans	Metazoa	704	False
Q9NY27	Homo sapiens	Metazoa	417	False
P46093	Homo sapiens	Metazoa	362	True
Q6B860	Bos taurus	Metazoa	128	False
P40066	Saccharomyces cerevisiae (strain ATCC 204508 / S288c)	Fungi	365	False
P06240	Mus musculus	Metazoa	509	False
Q99NH7	Mus musculus	Metazoa	744	True
Q9UU91	Schizosaccharomyces pombe (strain 972 / ATCC 24843)	Fungi	182	True
Q9LZ08	Arabidopsis thaliana	Plants	214	False
P06738	Saccharomyces cerevisiae (strain ATCC 204508 / S288c)	Fungi	902	False
Q7SBA0	Neurospora crassa (strain ATCC 24698 / 74-OR23-1A / CBS 708.71 / DSM 1257 / FGSC 987)	Fungi	257	False
O14638	Homo sapiens	Metazoa	875	True
P97367	Mus musculus	Metazoa	477	False
Q92841	Homo sapiens	Metazoa	729	False
Q9NUQ9	Homo sapiens	Metazoa	324	False
Q3V0Q6	Mus musculus	Metazoa	470	False
P49724	Drosophila ananassae	Metazoa	432	False
Q9VZL5	Drosophila melanogaster	Metazoa	485	False
O35493	Mus musculus	Metazoa	481	False
Q00723	Saccharomyces cerevisiae (strain ATCC 204508 / S288c)	Fungi	242	False
P25929	Homo sapiens	Metazoa	384	True
A0A0D2Y5A7	Fusarium oxysporum f. sp. lycopersici (strain 4287 / CBS 123668 / FGSC 9935 / NRRL 34936)	Fungi	457	False
Q96E09	Homo sapiens	Metazoa	287	False
P21917	Homo sapiens	Metazoa	419	True
P59287	Ricinus communis	Plants	601	False
P55316	Homo sapiens	Metazoa	489	False
Q7Z2Z1	Homo sapiens	Metazoa	1910	False
J3QMK6	Mus musculus	Metazoa	479	False
Q1MTS0	Schizosaccharomyces pombe (strain 972 / ATCC 24843)	Fungi	597	False
Q9XFH8	Arabidopsis thaliana	Plants	178	False
P82194	Spinacia oleracea	Plants	126	False
Q6Q560	Saccharomyces cerevisiae (strain ATCC 204508 / S288c)	Fungi	94	False
Q8LAZ7	Arabidopsis thaliana	Plants	357	False
P35462	Homo sapiens	Metazoa	400	True
O80860	Arabidopsis thaliana	Plants	695	False
Q9NUP9	Homo sapiens	Metazoa	197	False
Q9Z1B3	Mus musculus	Metazoa	1216	False
P51163	Mus musculus	Metazoa	265	False
P34706	Caenorhabditis elegans	Metazoa	2150	False
A4F267	Rattus norvegicus	Metazoa	308	False
Q7Z3D4	Homo sapiens	Metazoa	306	False
Q9VUW9	Drosophila melanogaster	Metazoa	637	False
O13919	Schizosaccharomyces pombe (strain 972 / ATCC 24843)	Fungi	1075	False
Q9JMI1	Rattus norvegicus	Metazoa	672	False
P38710	Saccharomyces cerevisiae (strain ATCC 204508 / S288c)	Fungi	295	False
Q2WGK3	Trichoderma harzianum	Fungi	356	False
O08755	Mus musculus	Metazoa	465	False
P00107	Diacronema lutheri	Other	83	False
O08901	Mus musculus	Metazoa	1058	False
A0A1D8PN96	Candida albicans (strain SC5314 / ATCC MYA-2876)	Fungi	981	False
Q9R053	Mus musculus	Metazoa	1765	False
Q94AI4	Arabidopsis thaliana	Plants	775	False
P21145	Homo sapiens	Metazoa	153	True
P00306	Galdieria sulphuraria	Other	162	False
Q9ESX4	Mus musculus	Metazoa	241	False
P30044	Homo sapiens	Metazoa	214	False
Q03824	Saccharomyces cerevisiae (strain ATCC 204508 / S288c)	Fungi	705	False
Q6FI81	Homo sapiens	Metazoa	312	False
Q08157	Saccharomyces cerevisiae (strain ATCC 204508 / S288c)	Fungi	551	True
O75607	Homo sapiens	Metazoa	178	False
O82486	Arabidopsis thaliana	Plants	685	False
Q9H9L3	Homo sapiens	Metazoa	353	False
Q9JKM5	Rattus norvegicus	Metazoa	400	True
Q07820	Homo sapiens	Metazoa	350	False
Q00972	Rattus norvegicus	Metazoa	412	False
Q10M41	Oryza sativa subsp. japonica	Plants	641	False
Q8CD10	Mus musculus	Metazoa	432	False
P62814	Mus musculus	Metazoa	511	False
Q13017	Homo sapiens	Metazoa	1502	False
Q39023	Arabidopsis thaliana	Plants	370	False
Q9CAQ8	Arabidopsis thaliana	Plants	369	False
Q76MT4	Rattus norvegicus	Metazoa	842	False
P54577	Homo sapiens	Metazoa	528	False
Q7KZN9	Homo sapiens	Metazoa	410	True
O59770	Schizosaccharomyces pombe (strain 972 / ATCC 24843)	Fungi	253	False
P25021	Homo sapiens	Metazoa	359	True
O23166	Arabidopsis thaliana	Plants	261	False
Q14146	Homo sapiens	Metazoa	1524	False
Q62376	Mus musculus	Metazoa	448	False
Q1K6Q3	Neurospora crassa (strain ATCC 24698 / 74-OR23-1A / CBS 708.71 / DSM 1257 / FGSC 987)	Fungi	236	False
P51514	Rattus norvegicus	Metazoa	707	False
O14063	Schizosaccharomyces pombe (strain 972 / ATCC 24843)	Fungi	542	False
P00028	Entosphenus tridentatus	Metazoa	105	False
P48644	Bos taurus	Metazoa	501	False
O75486	Homo sapiens	Metazoa	317	False
Q8BLA8	Mus musculus	Metazoa	1125	False
P12242	Mus musculus	Metazoa	307	True
P00506	Sus scrofa	Metazoa	430	False
Q9SU14	Arabidopsis thaliana	Plants	282	False
P0DJ07	Homo sapiens	Metazoa	73	True
Q21227	Caenorhabditis elegans	Metazoa	1188	False
Q8CH25	Mus musculus	Metazoa	1031	False
Q9P6R0	Schizosaccharomyces pombe (strain 972 / ATCC 24843)	Fungi	492	False
Q9JK66	Rattus norvegicus	Metazoa	465	False
P63145	Homo sapiens	Metazoa	666	False
O14279	Schizosaccharomyces pombe (strain 972 / ATCC 24843)	Fungi	154	False
Q13882	Homo sapiens	Metazoa	451	False
A0A0F7G352	Vanilla planifolia	Plants	356	False
Q02783	Saccharomyces cerevisiae (strain ATCC 204508 / S288c)	Fungi	413	False
Q8TDB6	Homo sapiens	Metazoa	740	False
G5EBX6	Caenorhabditis elegans	Metazoa	876	False
Q96N11	Homo sapiens	Metazoa	449	False
F4JYC8	Arabidopsis thaliana	Plants	1706	False
Q6P6C2	Homo sapiens	Metazoa	394	False
P60953	Homo sapiens	Metazoa	191	False
P41218	Homo sapiens	Metazoa	407	False
O43031	Schizosaccharomyces pombe (strain 972 / ATCC 24843)	Fungi	381	False
Q99490	Homo sapiens	Metazoa	1192	False
P84817	Rattus norvegicus	Metazoa	152	False
O23344	Arabidopsis thaliana	Plants	154	False
Q9SPI9	Chlamydomonas reinhardtii	Plants	115	True
Q8H1Y0	Arabidopsis thaliana	Plants	393	False
P16048	Pisum sativum	Plants	165	False
O22446	Arabidopsis thaliana	Plants	501	False
Q6L5B5	Oryza sativa subsp. japonica	Plants	248	False
Q8NFQ8	Homo sapiens	Metazoa	470	False
Q43869	Spinacia oleracea	Plants	472	False
Q6WNK7	Saccharomyces cerevisiae (strain ATCC 204508 / S288c)	Fungi	96	False
D3ZUA0	Rattus norvegicus	Metazoa	338	False
O94941	Homo sapiens	Metazoa	541	False
P43266	Euglena gracilis	Other	100	True
V6CIV8	Caenorhabditis elegans	Metazoa	381	False
Q96P67	Homo sapiens	Metazoa	336	True
O77264	Drosophila melanogaster	Metazoa	361	False
O60427	Homo sapiens	Metazoa	444	False
Q13765	Homo sapiens	Metazoa	215	False
Q8TEH3	Homo sapiens	Metazoa	1009	False
Q94A41	Arabidopsis thaliana	Plants	887	False
A5PKW4	Homo sapiens	Metazoa	1024	False
Q96GC5	Homo sapiens	Metazoa	212	False
P18894	Mus musculus	Metazoa	345	False
P56182	Homo sapiens	Metazoa	461	False
Q9BY84	Homo sapiens	Metazoa	665	False
P35999	Saccharomyces cerevisiae (strain ATCC 204508 / S288c)	Fungi	772	False
P08992	Tetrahymena thermophila (strain SB210)	Other	146	False
O14284	Schizosaccharomyces pombe (strain 972 / ATCC 24843)	Fungi	188	False
O54902	Rattus norvegicus	Metazoa	568	True
Q13469	Homo sapiens	Metazoa	925	False
P02686	Homo sapiens	Metazoa	304	False
O00910	Dictyostelium discoideum	Other	707	False
Q12102	Saccharomyces cerevisiae (strain ATCC 204508 / S288c)	Fungi	859	False
Q8N165	Homo sapiens	Metazoa	341	False
F4HYF3	Arabidopsis thaliana	Plants	401	False
Q3E7B7	Saccharomyces cerevisiae (strain ATCC 204508 / S288c)	Fungi	68	False
Q9QXM1	Mus musculus	Metazoa	983	False
P49739	Xenopus laevis	Metazoa	807	False
P53914	Saccharomyces cerevisiae (strain ATCC 204508 / S288c)	Fungi	1056	False
O80842	Arabidopsis thaliana	Plants	366	False
Q0JEB7	Oryza sativa subsp. japonica	Plants	310	False
Q5XIC0	Rattus norvegicus	Metazoa	391	False
Q00471	Chlamydomonas reinhardtii	Plants	215	True
Q9ZVW2	Arabidopsis thaliana	Plants	995	False
A0JP82	Xenopus tropicalis	Metazoa	1901	False
P53921	Saccharomyces cerevisiae (strain ATCC 204508 / S288c)	Fungi	115	False
A0A509AN56	Plasmodium berghei (strain Anka)	Other	365	False
Q03654	Saccharomyces cerevisiae (strain ATCC 204508 / S288c)	Fungi	590	False
P21796	Homo sapiens	Metazoa	283	True
Q10B79	Oryza sativa subsp. japonica	Plants	320	False
P11181	Bos taurus	Metazoa	482	False
P04160	Spinacia oleracea	Plants	508	True
Q9Y5J1	Homo sapiens	Metazoa	556	False
P41911	Saccharomyces cerevisiae (strain ATCC 204508 / S288c)	Fungi	440	False
Q7KRY7	Drosophila melanogaster	Metazoa	1851	False
P54844	Rattus norvegicus	Metazoa	369	False
O95239	Homo sapiens	Metazoa	1232	False
P17661	Homo sapiens	Metazoa	470	False
Q9BTL4	Homo sapiens	Metazoa	223	False
P53155	Saccharomyces cerevisiae (strain ATCC 204508 / S288c)	Fungi	381	False
P10127	Saccharomyces cerevisiae (strain ATCC 204508 / S288c)	Fungi	382	False
Q10154	Schizosaccharomyces pombe (strain 972 / ATCC 24843)	Fungi	240	False
P03877	Saccharomyces cerevisiae (strain ATCC 204508 / S288c)	Fungi	415	True
Q3UIK4	Mus musculus	Metazoa	456	False
Q9LEX1	Arabidopsis thaliana	Plants	510	True
Q9UKL4	Homo sapiens	Metazoa	321	True
O60934	Homo sapiens	Metazoa	754	False
P40961	Saccharomyces cerevisiae (strain ATCC 204508 / S288c)	Fungi	287	False
Q5LJZ2	Drosophila melanogaster	Metazoa	1641	False
O13795	Schizosaccharomyces pombe (strain 972 / ATCC 24843)	Fungi	402	False
P46721	Homo sapiens	Metazoa	670	True
Q9NVH2	Homo sapiens	Metazoa	962	False
P49235	Zea mays	Plants	566	False
Q8GVZ6	Oryza sativa subsp. japonica	Plants	276	False
Q9LSQ5	Arabidopsis thaliana	Plants	204	False
Q9SQK3	Arabidopsis thaliana	Plants	315	False
P86173	Rattus norvegicus	Metazoa	426	False
Q9R1K2	Rattus norvegicus	Metazoa	2774	False
Q9TXJ0	Caenorhabditis elegans	Metazoa	348	False
P42566	Homo sapiens	Metazoa	896	False
Q9Y2B4	Homo sapiens	Metazoa	290	False
Q9MAB9	Arabidopsis thaliana	Plants	117	False
P53318	Saccharomyces cerevisiae (strain ATCC 204508 / S288c)	Fungi	479	False
P26368	Homo sapiens	Metazoa	475	False
Q9C9X7	Arabidopsis thaliana	Plants	419	False
P40240	Mus musculus	Metazoa	226	True
Q93034	Homo sapiens	Metazoa	780	False
C6TA59	Glycine max	Plants	214	False
Q96CA5	Homo sapiens	Metazoa	298	False
Q96VH5	Saccharomyces cerevisiae (strain ATCC 204508 / S288c)	Fungi	97	True
O75691	Homo sapiens	Metazoa	2785	False
Q9SLH3	Arabidopsis thaliana	Plants	587	False
Q9FNN6	Arabidopsis thaliana	Plants	298	False
Q9M879	Arabidopsis thaliana	Plants	396	False
Q86V15	Homo sapiens	Metazoa	1759	False
Q5Y4Y6	Mus musculus	Metazoa	464	True
Q08775	Mus musculus	Metazoa	607	False
P0DMU9	Homo sapiens	Metazoa	189	False
P13185	Saccharomyces cerevisiae (strain ATCC 204508 / S288c)	Fungi	1064	False
Q01954	Homo sapiens	Metazoa	994	False
Q09XV5	Mus musculus	Metazoa	2582	False
P25270	Saccharomyces cerevisiae (strain ATCC 204508 / S288c)	Fungi	412	False
P02293	Saccharomyces cerevisiae (strain ATCC 204508 / S288c)	Fungi	131	False
Q9VPT8	Drosophila melanogaster	Metazoa	296	False
P11474	Homo sapiens	Metazoa	423	False
P49599	Arabidopsis thaliana	Plants	388	False
Q8BM47	Mus musculus	Metazoa	761	False
P08559	Homo sapiens	Metazoa	390	False
C4R2L0	Komagataella phaffii (strain GS115 / ATCC 20864)	Fungi	576	False
O75879	Homo sapiens	Metazoa	557	False
P00108	Petalonia fascia	Other	85	False
P49653	Rattus norvegicus	Metazoa	472	True
A0A509APT1	Plasmodium berghei (strain Anka)	Other	258	True
Q9BRS2	Homo sapiens	Metazoa	568	False
O13294	Candida tropicalis	Fungi	411	False
Q8N635	Homo sapiens	Metazoa	442	False
Q96HA7	Homo sapiens	Metazoa	1378	False
Q9NYD6	Homo sapiens	Metazoa	342	False
Q03694	Saccharomyces cerevisiae (strain ATCC 204508 / S288c)	Fungi	420	False
P34619	Caenorhabditis elegans	Metazoa	1000	False
P36519	Saccharomyces cerevisiae (strain ATCC 204508 / S288c)	Fungi	292	False
P81183	Mus musculus	Metazoa	526	False
P06105	Saccharomyces cerevisiae (strain ATCC 204508 / S288c)	Fungi	1222	False
O80653	Arabidopsis thaliana	Plants	613	False
Q1EHB4	Homo sapiens	Metazoa	618	True
Q86TB3	Homo sapiens	Metazoa	2170	False
Q8H443	Oryza sativa subsp. japonica	Plants	436	False
P42568	Homo sapiens	Metazoa	568	False
Q5SZT7	Mus musculus	Metazoa	395	False
Q7S5M7	Neurospora crassa (strain ATCC 24698 / 74-OR23-1A / CBS 708.71 / DSM 1257 / FGSC 987)	Fungi	64	True
Q9P6I7	Schizosaccharomyces pombe (strain 972 / ATCC 24843)	Fungi	367	False
Q9U1N0	Chironomus tentans	Metazoa	535	False
Q9NR48	Homo sapiens	Metazoa	2969	False
P53188	Saccharomyces cerevisiae (strain ATCC 204508 / S288c)	Fungi	120	False
P28572	Rattus norvegicus	Metazoa	638	True
P30279	Homo sapiens	Metazoa	289	False
Q9D3A9	Mus musculus	Metazoa	450	True
Q12983	Homo sapiens	Metazoa	194	False
O60057	Schizosaccharomyces pombe (strain 972 / ATCC 24843)	Fungi	411	False
P14406	Homo sapiens	Metazoa	83	True
Q12383	Saccharomyces cerevisiae (strain ATCC 204508 / S288c)	Fungi	476	False
Q62219	Mus musculus	Metazoa	461	False
Q8MQX9	Drosophila melanogaster	Metazoa	1174	False
Q06089	Saccharomyces cerevisiae (strain ATCC 204508 / S288c)	Fungi	161	True
Q9FKA7	Arabidopsis thaliana	Plants	617	False
Q9NQ55	Homo sapiens	Metazoa	473	False
P54939	Gallus gallus	Metazoa	2541	False
Q05932	Homo sapiens	Metazoa	587	False
P40424	Homo sapiens	Metazoa	430	False
A1Z8D0	Drosophila melanogaster	Metazoa	459	False
P56382	Mus musculus	Metazoa	52	False
Q22795	Caenorhabditis elegans	Metazoa	242	False
Q38SD2	Homo sapiens	Metazoa	2015	False
Q08236	Saccharomyces cerevisiae (strain ATCC 204508 / S288c)	Fungi	1176	False
O74409	Schizosaccharomyces pombe (strain 972 / ATCC 24843)	Fungi	296	False
Q9VM71	Drosophila melanogaster	Metazoa	908	False
Q12052	Saccharomyces cerevisiae (strain ATCC 204508 / S288c)	Fungi	315	False
Q9C5J3	Arabidopsis thaliana	Plants	946	False
P54071	Mus musculus	Metazoa	452	False
Q69T99	Oryza sativa subsp. japonica	Plants	500	False
Q80X41	Mus musculus	Metazoa	440	False
P14415	Homo sapiens	Metazoa	290	True
P97303	Mus musculus	Metazoa	839	False
Q9SXP7	Arabidopsis thaliana	Plants	235	False
Q80Z29	Rattus norvegicus	Metazoa	491	False
Q9NZL3	Homo sapiens	Metazoa	707	False
Q9LJ97	Arabidopsis thaliana	Plants	262	False
P63040	Mus musculus	Metazoa	134	False
Q9VYD1	Drosophila melanogaster	Metazoa	2313	False
Q9VB74	Drosophila melanogaster	Metazoa	463	False
Q3ECR7	Arabidopsis thaliana	Plants	62	True
P36130	Saccharomyces cerevisiae (strain ATCC 204508 / S288c)	Fungi	643	False
P49380	Kluyveromyces lactis (strain ATCC 8585 / CBS 2359 / DSM 70799 / NBRC 1267 / NRRL Y-1140 / WM37)	Fungi	899	False
Q9JJ48	Mus musculus	Metazoa	305	False
Q34807	Wickerhamomyces canadensis	Fungi	231	False
Q9HBZ2	Homo sapiens	Metazoa	717	False
P04920	Homo sapiens	Metazoa	1241	False
P97490	Mus musculus	Metazoa	1249	False
P36639	Homo sapiens	Metazoa	156	False
Q9WUR2	Mus musculus	Metazoa	391	False
Q7Z417	Homo sapiens	Metazoa	695	False
Q0JD85	Oryza sativa subsp. japonica	Plants	278	False
P20020	Homo sapiens	Metazoa	1220	False
P36168	Saccharomyces cerevisiae (strain ATCC 204508 / S288c)	Fungi	1195	False
Q7LDG7	Homo sapiens	Metazoa	609	False
P97868	Mus musculus	Metazoa	1790	False
Q9LUR3	Arabidopsis thaliana	Plants	224	False
Q60707	Mus musculus	Metazoa	711	False
A1Z9P3	Drosophila melanogaster	Metazoa	1576	False
F4I902	Arabidopsis thaliana	Plants	420	False
O00257	Homo sapiens	Metazoa	560	False
Q9P7H8	Schizosaccharomyces pombe (strain 972 / ATCC 24843)	Fungi	1679	False
Q05655	Homo sapiens	Metazoa	676	False
P15919	Mus musculus	Metazoa	1040	False
Q61009	Mus musculus	Metazoa	509	True
P29382	Arabidopsis thaliana	Plants	251	False
Q6Q783	Mus musculus	Metazoa	468	False
Q8CIN9	Rattus norvegicus	Metazoa	362	False
P53722	Saccharomyces cerevisiae (strain ATCC 204508 / S288c)	Fungi	227	False
Q01130	Homo sapiens	Metazoa	221	False
A2YQD9	Oryza sativa subsp. indica	Plants	139	False
Q6PJF5	Homo sapiens	Metazoa	856	False
Q07955	Homo sapiens	Metazoa	248	False
Q8WXI9	Homo sapiens	Metazoa	593	False
Q9H204	Homo sapiens	Metazoa	178	False
Q9M3B8	Arabidopsis thaliana	Plants	597	False
Q08202	Saccharomyces cerevisiae (strain ATCC 204508 / S288c)	Fungi	246	False
Q7XP65	Oryza sativa subsp. japonica	Plants	358	False
P00519	Homo sapiens	Metazoa	1130	False
Q9NYP9	Homo sapiens	Metazoa	233	False
Q39735	Flaveria bidentis	Plants	953	False
Q8GWJ6	Arabidopsis thaliana	Plants	119	False
Q9UBF6	Homo sapiens	Metazoa	113	False
P40051	Saccharomyces cerevisiae (strain ATCC 204508 / S288c)	Fungi	511	False
Q95XA8	Caenorhabditis elegans	Metazoa	486	False
Q9DBA6	Mus musculus	Metazoa	568	False
Q9SHE8	Arabidopsis thaliana	Plants	221	False
P24389	Rattus norvegicus	Metazoa	257	True
B6HLU1	Penicillium rubens (strain ATCC 28089 / DSM 1075 / NRRL 1951 / Wisconsin 54-1255)	Fungi	3746	False
P40087	Saccharomyces cerevisiae (strain ATCC 204508 / S288c)	Fungi	428	False
O60315	Homo sapiens	Metazoa	1214	False
Q9FLH0	Arabidopsis thaliana	Plants	1010	False
Q15651	Homo sapiens	Metazoa	99	False
Q8LPI7	Arabidopsis thaliana	Plants	414	False
Q9MZT1	Canis lupus familiaris	Metazoa	976	False
Q8LA16	Arabidopsis thaliana	Plants	252	False
P50876	Homo sapiens	Metazoa	292	False
P17302	Homo sapiens	Metazoa	382	True
Q99959	Homo sapiens	Metazoa	881	False
Q8WV93	Homo sapiens	Metazoa	481	False
Q96EU6	Homo sapiens	Metazoa	259	False
P29375	Homo sapiens	Metazoa	1690	False
Q3MIT2	Homo sapiens	Metazoa	529	False
Q9Z252	Rattus norvegicus	Metazoa	207	False
Q08273	Saccharomyces cerevisiae (strain ATCC 204508 / S288c)	Fungi	121	False
P20134	Saccharomyces cerevisiae (strain ATCC 204508 / S288c)	Fungi	766	False
Q9C5H9	Arabidopsis thaliana	Plants	678	False
Q99571	Homo sapiens	Metazoa	388	True
Q15834	Homo sapiens	Metazoa	202	False
Q197W8	Arabidopsis thaliana	Plants	473	False
P15387	Rattus norvegicus	Metazoa	857	False
P27683	Spinacia oleracea	Plants	192	False
Q8WTT0	Homo sapiens	Metazoa	213	True
Q7SB98	Neurospora crassa (strain ATCC 24698 / 74-OR23-1A / CBS 708.71 / DSM 1257 / FGSC 987)	Fungi	312	False
Q00715	Rattus norvegicus	Metazoa	125	False
Q94K49	Arabidopsis thaliana	Plants	396	False
P0DH95	Arabidopsis thaliana	Plants	149	False
P59220	Arabidopsis thaliana	Plants	149	False
O44498	Caenorhabditis elegans	Metazoa	1623	False
P39962	Saccharomyces cerevisiae (strain ATCC 204508 / S288c)	Fungi	524	False
Q8WWH5	Homo sapiens	Metazoa	349	False
Q86WV1	Homo sapiens	Metazoa	359	False
P50613	Homo sapiens	Metazoa	346	False
Q9M199	Arabidopsis thaliana	Plants	517	False
Q9NPF4	Homo sapiens	Metazoa	335	False
P30186	Arabidopsis thaliana	Plants	250	False
Q8N488	Homo sapiens	Metazoa	228	False
Q6EVK6	Arabidopsis thaliana	Plants	2193	False
Q9C6B8	Arabidopsis thaliana	Plants	622	True
P32828	Saccharomyces cerevisiae (strain ATCC 204508 / S288c)	Fungi	619	False
P38241	Saccharomyces cerevisiae (strain ATCC 204508 / S288c)	Fungi	364	False
Q9H2F5	Homo sapiens	Metazoa	836	False
P23798	Mus musculus	Metazoa	342	False
Q6NZM9	Mus musculus	Metazoa	1076	False
Q9V8P9	Drosophila melanogaster	Metazoa	1038	False
Q9WUH2	Mus musculus	Metazoa	397	False
Q24142	Drosophila melanogaster	Metazoa	601	False
Q10B19	Oryza sativa subsp. japonica	Plants	250	False
Q9SJG4	Arabidopsis thaliana	Plants	257	False
Q9JIW5	Mus musculus	Metazoa	430	False
Q8VII8	Mus musculus	Metazoa	978	False
Q9H9L7	Homo sapiens	Metazoa	192	False
Q03455	Saccharomyces cerevisiae (strain ATCC 204508 / S288c)	Fungi	724	True
Q96BP2	Homo sapiens	Metazoa	118	False
Q06611	Arabidopsis thaliana	Plants	286	True
Q9VNS0	Drosophila melanogaster	Metazoa	459	False
P31040	Homo sapiens	Metazoa	664	False
Q20471	Caenorhabditis elegans	Metazoa	497	False
Q9H5Z6	Homo sapiens	Metazoa	455	False
P17014	Homo sapiens	Metazoa	697	False
Q9SRN4	Arabidopsis thaliana	Plants	117	False
P19426	Mus musculus	Metazoa	375	False
Q6DVA0	Mus musculus	Metazoa	511	False
P53107	Saccharomyces cerevisiae (strain ATCC 204508 / S288c)	Fungi	440	False
P43635	Saccharomyces cerevisiae (strain ATCC 204508 / S288c)	Fungi	486	False
P30666	Schizosaccharomyces pombe (strain 972 / ATCC 24843)	Fungi	879	False
P91938	Drosophila melanogaster	Metazoa	596	False
Q8WZK0	Schizosaccharomyces pombe (strain 972 / ATCC 24843)	Fungi	695	False
O49839	Arabidopsis thaliana	Plants	426	False
Q9LRR7	Arabidopsis thaliana	Plants	599	False
P63162	Homo sapiens	Metazoa	240	False
Q6K5X1	Oryza sativa subsp. japonica	Plants	248	False
Q9D818	Mus musculus	Metazoa	391	False
Q5FWF5	Homo sapiens	Metazoa	840	False
Q9ZVL6	Arabidopsis thaliana	Plants	285	False
Q7S1Z3	Neurospora crassa (strain ATCC 24698 / 74-OR23-1A / CBS 708.71 / DSM 1257 / FGSC 987)	Fungi	368	False
P93735	Arabidopsis thaliana	Plants	195	False
Q8IS16	Dictyostelium discoideum	Other	604	False
Q504Q3	Homo sapiens	Metazoa	1202	False
Q5VVJ2	Homo sapiens	Metazoa	828	False
Q92581	Homo sapiens	Metazoa	701	True
Q9NRA8	Homo sapiens	Metazoa	985	False
P15383	Rattus norvegicus	Metazoa	130	True
Q8S948	Arabidopsis thaliana	Plants	406	False
Q96WV9	Schizosaccharomyces pombe (strain 972 / ATCC 24843)	Fungi	591	False
P34230	Saccharomyces cerevisiae (strain ATCC 204508 / S288c)	Fungi	853	False
Q9Z2G1	Mus musculus	Metazoa	654	False
Q64092	Mus musculus	Metazoa	572	False
Q8NEJ0	Homo sapiens	Metazoa	188	False
P42208	Mus musculus	Metazoa	361	False
Q9M4A2	Arabidopsis thaliana	Plants	362	False
P00079	Tetrahymena pyriformis	Other	109	False
Q16666	Homo sapiens	Metazoa	785	False
Q8R107	Mus musculus	Metazoa	217	False
O24456	Arabidopsis thaliana	Plants	327	False
Q8BZ71	Mus musculus	Metazoa	360	False
P07247	Drosophila melanogaster	Metazoa	502	False
P62995	Homo sapiens	Metazoa	288	False
Q7XU27	Oryza sativa subsp. japonica	Plants	884	False
O75012	Saccharomyces cerevisiae (strain ATCC 204508 / S288c)	Fungi	95	False
Q7L523	Homo sapiens	Metazoa	313	False
P36069	Saccharomyces cerevisiae (strain ATCC 204508 / S288c)	Fungi	295	False
U4PAZ9	Caenorhabditis elegans	Metazoa	1112	False
O22993	Arabidopsis thaliana	Plants	946	False
Q58WW2	Homo sapiens	Metazoa	860	False
Q42968	Oryza glaberrima	Plants	609	False
Q6DN90	Homo sapiens	Metazoa	963	False
Q9UTQ7	Schizosaccharomyces pombe (strain 972 / ATCC 24843)	Fungi	523	False
Q5QGS0	Homo sapiens	Metazoa	1516	False
Q9BUU2	Homo sapiens	Metazoa	404	False
P54198	Homo sapiens	Metazoa	1017	False
O00499	Homo sapiens	Metazoa	593	False
Q13562	Homo sapiens	Metazoa	356	False
P14651	Homo sapiens	Metazoa	431	False
O97159	Drosophila melanogaster	Metazoa	1982	False
O74824	Schizosaccharomyces pombe (strain 972 / ATCC 24843)	Fungi	308	False
Q9UQ84	Homo sapiens	Metazoa	846	False
P53254	Saccharomyces cerevisiae (strain ATCC 204508 / S288c)	Fungi	1237	False
Q96H96	Homo sapiens	Metazoa	371	True
Q9S7A9	Arabidopsis thaliana	Plants	174	False
Q69WS3	Oryza sativa subsp. japonica	Plants	256	False
Q9H4K7	Homo sapiens	Metazoa	406	False
Q69IL4	Oryza sativa subsp. japonica	Plants	380	False
A0A1C3NSL9	Caenorhabditis elegans	Metazoa	1644	False
Q61169	Mus musculus	Metazoa	589	False
P00296	Solanum tuberosum	Plants	99	False
G5ECD6	Caenorhabditis elegans	Metazoa	1322	True
F4KCE9	Arabidopsis thaliana	Plants	598	False
Q8GW29	Arabidopsis thaliana	Plants	217	False
P70343	Mus musculus	Metazoa	373	False
Q7L5Y1	Homo sapiens	Metazoa	443	False
Q6NL34	Drosophila melanogaster	Metazoa	543	False
F4I8I0	Arabidopsis thaliana	Plants	596	True
Q8S307	Arabidopsis thaliana	Plants	336	False
O94643	Schizosaccharomyces pombe (strain 972 / ATCC 24843)	Fungi	441	False
Q7LG56	Homo sapiens	Metazoa	351	False
P27198	Rhodomonas sp. (strain CS 24)	Other	177	False
Q9LHJ9	Arabidopsis thaliana	Plants	385	False
P0CG29	Homo sapiens	Metazoa	244	False
O15527	Homo sapiens	Metazoa	345	False
Q00341	Homo sapiens	Metazoa	1268	False
Q07844	Saccharomyces cerevisiae (strain ATCC 204508 / S288c)	Fungi	837	False
P05022	Zea mays	Plants	507	False
Q9LVM5	Arabidopsis thaliana	Plants	324	False
Q9FLP6	Arabidopsis thaliana	Plants	103	False
Q8N6F1	Homo sapiens	Metazoa	224	True
A1Z6W3	Drosophila melanogaster	Metazoa	1299	False
Q09666	Homo sapiens	Metazoa	5890	False
Q8IY26	Homo sapiens	Metazoa	295	False
P36159	Saccharomyces cerevisiae (strain ATCC 204508 / S288c)	Fungi	838	False
P00222	Colocasia esculenta	Plants	97	False
Q5VZF2	Homo sapiens	Metazoa	373	False
P11352	Mus musculus	Metazoa	201	False
Q149M9	Homo sapiens	Metazoa	1564	False
Q9UPT9	Homo sapiens	Metazoa	525	False
Q12800	Homo sapiens	Metazoa	502	False
Q3E840	Saccharomyces cerevisiae (strain ATCC 204508 / S288c)	Fungi	82	False
Q9NVV9	Homo sapiens	Metazoa	213	False
O75056	Homo sapiens	Metazoa	442	False
P11388	Homo sapiens	Metazoa	1531	False
P40971	Saccharomyces cerevisiae (strain ATCC 204508 / S288c)	Fungi	790	False
P31115	Saccharomyces cerevisiae (strain ATCC 204508 / S288c)	Fungi	442	False
Q9C002	Homo sapiens	Metazoa	83	False
Q09675	Schizosaccharomyces pombe (strain 972 / ATCC 24843)	Fungi	240	False
Q9Y694	Homo sapiens	Metazoa	548	True
Q95216	Oryctolagus cuniculus	Metazoa	1005	False
Q22663	Caenorhabditis elegans	Metazoa	183	False
O54698	Rattus norvegicus	Metazoa	457	True
P67779	Rattus norvegicus	Metazoa	272	False
Q9FJK3	Arabidopsis thaliana	Plants	321	False
Q9Y4Y9	Homo sapiens	Metazoa	91	False
Q8L999	Arabidopsis thaliana	Plants	342	False
P07030	Silene latifolia subsp. alba	Plants	165	False
P28748	Schizosaccharomyces pombe (strain 972 / ATCC 24843)	Fungi	216	False
P40515	Saccharomyces cerevisiae (strain ATCC 204508 / S288c)	Fungi	155	False
Q9P7B8	Schizosaccharomyces pombe (strain 972 / ATCC 24843)	Fungi	399	False
Q9ZWA1	Arabidopsis thaliana	Plants	393	False
Q8VEC4	Mus musculus	Metazoa	323	True
Q9ASY8	Arabidopsis thaliana	Plants	75	True
Q9BXN2	Homo sapiens	Metazoa	247	True
Q6EKJ0	Homo sapiens	Metazoa	949	False
P53944	Saccharomyces cerevisiae (strain ATCC 204508 / S288c)	Fungi	314	False
Q9LTB0	Arabidopsis thaliana	Plants	752	False
Q8WWL7	Homo sapiens	Metazoa	1395	False
Q32PI6	Bos taurus	Metazoa	294	False
Q10426	Schizosaccharomyces pombe (strain 972 / ATCC 24843)	Fungi	1040	False
Q3UNW5	Mus musculus	Metazoa	479	False
P91926	Drosophila melanogaster	Metazoa	940	False
Q9Z0Y7	Mus musculus	Metazoa	1216	False
P61290	Mus musculus	Metazoa	254	False
Q9C8J7	Arabidopsis thaliana	Plants	509	False
P22557	Homo sapiens	Metazoa	587	False
Q7XZF5	Arabidopsis thaliana	Plants	1841	False
Q9MAM4	Arabidopsis thaliana	Plants	527	False
Q9LMR3	Arabidopsis thaliana	Plants	358	False
O14981	Homo sapiens	Metazoa	1849	False
P07278	Saccharomyces cerevisiae (strain ATCC 204508 / S288c)	Fungi	416	False
G5ECT8	Caenorhabditis elegans	Metazoa	209	False
Q12132	Saccharomyces cerevisiae (strain ATCC 204508 / S288c)	Fungi	391	False
Q9LWU9	Oryza sativa subsp. japonica	Plants	617	False
Q5A4H5	Candida albicans (strain SC5314 / ATCC MYA-2876)	Fungi	731	False
P0CT57	Schizosaccharomyces pombe (strain 972 / ATCC 24843)	Fungi	139	False
Q9BDK6	Sus scrofa	Metazoa	355	False
P25379	Saccharomyces cerevisiae (strain ATCC 204508 / S288c)	Fungi	360	False
Q9Z2V6	Mus musculus	Metazoa	1113	False
Q6WRU0	Cricetulus griseus	Metazoa	203	True
P26350	Mus musculus	Metazoa	111	False
Q9N2L7	Caenorhabditis elegans	Metazoa	632	False
Q9FNC9	Arabidopsis thaliana	Plants	99	True
B9U3F2	Gallus gallus	Metazoa	1338	True
O95278	Homo sapiens	Metazoa	331	False
Q8LDL0	Arabidopsis thaliana	Plants	231	False
P70033	Xenopus laevis	Metazoa	435	False
P82913	Bos taurus	Metazoa	256	False
P50161	Aspergillus parasiticus (strain ATCC 56775 / NRRL 5862 / SRRC 143 / SU-1)	Fungi	262	False
Q9FTY0	Oryza sativa subsp. japonica	Plants	320	False
P78380	Homo sapiens	Metazoa	273	True
P34056	Mus musculus	Metazoa	437	False
Q1PDW3	Arabidopsis thaliana	Plants	636	False
Q16719	Homo sapiens	Metazoa	465	False
A3KPQ7	Danio rerio	Metazoa	1378	True
Q9Y2Z0	Homo sapiens	Metazoa	365	False
Q9DB96	Mus musculus	Metazoa	315	False
Q17602	Caenorhabditis elegans	Metazoa	1390	False
P06777	Saccharomyces cerevisiae (strain ATCC 204508 / S288c)	Fungi	1100	False
O22131	Arabidopsis thaliana	Plants	262	False
Q08926	Saccharomyces cerevisiae (strain ATCC 204508 / S288c)	Fungi	304	False
Q9ULJ3	Homo sapiens	Metazoa	1066	False
P39516	Saccharomyces cerevisiae (strain ATCC 204508 / S288c)	Fungi	138	False
P10803	Secale cereale	Plants	353	True
Q61327	Mus musculus	Metazoa	619	True
Q9P802	Schizosaccharomyces pombe (strain 972 / ATCC 24843)	Fungi	194	False
Q6GLP4	Xenopus laevis	Metazoa	391	False
O14215	Schizosaccharomyces pombe (strain 972 / ATCC 24843)	Fungi	454	False
O81787	Arabidopsis thaliana	Plants	527	False
Q8NDQ6	Homo sapiens	Metazoa	660	False
Q9FLP0	Arabidopsis thaliana	Plants	587	False
Q9LXW7	Arabidopsis thaliana	Plants	1580	False
P43004	Homo sapiens	Metazoa	574	True
Q9SAL0	Arabidopsis thaliana	Plants	401	False
P18858	Homo sapiens	Metazoa	919	False
O00421	Homo sapiens	Metazoa	344	True
Q8CF89	Mus musculus	Metazoa	502	False
Q8VEB1	Mus musculus	Metazoa	590	False
Q9Y243	Homo sapiens	Metazoa	479	False
Q9CAF6	Arabidopsis thaliana	Plants	950	False
Q9CAD5	Arabidopsis thaliana	Plants	883	False
Q8TDV5	Homo sapiens	Metazoa	335	True
Q9VV73	Drosophila melanogaster	Metazoa	841	False
P00056	Zea mays	Plants	111	False
D3ZX63	Rattus norvegicus	Metazoa	334	False
O81316	Arabidopsis thaliana	Plants	558	False
P19262	Saccharomyces cerevisiae (strain ATCC 204508 / S288c)	Fungi	463	False
Q9V3J8	Drosophila melanogaster	Metazoa	361	False
Q9UTT1	Schizosaccharomyces pombe (strain 972 / ATCC 24843)	Fungi	1129	False
P33897	Homo sapiens	Metazoa	745	False
Q8VY06	Arabidopsis thaliana	Plants	1080	False
P38719	Saccharomyces cerevisiae (strain ATCC 204508 / S288c)	Fungi	431	False
Q63538	Rattus norvegicus	Metazoa	367	False
O73622	Xenopus laevis	Metazoa	293	False
Q96GC6	Homo sapiens	Metazoa	653	False
Q9C516	Arabidopsis thaliana	Plants	848	False
Q63046	Rattus norvegicus	Metazoa	450	False
Q9ST62	Solanum tuberosum	Plants	577	False
Q9UTQ4	Schizosaccharomyces pombe (strain 972 / ATCC 24843)	Fungi	244	False
Q24206	Drosophila melanogaster	Metazoa	880	False
Q9VUQ5	Drosophila melanogaster	Metazoa	1214	False
Q4FZU9	Rattus norvegicus	Metazoa	463	True
Q12460	Saccharomyces cerevisiae (strain ATCC 204508 / S288c)	Fungi	504	False
Q08062	Zea mays	Plants	332	False
O43613	Homo sapiens	Metazoa	425	True
Q9ZQZ6	Arabidopsis thaliana	Plants	263	False
P26793	Saccharomyces cerevisiae (strain ATCC 204508 / S288c)	Fungi	382	False
Q9Y6T7	Homo sapiens	Metazoa	804	False
Q9JKU3	Rattus norvegicus	Metazoa	1749	False
Q96EY5	Homo sapiens	Metazoa	273	False
Q9UPP1	Homo sapiens	Metazoa	1060	False
P09917	Homo sapiens	Metazoa	674	False
P0CW70	Mus musculus	Metazoa	773	False
P42775	Arabidopsis thaliana	Plants	360	False
Q9Z2A6	Rattus norvegicus	Metazoa	547	False
Q9Y803	Schizosaccharomyces pombe (strain 972 / ATCC 24843)	Fungi	127	False
Q8K4B2	Mus musculus	Metazoa	609	False
Q8N5A5	Homo sapiens	Metazoa	531	False
P41735	Saccharomyces cerevisiae (strain ATCC 204508 / S288c)	Fungi	233	False
Q62232	Mus musculus	Metazoa	296	False
O18473	Heliothis virescens	Metazoa	576	False
O00398	Homo sapiens	Metazoa	339	True
Q93ZR1	Arabidopsis thaliana	Plants	565	False
Q9Y6N9	Homo sapiens	Metazoa	552	False
Q6TEM9	Danio rerio	Metazoa	472	False
Q9BQ70	Homo sapiens	Metazoa	676	False
P15144	Homo sapiens	Metazoa	967	True
Q9XIP7	Arabidopsis thaliana	Plants	468	True
Q8K0D5	Mus musculus	Metazoa	751	False
P32338	Saccharomyces cerevisiae (strain ATCC 204508 / S288c)	Fungi	300	False
Q90ZA1	Xenopus laevis	Metazoa	631	False
P49769	Mus musculus	Metazoa	467	True
Q02770	Saccharomyces cerevisiae (strain ATCC 204508 / S288c)	Fungi	301	False
Q497V6	Mus musculus	Metazoa	772	False
O00541	Homo sapiens	Metazoa	588	False
Q9H079	Homo sapiens	Metazoa	304	False
D3ZVU9	Rattus norvegicus	Metazoa	299	False
Q9FGV1	Arabidopsis thaliana	Plants	811	False
Q6Z2Z4	Oryza sativa subsp. japonica	Plants	414	False
Q14494	Homo sapiens	Metazoa	772	True
Q86UW2	Homo sapiens	Metazoa	128	True
Q8BWG9	Mus musculus	Metazoa	304	True
P25642	Saccharomyces cerevisiae (strain ATCC 204508 / S288c)	Fungi	146	False
Q944A7	Arabidopsis thaliana	Plants	512	False
P32580	Saccharomyces cerevisiae (strain ATCC 204508 / S288c)	Fungi	737	False
Q9P2D1	Homo sapiens	Metazoa	2997	False
Q8CGP0	Mus musculus	Metazoa	126	False
Q8TDW0	Homo sapiens	Metazoa	803	True
O08560	Rattus norvegicus	Metazoa	929	False
P21951	Saccharomyces cerevisiae (strain ATCC 204508 / S288c)	Fungi	2222	False
Q9NWR8	Homo sapiens	Metazoa	336	False
Q43316	Arabidopsis thaliana	Plants	382	False
P43116	Homo sapiens	Metazoa	358	True
Q9DCR4	Mus musculus	Metazoa	169	False
P20435	Saccharomyces cerevisiae (strain ATCC 204508 / S288c)	Fungi	155	False
Q01543	Homo sapiens	Metazoa	452	False
P69744	Mus musculus	Metazoa	723	False
Q8BX57	Mus musculus	Metazoa	582	False
Q0WQ41	Arabidopsis thaliana	Plants	594	False
Q92021	Xenopus laevis	Metazoa	609	False
O74761	Schizosaccharomyces pombe (strain 972 / ATCC 24843)	Fungi	459	False
Q93YW0	Arabidopsis thaliana	Plants	684	False
O60563	Homo sapiens	Metazoa	726	False
Q9C8M2	Arabidopsis thaliana	Plants	202	False
Q99JB2	Mus musculus	Metazoa	353	False
P24942	Rattus norvegicus	Metazoa	543	True
P32037	Mus musculus	Metazoa	493	True
P35579	Homo sapiens	Metazoa	1960	False
Q09470	Homo sapiens	Metazoa	495	False
Q96F44	Homo sapiens	Metazoa	468	False
Q12510	Saccharomyces cerevisiae (strain ATCC 204508 / S288c)	Fungi	522	False
O75143	Homo sapiens	Metazoa	517	False
Q8VYJ2	Arabidopsis thaliana	Plants	356	False
O60284	Homo sapiens	Metazoa	1047	False
Q9R1X4	Mus musculus	Metazoa	1197	False
Q99M04	Mus musculus	Metazoa	373	False
Q4WSF6	Aspergillus fumigatus (strain ATCC MYA-4609 / CBS 101355 / FGSC A1100 / Af293)	Fungi	366	False
Q9BWU1	Homo sapiens	Metazoa	502	False
P53615	Saccharomyces cerevisiae (strain ATCC 204508 / S288c)	Fungi	221	False
O13563	Saccharomyces cerevisiae (strain ATCC 204508 / S288c)	Fungi	156	False
Q12219	Saccharomyces cerevisiae (strain ATCC 204508 / S288c)	Fungi	294	False
P56780	Arabidopsis thaliana	Plants	73	True
P00428	Bos taurus	Metazoa	129	False
Q20992	Caenorhabditis elegans	Metazoa	667	False
Q9SMH4	Chlamydomonas reinhardtii	Plants	410	False
Q9V463	Drosophila melanogaster	Metazoa	1365	False
P81459	Thunnus alalunga	Metazoa	103	False
P49282	Mus musculus	Metazoa	568	True
Q5ZIS0	Gallus gallus	Metazoa	157	True
Q9M5P3	Arabidopsis thaliana	Plants	354	False
P06704	Saccharomyces cerevisiae (strain ATCC 204508 / S288c)	Fungi	161	False
P00238	Scenedesmus quadricauda	Plants	96	False
P18480	Saccharomyces cerevisiae (strain ATCC 204508 / S288c)	Fungi	905	False
O43070	Schizosaccharomyces pombe (strain 972 / ATCC 24843)	Fungi	613	False
Q64700	Mus musculus	Metazoa	1135	False
P60324	Mus musculus	Metazoa	178	False
P30084	Homo sapiens	Metazoa	290	False
O89091	Mus musculus	Metazoa	479	False
Q8TE54	Homo sapiens	Metazoa	656	True
P36177	Euglena gracilis	Other	538	False
Q8BKA3	Mus musculus	Metazoa	608	False
P20436	Saccharomyces cerevisiae (strain ATCC 204508 / S288c)	Fungi	146	False
Q92794	Homo sapiens	Metazoa	2004	False
Q96EB1	Homo sapiens	Metazoa	424	False
P25122	Rattus norvegicus	Metazoa	585	False
P22732	Homo sapiens	Metazoa	501	True
Q86UF1	Homo sapiens	Metazoa	283	True
Q21502	Caenorhabditis elegans	Metazoa	870	False
P49588	Homo sapiens	Metazoa	968	False
Q9H668	Homo sapiens	Metazoa	368	False
Q9CQP8	Mus musculus	Metazoa	194	False
P20941	Homo sapiens	Metazoa	246	False
Q9NQX1	Homo sapiens	Metazoa	630	False
Q63803	Rattus norvegicus	Metazoa	1144	False
P38432	Homo sapiens	Metazoa	576	False
Q6RHR6	Medicago truncatula	Plants	882	False
Q75RY2	Oryza sativa subsp. japonica	Plants	492	False
P51679	Homo sapiens	Metazoa	360	True
P47019	Saccharomyces cerevisiae (strain ATCC 204508 / S288c)	Fungi	175	False
Q16873	Homo sapiens	Metazoa	150	True
P30100	Rattus norvegicus	Metazoa	500	False
Q4QEZ7	Leishmania major	Other	175	False
O42661	Schizosaccharomyces pombe (strain 972 / ATCC 24843)	Fungi	117	False
Q0IGK1	Arabidopsis thaliana	Plants	445	False
P27140	Arabidopsis thaliana	Plants	347	False
Q8VCF0	Mus musculus	Metazoa	503	False
Q38819	Arabidopsis thaliana	Plants	450	False
Q0P5I5	Bos taurus	Metazoa	327	False
Q9WVM1	Mus musculus	Metazoa	628	False
P10275	Homo sapiens	Metazoa	920	False
Q923Y8	Mus musculus	Metazoa	332	True
Q5XF06	Arabidopsis thaliana	Plants	469	False
Q8NI77	Homo sapiens	Metazoa	898	False
O94561	Schizosaccharomyces pombe (strain 972 / ATCC 24843)	Fungi	195	False
P41838	Schizosaccharomyces pombe (strain 972 / ATCC 24843)	Fungi	352	False
Q9C0H2	Homo sapiens	Metazoa	523	True
Q6NNI3	Arabidopsis thaliana	Plants	190	False
Q99807	Homo sapiens	Metazoa	217	False
Q6PEH4	Danio rerio	Metazoa	753	False
P97931	Mus musculus	Metazoa	306	False
P70060	Xenopus laevis	Metazoa	375	False
E9AGH7	Leishmania infantum	Other	365	False
Q13304	Homo sapiens	Metazoa	367	True
Q9UHI5	Homo sapiens	Metazoa	535	True
P27680	Saccharomyces cerevisiae (strain ATCC 204508 / S288c)	Fungi	312	False
O00488	Homo sapiens	Metazoa	134	False
O42861	Schizosaccharomyces pombe (strain 972 / ATCC 24843)	Fungi	922	False
Q9NV88	Homo sapiens	Metazoa	658	False
P36151	Saccharomyces cerevisiae (strain ATCC 204508 / S288c)	Fungi	352	False
Q96WV2	Schizosaccharomyces pombe (strain 972 / ATCC 24843)	Fungi	339	False
Q9LJG6	Arabidopsis thaliana	Plants	193	False
P05202	Mus musculus	Metazoa	430	False
Q6DE18	Xenopus laevis	Metazoa	152	False
Q91WU2	Mus musculus	Metazoa	540	True
Q7XB51	Physcomitrium patens	Plants	967	True
Q9CAX3	Arabidopsis thaliana	Plants	204	True
P40460	Saccharomyces cerevisiae (strain ATCC 204508 / S288c)	Fungi	691	False
Q9JL26	Mus musculus	Metazoa	1094	False
G5EF53	Caenorhabditis elegans	Metazoa	1474	False
P14831	Solanum lycopersicum	Plants	217	False
Q9H0W9	Homo sapiens	Metazoa	315	False
O15016	Homo sapiens	Metazoa	1351	False
O02193	Drosophila melanogaster	Metazoa	827	False
Q70Z19	Nicotiana tabacum	Plants	374	False
P53941	Saccharomyces cerevisiae (strain ATCC 204508 / S288c)	Fungi	290	False
Q9NTM9	Homo sapiens	Metazoa	273	False
P52824	Homo sapiens	Metazoa	942	False
A6NNB3	Homo sapiens	Metazoa	132	True
P82918	Bos taurus	Metazoa	258	False
Q7RYW8	Neurospora crassa (strain ATCC 24698 / 74-OR23-1A / CBS 708.71 / DSM 1257 / FGSC 987)	Fungi	258	False
P15864	Mus musculus	Metazoa	212	False
P78929	Schizosaccharomyces pombe (strain 972 / ATCC 24843)	Fungi	137	False
P03902	Bos taurus	Metazoa	98	True
P06493	Homo sapiens	Metazoa	297	False
O74208	Candida glabrata (strain ATCC 2001 / BCRC 20586 / JCM 3761 / NBRC 0622 / NRRL Y-65 / CBS 138)	Fungi	1542	False
Q9JJC8	Mus musculus	Metazoa	359	True
P12684	Saccharomyces cerevisiae (strain ATCC 204508 / S288c)	Fungi	1045	True
O04630	Arabidopsis thaliana	Plants	709	False
Q6IS41	Mus musculus	Metazoa	310	True
P87074	Schizosaccharomyces pombe (strain 972 / ATCC 24843)	Fungi	778	False
P49238	Homo sapiens	Metazoa	355	True
O76021	Homo sapiens	Metazoa	490	False
Q9LUD9	Arabidopsis thaliana	Plants	360	False
Q9P2G3	Homo sapiens	Metazoa	628	False
Q9VCE9	Drosophila melanogaster	Metazoa	751	False
O43603	Homo sapiens	Metazoa	387	True
A1Z1Q3	Homo sapiens	Metazoa	425	False
O95365	Homo sapiens	Metazoa	584	False
P22354	Saccharomyces cerevisiae (strain ATCC 204508 / S288c)	Fungi	195	False
Q39163	Arabidopsis thaliana	Plants	330	False
P53834	Saccharomyces cerevisiae (strain ATCC 204508 / S288c)	Fungi	153	False
O88708	Mus musculus	Metazoa	433	False
Q13563	Homo sapiens	Metazoa	968	False
O15042	Homo sapiens	Metazoa	1029	False
Q56XE8	Arabidopsis thaliana	Plants	502	True
Q8C8C1	Mus musculus	Metazoa	263	False
P53157	Saccharomyces cerevisiae (strain ATCC 204508 / S288c)	Fungi	130	True
Q9P7P1	Schizosaccharomyces pombe (strain 972 / ATCC 24843)	Fungi	147	False
Q9DBG9	Mus musculus	Metazoa	124	False
Q7RWZ7	Neurospora crassa (strain ATCC 24698 / 74-OR23-1A / CBS 708.71 / DSM 1257 / FGSC 987)	Fungi	201	False
Q7XM13	Oryza sativa subsp. japonica	Plants	289	False
Q9WU70	Rattus norvegicus	Metazoa	1152	False
Q54BW5	Dictyostelium discoideum	Other	179	False
Q9FS87	Solanum tuberosum	Plants	412	False
Q13625	Homo sapiens	Metazoa	1128	False
O43068	Schizosaccharomyces pombe (strain 972 / ATCC 24843)	Fungi	421	False
Q9Y3D9	Homo sapiens	Metazoa	190	False
Q6UPE0	Rattus norvegicus	Metazoa	599	False
Q96HE9	Homo sapiens	Metazoa	360	False
P10588	Homo sapiens	Metazoa	404	False
Q7YU24	Drosophila melanogaster	Metazoa	810	False
Q9NUL3	Homo sapiens	Metazoa	570	False
Q06218	Saccharomyces cerevisiae (strain ATCC 204508 / S288c)	Fungi	594	False
B2RZD2	Rattus norvegicus	Metazoa	229	True
P84040	Drosophila melanogaster	Metazoa	103	False
Q16222	Homo sapiens	Metazoa	522	False
Q6IR34	Mus musculus	Metazoa	673	False
P97855	Mus musculus	Metazoa	465	False
O61967	Caenorhabditis elegans	Metazoa	699	False
Q84U09	Brassica napus	Plants	215	False
Q683C9	Arabidopsis thaliana	Plants	282	False
Q14657	Homo sapiens	Metazoa	143	False
Q32Q92	Mus musculus	Metazoa	419	False
Q08961	Saccharomyces cerevisiae (strain ATCC 204508 / S288c)	Fungi	583	False
P03879	Saccharomyces cerevisiae (strain ATCC 204508 / S288c)	Fungi	638	False
Q6DYE4	Arabidopsis thaliana	Plants	455	False
Q9WVE0	Mus musculus	Metazoa	198	False
P11020	Scyliorhinus canicula	Metazoa	80	False
Q3U4H6	Mus musculus	Metazoa	486	False
Q96G30	Homo sapiens	Metazoa	205	True
M1J8U6	Prunus domestica	Plants	213	False
Q8WQL7	Caenorhabditis elegans	Metazoa	882	False
P00520	Mus musculus	Metazoa	1123	False
Q9LD43	Arabidopsis thaliana	Plants	769	False
O43395	Homo sapiens	Metazoa	683	False
Q9EPB5	Mus musculus	Metazoa	311	False
P53255	Saccharomyces cerevisiae (strain ATCC 204508 / S288c)	Fungi	507	False
Q9H116	Homo sapiens	Metazoa	711	False
Q9NBD7	Drosophila melanogaster	Metazoa	1491	False
Q9Z1T5	Mus musculus	Metazoa	566	False
O74113	Schizosaccharomyces pombe (strain 972 / ATCC 24843)	Fungi	638	False
P37271	Arabidopsis thaliana	Plants	422	False
P97478	Mus musculus	Metazoa	217	False
Q14973	Homo sapiens	Metazoa	349	True
Q96SB4	Homo sapiens	Metazoa	655	False
Q9CQT2	Mus musculus	Metazoa	265	False
P46948	Saccharomyces cerevisiae (strain ATCC 204508 / S288c)	Fungi	246	False
Q96AG3	Homo sapiens	Metazoa	418	False
P38237	Saccharomyces cerevisiae (strain ATCC 204508 / S288c)	Fungi	781	False
Q14289	Homo sapiens	Metazoa	1009	False
P15307	Mus musculus	Metazoa	587	False
P47897	Homo sapiens	Metazoa	775	False
Q8SYK5	Drosophila melanogaster	Metazoa	376	False
Q03973	Saccharomyces cerevisiae (strain ATCC 204508 / S288c)	Fungi	246	False
Q91YE2	Mus musculus	Metazoa	419	False
Q8GZQ3	Arabidopsis thaliana	Plants	922	False
Q402E1	Lilium longiflorum	Plants	136	False
Q9FKM2	Arabidopsis thaliana	Plants	274	False
O64682	Arabidopsis thaliana	Plants	438	False
P60484	Homo sapiens	Metazoa	403	False
Q96N21	Homo sapiens	Metazoa	525	False
P25858	Arabidopsis thaliana	Plants	338	False
P36381	Gallus gallus	Metazoa	400	True
P12074	Homo sapiens	Metazoa	109	True
Q9LW57	Arabidopsis thaliana	Plants	284	False
O59748	Schizosaccharomyces pombe (strain 972 / ATCC 24843)	Fungi	335	False
Q10J20	Oryza sativa subsp. japonica	Plants	271	False
Q4QAU9	Leishmania major	Other	549	False
Q91YT8	Mus musculus	Metazoa	804	True
F4JCX9	Arabidopsis thaliana	Plants	663	False
Q9VNA8	Drosophila melanogaster	Metazoa	568	False
P38890	Saccharomyces cerevisiae (strain ATCC 204508 / S288c)	Fungi	526	False
Q8WV41	Homo sapiens	Metazoa	574	False
Q8VE70	Mus musculus	Metazoa	212	False
A0A7J6K338	Toxoplasma gondii	Other	504	True
Q8GXW1	Arabidopsis thaliana	Plants	547	False
Q12400	Saccharomyces cerevisiae (strain ATCC 204508 / S288c)	Fungi	293	False
Q96BK5	Homo sapiens	Metazoa	328	False
Q9AUE0	Arabidopsis thaliana	Plants	1950	False
P31483	Homo sapiens	Metazoa	386	False
Q24168	Drosophila melanogaster	Metazoa	618	False
Q15672	Homo sapiens	Metazoa	202	False
O01422	Caenorhabditis elegans	Metazoa	495	False
P93407	Oryza sativa subsp. japonica	Plants	211	False
Q8LGH4	Arabidopsis thaliana	Plants	792	False
Q9UGI6	Homo sapiens	Metazoa	731	False
Q8BGY7	Mus musculus	Metazoa	273	False
Q6C6R8	Yarrowia lipolytica (strain CLIB 122 / E 150)	Fungi	417	False
P16591	Homo sapiens	Metazoa	822	False
Q9SQX9	Arabidopsis thaliana	Plants	447	False
P78395	Homo sapiens	Metazoa	509	False
Q9LXN4	Arabidopsis thaliana	Plants	1024	False
Q05043	Saccharomyces cerevisiae (strain ATCC 204508 / S288c)	Fungi	376	False
Q10422	Schizosaccharomyces pombe (strain 972 / ATCC 24843)	Fungi	297	False
A6NND4	Homo sapiens	Metazoa	320	True
Q84LH8	Arabidopsis thaliana	Plants	444	False
P35381	Drosophila melanogaster	Metazoa	552	False
O15178	Homo sapiens	Metazoa	435	False
Q92730	Homo sapiens	Metazoa	232	False
P39984	Saccharomyces cerevisiae (strain ATCC 204508 / S288c)	Fungi	401	False
Q8N140	Homo sapiens	Metazoa	333	False
P62129	Nicotiana tabacum	Plants	123	False
P22674	Homo sapiens	Metazoa	350	False
A0A509AQ68	Plasmodium berghei (strain Anka)	Other	446	False
P81900	Drosophila melanogaster	Metazoa	377	False
Q9SG79	Arabidopsis thaliana	Plants	455	False
Q99LC3	Mus musculus	Metazoa	355	False
P38088	Saccharomyces cerevisiae (strain ATCC 204508 / S288c)	Fungi	690	False
P53840	Saccharomyces cerevisiae (strain ATCC 204508 / S288c)	Fungi	1238	False
O60008	Paracoccidioides lutzii (strain ATCC MYA-826 / Pb01)	Fungi	592	False
Q9H2X8	Homo sapiens	Metazoa	130	True
Q8WV28	Homo sapiens	Metazoa	456	False
O95997	Homo sapiens	Metazoa	202	False
A0A2H1VE33	Spodoptera frugiperda	Metazoa	332	False
Q8BK30	Mus musculus	Metazoa	104	False
Q1W1G1	Xenopus laevis	Metazoa	525	False
Q569N2	Mus musculus	Metazoa	159	False
Q12507	Saccharomyces cerevisiae (strain ATCC 204508 / S288c)	Fungi	346	False
Q62769	Rattus norvegicus	Metazoa	1622	False
J9VTB0	Cryptococcus neoformans var. grubii serotype A (strain H99 / ATCC 208821 / CBS 10515 / FGSC 9487)	Fungi	2106	False
O60150	Schizosaccharomyces pombe (strain 972 / ATCC 24843)	Fungi	361	False
P62750	Homo sapiens	Metazoa	156	False
Q8BN21	Mus musculus	Metazoa	503	False
Q9WU00	Mus musculus	Metazoa	503	False
Q9SJZ6	Arabidopsis thaliana	Plants	219	False
Q92934	Homo sapiens	Metazoa	168	False
P51685	Homo sapiens	Metazoa	355	True
Q6P1R4	Homo sapiens	Metazoa	473	False
Q8IDN4	Plasmodium falciparum (isolate 3D7)	Other	211	False
Q91Z31	Mus musculus	Metazoa	531	False
Q01082	Homo sapiens	Metazoa	2364	False
P82245	Spinacia oleracea	Plants	148	False
P42677	Homo sapiens	Metazoa	84	False
P34161	Saccharomyces cerevisiae (strain ATCC 204508 / S288c)	Fungi	385	False
P20115	Arabidopsis thaliana	Plants	474	False
Q8QZV7	Mus musculus	Metazoa	732	False
Q61083	Mus musculus	Metazoa	619	False
Q00202	Emericella nidulans (strain FGSC A4 / ATCC 38163 / CBS 112.46 / NRRL 194 / M139)	Fungi	678	False
Q96LB2	Homo sapiens	Metazoa	322	True
P49841	Homo sapiens	Metazoa	420	False
Q3U182	Mus musculus	Metazoa	692	False
Q2PEG7	Lotus japonicus	Plants	499	False
P09414	Rattus norvegicus	Metazoa	509	False
A2AS55	Mus musculus	Metazoa	361	False
P38162	Saccharomyces cerevisiae (strain ATCC 204508 / S288c)	Fungi	196	False
O43865	Homo sapiens	Metazoa	530	False
Q8LB47	Arabidopsis thaliana	Plants	327	False
Q8I4V8	Plasmodium falciparum (isolate 3D7)	Other	304	False
Q03323	Saccharomyces cerevisiae (strain ATCC 204508 / S288c)	Fungi	175	False
Q8NEZ5	Homo sapiens	Metazoa	403	False
H2KYU6	Caenorhabditis elegans	Metazoa	529	False
Q4KMM3	Mus musculus	Metazoa	866	False
Q2PFD7	Mus musculus	Metazoa	1037	False
Q8TAD4	Homo sapiens	Metazoa	765	True
P20789	Rattus norvegicus	Metazoa	424	True
O08816	Rattus norvegicus	Metazoa	501	False
Q96GD4	Homo sapiens	Metazoa	344	False
O43091	Schizosaccharomyces pombe (strain 972 / ATCC 24843)	Fungi	378	False
Q99315	Saccharomyces cerevisiae (strain ATCC 204508 / S288c)	Fungi	1547	False
Q9R1X5	Mus musculus	Metazoa	1436	False
Q9DG23	Gallus gallus	Metazoa	357	True
Q13188	Homo sapiens	Metazoa	491	False
Q84JL7	Arabidopsis thaliana	Plants	330	False
P41828	Caenorhabditis elegans	Metazoa	588	False
Q13530	Homo sapiens	Metazoa	473	False
O02274	Caenorhabditis elegans	Metazoa	539	False
Q9NQX3	Homo sapiens	Metazoa	736	False
Q06667	Saccharomyces cerevisiae (strain ATCC 204508 / S288c)	Fungi	281	False
Q9M8S2	Arabidopsis thaliana	Plants	558	False
Q7TS55	Mus musculus	Metazoa	173	True
P35520	Homo sapiens	Metazoa	551	False
P49753	Homo sapiens	Metazoa	483	False
Q944I4	Arabidopsis thaliana	Plants	456	False
P55041	Mus musculus	Metazoa	295	False
Q9LF68	Arabidopsis thaliana	Plants	177	False
Q95PZ0	Caenorhabditis elegans	Metazoa	426	False
Q9LD95	Arabidopsis thaliana	Plants	547	False
O70127	Rattus norvegicus	Metazoa	1321	True
Q8S3U9	Arabidopsis thaliana	Plants	1090	False
Q695P6	Rattus norvegicus	Metazoa	343	True
P83111	Homo sapiens	Metazoa	547	False
A0T0M9	Thalassiosira pseudonana	Other	733	True
Q8TBK2	Homo sapiens	Metazoa	473	False
Q924S8	Mus musculus	Metazoa	444	False
Q92546	Homo sapiens	Metazoa	391	False
O48847	Arabidopsis thaliana	Plants	787	False
Q8NI35	Homo sapiens	Metazoa	1801	False
Q03532	Saccharomyces cerevisiae (strain ATCC 204508 / S288c)	Fungi	505	False
E9Q5K9	Mus musculus	Metazoa	736	False
Q12433	Saccharomyces cerevisiae (strain ATCC 204508 / S288c)	Fungi	566	False
Q8RXE9	Arabidopsis thaliana	Plants	408	False
P34260	Caenorhabditis elegans	Metazoa	603	False
O00141	Homo sapiens	Metazoa	431	False
P32463	Saccharomyces cerevisiae (strain ATCC 204508 / S288c)	Fungi	125	False
Q8CD54	Mus musculus	Metazoa	2822	True
P78527	Homo sapiens	Metazoa	4128	False
O75874	Homo sapiens	Metazoa	414	False
A7M7C7	Mus musculus	Metazoa	1008	False
Q61037	Mus musculus	Metazoa	1814	False
P30560	Rattus norvegicus	Metazoa	424	True
Q8H1D3	Arabidopsis thaliana	Plants	571	False
Q9HGQ2	Schizosaccharomyces pombe (strain 972 / ATCC 24843)	Fungi	688	False
O75679	Homo sapiens	Metazoa	317	False
Q8I566	Plasmodium falciparum (isolate 3D7)	Other	442	False
Q9ZVN2	Arabidopsis thaliana	Plants	704	False
Q53AQ4	Rattus norvegicus	Metazoa	245	True
P27661	Mus musculus	Metazoa	143	False
P28803	Spinacia oleracea	Plants	128	False
Q9JII6	Mus musculus	Metazoa	325	False
O65719	Arabidopsis thaliana	Plants	649	False
P63165	Homo sapiens	Metazoa	101	False
Q96JJ3	Homo sapiens	Metazoa	720	False
Q9FLV9	Arabidopsis thaliana	Plants	635	False
O74359	Schizosaccharomyces pombe (strain 972 / ATCC 24843)	Fungi	663	False
Q9FJG1	Arabidopsis thaliana	Plants	90	False
Q9UMS0	Homo sapiens	Metazoa	254	False
Q03460	Medicago sativa	Plants	2194	False
P51636	Homo sapiens	Metazoa	162	False
P22509	Rattus norvegicus	Metazoa	327	False
Q02410	Homo sapiens	Metazoa	837	False
P29466	Homo sapiens	Metazoa	404	False
O75712	Homo sapiens	Metazoa	270	True
Q53H82	Homo sapiens	Metazoa	288	False
Q4ADV7	Homo sapiens	Metazoa	1423	False
A6BLW4	Oryza sativa subsp. japonica	Plants	246	False
P38851	Saccharomyces cerevisiae (strain ATCC 204508 / S288c)	Fungi	1228	False
P50993	Homo sapiens	Metazoa	1020	True
Q10655	Caenorhabditis elegans	Metazoa	433	False
Q6VV64	Mus musculus	Metazoa	394	True
Q92968	Homo sapiens	Metazoa	403	False
Q35914	Sus scrofa	Metazoa	67	True
P42846	Saccharomyces cerevisiae (strain ATCC 204508 / S288c)	Fungi	591	False
P40576	Saccharomyces cerevisiae (strain ATCC 204508 / S288c)	Fungi	216	True
Q9D2V7	Mus musculus	Metazoa	922	False
Q21836	Caenorhabditis elegans	Metazoa	362	False
Q78YY6	Mus musculus	Metazoa	149	True
Q08473	Drosophila melanogaster	Metazoa	344	False
P97470	Mus musculus	Metazoa	307	False
Q7S300	Neurospora crassa (strain ATCC 24698 / 74-OR23-1A / CBS 708.71 / DSM 1257 / FGSC 987)	Fungi	138	False
Q93V66	Arabidopsis thaliana	Plants	226	False
Q9ZUR7	Arabidopsis thaliana	Plants	468	False
P08646	Drosophila melanogaster	Metazoa	189	False
Q90477	Danio rerio	Metazoa	275	False
P43589	Saccharomyces cerevisiae (strain ATCC 204508 / S288c)	Fungi	448	False
P04840	Saccharomyces cerevisiae (strain ATCC 204508 / S288c)	Fungi	283	False
Q06672	Saccharomyces cerevisiae (strain ATCC 204508 / S288c)	Fungi	205	False
Q9EPZ6	Mus musculus	Metazoa	613	False
O60129	Schizosaccharomyces pombe (strain 972 / ATCC 24843)	Fungi	642	False
P51827	Mus musculus	Metazoa	1254	False
Q96A61	Homo sapiens	Metazoa	297	False
Q04894	Saccharomyces cerevisiae (strain ATCC 204508 / S288c)	Fungi	360	False
C4LVG4	Entamoeba histolytica (strain ATCC 30459 / HM-1:IMSS / ABRM)	Other	138	False
Q9WUU9	Mus musculus	Metazoa	1971	False
Q8W4B1	Arabidopsis thaliana	Plants	652	False
Q9P7X2	Schizosaccharomyces pombe (strain 972 / ATCC 24843)	Fungi	533	False
P37091	Rattus norvegicus	Metazoa	650	True
Q95N27	Bos taurus	Metazoa	568	False
P47108	Saccharomyces cerevisiae (strain ATCC 204508 / S288c)	Fungi	1174	False
Q09814	Schizosaccharomyces pombe (strain 972 / ATCC 24843)	Fungi	239	False
Q9JJG9	Mus musculus	Metazoa	693	False
Q10429	Schizosaccharomyces pombe (strain 972 / ATCC 24843)	Fungi	875	False
Q9VKY1	Drosophila melanogaster	Metazoa	268	False
P32617	Saccharomyces cerevisiae (strain ATCC 204508 / S288c)	Fungi	166	False
Q06680	Saccharomyces cerevisiae (strain ATCC 204508 / S288c)	Fungi	1035	False
O74848	Schizosaccharomyces pombe (strain 972 / ATCC 24843)	Fungi	311	False
Q6ICB0	Homo sapiens	Metazoa	168	False
O95760	Homo sapiens	Metazoa	270	False
P22516	Saccharomyces cerevisiae (strain ATCC 204508 / S288c)	Fungi	861	False
O60879	Homo sapiens	Metazoa	1101	False
Q99594	Homo sapiens	Metazoa	435	False
Q9ZVH8	Arabidopsis thaliana	Plants	378	False
Q4V920	Danio rerio	Metazoa	445	False
Q42783	Glycine max	Plants	262	False
P38811	Saccharomyces cerevisiae (strain ATCC 204508 / S288c)	Fungi	3744	False
Q7Z4I7	Homo sapiens	Metazoa	341	False
Q8K0U4	Mus musculus	Metazoa	675	False
Q6Y685	Mus musculus	Metazoa	774	False
Q7TNS8	Mus musculus	Metazoa	369	False
Q12466	Saccharomyces cerevisiae (strain ATCC 204508 / S288c)	Fungi	1186	False
Q7YU29	Drosophila melanogaster	Metazoa	1051	False
Q9DBI0	Mus musculus	Metazoa	811	True
P41758	Chlamydomonas reinhardtii	Plants	461	False
Q12950	Homo sapiens	Metazoa	439	False
Q66K89	Homo sapiens	Metazoa	784	False
Q96QC0	Homo sapiens	Metazoa	940	False
Q9VTE2	Drosophila melanogaster	Metazoa	962	False
Q9Y6F1	Homo sapiens	Metazoa	533	False
P32387	Saccharomyces cerevisiae (strain ATCC 204508 / S288c)	Fungi	263	False
A0A1D5PRR9	Gallus gallus	Metazoa	2041	False
O04017	Arabidopsis thaliana	Plants	375	False
P39525	Saccharomyces cerevisiae (strain ATCC 204508 / S288c)	Fungi	442	False
Q99NB8	Mus musculus	Metazoa	596	False
P52912	Mus musculus	Metazoa	386	False
O15169	Homo sapiens	Metazoa	862	False
P32182	Rattus norvegicus	Metazoa	458	False
Q9FGT8	Arabidopsis thaliana	Plants	186	False
F4IRQ5	Arabidopsis thaliana	Plants	567	False
O80386	Arabidopsis thaliana	Plants	1058	False
Q8GZA8	Arabidopsis thaliana	Plants	237	False
Q8C2B3	Mus musculus	Metazoa	938	False
Q86UD5	Homo sapiens	Metazoa	537	True
Q92597	Homo sapiens	Metazoa	394	False
Q9HGN5	Schizosaccharomyces pombe (strain 972 / ATCC 24843)	Fungi	279	False
P32783	Saccharomyces cerevisiae (strain ATCC 204508 / S288c)	Fungi	436	False
P38064	Saccharomyces cerevisiae (strain ATCC 204508 / S288c)	Fungi	232	False
Q86U86	Homo sapiens	Metazoa	1689	False
P18911	Mus musculus	Metazoa	458	False
Q23357	Caenorhabditis elegans	Metazoa	668	False
P23739	Rattus norvegicus	Metazoa	1841	True
P15531	Homo sapiens	Metazoa	152	False
Q5NE24	Medicago truncatula	Plants	508	False
Q63622	Rattus norvegicus	Metazoa	852	False
Q96JB3	Homo sapiens	Metazoa	615	False
P00523	Gallus gallus	Metazoa	533	False
P70399	Mus musculus	Metazoa	1969	False
Q9R088	Mus musculus	Metazoa	270	False
O35144	Mus musculus	Metazoa	541	False
P62168	Rattus norvegicus	Metazoa	190	False
P36046	Saccharomyces cerevisiae (strain ATCC 204508 / S288c)	Fungi	403	True
Q15646	Homo sapiens	Metazoa	514	False
Q9UMQ3	Homo sapiens	Metazoa	279	False
Q8K4D7	Mus musculus	Metazoa	647	False
Q64541	Rattus norvegicus	Metazoa	1028	False
Q9Y2V3	Homo sapiens	Metazoa	346	False
Q08622	Saccharomyces cerevisiae (strain ATCC 204508 / S288c)	Fungi	556	False
A8JGB0	Chlamydomonas reinhardtii	Plants	777	False
P25042	Saccharomyces cerevisiae (strain ATCC 204508 / S288c)	Fungi	368	False
P53172	Saccharomyces cerevisiae (strain ATCC 204508 / S288c)	Fungi	527	False
Q70CQ3	Homo sapiens	Metazoa	517	True
P40316	Saccharomyces cerevisiae (strain ATCC 204508 / S288c)	Fungi	373	False
Q9SY88	Arabidopsis thaliana	Plants	310	False
Q80TT2	Mus musculus	Metazoa	1150	False
Q6NXH3	Mus musculus	Metazoa	473	False
Q6X893	Mus musculus	Metazoa	653	True
P19643	Rattus norvegicus	Metazoa	520	False
P37225	Solanum tuberosum	Plants	601	False
Q9LSD0	Arabidopsis thaliana	Plants	332	False
Q6NRW3	Xenopus laevis	Metazoa	199	False
Q9V727	Drosophila melanogaster	Metazoa	1669	False
Q9FT52	Arabidopsis thaliana	Plants	168	False
O75955	Homo sapiens	Metazoa	427	False
Q86TS9	Homo sapiens	Metazoa	123	False
Q9ER34	Rattus norvegicus	Metazoa	780	False
Q708S7	Danio rerio	Metazoa	501	True
Q10234	Schizosaccharomyces pombe (strain 972 / ATCC 24843)	Fungi	387	False
P29083	Homo sapiens	Metazoa	439	False
P46099	Mus musculus	Metazoa	358	False
Q9BQS6	Homo sapiens	Metazoa	159	False
Q8NI36	Homo sapiens	Metazoa	895	False
P53060	Saccharomyces cerevisiae (strain ATCC 204508 / S288c)	Fungi	241	False
Q17958	Caenorhabditis elegans	Metazoa	215	False
Q8VED8	Mus musculus	Metazoa	361	False
O49196	Arabidopsis thaliana	Plants	293	False
Q9H161	Homo sapiens	Metazoa	411	False
Q5VW36	Homo sapiens	Metazoa	1801	False
Q9GZQ8	Homo sapiens	Metazoa	125	False
Q6ZI01	Oryza sativa subsp. japonica	Plants	213	False
Q8NCU7	Homo sapiens	Metazoa	369	False
P26369	Mus musculus	Metazoa	475	False
Q7RXV8	Neurospora crassa (strain ATCC 24698 / 74-OR23-1A / CBS 708.71 / DSM 1257 / FGSC 987)	Fungi	449	False
Q6IZB5	Cricetulus griseus	Metazoa	316	True
P14068	Schizosaccharomyces pombe (strain 972 / ATCC 24843)	Fungi	1078	False
Q01448	Saccharomyces cerevisiae (strain ATCC 204508 / S288c)	Fungi	625	False
P30429	Caenorhabditis elegans	Metazoa	549	False
Q9UIF7	Homo sapiens	Metazoa	546	False
Q90ZE2	Danio rerio	Metazoa	589	False
O42662	Schizosaccharomyces pombe (strain 972 / ATCC 24843)	Fungi	385	False
Q62205	Mus musculus	Metazoa	1984	False
Q8L7F7	Arabidopsis thaliana	Plants	739	False
W8JWV8	Catharanthus roseus	Plants	378	False
Q08580	Saccharomyces cerevisiae (strain ATCC 204508 / S288c)	Fungi	376	False
P53955	Saccharomyces cerevisiae (strain ATCC 204508 / S288c)	Fungi	656	False
Q9Z1J3	Mus musculus	Metazoa	459	False
Q8L983	Arabidopsis thaliana	Plants	218	False
Q8VYP0	Arabidopsis thaliana	Plants	334	False
Q96DZ5	Homo sapiens	Metazoa	547	False
Q9S7J9	Arabidopsis thaliana	Plants	185	False
P38770	Saccharomyces cerevisiae (strain ATCC 204508 / S288c)	Fungi	471	False
Q9HGL9	Schizosaccharomyces pombe (strain 972 / ATCC 24843)	Fungi	252	False
P31001	Mus musculus	Metazoa	469	False
Q7TN79	Mus musculus	Metazoa	314	False
P13587	Saccharomyces cerevisiae (strain ATCC 204508 / S288c)	Fungi	1091	True
P36009	Saccharomyces cerevisiae (strain ATCC 204508 / S288c)	Fungi	735	False
Q9JK83	Mus musculus	Metazoa	371	False
Q96QF7	Homo sapiens	Metazoa	691	False
Q3MJK5	Rattus norvegicus	Metazoa	1484	False
P93313	Arabidopsis thaliana	Plants	495	True
P33399	Saccharomyces cerevisiae (strain ATCC 204508 / S288c)	Fungi	275	False
F4KAF2	Arabidopsis thaliana	Plants	800	False
Q9Y267	Homo sapiens	Metazoa	594	True
Q9UIL8	Homo sapiens	Metazoa	331	False
O43561	Homo sapiens	Metazoa	262	True
Q04477	Saccharomyces cerevisiae (strain ATCC 204508 / S288c)	Fungi	213	False
P0C089	Rattus norvegicus	Metazoa	193	False
Q96RN5	Homo sapiens	Metazoa	788	False
Q9SCN8	Arabidopsis thaliana	Plants	815	False
O88713	Mus musculus	Metazoa	188	True
B5DFK7	Rattus norvegicus	Metazoa	320	False
A6NHX0	Homo sapiens	Metazoa	329	False
Q10SU5	Oryza sativa subsp. japonica	Plants	598	False
Q9CQ91	Mus musculus	Metazoa	84	True
Q1PEP5	Arabidopsis thaliana	Plants	636	False
O88898	Mus musculus	Metazoa	680	False
P61353	Homo sapiens	Metazoa	136	False
O15296	Homo sapiens	Metazoa	676	False
P53148	Saccharomyces cerevisiae (strain ATCC 204508 / S288c)	Fungi	917	False
P00047	Thermomyces lanuginosus	Fungi	111	False
P27699	Mus musculus	Metazoa	357	False
Q6P3S1	Homo sapiens	Metazoa	775	False
Q9NXL9	Homo sapiens	Metazoa	1143	False
Q921N8	Mus musculus	Metazoa	327	False
P93047	Arabidopsis thaliana	Plants	141	False
P97532	Rattus norvegicus	Metazoa	297	False
Q8RY59	Arabidopsis thaliana	Plants	589	False
P20293	Mus musculus	Metazoa	436	False
P29558	Homo sapiens	Metazoa	406	False
O42804	Aspergillus niger	Fungi	945	False
X5JA13	Arabidopsis thaliana	Plants	825	False
Q8TDT2	Homo sapiens	Metazoa	470	True
O75192	Homo sapiens	Metazoa	247	True
Q9SH14	Arabidopsis thaliana	Plants	120	False
Q949P2	Arabidopsis thaliana	Plants	701	False
P38326	Saccharomyces cerevisiae (strain ATCC 204508 / S288c)	Fungi	303	False
Q14011	Homo sapiens	Metazoa	172	False
Q2M3G0	Homo sapiens	Metazoa	1257	True
Q2YDF6	Bos taurus	Metazoa	325	False
Q12373	Saccharomyces cerevisiae (strain ATCC 204508 / S288c)	Fungi	385	False
P93758	Arabidopsis thaliana	Plants	274	False
Q9UUB5	Schizosaccharomyces pombe (strain 972 / ATCC 24843)	Fungi	329	False
O54937	Rattus norvegicus	Metazoa	412	False
P11505	Rattus norvegicus	Metazoa	1220	False
O94261	Schizosaccharomyces pombe (strain 972 / ATCC 24843)	Fungi	220	False
D3Z6Q9	Mus musculus	Metazoa	489	False
O44411	Caenorhabditis elegans	Metazoa	681	False
P49768	Homo sapiens	Metazoa	467	True
Q4V7H8	Xenopus laevis	Metazoa	296	False
P21952	Mus musculus	Metazoa	449	False
Q9LSW8	Arabidopsis thaliana	Plants	251	False
Q5NBY9	Mus musculus	Metazoa	687	False
Q8LAP6	Arabidopsis thaliana	Plants	409	False
Q9VH70	Drosophila melanogaster	Metazoa	814	False
Q6RFZ7	Rattus norvegicus	Metazoa	1039	False
Q8K0H1	Mus musculus	Metazoa	567	True
O24164	Nicotiana tabacum	Plants	504	False
O75626	Homo sapiens	Metazoa	825	False
J9VI03	Cryptococcus neoformans var. grubii serotype A (strain H99 / ATCC 208821 / CBS 10515 / FGSC 9487)	Fungi	2377	False
O14423	Schizosaccharomyces pombe (strain 972 / ATCC 24843)	Fungi	514	False
Q9Y6H8	Homo sapiens	Metazoa	435	True
P07199	Homo sapiens	Metazoa	599	False
P56385	Homo sapiens	Metazoa	69	False
Q10103	Schizosaccharomyces pombe (strain 972 / ATCC 24843)	Fungi	960	False
Q64MA3	Oryza sativa subsp. japonica	Plants	629	False
P10109	Homo sapiens	Metazoa	184	False
Q9FXA8	Arabidopsis thaliana	Plants	616	False
Q9UI33	Homo sapiens	Metazoa	1791	False
Q9UTP3	Schizosaccharomyces pombe (strain 972 / ATCC 24843)	Fungi	59	False
P34164	Saccharomyces cerevisiae (strain ATCC 204508 / S288c)	Fungi	415	False
Q9BX68	Homo sapiens	Metazoa	163	False
Q10135	Schizosaccharomyces pombe (strain 972 / ATCC 24843)	Fungi	1273	False
Q6PIW4	Homo sapiens	Metazoa	674	False
Q42545	Arabidopsis thaliana	Plants	433	False
P12004	Homo sapiens	Metazoa	261	False
P33077	Arabidopsis thaliana	Plants	186	False
Q61532	Mus musculus	Metazoa	720	False
Q8CGU1	Mus musculus	Metazoa	691	False
O43008	Schizosaccharomyces pombe (strain 972 / ATCC 24843)	Fungi	300	False
P53566	Mus musculus	Metazoa	359	False
Q68D91	Homo sapiens	Metazoa	279	False
P84076	Rattus norvegicus	Metazoa	193	False
Q9Y230	Homo sapiens	Metazoa	463	False
A8MTJ6	Homo sapiens	Metazoa	420	False
Q02870	Drosophila melanogaster	Metazoa	798	False
O64852	Arabidopsis thaliana	Plants	416	False
Q05016	Saccharomyces cerevisiae (strain ATCC 204508 / S288c)	Fungi	267	False
P50534	Drosophila melanogaster	Metazoa	773	False
P00397	Mus musculus	Metazoa	514	True
Q920Q0	Rattus norvegicus	Metazoa	383	False
Q9NR28	Homo sapiens	Metazoa	239	False
Q29VN2	Zea mays	Plants	581	False
O04376	Arabidopsis thaliana	Plants	499	False
Q9SMJ3	Capsicum annuum	Plants	588	False
O80396	Arabidopsis thaliana	Plants	520	False
Q804S5	Danio rerio	Metazoa	1030	False
Q9Y6K9	Homo sapiens	Metazoa	419	False
Q8VYL1	Arabidopsis thaliana	Plants	588	False
P05085	Saccharomyces cerevisiae (strain ATCC 204508 / S288c)	Fungi	880	False
O15229	Homo sapiens	Metazoa	486	False
P20649	Arabidopsis thaliana	Plants	949	True
Q14469	Homo sapiens	Metazoa	280	False
Q9UGH3	Homo sapiens	Metazoa	650	False
P12305	Tetrahymena pyriformis	Other	165	False
P08414	Mus musculus	Metazoa	469	False
O14880	Homo sapiens	Metazoa	152	True
E5RP65	Humulus lupulus	Plants	411	False
Q9D9W1	Mus musculus	Metazoa	207	False
Q6R0G4	Arabidopsis thaliana	Plants	293	False
Q13585	Homo sapiens	Metazoa	617	True
P39688	Mus musculus	Metazoa	537	False
H9G301	Caenorhabditis elegans	Metazoa	202	False
P67809	Homo sapiens	Metazoa	324	False
Q86TI2	Homo sapiens	Metazoa	863	False
Q01085	Homo sapiens	Metazoa	375	False
O00716	Homo sapiens	Metazoa	465	False
Q04922	Saccharomyces cerevisiae (strain ATCC 204508 / S288c)	Fungi	465	False
Q584D1	Trypanosoma brucei brucei (strain 927/4 GUTat10.1)	Other	639	False
Q96HS1	Homo sapiens	Metazoa	289	True
Q9NR19	Homo sapiens	Metazoa	701	False
P33075	Schizosaccharomyces pombe (strain 972 / ATCC 24843)	Fungi	220	False
Q9FFY9	Arabidopsis thaliana	Plants	640	False
Q62318	Mus musculus	Metazoa	834	False
Q08509	Mus musculus	Metazoa	821	False
Q99MS3	Mus musculus	Metazoa	194	True
F4IF36	Arabidopsis thaliana	Plants	1295	False
Q5VT06	Homo sapiens	Metazoa	3117	False
O88554	Mus musculus	Metazoa	559	False
Q9UT32	Schizosaccharomyces pombe (strain 972 / ATCC 24843)	Fungi	373	False
Q9LPP4	Arabidopsis thaliana	Plants	128	False
Q9Y5Z4	Homo sapiens	Metazoa	205	False
D3ZGZ6	Rattus norvegicus	Metazoa	127	True
O97593	Bos taurus	Metazoa	1233	False
P09025	Mus musculus	Metazoa	242	False
P40957	Saccharomyces cerevisiae (strain ATCC 204508 / S288c)	Fungi	749	False
O35615	Mus musculus	Metazoa	995	False
Q11179	Caenorhabditis elegans	Metazoa	470	False
P42166	Homo sapiens	Metazoa	694	False
Q3UHA3	Mus musculus	Metazoa	2430	False
Q9JM54	Mus musculus	Metazoa	103	False
Q9BUB5	Homo sapiens	Metazoa	465	False
Q6ZRY4	Homo sapiens	Metazoa	209	False
P70696	Mus musculus	Metazoa	127	False
Q7K5N4	Drosophila melanogaster	Metazoa	471	False
Q9UNE7	Homo sapiens	Metazoa	303	False
P32796	Saccharomyces cerevisiae (strain ATCC 204508 / S288c)	Fungi	670	False
P28340	Homo sapiens	Metazoa	1107	False
P15806	Mus musculus	Metazoa	651	False
Q91XB0	Mus musculus	Metazoa	314	False
P58753	Homo sapiens	Metazoa	221	False
P36957	Homo sapiens	Metazoa	453	False
Q9R1K8	Rattus norvegicus	Metazoa	795	False
Q92317	Saccharomyces cerevisiae (strain ATCC 204508 / S288c)	Fungi	146	False
P03069	Saccharomyces cerevisiae (strain ATCC 204508 / S288c)	Fungi	281	False
P05626	Saccharomyces cerevisiae (strain ATCC 204508 / S288c)	Fungi	244	False
A1XBS5	Homo sapiens	Metazoa	289	False
Q9DCX2	Mus musculus	Metazoa	161	False
P40015	Saccharomyces cerevisiae (strain ATCC 204508 / S288c)	Fungi	477	False
Q8BXP5	Mus musculus	Metazoa	385	False
Q8L607	Arabidopsis thaliana	Plants	386	False
O88813	Rattus norvegicus	Metazoa	683	True
Q8W4B2	Arabidopsis thaliana	Plants	333	False
Q94A52	Arabidopsis thaliana	Plants	408	False
Q94AH6	Arabidopsis thaliana	Plants	738	False
O94519	Schizosaccharomyces pombe (strain 972 / ATCC 24843)	Fungi	311	False
P41895	Saccharomyces cerevisiae (strain ATCC 204508 / S288c)	Fungi	735	False
A2YH60	Oryza sativa subsp. indica	Plants	419	False
Q08932	Saccharomyces cerevisiae (strain ATCC 204508 / S288c)	Fungi	381	False
Q96AH0	Homo sapiens	Metazoa	204	False
Q93Z17	Arabidopsis thaliana	Plants	173	False
A0A7G5KLV3	Cananga odorata	Plants	586	False
Q9LYB9	Arabidopsis thaliana	Plants	186	False
P52909	Rattus norvegicus	Metazoa	341	False
Q9Y709	Schizosaccharomyces pombe (strain 972 / ATCC 24843)	Fungi	161	False
Q9Y657	Homo sapiens	Metazoa	262	False
Q9SXJ7	Arabidopsis thaliana	Plants	952	False
P63244	Homo sapiens	Metazoa	317	False
P02730	Homo sapiens	Metazoa	911	False
O95810	Homo sapiens	Metazoa	425	False
P33760	Saccharomyces cerevisiae (strain ATCC 204508 / S288c)	Fungi	1030	False
Q96S99	Homo sapiens	Metazoa	279	False
P20000	Bos taurus	Metazoa	520	False
O35484	Mus musculus	Metazoa	448	False
Q3ZC04	Bos taurus	Metazoa	102	False
Q9R059	Mus musculus	Metazoa	289	False
P62701	Homo sapiens	Metazoa	263	False
Q2VPU4	Mus musculus	Metazoa	917	False
Q9UT97	Schizosaccharomyces pombe (strain 972 / ATCC 24843)	Fungi	247	False
Q652K4	Oryza sativa subsp. japonica	Plants	315	False
P25809	Rattus norvegicus	Metazoa	418	False
Q39243	Arabidopsis thaliana	Plants	375	False
Q9EQ80	Mus musculus	Metazoa	376	False
Q8TEA8	Homo sapiens	Metazoa	209	False
Q9SMM5	Arabidopsis thaliana	Plants	289	True
Q8N8Q8	Homo sapiens	Metazoa	333	False
Q99MD6	Mus musculus	Metazoa	652	False
Q8NF64	Homo sapiens	Metazoa	920	False
P39533	Saccharomyces cerevisiae (strain ATCC 204508 / S288c)	Fungi	789	False
P22009	Candida tropicalis	Fungi	127	False
P37840	Homo sapiens	Metazoa	140	False
Q9ZWJ9	Arabidopsis thaliana	Plants	664	False
Q96EF0	Homo sapiens	Metazoa	704	False
Q9DC28	Mus musculus	Metazoa	415	False
Q14526	Homo sapiens	Metazoa	733	False
P48482	Arabidopsis thaliana	Plants	312	False
Q9SNB8	Arabidopsis thaliana	Plants	583	False
A0A125S9M5	Hypsibius exemplaris	Metazoa	614	False
P09440	Saccharomyces cerevisiae (strain ATCC 204508 / S288c)	Fungi	975	False
Q9UJA2	Homo sapiens	Metazoa	301	False
P08050	Rattus norvegicus	Metazoa	382	True
Q9HB96	Homo sapiens	Metazoa	536	False
P46777	Homo sapiens	Metazoa	297	False
Q8WQX5	Trypanosoma brucei brucei	Other	976	False
Q84L33	Arabidopsis thaliana	Plants	371	False
Q16514	Homo sapiens	Metazoa	161	False
Q95749	Arabidopsis thaliana	Plants	556	False
Q8BWY7	Mus musculus	Metazoa	342	True
P51145	Rattus norvegicus	Metazoa	326	False
O81208	Arabidopsis thaliana	Plants	110	True
O70361	Mus musculus	Metazoa	1113	False
Q13216	Homo sapiens	Metazoa	396	False
Q9HCF6	Homo sapiens	Metazoa	1732	False
Q9W539	Drosophila melanogaster	Metazoa	1518	False
A5A6S6	Oryctolagus cuniculus	Metazoa	295	True
Q5XIJ5	Rattus norvegicus	Metazoa	310	False
Q7SH52	Neurospora crassa (strain ATCC 24698 / 74-OR23-1A / CBS 708.71 / DSM 1257 / FGSC 987)	Fungi	1168	False
Q9H2W2	Homo sapiens	Metazoa	232	False
Q8LBB2	Arabidopsis thaliana	Plants	424	False
Q9C0B5	Homo sapiens	Metazoa	715	True
Q64152	Mus musculus	Metazoa	204	False
P97813	Mus musculus	Metazoa	933	False
P43490	Homo sapiens	Metazoa	491	False
Q04888	Mus musculus	Metazoa	466	False
O60671	Homo sapiens	Metazoa	282	False
O01811	Caenorhabditis elegans	Metazoa	377	True
Q2TA37	Bos taurus	Metazoa	184	False
P45953	Rattus norvegicus	Metazoa	655	False
P02283	Drosophila melanogaster	Metazoa	123	False
Q24JK1	Arabidopsis thaliana	Plants	352	False
O70456	Mus musculus	Metazoa	248	False
Q941D6	Arabidopsis thaliana	Plants	423	False
Q94CK3	Arabidopsis thaliana	Plants	167	False
Q38885	Arabidopsis thaliana	Plants	551	False
O75688	Homo sapiens	Metazoa	479	False
O95415	Homo sapiens	Metazoa	125	True
O43194	Homo sapiens	Metazoa	453	True
P10080	Saccharomyces cerevisiae (strain ATCC 204508 / S288c)	Fungi	294	False
O94778	Homo sapiens	Metazoa	261	True
Q9P7Y0	Schizosaccharomyces pombe (strain 972 / ATCC 24843)	Fungi	395	False
O75947	Homo sapiens	Metazoa	161	False
Q14CB8	Homo sapiens	Metazoa	494	False
P33311	Saccharomyces cerevisiae (strain ATCC 204508 / S288c)	Fungi	773	False
Q9MA79	Arabidopsis thaliana	Plants	341	False
Q6P1X5	Homo sapiens	Metazoa	1199	False
Q9FE22	Arabidopsis thaliana	Plants	292	False
Q9LVS0	Arabidopsis thaliana	Plants	365	False
Q12789	Homo sapiens	Metazoa	2109	False
P08033	Rattus norvegicus	Metazoa	283	True
P07663	Drosophila melanogaster	Metazoa	1224	False
Q96LW4	Homo sapiens	Metazoa	560	False
A2AUU0	Mus musculus	Metazoa	281	False
Q06559	Drosophila melanogaster	Metazoa	246	False
P23293	Saccharomyces cerevisiae (strain ATCC 204508 / S288c)	Fungi	657	False
Q8NFU5	Homo sapiens	Metazoa	416	False
Q9H2G9	Homo sapiens	Metazoa	400	False
P09215	Rattus norvegicus	Metazoa	673	False
Q09161	Homo sapiens	Metazoa	790	False
Q12768	Homo sapiens	Metazoa	1159	False
Q9FIK7	Arabidopsis thaliana	Plants	415	False
Q7S518	Neurospora crassa (strain ATCC 24698 / 74-OR23-1A / CBS 708.71 / DSM 1257 / FGSC 987)	Fungi	165	False
Q9LLB0	Solanum lycopersicum	Plants	510	False
Q8IZU0	Homo sapiens	Metazoa	186	False
Q9FFH3	Arabidopsis thaliana	Plants	466	False
Q9CQR4	Mus musculus	Metazoa	140	False
Q9ZU51	Arabidopsis thaliana	Plants	147	False
P41231	Homo sapiens	Metazoa	377	True
P0C7T6	Mus musculus	Metazoa	687	False
Q8K382	Mus musculus	Metazoa	1016	False
Q9P2K9	Homo sapiens	Metazoa	1392	True
P43299	Arabidopsis thaliana	Plants	716	False
Q9NQB0	Homo sapiens	Metazoa	619	False
Q8IW19	Homo sapiens	Metazoa	511	False
O49687	Arabidopsis thaliana	Plants	589	False
F4IS56	Arabidopsis thaliana	Plants	479	False
Q9UV50	Debaryomyces hansenii (strain ATCC 36239 / CBS 767 / BCRC 21394 / JCM 1990 / NBRC 0083 / IGC 2968)	Fungi	387	False
P32776	Saccharomyces cerevisiae (strain ATCC 204508 / S288c)	Fungi	642	False
Q4WIN1	Aspergillus fumigatus (strain ATCC MYA-4609 / CBS 101355 / FGSC A1100 / Af293)	Fungi	988	False
Q8LJT8	Arabidopsis thaliana	Plants	743	False
Q02908	Saccharomyces cerevisiae (strain ATCC 204508 / S288c)	Fungi	557	False
Q6PI98	Homo sapiens	Metazoa	192	False
Q9FNR3	Arabidopsis thaliana	Plants	639	False
O95707	Homo sapiens	Metazoa	220	False
O00560	Homo sapiens	Metazoa	298	False
Q96NC0	Homo sapiens	Metazoa	199	False
Q9BUK6	Homo sapiens	Metazoa	570	False
P17606	Sorghum bicolor	Plants	429	False
Q39249	Arabidopsis thaliana	Plants	462	False
Q9Y4W2	Homo sapiens	Metazoa	734	False
B0F9W3	Micropogonias undulatus	Metazoa	354	True
P29419	Rattus norvegicus	Metazoa	71	False
Q0JCC3	Oryza sativa subsp. japonica	Plants	560	False
P49146	Homo sapiens	Metazoa	381	True
Q9LW00	Arabidopsis thaliana	Plants	254	False
P93831	Arabidopsis thaliana	Plants	902	False
Q9LL85	Solanum tuberosum	Plants	274	False
Q9LXJ0	Arabidopsis thaliana	Plants	473	False
P82352	Oryctolagus cuniculus	Metazoa	238	True
Q99PE8	Mus musculus	Metazoa	652	False
P82932	Homo sapiens	Metazoa	125	False
P15646	Saccharomyces cerevisiae (strain ATCC 204508 / S288c)	Fungi	327	False
Q9NPH5	Homo sapiens	Metazoa	578	True
O00712	Homo sapiens	Metazoa	420	False
Q9JJV7	Rattus norvegicus	Metazoa	107	True
O22832	Arabidopsis thaliana	Plants	401	False
O17386	Caenorhabditis elegans	Metazoa	458	True
Q8L7N4	Arabidopsis thaliana	Plants	343	True
Q9SXZ2	Arabidopsis thaliana	Plants	175	False
P53632	Saccharomyces cerevisiae (strain ATCC 204508 / S288c)	Fungi	584	False
Q42438	Arabidopsis thaliana	Plants	533	False
Q9R1S7	Mus musculus	Metazoa	1498	True
Q8C6B9	Mus musculus	Metazoa	143	False
Q9S7Z2	Arabidopsis thaliana	Plants	319	False
P38731	Saccharomyces cerevisiae (strain ATCC 204508 / S288c)	Fungi	627	True
Q63285	Rattus norvegicus	Metazoa	419	False
P16452	Homo sapiens	Metazoa	691	False
G5EEG1	Caenorhabditis elegans	Metazoa	482	False
P09001	Homo sapiens	Metazoa	348	False
P53946	Saccharomyces cerevisiae (strain ATCC 204508 / S288c)	Fungi	755	False
P21651	Saccharomyces cerevisiae (strain ATCC 204508 / S288c)	Fungi	314	False
O74778	Schizosaccharomyces pombe (strain 972 / ATCC 24843)	Fungi	284	False
Q9UJY1	Homo sapiens	Metazoa	196	False
P49021	Drosophila melanogaster	Metazoa	1398	False
P26321	Saccharomyces cerevisiae (strain ATCC 204508 / S288c)	Fungi	297	False
E9P974	Saccharomyces cerevisiae	Fungi	234	False
O04922	Arabidopsis thaliana	Plants	169	False
F4JCB2	Arabidopsis thaliana	Plants	601	False
Q38786	Avena sativa	Plants	574	False
Q19131	Caenorhabditis elegans	Metazoa	813	False
O74311	Schizosaccharomyces pombe (strain 972 / ATCC 24843)	Fungi	150	False
D3GE74	Medicago truncatula	Plants	817	False
P70396	Mus musculus	Metazoa	289	False
Q8WZ55	Homo sapiens	Metazoa	320	True
P07150	Rattus norvegicus	Metazoa	346	False
Q9D4J1	Mus musculus	Metazoa	240	False
Q02969	Saccharomyces cerevisiae (strain ATCC 204508 / S288c)	Fungi	394	False
Q9UBC3	Homo sapiens	Metazoa	853	False
Q8WV44	Homo sapiens	Metazoa	630	False
P26150	Mus musculus	Metazoa	373	False
Q92665	Homo sapiens	Metazoa	395	False
Q21434	Caenorhabditis elegans	Metazoa	562	True
Q8GW48	Arabidopsis thaliana	Plants	86	False
Q8RY16	Arabidopsis thaliana	Plants	941	False
A0A0U2UYC4	Mycosarcoma maydis	Fungi	493	False
O43290	Homo sapiens	Metazoa	800	False
Q8GUK1	Arabidopsis thaliana	Plants	602	False
Q6U6H1	Halocynthia roretzi	Metazoa	259	False
Q3E756	Saccharomyces cerevisiae (strain ATCC 204508 / S288c)	Fungi	94	False
Q08DA1	Bos taurus	Metazoa	1021	True
Q96PZ2	Homo sapiens	Metazoa	611	False
Q13547	Homo sapiens	Metazoa	482	False
O74478	Schizosaccharomyces pombe (strain 972 / ATCC 24843)	Fungi	587	False
P11473	Homo sapiens	Metazoa	427	False
P35611	Homo sapiens	Metazoa	737	False
O54693	Mus musculus	Metazoa	391	True
P78508	Homo sapiens	Metazoa	379	True
Q7Z695	Homo sapiens	Metazoa	626	False
P78562	Homo sapiens	Metazoa	749	True
Q9Y794	Schizosaccharomyces pombe (strain 972 / ATCC 24843)	Fungi	972	False
O23342	Arabidopsis thaliana	Plants	177	False
P24642	Bufo japonicus	Metazoa	40	False
Q92830	Homo sapiens	Metazoa	837	False
Q9WTQ8	Mus musculus	Metazoa	209	True
P00950	Saccharomyces cerevisiae (strain ATCC 204508 / S288c)	Fungi	247	False
Q91Y86	Mus musculus	Metazoa	384	False
P19419	Homo sapiens	Metazoa	428	False
P50258	Physarum polycephalum	Other	450	False
Q6UXV4	Homo sapiens	Metazoa	268	False
P02258	Anser anser anser	Metazoa	193	False
Q8L3X9	Arabidopsis thaliana	Plants	461	False
P98170	Homo sapiens	Metazoa	497	False
O13855	Schizosaccharomyces pombe (strain 972 / ATCC 24843)	Fungi	455	False
Q41009	Pisum sativum	Plants	310	False
Q8L6Z4	Arabidopsis thaliana	Plants	430	False
P53131	Saccharomyces cerevisiae (strain ATCC 204508 / S288c)	Fungi	767	False
Q23590	Caenorhabditis elegans	Metazoa	1390	False
Q99608	Homo sapiens	Metazoa	321	False
Q05329	Homo sapiens	Metazoa	585	False
Q01371	Neurospora crassa (strain ATCC 24698 / 74-OR23-1A / CBS 708.71 / DSM 1257 / FGSC 987)	Fungi	1167	False
P53996	Mus musculus	Metazoa	178	False
P54797	Mus musculus	Metazoa	276	False
Q5TCQ9	Homo sapiens	Metazoa	1481	False
Q9NYJ1	Homo sapiens	Metazoa	87	False
O13998	Schizosaccharomyces pombe (strain 972 / ATCC 24843)	Fungi	392	False
B7U179	Arabidopsis thaliana	Plants	737	False
Q2TAY7	Homo sapiens	Metazoa	513	False
Q24180	Drosophila melanogaster	Metazoa	576	False
Q99933	Homo sapiens	Metazoa	345	False
P46153	Rattus norvegicus	Metazoa	587	False
P32790	Saccharomyces cerevisiae (strain ATCC 204508 / S288c)	Fungi	1244	False
P87176	Schizosaccharomyces pombe (strain 972 / ATCC 24843)	Fungi	269	False
P53833	Saccharomyces cerevisiae (strain ATCC 204508 / S288c)	Fungi	195	False
Q84TI7	Arabidopsis thaliana	Plants	506	True
Q80WJ1	Mus musculus	Metazoa	673	False
P24522	Homo sapiens	Metazoa	165	False
Q9H0A8	Homo sapiens	Metazoa	199	False
Q8VZS0	Arabidopsis thaliana	Plants	321	True
Q5SQP1	Mus musculus	Metazoa	306	False
Q9Y4P1	Homo sapiens	Metazoa	393	False
Q3TWI9	Mus musculus	Metazoa	832	True
Q03063	Saccharomyces cerevisiae (strain ATCC 204508 / S288c)	Fungi	452	False
P82094	Homo sapiens	Metazoa	1093	False
O44616	Caenorhabditis elegans	Metazoa	516	True
P0CT60	Schizosaccharomyces pombe (strain 972 / ATCC 24843)	Fungi	139	False
Q08857	Mus musculus	Metazoa	472	True
P63015	Mus musculus	Metazoa	422	False
Q84K35	Arabidopsis thaliana	Plants	330	False
Q9VIF5	Drosophila melanogaster	Metazoa	981	False
Q8BIW9	Mus musculus	Metazoa	969	False
O43508	Homo sapiens	Metazoa	249	True
P52739	Homo sapiens	Metazoa	623	False
O70325	Mus musculus	Metazoa	197	False
Q9DBR0	Mus musculus	Metazoa	687	False
Q4U2R8	Homo sapiens	Metazoa	563	True
P25100	Homo sapiens	Metazoa	572	False
P37272	Capsicum annuum	Plants	419	False
Q09357	Caenorhabditis elegans	Metazoa	479	False
Q5AJU7	Candida albicans (strain SC5314 / ATCC MYA-2876)	Fungi	499	False
P28648	Rattus norvegicus	Metazoa	238	True
O60675	Homo sapiens	Metazoa	156	False
Q6YTW6	Oryza sativa subsp. japonica	Plants	460	False
P97376	Mus musculus	Metazoa	258	False
O93530	Xenopus laevis	Metazoa	1436	False
Q9UKE5	Homo sapiens	Metazoa	1360	False
Q9NQL2	Homo sapiens	Metazoa	400	False
Q8L8T7	Arabidopsis thaliana	Plants	246	False
Q5H9S7	Homo sapiens	Metazoa	520	False
Q96BT7	Homo sapiens	Metazoa	664	False
P52593	Saccharomyces cerevisiae (strain ATCC 204508 / S288c)	Fungi	1655	False
Q9D842	Mus musculus	Metazoa	499	False
Q96IU4	Homo sapiens	Metazoa	210	False
P00846	Homo sapiens	Metazoa	226	True
L0R8F8	Homo sapiens	Metazoa	70	False
Q9SIU0	Arabidopsis thaliana	Plants	623	False
Q71MB6	Rattus norvegicus	Metazoa	724	False
Q96EQ9	Mus musculus	Metazoa	843	False
Q8N3J3	Homo sapiens	Metazoa	647	False
P70581	Rattus norvegicus	Metazoa	585	False
Q9MZ03	Oryctolagus cuniculus	Metazoa	298	True
P36383	Homo sapiens	Metazoa	396	True
Q9NH52	Caenorhabditis elegans	Metazoa	898	False
Q96J02	Homo sapiens	Metazoa	903	False
Q8NCN2	Homo sapiens	Metazoa	500	False
P92276	Chlamydomonas reinhardtii	Plants	62	True
Q00422	Mus musculus	Metazoa	454	False
Q9LTW4	Arabidopsis thaliana	Plants	461	False
Q0J7P4	Oryza sativa subsp. japonica	Plants	297	False
O94538	Schizosaccharomyces pombe (strain 972 / ATCC 24843)	Fungi	649	False
P84228	Mus musculus	Metazoa	136	False
Q16853	Homo sapiens	Metazoa	763	True
Q9FYS5	Zea mays	Plants	193	False
O13803	Schizosaccharomyces pombe (strain 972 / ATCC 24843)	Fungi	601	False
Q9NPC7	Homo sapiens	Metazoa	610	False
P25440	Homo sapiens	Metazoa	801	False
P47974	Homo sapiens	Metazoa	494	False
P81558	Sus scrofa	Metazoa	171	False
P00004	Equus caballus	Metazoa	105	False
P51649	Homo sapiens	Metazoa	535	False
G5EDN3	Caenorhabditis elegans	Metazoa	1353	False
Q8WY54	Homo sapiens	Metazoa	755	False
Q9UUD1	Schizosaccharomyces pombe (strain 972 / ATCC 24843)	Fungi	900	False
P53628	Saccharomyces cerevisiae (strain ATCC 204508 / S288c)	Fungi	566	False
Q16650	Homo sapiens	Metazoa	682	False
Q86WV5	Homo sapiens	Metazoa	123	False
P59648	Mus musculus	Metazoa	80	True
Q91WL8	Mus musculus	Metazoa	414	False
Q8BVR0	Mus musculus	Metazoa	90	False
Q05027	Saccharomyces cerevisiae (strain ATCC 204508 / S288c)	Fungi	157	False
Q8C854	Mus musculus	Metazoa	591	False
Q41188	Arabidopsis thaliana	Plants	203	False
Q8CC21	Mus musculus	Metazoa	365	False
O08590	Rattus norvegicus	Metazoa	763	True
P60602	Homo sapiens	Metazoa	79	True
Q61074	Mus musculus	Metazoa	542	False
Q9FML2	Arabidopsis thaliana	Plants	471	False
Q96Q11	Homo sapiens	Metazoa	434	False
O08581	Mus musculus	Metazoa	336	True
P17870	Bos taurus	Metazoa	418	False
Q9SLB9	Arabidopsis thaliana	Plants	450	False
Q9H0H0	Homo sapiens	Metazoa	1204	False
P15619	Drosophila melanogaster	Metazoa	869	False
Q9JMH7	Mus musculus	Metazoa	418	False
Q9STE8	Arabidopsis thaliana	Plants	818	False
Q93YU5	Arabidopsis thaliana	Plants	1053	False
E9Q557	Mus musculus	Metazoa	2883	False
Q9NX46	Homo sapiens	Metazoa	363	False
P97411	Mus musculus	Metazoa	478	False
Q13117	Homo sapiens	Metazoa	558	False
P82675	Homo sapiens	Metazoa	430	False
P38961	Saccharomyces cerevisiae (strain ATCC 204508 / S288c)	Fungi	392	False
O35854	Rattus norvegicus	Metazoa	393	False
Q7L7V1	Homo sapiens	Metazoa	743	False
Q9Y4E5	Homo sapiens	Metazoa	1061	False
Q8JHI3	Danio rerio	Metazoa	407	False
Q9UKG1	Homo sapiens	Metazoa	709	False
Q8C5P7	Mus musculus	Metazoa	182	False
Q9Z2E2	Mus musculus	Metazoa	636	False
Q5EG47	Mus musculus	Metazoa	559	False
Q9S7I0	Arabidopsis thaliana	Plants	1307	False
P09932	Saccharomyces cerevisiae (strain ATCC 204508 / S288c)	Fungi	586	False
Q8WUX2	Homo sapiens	Metazoa	184	False
Q06266	Saccharomyces cerevisiae (strain ATCC 204508 / S288c)	Fungi	489	False
P25103	Homo sapiens	Metazoa	407	True
P49796	Homo sapiens	Metazoa	1198	False
Q9FLT2	Arabidopsis thaliana	Plants	300	False
Q04225	Saccharomyces cerevisiae (strain ATCC 204508 / S288c)	Fungi	511	False
Q99NG0	Mus musculus	Metazoa	1466	False
Q7PIR5	Anopheles gambiae	Metazoa	793	False
Q0J0G7	Oryza sativa subsp. japonica	Plants	282	False
Q64521	Mus musculus	Metazoa	727	False
Q9JIQ3	Mus musculus	Metazoa	237	False
Q9H7L9	Homo sapiens	Metazoa	328	False
Q21929	Caenorhabditis elegans	Metazoa	251	False
P19335	Rattus norvegicus	Metazoa	242	False
Q9NSA0	Homo sapiens	Metazoa	550	True
Q14978	Homo sapiens	Metazoa	699	False
Q9CQG9	Mus musculus	Metazoa	134	True
P60766	Mus musculus	Metazoa	191	False
Q5T4T1	Homo sapiens	Metazoa	132	True
Q12308	Saccharomyces cerevisiae (strain ATCC 204508 / S288c)	Fungi	588	False
Q08179	Saccharomyces cerevisiae (strain ATCC 204508 / S288c)	Fungi	573	False
P08456	Saccharomyces cerevisiae (strain ATCC 204508 / S288c)	Fungi	276	True
P46637	Arabidopsis thaliana	Plants	342	False
P20226	Homo sapiens	Metazoa	339	False
O13816	Schizosaccharomyces pombe (strain 972 / ATCC 24843)	Fungi	962	False
P23326	Spinacia oleracea	Plants	159	False
Q86W50	Homo sapiens	Metazoa	562	False
P97837	Rattus norvegicus	Metazoa	1059	False
Q5VZ89	Homo sapiens	Metazoa	1909	False
Q9Y5Q9	Homo sapiens	Metazoa	886	False
Q06411	Saccharomyces cerevisiae (strain ATCC 204508 / S288c)	Fungi	708	False
Q96PU4	Homo sapiens	Metazoa	802	False
Q8GZR2	Euglena gracilis	Other	496	False
Q12354	Saccharomyces cerevisiae (strain ATCC 204508 / S288c)	Fungi	227	False
Q9BPX3	Homo sapiens	Metazoa	1015	False
Q9ZNV8	Arabidopsis thaliana	Plants	156	False
Q8K448	Mus musculus	Metazoa	1642	True
O45797	Caenorhabditis elegans	Metazoa	908	False
P19736	Saccharomyces cerevisiae (strain ATCC 204508 / S288c)	Fungi	530	False
Q9BXC0	Homo sapiens	Metazoa	346	True
Q562E2	Mus musculus	Metazoa	927	False
Q02796	Saccharomyces cerevisiae (strain ATCC 204508 / S288c)	Fungi	332	False
Q9LJ87	Arabidopsis thaliana	Plants	415	False
P32795	Saccharomyces cerevisiae (strain ATCC 204508 / S288c)	Fungi	747	False
Q9WTU3	Mus musculus	Metazoa	1978	False
O93309	Xenopus laevis	Metazoa	1209	False
P34314	Caenorhabditis elegans	Metazoa	965	False
Q9UIG8	Homo sapiens	Metazoa	710	True
P0C1H6	Homo sapiens	Metazoa	154	False
Q8L774	Arabidopsis thaliana	Plants	389	False
P14735	Homo sapiens	Metazoa	1019	False
Q9LSA9	Arabidopsis thaliana	Plants	339	False
Q8C8R3	Mus musculus	Metazoa	3898	False
Q9BTL3	Homo sapiens	Metazoa	118	False
P04406	Homo sapiens	Metazoa	335	False
Q8N684	Homo sapiens	Metazoa	471	False
Q9LMX5	Arabidopsis thaliana	Plants	348	False
O15182	Homo sapiens	Metazoa	167	False
Q9M2D9	Arabidopsis thaliana	Plants	299	False
F7VNF8	Sordaria macrospora (strain ATCC MYA-333 / DSM 997 / K(L3346) / K-hell)	Fungi	909	False
Q8LGI2	Arabidopsis thaliana	Plants	454	False
Q09260	Caenorhabditis elegans	Metazoa	490	False
Q13823	Homo sapiens	Metazoa	731	False
A0A3B3IS91	Homo sapiens	Metazoa	260	False
Q9XHV0	Arabidopsis thaliana	Plants	320	False
Q9BSF0	Homo sapiens	Metazoa	95	False
Q8RWE8	Arabidopsis thaliana	Plants	442	False
Q14872	Homo sapiens	Metazoa	753	False
O00628	Homo sapiens	Metazoa	323	False
Q9Y232	Homo sapiens	Metazoa	598	False
Q8LEE8	Arabidopsis thaliana	Plants	394	False
P40825	Saccharomyces cerevisiae (strain ATCC 204508 / S288c)	Fungi	983	False
Q9P7V3	Schizosaccharomyces pombe (strain 972 / ATCC 24843)	Fungi	220	False
A2A935	Mus musculus	Metazoa	1275	False
Q07897	Saccharomyces cerevisiae (strain ATCC 204508 / S288c)	Fungi	291	False
P28804	Spinacia oleracea	Plants	57	False
Q07349	Saccharomyces cerevisiae (strain ATCC 204508 / S288c)	Fungi	420	False
Q92372	Schizosaccharomyces pombe (strain 972 / ATCC 24843)	Fungi	609	False
Q9ULU4	Homo sapiens	Metazoa	1186	False
P32115	Mus musculus	Metazoa	349	False
Q9JJK1	Rattus norvegicus	Metazoa	265	True
Q12038	Saccharomyces cerevisiae (strain ATCC 204508 / S288c)	Fungi	1033	False
P13621	Bos taurus	Metazoa	213	False
P85121	Panax ginseng	Plants	96	False
Q08746	Saccharomyces cerevisiae (strain ATCC 204508 / S288c)	Fungi	203	False
P02398	Spinacia oleracea	Plants	189	False
P20154	Caenorhabditis elegans	Metazoa	405	False
P07257	Saccharomyces cerevisiae (strain ATCC 204508 / S288c)	Fungi	368	False
Q7L0Y3	Homo sapiens	Metazoa	403	False
Q16775	Homo sapiens	Metazoa	308	False
Q7T0L4	Gallus gallus	Metazoa	329	False
P53685	Saccharomyces cerevisiae (strain ATCC 204508 / S288c)	Fungi	503	False
O23304	Arabidopsis thaliana	Plants	487	False
P34909	Saccharomyces cerevisiae (strain ATCC 204508 / S288c)	Fungi	587	False
Q9C5C8	Arabidopsis thaliana	Plants	202	False
P37224	Amaranthus hypochondriacus	Plants	623	False
Q9VWE6	Drosophila melanogaster	Metazoa	2111	False
O82392	Arabidopsis thaliana	Plants	644	False
Q9Y4X5	Homo sapiens	Metazoa	557	False
O60566	Homo sapiens	Metazoa	1050	False
P07703	Saccharomyces cerevisiae (strain ATCC 204508 / S288c)	Fungi	335	False
P0C865	Rattus norvegicus	Metazoa	806	False
A0A2R6PN00	Actinidia chinensis var. chinensis	Plants	266	False
Q8LE52	Arabidopsis thaliana	Plants	258	False
Q9VW97	Drosophila melanogaster	Metazoa	890	False
P09624	Saccharomyces cerevisiae (strain ATCC 204508 / S288c)	Fungi	499	False
P12624	Bos taurus	Metazoa	333	False
Q94BT9	Arabidopsis thaliana	Plants	76	False
Q9EP86	Rattus norvegicus	Metazoa	432	True
Q9H7Z6	Homo sapiens	Metazoa	458	False
F5HIJ5	Neurospora crassa (strain ATCC 24698 / 74-OR23-1A / CBS 708.71 / DSM 1257 / FGSC 987)	Fungi	249	False
P49721	Homo sapiens	Metazoa	201	False
Q8VY88	Arabidopsis thaliana	Plants	175	False
Q9FV71	Arabidopsis thaliana	Plants	469	False
A6HD62	Rattus norvegicus	Metazoa	304	False
Q03940	Saccharomyces cerevisiae (strain ATCC 204508 / S288c)	Fungi	463	False
Q9UT48	Schizosaccharomyces pombe (strain 972 / ATCC 24843)	Fungi	357	False
P53866	Saccharomyces cerevisiae (strain ATCC 204508 / S288c)	Fungi	767	False
P78955	Schizosaccharomyces pombe (strain 972 / ATCC 24843)	Fungi	287	False
Q9DBM0	Mus musculus	Metazoa	673	False
Q8VXV7	Arabidopsis thaliana	Plants	844	False
Q9NZC9	Homo sapiens	Metazoa	954	False
O89094	Mus musculus	Metazoa	257	False
Q96I59	Homo sapiens	Metazoa	477	False
Q6AXS3	Rattus norvegicus	Metazoa	378	False
Q78JN3	Mus musculus	Metazoa	317	False
Q10163	Schizosaccharomyces pombe (strain 972 / ATCC 24843)	Fungi	147	False
P24452	Mus musculus	Metazoa	352	False
Q9LWB5	Spinacia oleracea	Plants	198	False
P34474	Caenorhabditis elegans	Metazoa	431	False
O95180	Homo sapiens	Metazoa	2353	False
Q9LV03	Arabidopsis thaliana	Plants	2208	False
Q94AU9	Arabidopsis thaliana	Plants	174	False
Q9SL95	Arabidopsis thaliana	Plants	456	True
Q9FUP0	Arabidopsis thaliana	Plants	391	False
Q9SA98	Arabidopsis thaliana	Plants	345	False
P08172	Homo sapiens	Metazoa	466	True
Q96H22	Homo sapiens	Metazoa	339	False
Q5Z5B7	Oryza sativa subsp. japonica	Plants	420	False
Q9M812	Arabidopsis thaliana	Plants	156	True
Q8NGU9	Homo sapiens	Metazoa	434	True
Q9UTH0	Schizosaccharomyces pombe (strain 972 / ATCC 24843)	Fungi	1162	False
Q3TH73	Mus musculus	Metazoa	532	True
Q9M0N8	Arabidopsis thaliana	Plants	71	False
Q5DT37	Rattus norvegicus	Metazoa	247	True
Q9ST63	Solanum tuberosum	Plants	495	False
P25043	Saccharomyces cerevisiae (strain ATCC 204508 / S288c)	Fungi	261	False
P37198	Homo sapiens	Metazoa	522	False
P42730	Arabidopsis thaliana	Plants	911	False
Q7SBJ8	Neurospora crassa (strain ATCC 24698 / 74-OR23-1A / CBS 708.71 / DSM 1257 / FGSC 987)	Fungi	131	False
Q00453	Saccharomyces cerevisiae (strain ATCC 204508 / S288c)	Fungi	211	False
H2L0N8	Caenorhabditis elegans	Metazoa	370	False
Q8TDD1	Homo sapiens	Metazoa	881	False
O70405	Mus musculus	Metazoa	1051	False
O13935	Schizosaccharomyces pombe (strain 972 / ATCC 24843)	Fungi	685	False
P80269	Solanum tuberosum	Plants	229	False
Q95Y80	Caenorhabditis elegans	Metazoa	853	False
Q9DBD5	Mus musculus	Metazoa	1123	False
Q8K2X8	Mus musculus	Metazoa	71	False
Q9DC29	Mus musculus	Metazoa	842	True
P56558	Rattus norvegicus	Metazoa	1036	False
Q8LPR8	Arabidopsis thaliana	Plants	871	False
Q9PSW9	Gallus gallus	Metazoa	126	False
D3ZUQ0	Rattus norvegicus	Metazoa	406	False
P14724	Saccharomyces cerevisiae (strain ATCC 204508 / S288c)	Fungi	124	False
P49683	Homo sapiens	Metazoa	370	True
Q9Y5S2	Homo sapiens	Metazoa	1711	False
P42951	Saccharomyces cerevisiae (strain ATCC 204508 / S288c)	Fungi	607	False
O09106	Mus musculus	Metazoa	482	False
Q09747	Schizosaccharomyces pombe (strain 972 / ATCC 24843)	Fungi	503	False
O74309	Schizosaccharomyces pombe (strain 972 / ATCC 24843)	Fungi	807	False
P05755	Saccharomyces cerevisiae (strain ATCC 204508 / S288c)	Fungi	195	False
Q15119	Homo sapiens	Metazoa	407	False
P22139	Saccharomyces cerevisiae (strain ATCC 204508 / S288c)	Fungi	70	False
P24919	Neurospora crassa (strain ATCC 24698 / 74-OR23-1A / CBS 708.71 / DSM 1257 / FGSC 987)	Fungi	273	False
Q8W2F3	Arabidopsis thaliana	Plants	430	False
Q5EAJ7	Strongylocentrotus purpuratus	Metazoa	857	False
Q12445	Saccharomyces cerevisiae (strain ATCC 204508 / S288c)	Fungi	299	True
P17610	Schizosaccharomyces pombe (strain 972 / ATCC 24843)	Fungi	214	False
Q00613	Homo sapiens	Metazoa	529	False
P41229	Homo sapiens	Metazoa	1560	False
Q9HB97	Rattus norvegicus	Metazoa	372	False
Q7L2E3	Homo sapiens	Metazoa	1194	False
Q9XVD5	Caenorhabditis elegans	Metazoa	303	False
P16276	Sus scrofa	Metazoa	781	False
Q99967	Homo sapiens	Metazoa	270	False
Q6PHW0	Homo sapiens	Metazoa	289	True
P17783	Citrullus lanatus	Plants	347	False
P21243	Saccharomyces cerevisiae (strain ATCC 204508 / S288c)	Fungi	252	False
O60291	Homo sapiens	Metazoa	552	False
P33302	Saccharomyces cerevisiae (strain ATCC 204508 / S288c)	Fungi	1511	False
P81451	Saccharomyces cerevisiae (strain ATCC 204508 / S288c)	Fungi	68	True
H2LRU7	Oryzias latipes	Metazoa	901	False
P25171	Drosophila melanogaster	Metazoa	547	False
Q9USP9	Schizosaccharomyces pombe (strain 972 / ATCC 24843)	Fungi	589	False
P13393	Saccharomyces cerevisiae (strain ATCC 204508 / S288c)	Fungi	240	False
O80982	Arabidopsis thaliana	Plants	345	False
Q8BYF6	Mus musculus	Metazoa	611	True
Q9Z218	Mus musculus	Metazoa	804	True
Q969T9	Homo sapiens	Metazoa	261	False
O94751	Schizosaccharomyces pombe (strain 972 / ATCC 24843)	Fungi	1044	False
Q9BW27	Homo sapiens	Metazoa	656	False
Q03713	Saccharomyces cerevisiae (strain ATCC 204508 / S288c)	Fungi	159	True
Q85FY6	Cyanidioschyzon merolae (strain NIES-3377 / 10D)	Other	732	True
Q12754	Saccharomyces cerevisiae (strain ATCC 204508 / S288c)	Fungi	1228	False
Q8IYD8	Homo sapiens	Metazoa	2048	False
P38870	Saccharomyces cerevisiae (strain ATCC 204508 / S288c)	Fungi	785	False
Q96S44	Homo sapiens	Metazoa	253	False
Q6P2H3	Homo sapiens	Metazoa	762	False
P00054	Sesamum indicum	Plants	111	False
Q9Y3B7	Homo sapiens	Metazoa	192	False
Q9ULZ2	Homo sapiens	Metazoa	295	False
P23644	Saccharomyces cerevisiae (strain ATCC 204508 / S288c)	Fungi	387	False
Q9Y605	Homo sapiens	Metazoa	127	False
P70584	Rattus norvegicus	Metazoa	432	False
P07505	Spinacia oleracea	Plants	222	False
Q852Q1	Oryza sativa subsp. japonica	Plants	509	False
Q60EN8	Oryza sativa subsp. japonica	Plants	151	True
P03898	Bos taurus	Metazoa	115	True
Q5ANA3	Candida albicans (strain SC5314 / ATCC MYA-2876)	Fungi	1501	False
Q9D2V8	Mus musculus	Metazoa	456	True
Q5BJM8	Rattus norvegicus	Metazoa	378	True
Q53TN4	Homo sapiens	Metazoa	286	True
P61982	Mus musculus	Metazoa	247	False
Q8NFH4	Homo sapiens	Metazoa	326	False
O95071	Homo sapiens	Metazoa	2799	False
Q9NQ50	Homo sapiens	Metazoa	206	False
O17514	Caenorhabditis elegans	Metazoa	773	False
Q3UPW2	Mus musculus	Metazoa	391	False
P56198	Mus musculus	Metazoa	239	False
F4I9G2	Arabidopsis thaliana	Plants	426	False
O60171	Schizosaccharomyces pombe (strain 972 / ATCC 24843)	Fungi	215	False
O48721	Arabidopsis thaliana	Plants	321	False
Q8CHV6	Mus musculus	Metazoa	443	False
Q86UY6	Homo sapiens	Metazoa	237	False
Q9JKT3	Mus musculus	Metazoa	297	True
Q9UPV9	Homo sapiens	Metazoa	953	False
Q5TEU4	Homo sapiens	Metazoa	345	False
P39014	Saccharomyces cerevisiae (strain ATCC 204508 / S288c)	Fungi	640	False
Q02785	Saccharomyces cerevisiae (strain ATCC 204508 / S288c)	Fungi	1511	False
P62280	Homo sapiens	Metazoa	158	False
Q15077	Homo sapiens	Metazoa	328	True
Q9UBK9	Homo sapiens	Metazoa	157	False
P30155	Nicotiana tabacum	Plants	179	False
B2RX12	Mus musculus	Metazoa	1523	True
Q9SCY3	Arabidopsis thaliana	Plants	217	False
Q80WG5	Mus musculus	Metazoa	810	True
Q09864	Schizosaccharomyces pombe (strain 972 / ATCC 24843)	Fungi	582	False
P49903	Homo sapiens	Metazoa	392	False
Q9M7I2	Medicago truncatula	Plants	475	False
P01583	Homo sapiens	Metazoa	271	False
Q8WWQ0	Homo sapiens	Metazoa	1821	False
Q91YM2	Mus musculus	Metazoa	1499	False
Q9Y3Y2	Homo sapiens	Metazoa	248	False
Q9NTJ3	Homo sapiens	Metazoa	1288	False
O14313	Schizosaccharomyces pombe (strain 972 / ATCC 24843)	Fungi	156	False
P46094	Homo sapiens	Metazoa	333	True
P33316	Homo sapiens	Metazoa	252	False
O60869	Homo sapiens	Metazoa	148	False
Q03790	Saccharomyces cerevisiae (strain ATCC 204508 / S288c)	Fungi	475	False
Q9UUA2	Schizosaccharomyces pombe (strain 972 / ATCC 24843)	Fungi	805	False
Q12418	Saccharomyces cerevisiae (strain ATCC 204508 / S288c)	Fungi	502	False
Q06681	Saccharomyces cerevisiae (strain ATCC 204508 / S288c)	Fungi	1438	False
Q941Q3	Arabidopsis thaliana	Plants	524	False
Q86UW9	Homo sapiens	Metazoa	622	False
Q27749	Psammechinus miliaris	Metazoa	137	False
P46312	Arabidopsis thaliana	Plants	448	False
A9D2P7	Caenorhabditis elegans	Metazoa	672	False
Q9N4A7	Caenorhabditis elegans	Metazoa	313	False
P39678	Saccharomyces cerevisiae (strain ATCC 204508 / S288c)	Fungi	833	False
O76099	Homo sapiens	Metazoa	320	True
Q9VT57	Drosophila melanogaster	Metazoa	454	False
P00287	Phaseolus vulgaris	Plants	99	False
Q03900	Saccharomyces cerevisiae (strain ATCC 204508 / S288c)	Fungi	495	False
P38283	Saccharomyces cerevisiae (strain ATCC 204508 / S288c)	Fungi	698	False
Q8H0W2	Arabidopsis thaliana	Plants	426	False
A0A0D1DMJ6	Mycosarcoma maydis	Fungi	757	False
Q7X6P3	Arabidopsis thaliana	Plants	608	False
Q75GR5	Oryza sativa subsp. japonica	Plants	281	False
Q9ERA6	Mus musculus	Metazoa	838	False
P82281	Arabidopsis thaliana	Plants	349	False
P51003	Homo sapiens	Metazoa	745	False
Q05343	Rattus norvegicus	Metazoa	467	False
P23276	Homo sapiens	Metazoa	732	True
Q9ZP05	Arabidopsis thaliana	Plants	354	False
Q9M084	Arabidopsis thaliana	Plants	558	False
F4I316	Arabidopsis thaliana	Plants	660	True
P19020	Rattus norvegicus	Metazoa	446	True
Q8C5S7	Mus musculus	Metazoa	591	False
Q9CAF2	Arabidopsis thaliana	Plants	216	False
P27065	Solanum lycopersicum	Plants	477	False
P97819	Mus musculus	Metazoa	807	False
E9QAU8	Mus musculus	Metazoa	347	False
P53854	Saccharomyces cerevisiae (strain ATCC 204508 / S288c)	Fungi	179	False
Q9SND6	Arabidopsis thaliana	Plants	342	False
P00043	Debaryomyces hansenii (strain ATCC 36239 / CBS 767 / BCRC 21394 / JCM 1990 / NBRC 0083 / IGC 2968)	Fungi	110	False
Q49A26	Homo sapiens	Metazoa	553	False
Q9SZ15	Arabidopsis thaliana	Plants	421	False
Q9SFB0	Arabidopsis thaliana	Plants	526	True
Q9GSF8	Euplotes aediculatus	Other	437	False
Q9LR30	Arabidopsis thaliana	Plants	481	False
P38792	Saccharomyces cerevisiae (strain ATCC 204508 / S288c)	Fungi	359	False
O64817	Arabidopsis thaliana	Plants	333	False
Q4VC44	Homo sapiens	Metazoa	716	False
Q80SX8	Mus musculus	Metazoa	650	False
Q9NQC7	Homo sapiens	Metazoa	956	False
O74555	Schizosaccharomyces pombe (strain 972 / ATCC 24843)	Fungi	587	False
Q96AQ6	Homo sapiens	Metazoa	731	False
P18888	Saccharomyces cerevisiae (strain ATCC 204508 / S288c)	Fungi	332	False
Q15428	Homo sapiens	Metazoa	464	False
P09974	Nicotiana tabacum	Plants	62	True
P22736	Homo sapiens	Metazoa	598	False
P17256	Rattus norvegicus	Metazoa	395	False
Q9CPU2	Mus musculus	Metazoa	105	False
A2AP18	Mus musculus	Metazoa	1501	False
Q587E3	Trypanosoma brucei brucei (strain 927/4 GUTat10.1)	Other	735	False
F1QGH7	Danio rerio	Metazoa	780	False
Q9FY74	Arabidopsis thaliana	Plants	1007	False
P43596	Saccharomyces cerevisiae (strain ATCC 204508 / S288c)	Fungi	787	False
Q9GZQ4	Homo sapiens	Metazoa	415	True
P35659	Homo sapiens	Metazoa	375	False
P48381	Mus musculus	Metazoa	749	False
Q9H0V1	Homo sapiens	Metazoa	697	True
P70335	Mus musculus	Metazoa	1354	False
G5EFF1	Caenorhabditis elegans	Metazoa	445	False
P69555	Triticum aestivum	Plants	73	True
Q84MB6	Arabidopsis thaliana	Plants	332	False
P14232	Nicotiana tabacum	Plants	359	False
Q3T040	Bos taurus	Metazoa	242	False
Q06214	Saccharomyces cerevisiae (strain ATCC 204508 / S288c)	Fungi	492	False
P53196	Saccharomyces cerevisiae (strain ATCC 204508 / S288c)	Fungi	417	False
Q9C9M7	Arabidopsis thaliana	Plants	348	False
P36877	Rattus norvegicus	Metazoa	443	False
Q62599	Rattus norvegicus	Metazoa	703	False
P23527	Homo sapiens	Metazoa	126	False
O04130	Arabidopsis thaliana	Plants	624	False
Q8CBD1	Mus musculus	Metazoa	1161	False
Q8LEK4	Arabidopsis thaliana	Plants	221	False
Q9Y6P5	Homo sapiens	Metazoa	492	False
P79745	Danio rerio	Metazoa	443	False
Q9W252	Drosophila melanogaster	Metazoa	1318	False
Q96E93	Homo sapiens	Metazoa	195	True
P07371	Pisum sativum	Plants	269	False
Q9SB92	Arabidopsis thaliana	Plants	292	False
Q12031	Saccharomyces cerevisiae (strain ATCC 204508 / S288c)	Fungi	575	False
Q9V6B9	Drosophila melanogaster	Metazoa	610	False
P47116	Saccharomyces cerevisiae (strain ATCC 204508 / S288c)	Fungi	818	False
P05783	Homo sapiens	Metazoa	430	False
Q63342	Rattus norvegicus	Metazoa	857	False
O15245	Homo sapiens	Metazoa	554	True
P53119	Saccharomyces cerevisiae (strain ATCC 204508 / S288c)	Fungi	910	False
P53076	Saccharomyces cerevisiae (strain ATCC 204508 / S288c)	Fungi	958	False
P07245	Saccharomyces cerevisiae (strain ATCC 204508 / S288c)	Fungi	946	False
Q9FV50	Arabidopsis thaliana	Plants	350	False
Q8TD08	Homo sapiens	Metazoa	544	False
G5EBR8	Caenorhabditis elegans	Metazoa	247	False
Q9UET6	Homo sapiens	Metazoa	329	False
O70302	Mus musculus	Metazoa	217	False
Q8TC90	Homo sapiens	Metazoa	406	False
O43868	Homo sapiens	Metazoa	658	True
P34982	Homo sapiens	Metazoa	312	True
Q6K271	Oryza sativa subsp. japonica	Plants	738	False
Q04207	Mus musculus	Metazoa	549	False
P61965	Mus musculus	Metazoa	334	False
Q8CJ27	Mus musculus	Metazoa	3122	False
A0A140LI88	Mus musculus	Metazoa	1857	False
Q8VIG1	Mus musculus	Metazoa	1082	False
Q8R4C2	Mus musculus	Metazoa	606	False
Q20733	Caenorhabditis elegans	Metazoa	900	False
Q9NYB9	Homo sapiens	Metazoa	513	False
P10499	Rattus norvegicus	Metazoa	495	False
Q13889	Homo sapiens	Metazoa	308	False
P57053	Homo sapiens	Metazoa	126	False
Q6GSS7	Mus musculus	Metazoa	130	False
P07250	Saccharomyces cerevisiae (strain ATCC 204508 / S288c)	Fungi	355	False
Q9H0R6	Homo sapiens	Metazoa	528	False
Q8QFR4	Xenopus laevis	Metazoa	211	False
Q9HC21	Homo sapiens	Metazoa	320	True
G4LTX4	Castanea sativa	Plants	375	False
Q8WWM7	Homo sapiens	Metazoa	1075	False
Q54XG7	Dictyostelium discoideum	Other	1230	False
Q6R3K9	Arabidopsis thaliana	Plants	664	True
Q92754	Homo sapiens	Metazoa	450	False
A8MZ59	Homo sapiens	Metazoa	198	False
O23647	Arabidopsis thaliana	Plants	858	False
O75880	Homo sapiens	Metazoa	301	False
P00890	Saccharomyces cerevisiae (strain ATCC 204508 / S288c)	Fungi	479	False
P42676	Rattus norvegicus	Metazoa	704	False
Q12389	Saccharomyces cerevisiae (strain ATCC 204508 / S288c)	Fungi	995	False
Q95U54	Drosophila melanogaster	Metazoa	959	False
O95551	Homo sapiens	Metazoa	362	False
Q66T02	Mus musculus	Metazoa	1073	False
Q59RW5	Candida albicans (strain SC5314 / ATCC MYA-2876)	Fungi	493	False
O88850	Rattus norvegicus	Metazoa	1191	False
P69447	Spinacia oleracea	Plants	81	True
Q9CPV9	Mus musculus	Metazoa	347	True
Q9M9U5	Arabidopsis thaliana	Plants	382	False
P32899	Saccharomyces cerevisiae (strain ATCC 204508 / S288c)	Fungi	183	False
O00155	Homo sapiens	Metazoa	361	True
Q93YR9	Arabidopsis thaliana	Plants	670	False
Q86Y26	Homo sapiens	Metazoa	1132	False
Q9NWV8	Homo sapiens	Metazoa	329	False
Q13610	Homo sapiens	Metazoa	501	False
O15541	Homo sapiens	Metazoa	343	False
P07275	Saccharomyces cerevisiae (strain ATCC 204508 / S288c)	Fungi	575	False
P40427	Drosophila melanogaster	Metazoa	376	False
Q8RVC7	Chlamydomonas reinhardtii	Plants	411	False
Q9QY44	Rattus norvegicus	Metazoa	741	False
Q54BF6	Dictyostelium discoideum	Other	298	True
Q9SNX8	Apium graveolens	Plants	496	False
Q9U7D5	Caenorhabditis elegans	Metazoa	611	True
Q9LKA3	Arabidopsis thaliana	Plants	341	False
F1NPG5	Gallus gallus	Metazoa	639	False
P19954	Spinacia oleracea	Plants	302	False
Q8NH19	Homo sapiens	Metazoa	301	True
Q3ZBF9	Bos taurus	Metazoa	296	False
P00411	Neurospora crassa (strain ATCC 24698 / 74-OR23-1A / CBS 708.71 / DSM 1257 / FGSC 987)	Fungi	250	True
A0A509AHB6	Plasmodium berghei (strain Anka)	Other	523	False
Q9UT49	Schizosaccharomyces pombe (strain 972 / ATCC 24843)	Fungi	578	False
Q7Z6M4	Homo sapiens	Metazoa	381	False
B2D6M2	Caenorhabditis elegans	Metazoa	612	False
Q9C8L4	Arabidopsis thaliana	Plants	294	False
O62140	Caenorhabditis elegans	Metazoa	674	False
P29549	Sterkiella nova	Other	495	False
Q3YBR2	Homo sapiens	Metazoa	411	False
P68036	Homo sapiens	Metazoa	154	False
P53140	Saccharomyces cerevisiae (strain ATCC 204508 / S288c)	Fungi	646	False
Q0VDF9	Homo sapiens	Metazoa	509	False
O74329	Schizosaccharomyces pombe (strain 972 / ATCC 24843)	Fungi	56	False
P28843	Mus musculus	Metazoa	760	True
P48595	Homo sapiens	Metazoa	397	False
P33203	Saccharomyces cerevisiae (strain ATCC 204508 / S288c)	Fungi	583	False
P69140	Parechinus angulosus	Metazoa	126	False
Q16762	Homo sapiens	Metazoa	297	False
Q8TC71	Homo sapiens	Metazoa	538	False
Q9C9T2	Arabidopsis thaliana	Plants	451	False
P28625	Saccharomyces cerevisiae (strain ATCC 204508 / S288c)	Fungi	365	False
Q21148	Caenorhabditis elegans	Metazoa	308	False
P20772	Schizosaccharomyces pombe (strain 972 / ATCC 24843)	Fungi	788	False
P48485	Arabidopsis thaliana	Plants	312	False
Q7S054	Neurospora crassa (strain ATCC 24698 / 74-OR23-1A / CBS 708.71 / DSM 1257 / FGSC 987)	Fungi	300	False
Q9Y6L6	Homo sapiens	Metazoa	691	True
Q3U5Q7	Mus musculus	Metazoa	447	False
Q12305	Saccharomyces cerevisiae (strain ATCC 204508 / S288c)	Fungi	139	False
Q8IY42	Homo sapiens	Metazoa	314	False
O43396	Homo sapiens	Metazoa	289	False
Q6NQ72	Arabidopsis thaliana	Plants	288	False
P53333	Saccharomyces cerevisiae (strain ATCC 204508 / S288c)	Fungi	577	False
O60200	Saccharomyces cerevisiae (strain ATCC 204508 / S288c)	Fungi	86	False
P16383	Homo sapiens	Metazoa	781	False
P41969	Mus musculus	Metazoa	429	False
P61841	Arabidopsis thaliana	Plants	155	False
Q949T8	Arabidopsis thaliana	Plants	497	False
O15534	Homo sapiens	Metazoa	1290	False
Q08985	Saccharomyces cerevisiae (strain ATCC 204508 / S288c)	Fungi	325	False
P48145	Homo sapiens	Metazoa	328	True
Q7L5N1	Homo sapiens	Metazoa	327	False
P34707	Caenorhabditis elegans	Metazoa	623	False
P29469	Saccharomyces cerevisiae (strain ATCC 204508 / S288c)	Fungi	868	False
Q99N57	Mus musculus	Metazoa	648	False
B6HLU0	Penicillium rubens (strain ATCC 28089 / DSM 1075 / NRRL 1951 / Wisconsin 54-1255)	Fungi	331	False
Q9D8H7	Mus musculus	Metazoa	521	False
Q09690	Schizosaccharomyces pombe (strain 972 / ATCC 24843)	Fungi	1087	False
Q06156	Saccharomyces cerevisiae (strain ATCC 204508 / S288c)	Fungi	1176	False
Q39238	Arabidopsis thaliana	Plants	688	False
O59676	Schizosaccharomyces pombe (strain 972 / ATCC 24843)	Fungi	359	False
Q15139	Homo sapiens	Metazoa	912	False
Q4VC33	Mus musculus	Metazoa	396	False
P15314	Mus musculus	Metazoa	329	False
P35192	Saccharomyces cerevisiae (strain ATCC 204508 / S288c)	Fungi	417	False
Q8TE85	Homo sapiens	Metazoa	626	False
Q8BGV5	Mus musculus	Metazoa	572	False
Q9H6U6	Homo sapiens	Metazoa	928	False
Q99PD6	Rattus norvegicus	Metazoa	461	False
Q9EQR2	Rattus norvegicus	Metazoa	644	False
Q9WVG6	Mus musculus	Metazoa	608	False
P62500	Mus musculus	Metazoa	1077	False
Q9JIF3	Mus musculus	Metazoa	477	True
Q99729	Homo sapiens	Metazoa	332	False
Q80SW1	Mus musculus	Metazoa	530	False
Q61313	Mus musculus	Metazoa	459	False
Q9EPI8	Rattus norvegicus	Metazoa	374	False
P16888	Strongylocentrotus purpuratus	Metazoa	123	False
P38169	Saccharomyces cerevisiae (strain ATCC 204508 / S288c)	Fungi	460	False
P20659	Drosophila melanogaster	Metazoa	3726	False
Q9C5Q8	Arabidopsis thaliana	Plants	942	False
Q91VH1	Mus musculus	Metazoa	375	False
Q08965	Saccharomyces cerevisiae (strain ATCC 204508 / S288c)	Fungi	1183	False
P82933	Homo sapiens	Metazoa	396	False
P61830	Saccharomyces cerevisiae (strain ATCC 204508 / S288c)	Fungi	136	False
Q9LZR5	Arabidopsis thaliana	Plants	294	False
P07834	Saccharomyces cerevisiae (strain ATCC 204508 / S288c)	Fungi	779	False
Q9UPN9	Homo sapiens	Metazoa	1127	False
O82663	Arabidopsis thaliana	Plants	634	False
Q9FNZ4	Arabidopsis thaliana	Plants	112	False
P50548	Homo sapiens	Metazoa	548	False
O43065	Schizosaccharomyces pombe (strain 972 / ATCC 24843)	Fungi	1953	False
Q16134	Homo sapiens	Metazoa	617	False
Q13761	Homo sapiens	Metazoa	415	False
Q94C69	Arabidopsis thaliana	Plants	301	False
Q62095	Mus musculus	Metazoa	658	False
P16550	Saccharomyces cerevisiae (strain ATCC 204508 / S288c)	Fungi	321	False
Q9QXK9	Mus musculus	Metazoa	374	False
Q01926	Saccharomyces cerevisiae (strain ATCC 204508 / S288c)	Fungi	470	False
Q8IZQ1	Homo sapiens	Metazoa	3526	False
P15388	Mus musculus	Metazoa	511	False
P34250	Saccharomyces cerevisiae (strain ATCC 204508 / S288c)	Fungi	1132	False
Q9LVH4	Arabidopsis thaliana	Plants	177	False
B9DFX7	Arabidopsis thaliana	Plants	883	False
Q06451	Saccharomyces cerevisiae (strain ATCC 204508 / S288c)	Fungi	622	False
P0C0E4	Homo sapiens	Metazoa	278	False
Q8VDD9	Mus musculus	Metazoa	1821	False
P00586	Bos taurus	Metazoa	297	False
O44783	Drosophila melanogaster	Metazoa	589	False
P42284	Drosophila melanogaster	Metazoa	549	False
Q3TZX8	Mus musculus	Metazoa	714	False
P82649	Bos taurus	Metazoa	359	False
P47054	Saccharomyces cerevisiae (strain ATCC 204508 / S288c)	Fungi	1683	False
P40366	Saccharomyces cerevisiae (strain ATCC 204508 / S288c)	Fungi	167	False
Q0IIM8	Homo sapiens	Metazoa	1120	False
Q23255	Caenorhabditis elegans	Metazoa	728	False
Q10198	Schizosaccharomyces pombe (strain 972 / ATCC 24843)	Fungi	624	False
Q91790	Xenopus laevis	Metazoa	369	False
P41777	Rattus norvegicus	Metazoa	704	False
Q04545	Saccharomyces cerevisiae (strain ATCC 204508 / S288c)	Fungi	1251	False
P49848	Homo sapiens	Metazoa	677	False
P82664	Homo sapiens	Metazoa	201	False
Q8N1G0	Homo sapiens	Metazoa	1237	False
Q99848	Homo sapiens	Metazoa	306	False
Q9VLJ0	Drosophila melanogaster	Metazoa	151	False
Q9DB77	Mus musculus	Metazoa	453	False
P25293	Saccharomyces cerevisiae (strain ATCC 204508 / S288c)	Fungi	417	False
Q91X84	Mus musculus	Metazoa	619	False
Q9M903	Arabidopsis thaliana	Plants	479	False
P22392	Homo sapiens	Metazoa	152	False
Q02346	Rattus norvegicus	Metazoa	318	False
Q8IPA1	Drosophila melanogaster	Metazoa	308	False
Q5T890	Homo sapiens	Metazoa	1550	False
A6NFN3	Homo sapiens	Metazoa	312	False
Q95QI7	Caenorhabditis elegans	Metazoa	892	False
Q80UP5	Mus musculus	Metazoa	588	False
Q7K4Y6	Drosophila melanogaster	Metazoa	631	True
P02489	Homo sapiens	Metazoa	173	False
Q6CLY8	Kluyveromyces lactis (strain ATCC 8585 / CBS 2359 / DSM 70799 / NBRC 1267 / NRRL Y-1140 / WM37)	Fungi	368	False
P03899	Mus musculus	Metazoa	115	True
Q9FKS0	Arabidopsis thaliana	Plants	486	False
O94667	Schizosaccharomyces pombe (strain 972 / ATCC 24843)	Fungi	560	False
Q8R0W1	Mus musculus	Metazoa	432	False
Q9BZE1	Homo sapiens	Metazoa	423	False
Q9C882	Arabidopsis thaliana	Plants	587	False
Q6Q4H1	Hydra vulgaris	Metazoa	385	False
P49019	Homo sapiens	Metazoa	387	True
Q12018	Saccharomyces cerevisiae (strain ATCC 204508 / S288c)	Fungi	815	False
O70172	Mus musculus	Metazoa	405	False
P25443	Saccharomyces cerevisiae (strain ATCC 204508 / S288c)	Fungi	254	False
Q12464	Saccharomyces cerevisiae (strain ATCC 204508 / S288c)	Fungi	471	False
Q5A287	Candida albicans (strain SC5314 / ATCC MYA-2876)	Fungi	805	False
Q9C5W3	Arabidopsis thaliana	Plants	985	False
Q39056	Arabidopsis thaliana	Plants	270	False
Q9BSC4	Homo sapiens	Metazoa	688	False
Q9STF2	Arabidopsis thaliana	Plants	510	False
Q2R3F5	Oryza sativa subsp. japonica	Plants	853	False
Q9D011	Mus musculus	Metazoa	178	False
Q96QT6	Homo sapiens	Metazoa	1004	False
P43404	Mus musculus	Metazoa	618	False
Q9H3U1	Homo sapiens	Metazoa	944	False
P06897	Xenopus laevis	Metazoa	130	False
Q6WKZ8	Mus musculus	Metazoa	1755	False
O74905	Schizosaccharomyces pombe (strain 972 / ATCC 24843)	Fungi	189	False
O75354	Homo sapiens	Metazoa	484	True
P83758	Danio rerio	Metazoa	448	False
O74399	Schizosaccharomyces pombe (strain 972 / ATCC 24843)	Fungi	740	False
Q6UXB4	Homo sapiens	Metazoa	293	True
Q62833	Rattus norvegicus	Metazoa	590	False
Q9P6M0	Schizosaccharomyces pombe (strain 972 / ATCC 24843)	Fungi	419	False
Q9NZN9	Homo sapiens	Metazoa	384	False
P41541	Bos taurus	Metazoa	961	False
Q96PN7	Homo sapiens	Metazoa	1200	False
Q92785	Homo sapiens	Metazoa	391	False
Q8W4L5	Arabidopsis thaliana	Plants	790	False
O00327	Homo sapiens	Metazoa	626	False
Q9ULW0	Homo sapiens	Metazoa	747	False
Q96HA1	Homo sapiens	Metazoa	1249	True
P15325	Emericella nidulans (strain FGSC A4 / ATCC 38163 / CBS 112.46 / NRRL 194 / M139)	Fungi	533	True
P36954	Homo sapiens	Metazoa	125	False
Q9SWW6	Arabidopsis thaliana	Plants	1026	False
Q9H869	Homo sapiens	Metazoa	796	False
Q6P2E9	Homo sapiens	Metazoa	1401	False
Q9QX98	Mus musculus	Metazoa	324	False
O60678	Homo sapiens	Metazoa	531	False
M0R7Z9	Rattus norvegicus	Metazoa	475	False
P43657	Homo sapiens	Metazoa	344	True
P62772	Brassica napus	Plants	111	False
Q03954	Saccharomyces cerevisiae (strain ATCC 204508 / S288c)	Fungi	165	False
X2JAU8	Drosophila melanogaster	Metazoa	1075	False
Q9H0F5	Homo sapiens	Metazoa	515	False
Q9QYM8	Mus musculus	Metazoa	241	False
Q10M74	Oryza sativa subsp. japonica	Plants	285	False
Q96BI1	Homo sapiens	Metazoa	424	True
Q08562	Saccharomyces cerevisiae (strain ATCC 204508 / S288c)	Fungi	1619	False
O00743	Homo sapiens	Metazoa	305	False
P49138	Mus musculus	Metazoa	386	False
P00110	Bumilleriopsis filiformis	Other	86	False
Q9C005	Homo sapiens	Metazoa	99	False
P62807	Homo sapiens	Metazoa	126	False
O94446	Schizosaccharomyces pombe (strain 972 / ATCC 24843)	Fungi	463	False
P31539	Saccharomyces cerevisiae (strain ATCC 204508 / S288c)	Fungi	908	False
P80235	Saccharomyces cerevisiae (strain ATCC 204508 / S288c)	Fungi	687	False
P51943	Mus musculus	Metazoa	422	False
B3G515	Danio rerio	Metazoa	353	True
P0C8R3	Schizosaccharomyces pombe (strain 972 / ATCC 24843)	Fungi	150	False
P40368	Saccharomyces cerevisiae (strain ATCC 204508 / S288c)	Fungi	713	False
O60346	Homo sapiens	Metazoa	1717	False
Q9D563	Mus musculus	Metazoa	222	True
O23365	Arabidopsis thaliana	Plants	580	False
Q64J17	Arabidopsis thaliana	Plants	309	False
P62684	Homo sapiens	Metazoa	666	False
Q12923	Homo sapiens	Metazoa	2485	False
Q03193	Saccharomyces cerevisiae (strain ATCC 204508 / S288c)	Fungi	310	True
Q84JG2	Arabidopsis thaliana	Plants	469	False
P40574	Saccharomyces cerevisiae (strain ATCC 204508 / S288c)	Fungi	245	False
A0A7J6KC99	Toxoplasma gondii	Other	7603	False
O13936	Schizosaccharomyces pombe (strain 972 / ATCC 24843)	Fungi	990	False
P13051	Homo sapiens	Metazoa	313	False
O75461	Homo sapiens	Metazoa	281	False
P54886	Homo sapiens	Metazoa	795	False
A0A087X1C5	Homo sapiens	Metazoa	515	True
Q69YN4	Homo sapiens	Metazoa	1812	False
Q3UZ18	Mus musculus	Metazoa	988	False
Q9UKV8	Homo sapiens	Metazoa	859	False
Q9Y3C5	Homo sapiens	Metazoa	154	False
P07236	Saccharomyces cerevisiae (strain ATCC 204508 / S288c)	Fungi	462	False
O94684	Schizosaccharomyces pombe (strain 972 / ATCC 24843)	Fungi	318	False
P70279	Mus musculus	Metazoa	355	False
Q7T2T1	Gallus gallus	Metazoa	484	False
O59767	Schizosaccharomyces pombe (strain 972 / ATCC 24843)	Fungi	310	False
Q8CCK0	Mus musculus	Metazoa	372	False
Q8BT35	Mus musculus	Metazoa	56	True
P14921	Homo sapiens	Metazoa	441	False
Q1ENB6	Arabidopsis thaliana	Plants	484	False
Q9CAI5	Arabidopsis thaliana	Plants	465	False
F4IMQ0	Arabidopsis thaliana	Plants	288	False
P48995	Homo sapiens	Metazoa	793	False
O64827	Arabidopsis thaliana	Plants	1382	False
Q9SIY3	Arabidopsis thaliana	Plants	210	False
P34708	Caenorhabditis elegans	Metazoa	1110	False
Q9VEJ0	Drosophila melanogaster	Metazoa	234	False
Q9LN09	Arabidopsis thaliana	Plants	206	False
P31645	Homo sapiens	Metazoa	630	True
Q9SYX1	Arabidopsis thaliana	Plants	262	False
O75592	Homo sapiens	Metazoa	4678	False
Q9ULX3	Homo sapiens	Metazoa	412	False
P09956	Drosophila melanogaster	Metazoa	575	False
P56747	Homo sapiens	Metazoa	220	True
P07260	Saccharomyces cerevisiae (strain ATCC 204508 / S288c)	Fungi	213	False
P31310	Mus musculus	Metazoa	416	False
Q9QUM9	Mus musculus	Metazoa	246	False
P50540	Mus musculus	Metazoa	228	False
Q9HB71	Homo sapiens	Metazoa	228	False
O95471	Homo sapiens	Metazoa	211	True
G5ECD9	Caenorhabditis elegans	Metazoa	321	True
Q05738	Mus musculus	Metazoa	392	False
P21801	Saccharomyces cerevisiae (strain ATCC 204508 / S288c)	Fungi	266	False
Q9GYU8	Drosophila melanogaster	Metazoa	702	False
P11309	Homo sapiens	Metazoa	313	False
P38907	Saccharomyces cerevisiae (strain ATCC 204508 / S288c)	Fungi	458	False
S0DHV6	Gibberella fujikuroi (strain CBS 195.34 / IMI 58289 / NRRL A-6831)	Fungi	530	False
Q9UBU9	Homo sapiens	Metazoa	619	False
P20171	Rattus norvegicus	Metazoa	189	False
Q8IUH5	Homo sapiens	Metazoa	632	False
O14329	Schizosaccharomyces pombe (strain 972 / ATCC 24843)	Fungi	386	False
Q01826	Homo sapiens	Metazoa	763	False
Q9VQ91	Drosophila melanogaster	Metazoa	576	False
Q99P99	Rattus norvegicus	Metazoa	1077	False
P50464	Caenorhabditis elegans	Metazoa	348	False
Q03760	Saccharomyces cerevisiae (strain ATCC 204508 / S288c)	Fungi	334	False
Q8SUG7	Encephalitozoon cuniculi (strain GB-M1)	Fungi	536	True
Q02890	Saccharomyces cerevisiae (strain ATCC 204508 / S288c)	Fungi	363	False
P43287	Arabidopsis thaliana	Plants	285	True
Q9FK23	Arabidopsis thaliana	Plants	500	False
G1X9E2	Arthrobotrys oligospora (strain ATCC 24927 / CBS 115.81 / DSM 1491)	Fungi	406	True
Q9BE64	Macaca fascicularis	Metazoa	695	False
Q06511	Saccharomyces cerevisiae (strain ATCC 204508 / S288c)	Fungi	250	False
Q9FK25	Arabidopsis thaliana	Plants	363	False
P70426	Mus musculus	Metazoa	219	False
Q0J954	Oryza sativa subsp. japonica	Plants	492	False
Q05946	Saccharomyces cerevisiae (strain ATCC 204508 / S288c)	Fungi	817	False
Q8VZA0	Arabidopsis thaliana	Plants	936	False
Q8ILW0	Plasmodium falciparum (isolate 3D7)	Other	347	False
Q94BV7	Arabidopsis thaliana	Plants	582	False
Q06488	Saccharomyces cerevisiae (strain ATCC 204508 / S288c)	Fungi	889	False
P48526	Saccharomyces cerevisiae (strain ATCC 204508 / S288c)	Fungi	1002	False
Q9UJ42	Homo sapiens	Metazoa	338	True
Q78ZR5	Rattus norvegicus	Metazoa	73	False
P53958	Saccharomyces cerevisiae (strain ATCC 204508 / S288c)	Fungi	396	False
D4A693	Rattus norvegicus	Metazoa	457	False
Q9GZN7	Homo sapiens	Metazoa	287	False
Q3MHJ5	Bos taurus	Metazoa	138	False
P63166	Mus musculus	Metazoa	101	False
O88696	Mus musculus	Metazoa	272	False
Q9ZTX8	Arabidopsis thaliana	Plants	935	False
P28321	Saccharomyces cerevisiae (strain ATCC 204508 / S288c)	Fungi	313	False
Q84JU6	Arabidopsis thaliana	Plants	927	False
O76090	Homo sapiens	Metazoa	585	True
Q8NFD5	Homo sapiens	Metazoa	2319	False
Q96GM8	Homo sapiens	Metazoa	510	False
Q6NXG1	Homo sapiens	Metazoa	681	False
Q9P7H0	Schizosaccharomyces pombe (strain 972 / ATCC 24843)	Fungi	154	False
P14618	Homo sapiens	Metazoa	531	False
Q03565	Caenorhabditis elegans	Metazoa	89	False
Q8IXM3	Homo sapiens	Metazoa	137	False
O15297	Homo sapiens	Metazoa	605	False
Q0DFC9	Oryza sativa subsp. japonica	Plants	154	False
P50318	Arabidopsis thaliana	Plants	478	False
O43390	Homo sapiens	Metazoa	633	False
P40341	Saccharomyces cerevisiae (strain ATCC 204508 / S288c)	Fungi	825	False
Q9P7N4	Schizosaccharomyces pombe (strain 972 / ATCC 24843)	Fungi	315	False
Q93V58	Arabidopsis thaliana	Plants	396	False
O81235	Arabidopsis thaliana	Plants	231	False
Q3MHY7	Bos taurus	Metazoa	262	False
Q6NQ54	Arabidopsis thaliana	Plants	115	False
Q8BIQ5	Mus musculus	Metazoa	580	False
P36532	Saccharomyces cerevisiae (strain ATCC 204508 / S288c)	Fungi	105	False
O81016	Arabidopsis thaliana	Plants	1420	False
Q13319	Homo sapiens	Metazoa	367	False
P13350	Xenopus laevis	Metazoa	397	False
Q9SG02	Arabidopsis thaliana	Plants	1196	False
Q9LZ60	Arabidopsis thaliana	Plants	115	False
P00015	Mus musculus	Metazoa	105	False
Q9JHC9	Mus musculus	Metazoa	593	False
P11913	Neurospora crassa (strain ATCC 24698 / 74-OR23-1A / CBS 708.71 / DSM 1257 / FGSC 987)	Fungi	476	False
Q6NZQ4	Mus musculus	Metazoa	1056	False
Q14689	Homo sapiens	Metazoa	1571	False
Q9LTC4	Arabidopsis thaliana	Plants	285	False
Q96HI0	Homo sapiens	Metazoa	755	False
O48814	Arabidopsis thaliana	Plants	395	False
D3ZXW3	Rattus norvegicus	Metazoa	298	False
Q9Y5L4	Homo sapiens	Metazoa	95	False
Q00444	Homo sapiens	Metazoa	222	False
P29473	Bos taurus	Metazoa	1205	False
Q86WR6	Homo sapiens	Metazoa	236	False
O35286	Mus musculus	Metazoa	795	False
Q8IYM1	Homo sapiens	Metazoa	358	False
P02309	Saccharomyces cerevisiae (strain ATCC 204508 / S288c)	Fungi	103	False
Q9M5P4	Zea mays	Plants	256	False
Q03265	Mus musculus	Metazoa	553	False
Q12062	Aspergillus parasiticus (strain ATCC 56775 / NRRL 5862 / SRRC 143 / SU-1)	Fungi	643	False
Q9JKD9	Mus musculus	Metazoa	465	False
Q8VYZ0	Arabidopsis thaliana	Plants	645	False
Q12420	Saccharomyces cerevisiae (strain ATCC 204508 / S288c)	Fungi	587	False
O43164	Homo sapiens	Metazoa	708	False
Q9WTJ4	Mus musculus	Metazoa	500	False
P56745	Rattus norvegicus	Metazoa	211	True
Q9C641	Arabidopsis thaliana	Plants	754	False
Q99PV0	Mus musculus	Metazoa	2335	False
Q9XW26	Caenorhabditis elegans	Metazoa	412	False
Q9Y3B4	Homo sapiens	Metazoa	125	False
Q8LC68	Arabidopsis thaliana	Plants	255	False
O15205	Homo sapiens	Metazoa	165	False
Q6K537	Oryza sativa subsp. japonica	Plants	373	False
P39677	Saccharomyces cerevisiae (strain ATCC 204508 / S288c)	Fungi	819	False
P40498	Saccharomyces cerevisiae (strain ATCC 204508 / S288c)	Fungi	721	False
Q9Z2D0	Mus musculus	Metazoa	545	False
Q5Z8S0	Oryza sativa subsp. japonica	Plants	207	False
Q96250	Arabidopsis thaliana	Plants	325	False
P11183	Gallus gallus	Metazoa	164	False
Q14587	Homo sapiens	Metazoa	947	False
Q9HCK8	Homo sapiens	Metazoa	2581	False
P33322	Saccharomyces cerevisiae (strain ATCC 204508 / S288c)	Fungi	483	False
Q5SYD0	Mus musculus	Metazoa	1006	False
Q9BXU7	Homo sapiens	Metazoa	913	False
P58557	Homo sapiens	Metazoa	167	False
Q09750	Schizosaccharomyces pombe (strain 972 / ATCC 24843)	Fungi	1522	False
Q9CQJ2	Mus musculus	Metazoa	290	False
P06454	Homo sapiens	Metazoa	111	False
Q18807	Caenorhabditis elegans	Metazoa	339	True
P18289	Drosophila melanogaster	Metazoa	289	False
Q80X86	Mus musculus	Metazoa	340	False
P0DPG2	Trypanosoma brucei brucei	Other	182	False
P03966	Mus musculus	Metazoa	462	False
P61088	Homo sapiens	Metazoa	152	False
Q8GYC7	Arabidopsis thaliana	Plants	313	False
D3YUJ3	Mus musculus	Metazoa	367	False
P0DW81	Homo sapiens	Metazoa	44	False
Q53EK2	Schizosaccharomyces pombe (strain 972 / ATCC 24843)	Fungi	232	False
Q9FYC2	Arabidopsis thaliana	Plants	537	False
P20839	Homo sapiens	Metazoa	514	False
Q62806	Rattus norvegicus	Metazoa	794	False
P26754	Saccharomyces cerevisiae (strain ATCC 204508 / S288c)	Fungi	273	False
O00159	Homo sapiens	Metazoa	1063	False
Q23541	Caenorhabditis elegans	Metazoa	1477	False
Q14320	Homo sapiens	Metazoa	339	False
Q02981	Saccharomyces cerevisiae (strain ATCC 204508 / S288c)	Fungi	657	False
P07948	Homo sapiens	Metazoa	512	False
P43188	Zea mays	Plants	222	False
Q06967	Oryza sativa subsp. japonica	Plants	260	False
O88873	Rattus norvegicus	Metazoa	529	False
Q13153	Homo sapiens	Metazoa	545	False
P70338	Mus musculus	Metazoa	423	False
D9PTN5	Caenorhabditis elegans	Metazoa	1009	False
Q8TF76	Homo sapiens	Metazoa	798	False
Q9CWH6	Mus musculus	Metazoa	250	False
P06104	Saccharomyces cerevisiae (strain ATCC 204508 / S288c)	Fungi	172	False
Q94CV1	Oryza sativa subsp. japonica	Plants	228	False
A0A509AKI1	Plasmodium berghei (strain Anka)	Other	836	False
Q10R09	Oryza sativa subsp. japonica	Plants	310	False
P81122	Mus musculus	Metazoa	1321	False
Q9FVX0	Arabidopsis thaliana	Plants	442	False
B5DFG1	Rattus norvegicus	Metazoa	580	False
Q04781	Saccharomyces cerevisiae (strain ATCC 204508 / S288c)	Fungi	1562	False
Q8VZR0	Arabidopsis thaliana	Plants	367	False
Q9M8K7	Arabidopsis thaliana	Plants	167	False
Q6IN85	Homo sapiens	Metazoa	833	False
Q8CI15	Mus musculus	Metazoa	382	False
Q9UH65	Homo sapiens	Metazoa	585	False
Q8GV05	Arabidopsis thaliana	Plants	106	False
Q9P794	Schizosaccharomyces pombe (strain 972 / ATCC 24843)	Fungi	182	False
Q9C707	Arabidopsis thaliana	Plants	298	False
Q9UT46	Schizosaccharomyces pombe (strain 972 / ATCC 24843)	Fungi	508	False
P40566	Saccharomyces cerevisiae (strain ATCC 204508 / S288c)	Fungi	764	False
Q9CWV6	Mus musculus	Metazoa	186	False
Q94AU7	Arabidopsis thaliana	Plants	258	False
P32908	Saccharomyces cerevisiae (strain ATCC 204508 / S288c)	Fungi	1225	False
P55210	Homo sapiens	Metazoa	303	False
D6MZJ6	Mus musculus	Metazoa	483	True
Q1ZXQ0	Dictyostelium discoideum	Other	1019	False
P62895	Sus scrofa	Metazoa	105	False
O95073	Homo sapiens	Metazoa	299	False
P49281	Homo sapiens	Metazoa	568	True
Q9QYE3	Mus musculus	Metazoa	835	False
Q76KJ5	Mus musculus	Metazoa	399	False
O13395	Mycosarcoma maydis	Fungi	1180	False
Q8BNX7	Mus musculus	Metazoa	165	False
Q15561	Homo sapiens	Metazoa	434	False
P48231	Saccharomyces cerevisiae (strain ATCC 204508 / S288c)	Fungi	1178	False
Q8GYX2	Arabidopsis thaliana	Plants	248	False
Q6TAS3	Solanum lycopersicum	Plants	902	False
Q99JS0	Mus musculus	Metazoa	100	True
Q9V3I2	Drosophila melanogaster	Metazoa	219	False
Q9CA19	Arabidopsis thaliana	Plants	154	False
P22666	Chlamydomonas reinhardtii	Plants	88	True
Q9UPC5	Homo sapiens	Metazoa	381	True
Q7ZT48	Xenopus laevis	Metazoa	221	False
Q9UNP9	Homo sapiens	Metazoa	301	False
Q9D6Z0	Mus musculus	Metazoa	221	False
P06585	Pisum sativum	Plants	353	True
Q9HAZ2	Homo sapiens	Metazoa	1276	False
F4IED2	Arabidopsis thaliana	Plants	528	False
Q75NZ0	Pisum sativum	Plants	685	False
Q15464	Homo sapiens	Metazoa	509	False
P31385	Saccharomyces cerevisiae (strain ATCC 204508 / S288c)	Fungi	405	False
Q12030	Saccharomyces cerevisiae (strain ATCC 204508 / S288c)	Fungi	206	False
Q94IC4	Glycine max	Plants	257	False
P35414	Homo sapiens	Metazoa	380	True
Q8MLV1	Drosophila melanogaster	Metazoa	741	False
P00427	Saccharomyces cerevisiae (strain ATCC 204508 / S288c)	Fungi	148	False
Q8L7U4	Arabidopsis thaliana	Plants	241	False
P34234	Saccharomyces cerevisiae (strain ATCC 204508 / S288c)	Fungi	306	False
Q08977	Saccharomyces cerevisiae (strain ATCC 204508 / S288c)	Fungi	551	False
G5EEM0	Caenorhabditis elegans	Metazoa	418	False
Q64104	Mus musculus	Metazoa	385	False
P00007	Hippopotamus amphibius	Metazoa	105	False
P07384	Homo sapiens	Metazoa	714	False
Q9UKT4	Homo sapiens	Metazoa	447	False
Q9SXQ6	Oryza sativa subsp. japonica	Plants	380	False
P42054	Pisum sativum	Plants	276	False
Q92800	Homo sapiens	Metazoa	747	False
O35160	Mus musculus	Metazoa	302	False
Q9VN91	Drosophila melanogaster	Metazoa	198	False
Q9NZA1	Homo sapiens	Metazoa	410	False
Q06668	Saccharomyces cerevisiae (strain ATCC 204508 / S288c)	Fungi	471	False
P32473	Saccharomyces cerevisiae (strain ATCC 204508 / S288c)	Fungi	366	False
P00410	Saccharomyces cerevisiae (strain ATCC 204508 / S288c)	Fungi	251	True
Q13427	Homo sapiens	Metazoa	754	False
Q948R9	Arabidopsis thaliana	Plants	314	False
Q9LNE8	Arabidopsis thaliana	Plants	200	False
Q9SZN7	Arabidopsis thaliana	Plants	153	False
P56537	Homo sapiens	Metazoa	245	False
P39724	Saccharomyces cerevisiae (strain ATCC 204508 / S288c)	Fungi	118	False
P82137	Spinacia oleracea	Plants	165	False
Q940D0	Arabidopsis thaliana	Plants	690	False
P0DN34	Mus musculus	Metazoa	57	True
P00037	Samia cynthia	Metazoa	108	False
E9Q8T2	Mus musculus	Metazoa	1174	False
A8MPH9	Drosophila melanogaster	Metazoa	722	False
P42658	Homo sapiens	Metazoa	865	False
P00044	Saccharomyces cerevisiae (strain ATCC 204508 / S288c)	Fungi	109	False
Q5TYM5	Homo sapiens	Metazoa	149	False
P59941	Mus musculus	Metazoa	334	False
Q9FMN2	Arabidopsis thaliana	Plants	930	False
Q91YJ3	Mus musculus	Metazoa	226	False
Q9H0E3	Homo sapiens	Metazoa	1048	False
B6HQ74	Penicillium rubens (strain ATCC 28089 / DSM 1075 / NRRL 1951 / Wisconsin 54-1255)	Fungi	390	False
Q93ZE5	Arabidopsis thaliana	Plants	223	False
Q9WV38	Mus musculus	Metazoa	501	True
Q8BJ05	Mus musculus	Metazoa	735	False
Q9ZUX4	Arabidopsis thaliana	Plants	113	False
Q9UQ80	Homo sapiens	Metazoa	394	False
Q9Y4E8	Homo sapiens	Metazoa	981	False
Q13263	Homo sapiens	Metazoa	835	False
Q94535	Drosophila melanogaster	Metazoa	264	False
Q94515	Drosophila melanogaster	Metazoa	321	True
A1YKT1	Arabidopsis thaliana	Plants	433	False
O35250	Mus musculus	Metazoa	697	False
A2AA28	Mus musculus	Metazoa	253	False
Q8GT66	Pisum sativum	Plants	436	False
Q01295	Drosophila melanogaster	Metazoa	727	False
Q15415	Homo sapiens	Metazoa	496	False
Q3URU2	Mus musculus	Metazoa	1571	False
O88484	Rattus norvegicus	Metazoa	530	False
P07276	Saccharomyces cerevisiae (strain ATCC 204508 / S288c)	Fungi	1031	False
Q02086	Homo sapiens	Metazoa	613	False
O80983	Arabidopsis thaliana	Plants	717	False
Q5KMX8	Cryptococcus neoformans var. neoformans serotype D (strain JEC21 / ATCC MYA-565)	Fungi	783	False
P11746	Saccharomyces cerevisiae (strain ATCC 204508 / S288c)	Fungi	286	False
Q62433	Mus musculus	Metazoa	394	False
Q8L7B5	Arabidopsis thaliana	Plants	585	False
Q38931	Arabidopsis thaliana	Plants	551	False
Q9BT17	Homo sapiens	Metazoa	334	False
Q9CYF5	Mus musculus	Metazoa	461	False
P31274	Homo sapiens	Metazoa	260	False
P24846	Triticum aestivum	Plants	388	False
Q4ZGE1	Schizosaccharomyces pombe (strain 972 / ATCC 24843)	Fungi	61	True
P00038	Apis mellifera	Metazoa	108	False
P42073	Saccharomyces cerevisiae (strain ATCC 204508 / S288c)	Fungi	533	False
P90992	Caenorhabditis elegans	Metazoa	306	True
Q10290	Schizosaccharomyces pombe (strain 972 / ATCC 24843)	Fungi	303	False
A4D126	Homo sapiens	Metazoa	451	False
Q8C886	Mus musculus	Metazoa	610	False
P28005	Saccharomyces cerevisiae (strain ATCC 204508 / S288c)	Fungi	173	False
Q7SEK9	Neurospora crassa (strain ATCC 24698 / 74-OR23-1A / CBS 708.71 / DSM 1257 / FGSC 987)	Fungi	163	False
Q9LX90	Arabidopsis thaliana	Plants	217	False
P41338	Saccharomyces cerevisiae (strain ATCC 204508 / S288c)	Fungi	398	False
P07806	Saccharomyces cerevisiae (strain ATCC 204508 / S288c)	Fungi	1104	False
Q5T2R2	Homo sapiens	Metazoa	415	False
P23198	Mus musculus	Metazoa	183	False
Q9SAR1	Oryza sativa subsp. japonica	Plants	248	False
Q9UMW8	Homo sapiens	Metazoa	372	False
Q6AVI1	Oryza sativa subsp. japonica	Plants	227	False
P02251	Oryctolagus cuniculus	Metazoa	213	False
Q9BVJ6	Homo sapiens	Metazoa	771	False
Q9GZR7	Homo sapiens	Metazoa	859	False
Q9P7S3	Schizosaccharomyces pombe (strain 972 / ATCC 24843)	Fungi	425	False
Q9UUE4	Schizosaccharomyces pombe (strain 972 / ATCC 24843)	Fungi	432	False
Q9Y6E0	Homo sapiens	Metazoa	443	False
O82289	Arabidopsis thaliana	Plants	568	False
Q03370	Saccharomyces cerevisiae (strain ATCC 204508 / S288c)	Fungi	554	False
P01854	Homo sapiens	Metazoa	546	False
Q9DGN0	Xenopus laevis	Metazoa	1194	False
O94679	Schizosaccharomyces pombe (strain 972 / ATCC 24843)	Fungi	1158	False
Q9V5M6	Drosophila melanogaster	Metazoa	963	False
Q12888	Homo sapiens	Metazoa	1972	False
P62797	Oncorhynchus mykiss	Metazoa	103	False
P0DJD4	Homo sapiens	Metazoa	496	False
Q9UTQ6	Schizosaccharomyces pombe (strain 972 / ATCC 24843)	Fungi	154	False
Q6PJP8	Homo sapiens	Metazoa	1040	False
Q8K459	Mus musculus	Metazoa	51	False
P04803	Saccharomyces cerevisiae (strain ATCC 204508 / S288c)	Fungi	379	False
Q9MV14	Citrus sinensis	Plants	329	False
Q9WV27	Mus musculus	Metazoa	1032	False
Q91XC0	Mus musculus	Metazoa	547	False
P41143	Homo sapiens	Metazoa	372	True
Q6ZMZ3	Homo sapiens	Metazoa	975	False
P43449	Gallus gallus	Metazoa	395	False
Q9M1E7	Arabidopsis thaliana	Plants	285	True
Q9D992	Mus musculus	Metazoa	256	False
Q92878	Homo sapiens	Metazoa	1312	False
O14682	Homo sapiens	Metazoa	589	False
P10664	Saccharomyces cerevisiae (strain ATCC 204508 / S288c)	Fungi	362	False
P82190	Spinacia oleracea	Plants	194	False
P38922	Saccharomyces cerevisiae (strain ATCC 204508 / S288c)	Fungi	454	False
Q9Y6K5	Homo sapiens	Metazoa	1087	False
Q9C469	Schizosaccharomyces pombe (strain 972 / ATCC 24843)	Fungi	648	False
P19657	Saccharomyces cerevisiae (strain ATCC 204508 / S288c)	Fungi	947	False
Q1LX78	Danio rerio	Metazoa	1485	True
Q9HFR0	Schizosaccharomyces pombe (strain 972 / ATCC 24843)	Fungi	437	False
Q08058	Saccharomyces cerevisiae (strain ATCC 204508 / S288c)	Fungi	207	False
Q9H875	Homo sapiens	Metazoa	184	False
Q5A8K2	Candida albicans (strain SC5314 / ATCC MYA-2876)	Fungi	969	False
P51677	Homo sapiens	Metazoa	355	True
O08583	Mus musculus	Metazoa	255	False
P07465	Ulva prolifera	Plants	98	False
Q86V24	Homo sapiens	Metazoa	386	False
O35394	Rattus norvegicus	Metazoa	185	True
Q9LKX9	Zea mays	Plants	867	False
P17605	Ovis aries	Metazoa	136	True
P21620	Leishmania donovani	Other	514	False
Q8BZ00	Mus musculus	Metazoa	644	True
P0C627	Rattus norvegicus	Metazoa	331	False
Q9CQQ7	Mus musculus	Metazoa	256	False
O94911	Homo sapiens	Metazoa	1621	True
Q9U308	Caenorhabditis elegans	Metazoa	1254	False
P62320	Mus musculus	Metazoa	126	False
P00158	Mus musculus	Metazoa	381	True
P15291	Homo sapiens	Metazoa	398	True
Q9HAI6	Homo sapiens	Metazoa	301	False
O43543	Homo sapiens	Metazoa	280	False
P19446	Citrullus lanatus	Plants	356	False
Q70EL2	Homo sapiens	Metazoa	814	False
Q12106	Saccharomyces cerevisiae (strain ATCC 204508 / S288c)	Fungi	302	True
P25364	Saccharomyces cerevisiae (strain ATCC 204508 / S288c)	Fungi	564	False
O46106	Drosophila melanogaster	Metazoa	503	False
P39655	Mus musculus	Metazoa	663	False
P31266	Mus musculus	Metazoa	526	False
P55060	Homo sapiens	Metazoa	971	False
Q9H9A7	Homo sapiens	Metazoa	625	False
Q16513	Homo sapiens	Metazoa	984	False
O13298	Schizosaccharomyces pombe (strain 972 / ATCC 24843)	Fungi	434	False
O88952	Mus musculus	Metazoa	197	False
O74879	Schizosaccharomyces pombe (strain 972 / ATCC 24843)	Fungi	634	False
Q5YDB6	Arabidopsis thaliana	Plants	967	False
Q5M834	Rattus norvegicus	Metazoa	352	False
Q01664	Homo sapiens	Metazoa	338	False
Q6IBW4	Homo sapiens	Metazoa	605	False
Q55BN9	Dictyostelium discoideum	Other	136	False
P46011	Arabidopsis thaliana	Plants	355	False
P53724	Saccharomyces cerevisiae (strain ATCC 204508 / S288c)	Fungi	139	False
Q8S9J1	Arabidopsis thaliana	Plants	508	False
Q96QE3	Homo sapiens	Metazoa	1844	False
P87238	Schizosaccharomyces pombe (strain 972 / ATCC 24843)	Fungi	215	False
Q5HYI7	Homo sapiens	Metazoa	312	False
Q9M4B5	Arabidopsis thaliana	Plants	129	False
Q16594	Homo sapiens	Metazoa	264	False
Q9EPW2	Mus musculus	Metazoa	415	False
P40554	Saccharomyces cerevisiae (strain ATCC 204508 / S288c)	Fungi	99	False
P13995	Homo sapiens	Metazoa	350	False
Q00317	Candida boidinii	Fungi	256	False
P06537	Mus musculus	Metazoa	792	False
Q04199	Saccharomyces cerevisiae (strain ATCC 204508 / S288c)	Fungi	468	False
Q38802	Arabidopsis thaliana	Plants	802	False
V5IMN1	Neurospora crassa (strain ATCC 24698 / 74-OR23-1A / CBS 708.71 / DSM 1257 / FGSC 987)	Fungi	325	False
Q9H9E3	Homo sapiens	Metazoa	785	False
Q5TGZ0	Homo sapiens	Metazoa	78	True
Q9LD47	Arabidopsis thaliana	Plants	320	False
Q12338	Saccharomyces cerevisiae (strain ATCC 204508 / S288c)	Fungi	110	False
Q9WTZ9	Mus musculus	Metazoa	124	False
P16059	Pisum sativum	Plants	259	False
Q8IDM6	Plasmodium falciparum (isolate 3D7)	Other	422	True
Q80T79	Mus musculus	Metazoa	3707	True
Q3URQ0	Mus musculus	Metazoa	928	False
Q99216	Saccharomyces cerevisiae (strain ATCC 204508 / S288c)	Fungi	274	False
Q6DGH9	Danio rerio	Metazoa	315	False
Q10570	Homo sapiens	Metazoa	1443	False
Q9R002	Mus musculus	Metazoa	445	False
Q23794	Chironomus tentans	Metazoa	99	False
P38626	Saccharomyces cerevisiae (strain ATCC 204508 / S288c)	Fungi	284	True
G5ED41	Caenorhabditis elegans	Metazoa	1274	False
P22515	Saccharomyces cerevisiae (strain ATCC 204508 / S288c)	Fungi	1024	False
Q75V57	Oryza sativa subsp. japonica	Plants	361	False
Q14678	Homo sapiens	Metazoa	1352	False
Q1HTZ8	Rhinella marina	Metazoa	198	False
P62191	Homo sapiens	Metazoa	440	False
Q9LUI3	Arabidopsis thaliana	Plants	695	False
P42338	Homo sapiens	Metazoa	1070	False
Q9H244	Homo sapiens	Metazoa	342	True
O89038	Rattus norvegicus	Metazoa	507	False
Q13686	Homo sapiens	Metazoa	389	False
Q91YH6	Mus musculus	Metazoa	513	False
Q66K74	Homo sapiens	Metazoa	1059	False
O22152	Arabidopsis thaliana	Plants	229	False
Q07912	Homo sapiens	Metazoa	1038	False
Q64GA5	Mus musculus	Metazoa	597	False
A8CVF3	Avicennia marina	Plants	195	False
Q3ULF4	Mus musculus	Metazoa	781	False
Q8C0R7	Mus musculus	Metazoa	736	False
P38828	Saccharomyces cerevisiae (strain ATCC 204508 / S288c)	Fungi	187	False
Q86Y01	Homo sapiens	Metazoa	620	False
P33400	Saccharomyces cerevisiae (strain ATCC 204508 / S288c)	Fungi	625	False
O08575	Mus musculus	Metazoa	532	False
Q9VFS5	Drosophila melanogaster	Metazoa	980	False
P43309	Malus domestica	Plants	593	False
Q9QYK9	Mus musculus	Metazoa	343	False
P31651	Mus musculus	Metazoa	614	True
P15512	Tetrahymena pyriformis	Other	136	False
Q60954	Mus musculus	Metazoa	390	False
P41848	Caenorhabditis elegans	Metazoa	697	False
P52270	Trypanosoma cruzi	Other	251	False
Q96LW7	Homo sapiens	Metazoa	228	False
C8VTV4	Emericella nidulans (strain FGSC A4 / ATCC 38163 / CBS 112.46 / NRRL 194 / M139)	Fungi	573	False
O43083	Schizosaccharomyces pombe (strain 972 / ATCC 24843)	Fungi	338	False
O23614	Arabidopsis thaliana	Plants	515	False
P49704	Saccharomyces cerevisiae (strain ATCC 204508 / S288c)	Fungi	494	False
Q04637	Homo sapiens	Metazoa	1599	False
Q96MI9	Homo sapiens	Metazoa	1112	False
Q9UK80	Homo sapiens	Metazoa	565	False
Q9DBY8	Mus musculus	Metazoa	855	False
Q38895	Arabidopsis thaliana	Plants	204	False
Q9Y6X0	Homo sapiens	Metazoa	1596	False
P55199	Homo sapiens	Metazoa	621	False
Q99JI1	Mus musculus	Metazoa	82	False
P22844	Xenopus laevis	Metazoa	196	False
P0C2B8	Bos taurus	Metazoa	126	False
Q06512	Saccharomyces cerevisiae (strain ATCC 204508 / S288c)	Fungi	552	False
O74895	Schizosaccharomyces pombe (strain 972 / ATCC 24843)	Fungi	201	False
Q86YA3	Homo sapiens	Metazoa	2104	False
F4IN23	Arabidopsis thaliana	Plants	321	False
A0A2I0BUK1	Plasmodium falciparum (isolate NF54)	Other	893	False
Q9YHE8	Danio rerio	Metazoa	560	False
Q63270	Rattus norvegicus	Metazoa	889	False
Q9BSK4	Homo sapiens	Metazoa	669	False
Q39026	Arabidopsis thaliana	Plants	395	False
Q24322	Drosophila melanogaster	Metazoa	899	True
P21549	Homo sapiens	Metazoa	392	False
Q6DBN4	Arabidopsis thaliana	Plants	253	True
Q17963	Caenorhabditis elegans	Metazoa	376	False
Q94A03	Arabidopsis thaliana	Plants	391	False
Q6RET7	Medicago truncatula	Plants	523	False
Q9UBH6	Homo sapiens	Metazoa	696	False
Q8VDW4	Mus musculus	Metazoa	151	False
O18404	Drosophila melanogaster	Metazoa	255	False
Q9FEN9	Arabidopsis thaliana	Plants	228	False
Q6PDY0	Mus musculus	Metazoa	202	False
Q9H1R2	Homo sapiens	Metazoa	295	False
Q6RFH8	Homo sapiens	Metazoa	374	False
P47148	Saccharomyces cerevisiae (strain ATCC 204508 / S288c)	Fungi	283	False
Q9M077	Arabidopsis thaliana	Plants	294	False
A0MP03	Xenopus laevis	Metazoa	1028	False
Q9NR00	Homo sapiens	Metazoa	106	False
Q9P0U1	Homo sapiens	Metazoa	55	True
P39717	Saccharomyces cerevisiae (strain ATCC 204508 / S288c)	Fungi	880	False
Q9VW27	Drosophila melanogaster	Metazoa	717	False
Q8C167	Mus musculus	Metazoa	725	False
O14966	Homo sapiens	Metazoa	203	False
P23706	Antirrhinum majus	Plants	227	False
Q9NPD3	Homo sapiens	Metazoa	245	False
E2JF22	Mus musculus	Metazoa	2547	True
Q19584	Caenorhabditis elegans	Metazoa	342	False
Q9M1I7	Arabidopsis thaliana	Plants	467	False
P53241	Saccharomyces cerevisiae (strain ATCC 204508 / S288c)	Fungi	593	False
Q8BUV3	Mus musculus	Metazoa	769	False
P36013	Saccharomyces cerevisiae (strain ATCC 204508 / S288c)	Fungi	669	False
O95319	Homo sapiens	Metazoa	508	False
P31273	Homo sapiens	Metazoa	242	False
Q7K5K3	Drosophila melanogaster	Metazoa	365	False
O22241	Arabidopsis thaliana	Plants	424	False
P10644	Homo sapiens	Metazoa	381	False
Q7TMA4	Mus musculus	Metazoa	361	True
O49675	Arabidopsis thaliana	Plants	595	False
Q9NTW7	Homo sapiens	Metazoa	645	False
P80001	Sepia officinalis	Metazoa	78	False
O08574	Mus musculus	Metazoa	370	False
Q9SJF0	Arabidopsis thaliana	Plants	1018	False
A6ND48	Homo sapiens	Metazoa	311	True
Q9TZC4	Caenorhabditis elegans	Metazoa	466	False
P69069	Oncorhynchus mykiss	Metazoa	124	False
P12113	Chlamydomonas reinhardtii	Plants	358	False
P15863	Homo sapiens	Metazoa	534	False
P46951	Saccharomyces cerevisiae (strain ATCC 204508 / S288c)	Fungi	817	False
P20050	Saccharomyces cerevisiae (strain ATCC 204508 / S288c)	Fungi	605	False
Q9LY28	Arabidopsis thaliana	Plants	479	False
O22265	Arabidopsis thaliana	Plants	373	False
Q9LU21	Arabidopsis thaliana	Plants	204	False
P49804	Rattus norvegicus	Metazoa	180	False
P32259	Saccharomyces cerevisiae (strain ATCC 204508 / S288c)	Fungi	974	False
Q0WVX5	Arabidopsis thaliana	Plants	1040	False
Q9NUL7	Homo sapiens	Metazoa	540	False
Q9US07	Schizosaccharomyces pombe (strain 972 / ATCC 24843)	Fungi	662	False
P27144	Homo sapiens	Metazoa	223	False
Q8WUU5	Homo sapiens	Metazoa	269	False
Q14814	Homo sapiens	Metazoa	521	False
P91853	Caenorhabditis elegans	Metazoa	356	False
Q42342	Arabidopsis thaliana	Plants	134	False
P40037	Saccharomyces cerevisiae (strain ATCC 204508 / S288c)	Fungi	129	False
P23586	Arabidopsis thaliana	Plants	522	True
F4HU58	Arabidopsis thaliana	Plants	420	False
P40491	Saccharomyces cerevisiae (strain ATCC 204508 / S288c)	Fungi	155	False
Q03862	Saccharomyces cerevisiae (strain ATCC 204508 / S288c)	Fungi	593	False
P31649	Mus musculus	Metazoa	602	True
Q9LEQ3	Arabidopsis thaliana	Plants	706	True
O00483	Homo sapiens	Metazoa	81	True
Q98TA5	Xenopus laevis	Metazoa	896	False
O96008	Homo sapiens	Metazoa	361	False
Q9LK76	Arabidopsis thaliana	Plants	389	False
Q13023	Homo sapiens	Metazoa	2319	False
Q9CA69	Arabidopsis thaliana	Plants	397	False
P17540	Homo sapiens	Metazoa	419	False
Q62440	Mus musculus	Metazoa	770	False
Q9Z258	Rattus norvegicus	Metazoa	1239	False
O60336	Homo sapiens	Metazoa	1514	False
Q6JP77	Rattus norvegicus	Metazoa	353	False
O18757	Oryctolagus cuniculus	Metazoa	475	False
Q9BWG6	Homo sapiens	Metazoa	230	False
Q923A2	Mus musculus	Metazoa	608	False
Q9NDJ2	Drosophila melanogaster	Metazoa	3198	False
Q8GUM2	Arabidopsis thaliana	Plants	682	False
P59103	Homo sapiens	Metazoa	153	False
J9VT33	Cryptococcus neoformans var. grubii serotype A (strain H99 / ATCC 208821 / CBS 10515 / FGSC 9487)	Fungi	1048	False
Q4VBD9	Mus musculus	Metazoa	706	False
P21440	Mus musculus	Metazoa	1276	True
Q9BXY8	Homo sapiens	Metazoa	128	False
O74560	Schizosaccharomyces pombe (strain 972 / ATCC 24843)	Fungi	636	False
Q8AYS7	Gallus gallus	Metazoa	753	False
Q21446	Caenorhabditis elegans	Metazoa	539	False
Q9Z1X9	Mus musculus	Metazoa	566	False
Q8W586	Arabidopsis thaliana	Plants	379	False
P92958	Arabidopsis thaliana	Plants	512	False
Q15436	Homo sapiens	Metazoa	765	False
Q03036	Saccharomyces cerevisiae (strain ATCC 204508 / S288c)	Fungi	179	False
Q9JIK9	Mus musculus	Metazoa	218	False
Q8MIR0	Sus scrofa	Metazoa	373	False
O75489	Homo sapiens	Metazoa	264	False
Q9ES70	Mus musculus	Metazoa	313	False
Q9VGL8	Drosophila melanogaster	Metazoa	363	False
O49627	Arabidopsis thaliana	Plants	167	False
P37232	Xenopus laevis	Metazoa	474	False
P35922	Mus musculus	Metazoa	614	False
P27684	Spinacia oleracea	Plants	142	False
E9Q3G8	Mus musculus	Metazoa	1462	False
Q9SW18	Arabidopsis thaliana	Plants	312	False
O43052	Schizosaccharomyces pombe (strain 972 / ATCC 24843)	Fungi	1150	False
Q944H2	Arabidopsis thaliana	Plants	391	False
Q8WZM4	Candida tropicalis	Fungi	386	False
Q9ERH7	Mus musculus	Metazoa	1192	False
Q9SZC9	Arabidopsis thaliana	Plants	949	False
Q39255	Arabidopsis thaliana	Plants	160	False
Q60823	Mus musculus	Metazoa	481	False
Q9V535	Drosophila melanogaster	Metazoa	165	False
Q9Y3Q4	Homo sapiens	Metazoa	1203	False
Q96K58	Homo sapiens	Metazoa	619	False
O35433	Rattus norvegicus	Metazoa	838	False
Q8GTR4	Arabidopsis thaliana	Plants	965	False
Q06211	Saccharomyces cerevisiae (strain ATCC 204508 / S288c)	Fungi	1407	False
P19532	Homo sapiens	Metazoa	575	False
Q10210	Schizosaccharomyces pombe (strain 972 / ATCC 24843)	Fungi	391	False
Q9P0K8	Homo sapiens	Metazoa	574	False
A0A7G5KET3	Aspergillus flavus (strain ATCC 200026 / FGSC A1120 / IAM 13836 / NRRL 3357 / JCM 12722 / SRRC 167)	Fungi	417	False
P14137	Rattus norvegicus	Metazoa	526	False
Q501D2	Arabidopsis thaliana	Plants	572	False
Q15050	Homo sapiens	Metazoa	365	False
Q8NAG6	Homo sapiens	Metazoa	615	False
P27124	Oryctolagus cuniculus	Metazoa	458	False
P06506	Spinacia oleracea	Plants	138	False
A1Z6E0	Drosophila melanogaster	Metazoa	279	False
P53281	Saccharomyces cerevisiae (strain ATCC 204508 / S288c)	Fungi	241	False
Q9XGM3	Arabidopsis thaliana	Plants	1217	False
Q9HAV4	Homo sapiens	Metazoa	1204	False
I3PB37	Petunia hybrida	Plants	544	False
Q9Y294	Homo sapiens	Metazoa	204	False
Q9LK23	Arabidopsis thaliana	Plants	516	False
Q8ND76	Homo sapiens	Metazoa	341	False
O43248	Homo sapiens	Metazoa	304	False
Q71SY5	Homo sapiens	Metazoa	747	False
Q9T0H9	Arabidopsis thaliana	Plants	359	False
P08181	Drosophila melanogaster	Metazoa	336	False
Q09428	Homo sapiens	Metazoa	1581	True
Q84XV2	Arabidopsis thaliana	Plants	386	False
Q9BZY9	Homo sapiens	Metazoa	425	False
Q80VL1	Mus musculus	Metazoa	560	False
P63241	Homo sapiens	Metazoa	154	False
Q84ZW8	Zea mays	Plants	590	False
Q9LI74	Arabidopsis thaliana	Plants	1004	False
P41348	Spinacia oleracea	Plants	144	False
P53150	Saccharomyces cerevisiae (strain ATCC 204508 / S288c)	Fungi	421	False
Q9EQR5	Mus musculus	Metazoa	269	True
Q7SA88	Neurospora crassa (strain ATCC 24698 / 74-OR23-1A / CBS 708.71 / DSM 1257 / FGSC 987)	Fungi	439	False
P51398	Homo sapiens	Metazoa	398	False
Q9JMG3	Mus musculus	Metazoa	245	True
Q32P44	Homo sapiens	Metazoa	896	False
O60260	Homo sapiens	Metazoa	465	False
B1AXD8	Mus musculus	Metazoa	201	False
Q09685	Schizosaccharomyces pombe (strain 972 / ATCC 24843)	Fungi	411	False
Q12363	Saccharomyces cerevisiae (strain ATCC 204508 / S288c)	Fungi	437	False
Q86TX2	Homo sapiens	Metazoa	421	False
Q01497	Pichia angusta	Fungi	457	True
Q8TDB8	Homo sapiens	Metazoa	520	True
Q7XJJ7	Arabidopsis thaliana	Plants	607	False
Q6PII3	Homo sapiens	Metazoa	467	False
O49447	Arabidopsis thaliana	Plants	379	True
P17070	Oryza sativa subsp. japonica	Plants	263	False
F4K6X0	Arabidopsis thaliana	Plants	121	False
O15525	Homo sapiens	Metazoa	162	False
P38882	Saccharomyces cerevisiae (strain ATCC 204508 / S288c)	Fungi	575	False
Q9QYJ6	Rattus norvegicus	Metazoa	794	False
Q15699	Homo sapiens	Metazoa	326	False
Q99KP6	Mus musculus	Metazoa	504	False
A1A5B4	Homo sapiens	Metazoa	782	False
P53114	Saccharomyces cerevisiae (strain ATCC 204508 / S288c)	Fungi	1132	False
Q9M1E2	Arabidopsis thaliana	Plants	558	True
Q14019	Homo sapiens	Metazoa	142	False
Q8NBA8	Homo sapiens	Metazoa	298	False
Q9Y224	Homo sapiens	Metazoa	244	False
P32558	Saccharomyces cerevisiae (strain ATCC 204508 / S288c)	Fungi	1035	False
P38634	Saccharomyces cerevisiae (strain ATCC 204508 / S288c)	Fungi	284	False
P67999	Rattus norvegicus	Metazoa	525	False
C8YNG6	Petunia hybrida	Plants	462	False
Q8CJ78	Mus musculus	Metazoa	1038	False
P35548	Homo sapiens	Metazoa	267	False
Q9BVJ7	Homo sapiens	Metazoa	150	False
Q6YN16	Homo sapiens	Metazoa	418	False
Q9JHR9	Mus musculus	Metazoa	270	False
Q9Y2K1	Homo sapiens	Metazoa	713	False
Q8LPR5	Arabidopsis thaliana	Plants	420	False
P38827	Saccharomyces cerevisiae (strain ATCC 204508 / S288c)	Fungi	1080	False
Q5Z8R1	Oryza sativa subsp. japonica	Plants	455	False
Q9UBX0	Homo sapiens	Metazoa	185	False
O95478	Homo sapiens	Metazoa	260	False
Q9H2U1	Homo sapiens	Metazoa	1008	False
Q9SL92	Arabidopsis thaliana	Plants	367	False
Q5T6F2	Homo sapiens	Metazoa	1119	False
Q91ZD4	Mus musculus	Metazoa	521	False
Q9QY15	Mus musculus	Metazoa	484	False
Q9D8T2	Mus musculus	Metazoa	487	False
P62784	Caenorhabditis elegans	Metazoa	103	False
Q8VY15	Arabidopsis thaliana	Plants	899	False
Q63065	Rattus norvegicus	Metazoa	434	False
Q9NYQ2	Mus musculus	Metazoa	353	False
Q03825	Saccharomyces cerevisiae (strain ATCC 204508 / S288c)	Fungi	758	False
Q94AQ8	Arabidopsis thaliana	Plants	348	False
Q9NPC1	Homo sapiens	Metazoa	358	True
Q8R507	Mus musculus	Metazoa	461	True
Q969Z0	Homo sapiens	Metazoa	631	False
Q94BQ3	Arabidopsis thaliana	Plants	757	False
A3BF39	Oryza sativa subsp. japonica	Plants	1067	False
Q9LES2	Arabidopsis thaliana	Plants	478	False
P14270	Rattus norvegicus	Metazoa	803	False
Q9FPS9	Arabidopsis thaliana	Plants	924	False
O14311	Schizosaccharomyces pombe (strain 972 / ATCC 24843)	Fungi	307	False
Q9M280	Arabidopsis thaliana	Plants	116	False
Q8BLQ0	Mus musculus	Metazoa	456	False
Q7K3L1	Drosophila melanogaster	Metazoa	921	False
O23140	Arabidopsis thaliana	Plants	438	False
Q62733	Rattus norvegicus	Metazoa	452	False
P00311	Galdieria sulphuraria	Other	172	False
Q680Q4	Arabidopsis thaliana	Plants	884	False
P38771	Saccharomyces cerevisiae (strain ATCC 204508 / S288c)	Fungi	230	False
P31643	Rattus norvegicus	Metazoa	621	True
Q9BUV8	Homo sapiens	Metazoa	137	True
P40556	Saccharomyces cerevisiae (strain ATCC 204508 / S288c)	Fungi	373	True
Q9SE43	Arabidopsis thaliana	Plants	842	False
Q8ND90	Homo sapiens	Metazoa	353	False
Q5M755	Arabidopsis thaliana	Plants	273	False
Q9LVI4	Arabidopsis thaliana	Plants	352	False
Q8WYA6	Homo sapiens	Metazoa	563	False
Q810D1	Rattus norvegicus	Metazoa	196	False
Q10308	Schizosaccharomyces pombe (strain 972 / ATCC 24843)	Fungi	269	False
Q7M3M8	Drosophila melanogaster	Metazoa	793	False
Q9WU82	Rattus norvegicus	Metazoa	781	False
O94289	Schizosaccharomyces pombe (strain 972 / ATCC 24843)	Fungi	718	False
P18115	Xenopus laevis	Metazoa	418	False
P51170	Homo sapiens	Metazoa	649	True
P33751	Saccharomyces cerevisiae (strain ATCC 204508 / S288c)	Fungi	242	False
Q8W4J9	Arabidopsis thaliana	Plants	908	False
Q6NME7	Arabidopsis thaliana	Plants	127	False
P18054	Homo sapiens	Metazoa	663	False
P14732	Gallus gallus	Metazoa	600	False
Q94B78	Arabidopsis thaliana	Plants	1037	False
Q92833	Homo sapiens	Metazoa	1246	False
P27697	Saccharomyces cerevisiae (strain ATCC 204508 / S288c)	Fungi	501	False
P40502	Saccharomyces cerevisiae (strain ATCC 204508 / S288c)	Fungi	157	True
Q811A2	Rattus norvegicus	Metazoa	172	True
Q9C4Z7	Arabidopsis thaliana	Plants	229	False
Q9FKB5	Arabidopsis thaliana	Plants	222	False
O49937	Spinacia oleracea	Plants	293	False
Q00711	Saccharomyces cerevisiae (strain ATCC 204508 / S288c)	Fungi	640	False
P53877	Saccharomyces cerevisiae (strain ATCC 204508 / S288c)	Fungi	555	False
Q06563	Saccharomyces cerevisiae (strain ATCC 204508 / S288c)	Fungi	197	True
Q9HB89	Homo sapiens	Metazoa	426	True
P87227	Schizosaccharomyces pombe (strain 972 / ATCC 24843)	Fungi	672	False
Q12530	Saccharomyces cerevisiae (strain ATCC 204508 / S288c)	Fungi	201	True
Q8BX22	Mus musculus	Metazoa	1067	False
P12755	Homo sapiens	Metazoa	728	False
Q5U249	Xenopus laevis	Metazoa	2408	False
Q8K203	Mus musculus	Metazoa	606	False
P48048	Homo sapiens	Metazoa	391	True
P49919	Mus musculus	Metazoa	348	False
Q6ZMU5	Homo sapiens	Metazoa	477	False
Q08457	Saccharomyces cerevisiae (strain ATCC 204508 / S288c)	Fungi	257	False
Q7TSD4	Mus musculus	Metazoa	393	False
Q9I9A7	Xenopus laevis	Metazoa	617	False
P38291	Saccharomyces cerevisiae (strain ATCC 204508 / S288c)	Fungi	140	False
P24350	Drosophila melanogaster	Metazoa	396	False
Q8K083	Mus musculus	Metazoa	1302	False
Q13404	Homo sapiens	Metazoa	147	False
Q99N13	Mus musculus	Metazoa	588	False
Q7Z2W7	Homo sapiens	Metazoa	1104	False
Q9FYB5	Arabidopsis thaliana	Plants	161	False
O82339	Arabidopsis thaliana	Plants	294	False
P32898	Saccharomyces cerevisiae (strain ATCC 204508 / S288c)	Fungi	989	False
P93740	Arabidopsis thaliana	Plants	280	False
Q6PDM1	Mus musculus	Metazoa	616	False
Q06236	Saccharomyces cerevisiae (strain ATCC 204508 / S288c)	Fungi	168	True
Q12300	Saccharomyces cerevisiae (strain ATCC 204508 / S288c)	Fungi	763	False
Q17632	Caenorhabditis elegans	Metazoa	961	False
Q03489	Petunia hybrida	Plants	241	False
Q8K1S6	Mus musculus	Metazoa	718	False
Q9SX29	Arabidopsis thaliana	Plants	159	False
Q9UGR2	Homo sapiens	Metazoa	977	False
Q15543	Homo sapiens	Metazoa	124	False
Q99N50	Mus musculus	Metazoa	950	False
Q9UGP4	Homo sapiens	Metazoa	676	False
Q9QYC0	Mus musculus	Metazoa	735	False
P51692	Homo sapiens	Metazoa	787	False
C0HKE1	Mus musculus	Metazoa	130	False
Q9Y4G6	Homo sapiens	Metazoa	2542	False
P39979	Saccharomyces cerevisiae (strain ATCC 204508 / S288c)	Fungi	161	False
Q7Z6K1	Homo sapiens	Metazoa	395	False
Q6H1V1	Mus musculus	Metazoa	669	True
G5EG86	Caenorhabditis elegans	Metazoa	394	False
Q9SUR3	Arabidopsis thaliana	Plants	275	False
Q12487	Saccharomyces cerevisiae (strain ATCC 204508 / S288c)	Fungi	163	False
Q1G3K8	Arabidopsis thaliana	Plants	216	False
Q9YGY3	Xenopus laevis	Metazoa	330	False
P19516	Saccharomyces cerevisiae (strain ATCC 204508 / S288c)	Fungi	300	True
Q9XIE2	Arabidopsis thaliana	Plants	1469	False
Q38HM4	Mus musculus	Metazoa	350	False
P32479	Saccharomyces cerevisiae (strain ATCC 204508 / S288c)	Fungi	840	False
P12355	Spinacia oleracea	Plants	231	False
P61160	Homo sapiens	Metazoa	394	False
P25490	Homo sapiens	Metazoa	414	False
Q9FXD6	Arabidopsis thaliana	Plants	521	False
O60293	Homo sapiens	Metazoa	1989	False
P38127	Saccharomyces cerevisiae (strain ATCC 204508 / S288c)	Fungi	377	True
P00071	Pastinaca sativa	Plants	111	False
O14131	Schizosaccharomyces pombe (strain 972 / ATCC 24843)	Fungi	442	False
P0C2C1	Rattus norvegicus	Metazoa	160	False
Q8L773	Arabidopsis thaliana	Plants	244	False
Q12467	Saccharomyces cerevisiae (strain ATCC 204508 / S288c)	Fungi	430	False
P97443	Mus musculus	Metazoa	490	False
O81126	Arabidopsis thaliana	Plants	200	False
Q6UVM4	Rattus norvegicus	Metazoa	1142	True
Q7YZH1	Drosophila melanogaster	Metazoa	3241	False
Q923X4	Mus musculus	Metazoa	156	False
Q02758	Pisum sativum	Plants	251	False
Q06801	Solanum tuberosum	Plants	576	False
P35476	Nicotiana tabacum	Plants	99	False
Q8RWN0	Arabidopsis thaliana	Plants	571	False
O74350	Schizosaccharomyces pombe (strain 972 / ATCC 24843)	Fungi	299	False
Q8QFR2	Xenopus laevis	Metazoa	1013	False
P40342	Saccharomyces cerevisiae (strain ATCC 204508 / S288c)	Fungi	146	False
Q3ZBU2	Bos taurus	Metazoa	106	True
P50110	Saccharomyces cerevisiae (strain ATCC 204508 / S288c)	Fungi	327	True
Q9USR4	Schizosaccharomyces pombe (strain 972 / ATCC 24843)	Fungi	125	False
P22469	Drosophila melanogaster	Metazoa	90	False
A6NK58	Homo sapiens	Metazoa	231	False
Q9D0R4	Mus musculus	Metazoa	546	False
O46098	Drosophila melanogaster	Metazoa	92	False
A0A0G2K047	Rattus norvegicus	Metazoa	683	False
Q92373	Schizosaccharomyces pombe (strain 972 / ATCC 24843)	Fungi	279	False
O80952	Arabidopsis thaliana	Plants	296	False
O88551	Mus musculus	Metazoa	211	True
Q32NR9	Xenopus laevis	Metazoa	708	False
P55317	Homo sapiens	Metazoa	472	False
G5EEQ5	Caenorhabditis elegans	Metazoa	367	False
Q9BXH1	Homo sapiens	Metazoa	193	False
Q7KZF4	Homo sapiens	Metazoa	910	False
K7QKH1	Humulus lupulus	Plants	393	False
Q13569	Homo sapiens	Metazoa	410	False
Q8L4H0	Arabidopsis thaliana	Plants	500	False
O14495	Homo sapiens	Metazoa	311	True
P07664	Drosophila melanogaster	Metazoa	433	False
Q5VZI3	Homo sapiens	Metazoa	342	False
Q16621	Homo sapiens	Metazoa	373	False
P28834	Saccharomyces cerevisiae (strain ATCC 204508 / S288c)	Fungi	360	False
Q8W489	Arabidopsis thaliana	Plants	865	False
Q8SUF9	Encephalitozoon cuniculi (strain GB-M1)	Fungi	553	True
Q9C8R8	Arabidopsis thaliana	Plants	711	False
F4KFT7	Arabidopsis thaliana	Plants	617	False
P17608	Schizosaccharomyces pombe (strain 972 / ATCC 24843)	Fungi	201	False
Q7M753	Mus musculus	Metazoa	456	False
Q8L796	Arabidopsis thaliana	Plants	754	False
P08433	Scyliorhinus canicula	Metazoa	51	False
O75151	Homo sapiens	Metazoa	1096	False
Q13620	Homo sapiens	Metazoa	913	False
P16388	Mus musculus	Metazoa	495	False
P20398	Xenopus laevis	Metazoa	591	False
Q9ES07	Mus musculus	Metazoa	729	True
Q9VRN3	Drosophila melanogaster	Metazoa	225	False
Q9HE07	Schizosaccharomyces pombe (strain 972 / ATCC 24843)	Fungi	534	False
K7X479	Solanum lycopersicum	Plants	313	False
P0DJI6	Mus musculus	Metazoa	106	False
Q9STX3	Arabidopsis thaliana	Plants	151	False
Q8C0L9	Mus musculus	Metazoa	675	False
P56880	Homo sapiens	Metazoa	219	True
Q9M9F0	Arabidopsis thaliana	Plants	311	False
P05205	Drosophila melanogaster	Metazoa	206	False
P23769	Homo sapiens	Metazoa	480	False
Q07478	Saccharomyces cerevisiae (strain ATCC 204508 / S288c)	Fungi	446	False
P23235	Spinacia oleracea	Plants	130	False
P83373	Fragaria ananassa	Plants	339	False
Q8MSU4	Drosophila melanogaster	Metazoa	1165	False
O49397	Arabidopsis thaliana	Plants	552	False
P16096	Spinacia oleracea	Plants	394	False
Q99816	Homo sapiens	Metazoa	390	False
O13959	Schizosaccharomyces pombe (strain 972 / ATCC 24843)	Fungi	107	False
Q9Y2G2	Homo sapiens	Metazoa	537	False
P18615	Homo sapiens	Metazoa	380	False
O74500	Schizosaccharomyces pombe (strain 972 / ATCC 24843)	Fungi	736	False
Q9HCM9	Homo sapiens	Metazoa	518	False
Q9SYM5	Arabidopsis thaliana	Plants	669	False
P60002	Homo sapiens	Metazoa	83	False
A0A509AE54	Plasmodium berghei (strain Anka)	Other	506	True
Q05982	Rattus norvegicus	Metazoa	152	False
Q96ST8	Homo sapiens	Metazoa	783	False
Q5T9L3	Homo sapiens	Metazoa	541	True
P47924	Arabidopsis thaliana	Plants	543	False
P00011	Canis lupus familiaris	Metazoa	105	False
Q9LDE4	Arabidopsis thaliana	Plants	244	False
Q60902	Mus musculus	Metazoa	907	False
Q15853	Homo sapiens	Metazoa	346	False
Q9FF75	Arabidopsis thaliana	Plants	471	False
Q8NGH7	Homo sapiens	Metazoa	329	True
P32336	Saccharomyces cerevisiae (strain ATCC 204508 / S288c)	Fungi	851	False
O43427	Homo sapiens	Metazoa	364	False
B6H9U8	Penicillium rubens (strain ATCC 28089 / DSM 1075 / NRRL 1951 / Wisconsin 54-1255)	Fungi	427	False
Q9SCR2	Arabidopsis thaliana	Plants	209	False
P24864	Homo sapiens	Metazoa	410	False
P47141	Saccharomyces cerevisiae (strain ATCC 204508 / S288c)	Fungi	266	False
Q9UKV3	Homo sapiens	Metazoa	1341	False
Q9H5V7	Homo sapiens	Metazoa	419	False
Q9SAB4	Arabidopsis thaliana	Plants	405	False
Q5RJQ4	Rattus norvegicus	Metazoa	350	False
P38873	Saccharomyces cerevisiae (strain ATCC 204508 / S288c)	Fungi	1557	False
Q43125	Arabidopsis thaliana	Plants	681	False
P25613	Saccharomyces cerevisiae (strain ATCC 204508 / S288c)	Fungi	283	True
Q498E2	Rattus norvegicus	Metazoa	182	False
P38852	Saccharomyces cerevisiae (strain ATCC 204508 / S288c)	Fungi	340	False
P78347	Homo sapiens	Metazoa	998	False
P22221	Flaveria trinervia	Plants	953	False
O74971	Schizosaccharomyces pombe (strain 972 / ATCC 24843)	Fungi	261	False
O49782	Arabidopsis thaliana	Plants	352	False
O22259	Arabidopsis thaliana	Plants	171	False
Q6Z401	Oryza sativa subsp. japonica	Plants	530	True
Q86TB9	Homo sapiens	Metazoa	770	False
P32903	Saccharomyces cerevisiae (strain ATCC 204508 / S288c)	Fungi	40	True
Q01532	Saccharomyces cerevisiae (strain ATCC 204508 / S288c)	Fungi	483	False
Q9UHI6	Homo sapiens	Metazoa	824	False
P40535	Saccharomyces cerevisiae (strain ATCC 204508 / S288c)	Fungi	587	False
Q9NXR8	Homo sapiens	Metazoa	418	False
P35195	Saccharomyces cerevisiae (strain ATCC 204508 / S288c)	Fungi	104	False
P38271	Saccharomyces cerevisiae (strain ATCC 204508 / S288c)	Fungi	328	False
O55236	Mus musculus	Metazoa	597	False
Q8T6B9	Drosophila melanogaster	Metazoa	637	False
P43006	Mus musculus	Metazoa	572	True
Q5VRM0	Oryza sativa subsp. japonica	Plants	91	False
O77475	Drosophila melanogaster	Metazoa	392	True
P63059	Rattus norvegicus	Metazoa	492	False
P30307	Homo sapiens	Metazoa	473	False
P0DPK2	Homo sapiens	Metazoa	136	False
P21146	Bos taurus	Metazoa	689	False
Q8W493	Arabidopsis thaliana	Plants	369	False
Q8IWL8	Homo sapiens	Metazoa	128	False
O14649	Homo sapiens	Metazoa	394	True
P31268	Homo sapiens	Metazoa	230	False
Q9VPQ6	Drosophila melanogaster	Metazoa	1191	False
Q9UBU7	Homo sapiens	Metazoa	674	False
Q9V3I5	Drosophila melanogaster	Metazoa	1207	False
P70062	Xenopus laevis	Metazoa	554	False
O88704	Mus musculus	Metazoa	910	False
P31944	Homo sapiens	Metazoa	242	False
Q8TBE7	Homo sapiens	Metazoa	412	False
P41934	Caenorhabditis elegans	Metazoa	542	False
P19882	Saccharomyces cerevisiae (strain ATCC 204508 / S288c)	Fungi	572	False
P85037	Homo sapiens	Metazoa	733	False
Q07913	Saccharomyces cerevisiae (strain ATCC 204508 / S288c)	Fungi	336	False
B9QMJ0	Toxoplasma gondii (strain ATCC 50861 / VEG)	Other	1338	False
Q6ISB3	Homo sapiens	Metazoa	625	False
Q3U0V2	Mus musculus	Metazoa	310	False
P04762	Rattus norvegicus	Metazoa	527	False
Q8WVQ1	Homo sapiens	Metazoa	401	True
O54794	Mus musculus	Metazoa	303	True
P21964	Homo sapiens	Metazoa	271	True
Q7XJM2	Arabidopsis thaliana	Plants	618	False
Q8CF60	Mus musculus	Metazoa	680	False
P20095	Saccharomyces cerevisiae (strain ATCC 204508 / S288c)	Fungi	876	False
Q6NPP4	Arabidopsis thaliana	Plants	1050	False
A0A0B5LB55	Penicillium brevicompactum	Fungi	433	False
O94489	Schizosaccharomyces pombe (strain 972 / ATCC 24843)	Fungi	1047	False
Q94BV2	Arabidopsis thaliana	Plants	181	False
O65435	Arabidopsis thaliana	Plants	600	False
Q9VYN8	Drosophila melanogaster	Metazoa	3004	False
G4NBR8	Pyricularia oryzae (strain 70-15 / ATCC MYA-4617 / FGSC 8958)	Fungi	548	False
Q96BT3	Homo sapiens	Metazoa	561	False
Q96LB0	Homo sapiens	Metazoa	322	True
P24699	Mus musculus	Metazoa	255	False
Q8N7B1	Homo sapiens	Metazoa	307	False
Q9LEB4	Nicotiana plumbaginifolia	Plants	409	False
P38042	Saccharomyces cerevisiae (strain ATCC 204508 / S288c)	Fungi	758	False
P79083	Schizosaccharomyces pombe (strain 972 / ATCC 24843)	Fungi	328	False
P50091	Saccharomyces cerevisiae (strain ATCC 204508 / S288c)	Fungi	288	False
P63002	Mus musculus	Metazoa	197	False
F1MA98	Rattus norvegicus	Metazoa	2360	False
Q96PH1	Homo sapiens	Metazoa	765	False
P40085	Saccharomyces cerevisiae (strain ATCC 204508 / S288c)	Fungi	556	True
P41073	Drosophila melanogaster	Metazoa	716	False
P23025	Homo sapiens	Metazoa	273	False
P48003	Schizosaccharomyces pombe (strain 972 / ATCC 24843)	Fungi	139	False
P14740	Rattus norvegicus	Metazoa	767	True
Q9D1N4	Mus musculus	Metazoa	221	True
Q9H4M9	Homo sapiens	Metazoa	534	False
P0CY08	Saccharomyces cerevisiae (strain ATCC 204508 / S288c)	Fungi	210	False
Q9VFF3	Drosophila melanogaster	Metazoa	900	False
G5EEK9	Caenorhabditis elegans	Metazoa	873	False
Q03615	Caenorhabditis elegans	Metazoa	305	False
Q66WT7	Bos taurus	Metazoa	162	False
P33303	Saccharomyces cerevisiae (strain ATCC 204508 / S288c)	Fungi	322	True
Q86XP3	Homo sapiens	Metazoa	938	False
Q63035	Rattus norvegicus	Metazoa	881	False
P39008	Saccharomyces cerevisiae (strain ATCC 204508 / S288c)	Fungi	433	False
F4JQH3	Arabidopsis thaliana	Plants	645	False
P58501	Mus musculus	Metazoa	919	False
P40999	Schizosaccharomyces pombe (strain 972 / ATCC 24843)	Fungi	330	False
P00359	Saccharomyces cerevisiae (strain ATCC 204508 / S288c)	Fungi	332	False
P30551	Rattus norvegicus	Metazoa	444	True
P16547	Saccharomyces cerevisiae (strain ATCC 204508 / S288c)	Fungi	393	True
Q9LM71	Arabidopsis thaliana	Plants	232	False
Q8VZJ1	Arabidopsis thaliana	Plants	379	False
Q8H0T5	Arabidopsis thaliana	Plants	262	False
Q02888	Saccharomyces cerevisiae (strain ATCC 204508 / S288c)	Fungi	182	False
Q8TB92	Homo sapiens	Metazoa	370	False
Q8WXD5	Homo sapiens	Metazoa	167	False
Q7SC44	Neurospora crassa (strain ATCC 24698 / 74-OR23-1A / CBS 708.71 / DSM 1257 / FGSC 987)	Fungi	274	False
O75586	Homo sapiens	Metazoa	246	False
P32191	Saccharomyces cerevisiae (strain ATCC 204508 / S288c)	Fungi	649	False
O60044	Neurospora crassa (strain ATCC 24698 / 74-OR23-1A / CBS 708.71 / DSM 1257 / FGSC 987)	Fungi	454	False
P55014	Mus musculus	Metazoa	1095	False
Q8IG69	Caenorhabditis elegans	Metazoa	100	False
Q54KF1	Dictyostelium discoideum	Other	1158	False
Q9SKY1	Arabidopsis thaliana	Plants	71	True
Q9W0I5	Drosophila melanogaster	Metazoa	251	False
G5EEV2	Caenorhabditis elegans	Metazoa	4062	False
P32559	Saccharomyces cerevisiae (strain ATCC 204508 / S288c)	Fungi	526	False
Q3UMR5	Mus musculus	Metazoa	350	False
Q53KK6	Oryza sativa subsp. japonica	Plants	784	False
Q9WVE8	Mus musculus	Metazoa	486	False
Q9LJE5	Arabidopsis thaliana	Plants	667	False
P25028	Drosophila melanogaster	Metazoa	696	False
Q9UHK0	Homo sapiens	Metazoa	495	False
Q02959	Saccharomyces cerevisiae (strain ATCC 204508 / S288c)	Fungi	697	False
Q96VH4	Saccharomyces cerevisiae (strain ATCC 204508 / S288c)	Fungi	193	False
Q5T2D3	Homo sapiens	Metazoa	398	False
P32344	Saccharomyces cerevisiae (strain ATCC 204508 / S288c)	Fungi	111	False
P36060	Saccharomyces cerevisiae (strain ATCC 204508 / S288c)	Fungi	302	True
P97675	Rattus norvegicus	Metazoa	875	True
O15375	Homo sapiens	Metazoa	505	True
P18871	Sus scrofa	Metazoa	465	True
P29275	Homo sapiens	Metazoa	332	True
Q6IA86	Homo sapiens	Metazoa	826	False
O94875	Homo sapiens	Metazoa	1100	False
Q96DU9	Homo sapiens	Metazoa	382	False
P29350	Homo sapiens	Metazoa	595	False
Q811D2	Mus musculus	Metazoa	1581	False
Q01962	Komagataella pastoris	Fungi	713	False
Q9ER60	Mus musculus	Metazoa	1841	False
O95714	Homo sapiens	Metazoa	4834	False
Q8RWN9	Arabidopsis thaliana	Plants	539	False
Q9UFF9	Homo sapiens	Metazoa	292	False
Q59LY1	Candida albicans (strain SC5314 / ATCC MYA-2876)	Fungi	422	False
Q8WY64	Homo sapiens	Metazoa	445	False
P41250	Homo sapiens	Metazoa	739	False
Q9ES19	Rattus norvegicus	Metazoa	347	False
P17225	Mus musculus	Metazoa	555	False
Q9SKT0	Arabidopsis thaliana	Plants	300	False
E5KBU4	Physcomitrium patens	Plants	394	False
Q9Y345	Homo sapiens	Metazoa	797	False
Q9LHP2	Arabidopsis thaliana	Plants	262	False
P46063	Homo sapiens	Metazoa	649	False
Q8WWM9	Homo sapiens	Metazoa	190	False
P11049	Homo sapiens	Metazoa	281	True
P16389	Homo sapiens	Metazoa	499	False
Q61285	Mus musculus	Metazoa	741	False
Q12082	Saccharomyces cerevisiae (strain ATCC 204508 / S288c)	Fungi	118	False
P40984	Schizosaccharomyces pombe (strain 972 / ATCC 24843)	Fungi	157	False
Q9R007	Mus musculus	Metazoa	190	True
Q9V461	Drosophila melanogaster	Metazoa	817	False
P10103	Bos taurus	Metazoa	215	False
Q9WTS4	Mus musculus	Metazoa	2731	False
Q19360	Caenorhabditis elegans	Metazoa	430	False
Q99LZ3	Mus musculus	Metazoa	223	False
Q62233	Mus musculus	Metazoa	333	False
Q12340	Saccharomyces cerevisiae (strain ATCC 204508 / S288c)	Fungi	786	False
Q8TDS4	Homo sapiens	Metazoa	363	True
Q3UMW7	Mus musculus	Metazoa	384	False
P35813	Homo sapiens	Metazoa	382	False
Q9NVX2	Homo sapiens	Metazoa	485	False
A0JN39	Bos taurus	Metazoa	953	False
Q12188	Saccharomyces cerevisiae (strain ATCC 204508 / S288c)	Fungi	680	False
P68543	Homo sapiens	Metazoa	259	False
Q9JIF0	Mus musculus	Metazoa	371	False
P52892	Saccharomyces cerevisiae (strain ATCC 204508 / S288c)	Fungi	507	False
P29966	Homo sapiens	Metazoa	332	False
P05549	Homo sapiens	Metazoa	437	False
Q9Z1B8	Mus musculus	Metazoa	559	False
Q13351	Homo sapiens	Metazoa	362	False
D0Q0Y7	Rattus norvegicus	Metazoa	160	True
Q96GZ6	Homo sapiens	Metazoa	507	True
Q682U6	Arabidopsis thaliana	Plants	316	False
Q8INM3	Drosophila melanogaster	Metazoa	1420	False
Q3YEC7	Homo sapiens	Metazoa	729	False
Q03164	Homo sapiens	Metazoa	3969	False
E2RU10	Giardia intestinalis (strain ATCC 50803 / WB clone C6)	Other	238	False
Q8R3N6	Mus musculus	Metazoa	657	False
Q95ZL9	Caenorhabditis elegans	Metazoa	152	False
Q99N69	Mus musculus	Metazoa	386	False
P03910	Bos taurus	Metazoa	459	True
Q99MR6	Mus musculus	Metazoa	875	False
Q61161	Mus musculus	Metazoa	821	False
P51683	Mus musculus	Metazoa	373	True
Q8TDD5	Homo sapiens	Metazoa	553	True
Q9NZC4	Homo sapiens	Metazoa	300	False
Q9P127	Homo sapiens	Metazoa	313	False
Q9SX85	Arabidopsis thaliana	Plants	887	False
Q05652	Drosophila melanogaster	Metazoa	501	False
Q9WUK6	Mus musculus	Metazoa	522	False
Q94A68	Arabidopsis thaliana	Plants	377	False
Q9Y4B6	Homo sapiens	Metazoa	1507	False
Q9HD23	Homo sapiens	Metazoa	443	False
Q9H4L5	Homo sapiens	Metazoa	887	False
Q9WV30	Mus musculus	Metazoa	1534	False
O15164	Homo sapiens	Metazoa	1050	False
P39102	Saccharomyces cerevisiae (strain ATCC 204508 / S288c)	Fungi	459	False
P39104	Saccharomyces cerevisiae (strain ATCC 204508 / S288c)	Fungi	1066	False
Q38896	Arabidopsis thaliana	Plants	201	False
Q61127	Mus musculus	Metazoa	525	False
Q8N5Y2	Homo sapiens	Metazoa	521	False
P54790	Saccharomyces cerevisiae (strain ATCC 204508 / S288c)	Fungi	616	False
Q9VYS5	Drosophila melanogaster	Metazoa	334	False
Q8N1M1	Homo sapiens	Metazoa	668	True
P56471	Sus scrofa	Metazoa	366	False
A1A6H3	Arabidopsis thaliana	Plants	379	False
C4QYG0	Komagataella phaffii (strain GS115 / ATCC 20864)	Fungi	376	False
O23299	Arabidopsis thaliana	Plants	240	False
O70200	Mus musculus	Metazoa	147	False
Q9NZC7	Homo sapiens	Metazoa	414	False
A0A1D6IEG9	Zea mays	Plants	668	False
Q8IZL2	Homo sapiens	Metazoa	1156	False
Q9FKW6	Arabidopsis thaliana	Plants	360	False
Q9UMX2	Homo sapiens	Metazoa	235	False
Q5D1E8	Homo sapiens	Metazoa	599	False
Q21952	Caenorhabditis elegans	Metazoa	490	False
P00029	Asterias rubens	Metazoa	104	False
Q9W5E1	Drosophila melanogaster	Metazoa	108	False
O22224	Arabidopsis thaliana	Plants	861	False
P13861	Homo sapiens	Metazoa	404	False
P46673	Saccharomyces cerevisiae (strain ATCC 204508 / S288c)	Fungi	744	False
Q9Y3D7	Homo sapiens	Metazoa	125	False
Q9FLQ4	Arabidopsis thaliana	Plants	464	False
Q1MTN9	Schizosaccharomyces pombe (strain 972 / ATCC 24843)	Fungi	544	False
Q9C667	Arabidopsis thaliana	Plants	611	False
P32357	Saccharomyces cerevisiae (strain ATCC 204508 / S288c)	Fungi	355	False
P39951	Rattus norvegicus	Metazoa	297	False
Q9JLB2	Mus musculus	Metazoa	675	False
P36533	Saccharomyces cerevisiae (strain ATCC 204508 / S288c)	Fungi	70	False
Q07969	Rattus norvegicus	Metazoa	472	True
Q84TI6	Arabidopsis thaliana	Plants	470	False
Q96NE9	Homo sapiens	Metazoa	622	False
Q9FNR1	Arabidopsis thaliana	Plants	309	False
Q9SLK0	Arabidopsis thaliana	Plants	416	False
P28320	Saccharomyces cerevisiae (strain ATCC 204508 / S288c)	Fungi	278	False
Q04887	Mus musculus	Metazoa	507	False
Q9FMM3	Arabidopsis thaliana	Plants	1714	False
O94411	Schizosaccharomyces pombe (strain 972 / ATCC 24843)	Fungi	509	False
Q9FUZ2	Arabidopsis thaliana	Plants	273	False
A0A075TXZ1	Penicillium expansum	Fungi	324	False
Q9W3T5	Drosophila melanogaster	Metazoa	79	True
O35078	Rattus norvegicus	Metazoa	346	False
O43707	Homo sapiens	Metazoa	911	False
Q69ZF8	Mus musculus	Metazoa	577	False
Q84Q77	Oryza sativa subsp. japonica	Plants	161	False
Q04598	Saccharomyces cerevisiae (strain ATCC 204508 / S288c)	Fungi	105	False
P00420	Saccharomyces cerevisiae (strain ATCC 204508 / S288c)	Fungi	269	True
Q9JI13	Mus musculus	Metazoa	469	False
P09874	Homo sapiens	Metazoa	1014	False
Q9P6S5	Schizosaccharomyces pombe (strain 972 / ATCC 24843)	Fungi	307	False
O70511	Rattus norvegicus	Metazoa	2622	False
P23351	Neurospora crassa (strain ATCC 24698 / 74-OR23-1A / CBS 708.71 / DSM 1257 / FGSC 987)	Fungi	508	False
O88974	Mus musculus	Metazoa	1307	False
Q9FHD7	Arabidopsis thaliana	Plants	487	False
O00566	Homo sapiens	Metazoa	681	False
F1QC45	Danio rerio	Metazoa	376	False
Q63210	Rattus norvegicus	Metazoa	379	False
Q12315	Saccharomyces cerevisiae (strain ATCC 204508 / S288c)	Fungi	538	False
Q8NFJ5	Homo sapiens	Metazoa	357	True
Q94CF0	Arabidopsis thaliana	Plants	545	False
Q4X095	Aspergillus fumigatus (strain ATCC MYA-4609 / CBS 101355 / FGSC A1100 / Af293)	Fungi	247	False
Q92565	Homo sapiens	Metazoa	580	False
P26196	Homo sapiens	Metazoa	483	False
Q02775	Saccharomyces cerevisiae (strain ATCC 204508 / S288c)	Fungi	382	False
Q60676	Mus musculus	Metazoa	499	False
Q8TCG2	Homo sapiens	Metazoa	481	False
Q9JK45	Mus musculus	Metazoa	933	False
Q9UBW7	Homo sapiens	Metazoa	1377	False
O14818	Homo sapiens	Metazoa	248	False
Q09669	Schizosaccharomyces pombe (strain 972 / ATCC 24843)	Fungi	422	False
Q9SN74	Arabidopsis thaliana	Plants	240	False
Q03262	Saccharomyces cerevisiae (strain ATCC 204508 / S288c)	Fungi	622	False
Q9NY59	Homo sapiens	Metazoa	655	False
P61326	Homo sapiens	Metazoa	146	False
Q640N2	Mus musculus	Metazoa	427	False
Q9JIK5	Mus musculus	Metazoa	851	False
Q7S5N0	Neurospora crassa (strain ATCC 24698 / 74-OR23-1A / CBS 708.71 / DSM 1257 / FGSC 987)	Fungi	364	False
Q9Y4F1	Homo sapiens	Metazoa	1045	False
Q8IP99	Drosophila melanogaster	Metazoa	308	False
P53154	Saccharomyces cerevisiae (strain ATCC 204508 / S288c)	Fungi	560	True
Q9FKS5	Arabidopsis thaliana	Plants	307	False
Q9VR38	Drosophila melanogaster	Metazoa	528	False
Q8WU08	Homo sapiens	Metazoa	396	False
P22812	Drosophila melanogaster	Metazoa	462	False
Q9Y375	Homo sapiens	Metazoa	327	False
Q07141	Rattus norvegicus	Metazoa	748	False
P26569	Arabidopsis thaliana	Plants	273	False
P41003	Schizosaccharomyces pombe (strain 972 / ATCC 24843)	Fungi	1172	False
Q10336	Schizosaccharomyces pombe (strain 972 / ATCC 24843)	Fungi	327	False
P52189	Mus musculus	Metazoa	445	True
P22134	Saccharomyces cerevisiae (strain ATCC 204508 / S288c)	Fungi	296	False
O00337	Homo sapiens	Metazoa	649	True
P53266	Saccharomyces cerevisiae (strain ATCC 204508 / S288c)	Fungi	389	True
Q9H3M7	Homo sapiens	Metazoa	391	False
Q06205	Saccharomyces cerevisiae (strain ATCC 204508 / S288c)	Fungi	392	False
Q9HC29	Homo sapiens	Metazoa	1040	False
O94708	Schizosaccharomyces pombe (strain 972 / ATCC 24843)	Fungi	394	False
Q9HB21	Homo sapiens	Metazoa	404	False
Q9NXR7	Homo sapiens	Metazoa	383	False
O43586	Homo sapiens	Metazoa	416	False
Q9LH52	Arabidopsis thaliana	Plants	325	False
P41778	Mus musculus	Metazoa	430	False
Q01534	Homo sapiens	Metazoa	308	False
Q90ZB6	Xenopus laevis	Metazoa	551	False
P00013	Miniopterus schreibersii	Metazoa	105	False
P41765	Aspergillus flavus (strain ATCC 200026 / FGSC A1120 / IAM 13836 / NRRL 3357 / JCM 12722 / SRRC 167)	Fungi	444	False
P47140	Saccharomyces cerevisiae (strain ATCC 204508 / S288c)	Fungi	327	False
B6RAL1	Penicillium expansum	Fungi	1394	False
Q9P3U7	Schizosaccharomyces pombe (strain 972 / ATCC 24843)	Fungi	547	True
Q96H86	Homo sapiens	Metazoa	408	False
Q92499	Homo sapiens	Metazoa	740	False
Q969L4	Homo sapiens	Metazoa	123	False
P32843	Saccharomyces cerevisiae (strain ATCC 204508 / S288c)	Fungi	850	False
P13073	Homo sapiens	Metazoa	169	False
Q96FV9	Homo sapiens	Metazoa	657	False
Q96ER3	Homo sapiens	Metazoa	474	False
Q99714	Homo sapiens	Metazoa	261	False
P0DO01	Oryza sativa subsp. japonica	Plants	447	False
P35212	Homo sapiens	Metazoa	333	True
Q8BFX3	Mus musculus	Metazoa	815	False
Q94A84	Arabidopsis thaliana	Plants	487	False
O13792	Schizosaccharomyces pombe (strain 972 / ATCC 24843)	Fungi	434	False
C0HLU2	Homo sapiens	Metazoa	46	False
B9DGU7	Arabidopsis thaliana	Plants	267	False
P30416	Mus musculus	Metazoa	458	False
Q9C5Q2	Arabidopsis thaliana	Plants	262	False
Q9CR21	Mus musculus	Metazoa	156	False
Q80VQ0	Mus musculus	Metazoa	468	False
Q94251	Caenorhabditis elegans	Metazoa	936	False
D3ZKB9	Rattus norvegicus	Metazoa	1072	False
Q99829	Homo sapiens	Metazoa	537	False
Q8CG46	Mus musculus	Metazoa	1101	False
P40484	Saccharomyces cerevisiae (strain ATCC 204508 / S288c)	Fungi	314	False
Q8WU10	Homo sapiens	Metazoa	500	False
O95926	Homo sapiens	Metazoa	243	False
Q6VMQ6	Homo sapiens	Metazoa	1270	False
Q9BQP7	Homo sapiens	Metazoa	344	False
Q9BYG8	Homo sapiens	Metazoa	508	False
Q9VKV5	Drosophila melanogaster	Metazoa	319	False
P49802	Homo sapiens	Metazoa	495	False
P31244	Saccharomyces cerevisiae (strain ATCC 204508 / S288c)	Fungi	790	False
Q9UP83	Homo sapiens	Metazoa	860	False
Q9Y6W6	Homo sapiens	Metazoa	482	False
Q6P4R8	Homo sapiens	Metazoa	1299	False
P30085	Homo sapiens	Metazoa	196	False
P63096	Homo sapiens	Metazoa	354	False
Q53GS9	Homo sapiens	Metazoa	565	False
Q14916	Homo sapiens	Metazoa	467	True
Q5TD97	Homo sapiens	Metazoa	284	False
Q9QZX8	Rattus norvegicus	Metazoa	687	True
Q5F2E7	Mus musculus	Metazoa	692	False
Q53R41	Homo sapiens	Metazoa	847	False
P60710	Mus musculus	Metazoa	375	False
Q0WNP8	Arabidopsis thaliana	Plants	263	False
Q12172	Saccharomyces cerevisiae (strain ATCC 204508 / S288c)	Fungi	810	False
Q9LJ04	Oryza sativa subsp. japonica	Plants	490	False
Q920N5	Cricetulus griseus	Metazoa	640	False
Q02013	Mus musculus	Metazoa	269	True
Q8BUX5	Mus musculus	Metazoa	455	True
Q9BTU6	Homo sapiens	Metazoa	479	False
Q8VYI0	Arabidopsis thaliana	Plants	98	False
P53836	Saccharomyces cerevisiae (strain ATCC 204508 / S288c)	Fungi	1060	False
Q9QZU4	Mus musculus	Metazoa	167	False
P86452	Homo sapiens	Metazoa	979	False
B3DH96	Danio rerio	Metazoa	325	True
Q7KRY6	Drosophila melanogaster	Metazoa	599	False
P39985	Saccharomyces cerevisiae (strain ATCC 204508 / S288c)	Fungi	1022	False
P27736	Triticum aestivum	Plants	615	False
Q8CHK4	Mus musculus	Metazoa	513	False
Q9JLP1	Rattus norvegicus	Metazoa	346	False
A2CEI6	Danio rerio	Metazoa	1046	False
Q9VK34	Drosophila melanogaster	Metazoa	823	False
P68100	Eschrichtius robustus	Metazoa	105	False
Q9Y5X5	Homo sapiens	Metazoa	522	False
Q8CD15	Mus musculus	Metazoa	465	False
Q62504	Mus musculus	Metazoa	3644	False
O24606	Arabidopsis thaliana	Plants	628	False
P35197	Saccharomyces cerevisiae (strain ATCC 204508 / S288c)	Fungi	352	False
Q05917	Gallus gallus	Metazoa	289	False
Q9JLN9	Mus musculus	Metazoa	2549	False
O95568	Homo sapiens	Metazoa	372	False
G5ECG2	Caenorhabditis elegans	Metazoa	467	False
Q04867	Saccharomyces cerevisiae (strain ATCC 204508 / S288c)	Fungi	317	False
C8VSZ2	Emericella nidulans (strain FGSC A4 / ATCC 38163 / CBS 112.46 / NRRL 194 / M139)	Fungi	370	False
Q8S4Q6	Arabidopsis thaliana	Plants	202	False
Q8CE22	Mus musculus	Metazoa	761	False
A0AVK6	Homo sapiens	Metazoa	867	False
Q9STL9	Arabidopsis thaliana	Plants	633	False
Q8GSA7	Arabidopsis thaliana	Plants	1032	False
Q9CR95	Mus musculus	Metazoa	275	False
P19145	Saccharomyces cerevisiae (strain ATCC 204508 / S288c)	Fungi	602	False
P38351	Saccharomyces cerevisiae (strain ATCC 204508 / S288c)	Fungi	445	False
P30189	Drosophila melanogaster	Metazoa	972	False
Q9FFF2	Arabidopsis thaliana	Plants	334	False
P47114	Saccharomyces cerevisiae (strain ATCC 204508 / S288c)	Fungi	497	True
O76075	Homo sapiens	Metazoa	338	False
O45717	Caenorhabditis elegans	Metazoa	293	False
Q6EWH2	Danio rerio	Metazoa	537	False
P40581	Saccharomyces cerevisiae (strain ATCC 204508 / S288c)	Fungi	163	False
V5ILE0	Neurospora crassa (strain ATCC 24698 / 74-OR23-1A / CBS 708.71 / DSM 1257 / FGSC 987)	Fungi	428	False
Q283Q6	Xenopus laevis	Metazoa	784	False
Q94IN5	Euglena gracilis	Other	1803	False
P18066	Canis lupus familiaris	Metazoa	215	False
P56645	Homo sapiens	Metazoa	1201	False
P26884	Bos taurus	Metazoa	224	False
Q8LGD5	Arabidopsis thaliana	Plants	222	False
Q8LCG7	Arabidopsis thaliana	Plants	199	False
Q5C9I9	Mentha piperita	Plants	265	False
Q07666	Homo sapiens	Metazoa	443	False
Q9FKB3	Arabidopsis thaliana	Plants	310	False
P36017	Saccharomyces cerevisiae (strain ATCC 204508 / S288c)	Fungi	210	False
Q8W575	Arabidopsis thaliana	Plants	429	False
Q15583	Homo sapiens	Metazoa	401	False
Q96RU2	Homo sapiens	Metazoa	1077	False
P19955	Saccharomyces cerevisiae (strain ATCC 204508 / S288c)	Fungi	123	False
P52292	Homo sapiens	Metazoa	529	False
Q06630	Saccharomyces cerevisiae (strain ATCC 204508 / S288c)	Fungi	226	False
P40459	Saccharomyces cerevisiae (strain ATCC 204508 / S288c)	Fungi	309	False
B9DGD6	Arabidopsis thaliana	Plants	743	False
Q9Y314	Homo sapiens	Metazoa	301	False
P36112	Saccharomyces cerevisiae (strain ATCC 204508 / S288c)	Fungi	540	True
Q9GZY8	Homo sapiens	Metazoa	342	False
P15337	Rattus norvegicus	Metazoa	327	False
Q96KN3	Homo sapiens	Metazoa	472	False
O88508	Mus musculus	Metazoa	908	False
O44548	Caenorhabditis elegans	Metazoa	877	False
Q39548	Cucurbita maxima	Plants	789	False
Q06188	Saccharomyces cerevisiae (strain ATCC 204508 / S288c)	Fungi	304	False
Q12063	Saccharomyces cerevisiae (strain ATCC 204508 / S288c)	Fungi	375	False
Q8K120	Mus musculus	Metazoa	901	False
Q22024	Caenorhabditis elegans	Metazoa	543	False
Q07307	Emericella nidulans (strain FGSC A4 / ATCC 38163 / CBS 112.46 / NRRL 194 / M139)	Fungi	574	True
Q9LZW4	Arabidopsis thaliana	Plants	442	False
Q9H9L4	Homo sapiens	Metazoa	492	False
O62618	Drosophila melanogaster	Metazoa	366	False
Q8GUU3	Arabidopsis thaliana	Plants	613	False
P0C6T3	Rattus norvegicus	Metazoa	269	True
O88867	Rattus norvegicus	Metazoa	478	False
P38830	Saccharomyces cerevisiae (strain ATCC 204508 / S288c)	Fungi	627	False
F4KHI3	Arabidopsis thaliana	Plants	1168	False
A0A1P8B0B7	Arabidopsis thaliana	Plants	597	False
P35228	Homo sapiens	Metazoa	1153	False
Q9BSH4	Homo sapiens	Metazoa	297	False
P33207	Arabidopsis thaliana	Plants	319	False
Q64096	Mus musculus	Metazoa	1149	False
Q08303	Solanum lycopersicum	Plants	630	False
Q5SWU9	Mus musculus	Metazoa	2345	False
Q8L7G0	Arabidopsis thaliana	Plants	665	False
O70422	Mus musculus	Metazoa	463	False
Q12242	Saccharomyces cerevisiae (strain ATCC 204508 / S288c)	Fungi	671	False
Q14318	Homo sapiens	Metazoa	412	False
Q9FVV7	Arabidopsis thaliana	Plants	176	False
Q5T440	Homo sapiens	Metazoa	356	False
P39683	Saccharomyces cerevisiae (strain ATCC 204508 / S288c)	Fungi	429	False
Q91WE2	Mus musculus	Metazoa	254	False
Q9W1R4	Drosophila melanogaster	Metazoa	1395	False
Q8N4Q1	Homo sapiens	Metazoa	142	False
P33749	Saccharomyces cerevisiae (strain ATCC 204508 / S288c)	Fungi	630	False
K4CF70	Solanum lycopersicum	Plants	476	False
Q8BKC5	Mus musculus	Metazoa	1097	False
Q9UL42	Homo sapiens	Metazoa	364	False
Q7KHG2	Drosophila melanogaster	Metazoa	1486	False
Q12151	Saccharomyces cerevisiae (strain ATCC 204508 / S288c)	Fungi	913	False
Q9NQV6	Homo sapiens	Metazoa	1147	False
P82251	Homo sapiens	Metazoa	487	True
Q9SHJ5	Arabidopsis thaliana	Plants	585	False
P23347	Rattus norvegicus	Metazoa	1234	False
Q8N196	Homo sapiens	Metazoa	739	False
P0C0S5	Homo sapiens	Metazoa	128	False
Q652K1	Oryza sativa subsp. japonica	Plants	274	False
P53874	Saccharomyces cerevisiae (strain ATCC 204508 / S288c)	Fungi	792	False
P0DME0	Homo sapiens	Metazoa	292	False
Q8L7Z0	Arabidopsis thaliana	Plants	720	True
P47112	Saccharomyces cerevisiae (strain ATCC 204508 / S288c)	Fungi	604	False
Q9NZ81	Homo sapiens	Metazoa	148	False
P25046	Saccharomyces cerevisiae (strain ATCC 204508 / S288c)	Fungi	220	False
Q9VL63	Drosophila melanogaster	Metazoa	290	False
F4JLC1	Arabidopsis thaliana	Plants	331	False
P28069	Homo sapiens	Metazoa	291	False
Q9VXE6	Drosophila melanogaster	Metazoa	1883	False
Q8C2K1	Mus musculus	Metazoa	630	False
Q7KTX8	Drosophila melanogaster	Metazoa	2618	False
Q9Z339	Rattus norvegicus	Metazoa	241	False
Q9P7C8	Schizosaccharomyces pombe (strain 972 / ATCC 24843)	Fungi	214	False
O49931	Pisum sativum	Plants	553	False
P53552	Saccharomyces cerevisiae (strain ATCC 204508 / S288c)	Fungi	1597	False
Q8W4D6	Arabidopsis thaliana	Plants	598	False
Q9V3K3	Drosophila melanogaster	Metazoa	481	False
Q6IV72	Homo sapiens	Metazoa	752	False
O54931	Mus musculus	Metazoa	1089	False
Q501B2	Arabidopsis thaliana	Plants	409	False
P78563	Homo sapiens	Metazoa	741	False
Q93YU8	Arabidopsis thaliana	Plants	796	False
Q969I6	Homo sapiens	Metazoa	547	False
Q8VYM2	Arabidopsis thaliana	Plants	524	True
Q14181	Homo sapiens	Metazoa	598	False
P24468	Homo sapiens	Metazoa	414	False
Q45VV3	Drosophila melanogaster	Metazoa	395	False
P0DOV2	Mus musculus	Metazoa	619	False
Q9WTK2	Mus musculus	Metazoa	593	False
Q9HGP4	Schizosaccharomyces pombe (strain 972 / ATCC 24843)	Fungi	727	False
Q0P3K2	Ostreococcus tauri	Plants	733	True
Q39214	Arabidopsis thaliana	Plants	926	False
Q15208	Homo sapiens	Metazoa	465	False
P63036	Rattus norvegicus	Metazoa	397	False
Q80TS7	Mus musculus	Metazoa	710	False
Q9NS18	Homo sapiens	Metazoa	164	False
B8B2R4	Oryza sativa subsp. indica	Plants	377	False
Q92522	Homo sapiens	Metazoa	213	False
Q9NTI2	Homo sapiens	Metazoa	1188	False
Q5I2A0	Mus musculus	Metazoa	440	False
Q9NPI6	Homo sapiens	Metazoa	582	False
P48629	Spinacia oleracea	Plants	447	False
P10507	Saccharomyces cerevisiae (strain ATCC 204508 / S288c)	Fungi	462	False
Q9SRY4	Arabidopsis thaliana	Plants	453	False
Q9M1D3	Arabidopsis thaliana	Plants	464	False
Q86UU0	Homo sapiens	Metazoa	1499	False
A0A2R6X6S3	Marchantia polymorpha	Plants	911	False
Q9Z0P7	Mus musculus	Metazoa	484	False
Q15424	Homo sapiens	Metazoa	915	False
P00077	Strigomonas oncopelti	Other	113	False
O88764	Rattus norvegicus	Metazoa	448	False
A0A5K7RLP0	Mus musculus	Metazoa	589	False
O35857	Mus musculus	Metazoa	452	False
Q01663	Schizosaccharomyces pombe (strain 972 / ATCC 24843)	Fungi	552	False
O35987	Rattus norvegicus	Metazoa	370	False
P30556	Homo sapiens	Metazoa	359	True
Q9QXZ9	Mus musculus	Metazoa	521	True
P47083	Saccharomyces cerevisiae (strain ATCC 204508 / S288c)	Fungi	593	False
Q09842	Schizosaccharomyces pombe (strain 972 / ATCC 24843)	Fungi	407	False
P30997	Gallus gallus	Metazoa	906	False
G5EC23	Caenorhabditis elegans	Metazoa	782	False
Q96TA2	Homo sapiens	Metazoa	773	False
P50623	Saccharomyces cerevisiae (strain ATCC 204508 / S288c)	Fungi	157	False
Q5VY09	Homo sapiens	Metazoa	327	False
Q9UHW9	Homo sapiens	Metazoa	1150	False
P53166	Saccharomyces cerevisiae (strain ATCC 204508 / S288c)	Fungi	561	False
Q9S709	Arabidopsis thaliana	Plants	296	False
Q13574	Homo sapiens	Metazoa	928	False
Q8VZ10	Arabidopsis thaliana	Plants	1055	False
P09547	Saccharomyces cerevisiae (strain ATCC 204508 / S288c)	Fungi	1314	False
O81127	Arabidopsis thaliana	Plants	187	False
Q9DBS1	Mus musculus	Metazoa	400	True
O05000	Arabidopsis thaliana	Plants	499	True
B1ASB6	Mus musculus	Metazoa	1015	False
D3ZK93	Rattus norvegicus	Metazoa	322	True
P49187	Rattus norvegicus	Metazoa	464	False
O15524	Homo sapiens	Metazoa	211	False
Q3UZP0	Mus musculus	Metazoa	555	False
Q63433	Rattus norvegicus	Metazoa	946	False
Q9UKK3	Homo sapiens	Metazoa	1724	False
Q12904	Homo sapiens	Metazoa	312	False
Q9BT78	Homo sapiens	Metazoa	406	False
Q02773	Saccharomyces cerevisiae (strain ATCC 204508 / S288c)	Fungi	1202	False
Q9XWR6	Caenorhabditis elegans	Metazoa	248	False
Q9UJX4	Homo sapiens	Metazoa	755	False
Q84M92	Arabidopsis thaliana	Plants	441	False
Q8WVE7	Homo sapiens	Metazoa	144	True
Q92793	Homo sapiens	Metazoa	2442	False
Q99828	Homo sapiens	Metazoa	191	False
Q02336	Saccharomyces cerevisiae (strain ATCC 204508 / S288c)	Fungi	434	False
Q9VS05	Drosophila melanogaster	Metazoa	676	False
K7WDL7	Catharanthus roseus	Plants	388	False
P53287	Saccharomyces cerevisiae (strain ATCC 204508 / S288c)	Fungi	111	False
Q9BW91	Homo sapiens	Metazoa	350	False
Q42547	Arabidopsis thaliana	Plants	492	False
P06804	Mus musculus	Metazoa	235	True
Q9Y2Q9	Homo sapiens	Metazoa	187	False
O80575	Arabidopsis thaliana	Plants	227	False
P25976	Mus musculus	Metazoa	765	False
Q17635	Caenorhabditis elegans	Metazoa	590	False
Q9FFF5	Arabidopsis thaliana	Plants	241	False
Q9U1K1	Drosophila melanogaster	Metazoa	1020	False
Q94BR4	Arabidopsis thaliana	Plants	523	False
Q96MT3	Homo sapiens	Metazoa	831	False
Q02099	Schizosaccharomyces pombe (strain 972 / ATCC 24843)	Fungi	2386	False
Q96NW4	Homo sapiens	Metazoa	1050	False
O64530	Arabidopsis thaliana	Plants	379	False
B8ZXI1	Mus musculus	Metazoa	415	False
Q9USQ7	Schizosaccharomyces pombe (strain 972 / ATCC 24843)	Fungi	606	False
Q69YI7	Homo sapiens	Metazoa	327	False
Q6ZT62	Homo sapiens	Metazoa	677	False
O59730	Schizosaccharomyces pombe (strain 972 / ATCC 24843)	Fungi	379	False
P17442	Saccharomyces cerevisiae (strain ATCC 204508 / S288c)	Fungi	1178	False
Q93654	Caenorhabditis elegans	Metazoa	245	False
P15108	Saccharomyces cerevisiae (strain ATCC 204508 / S288c)	Fungi	705	False
O43044	Schizosaccharomyces pombe (strain 972 / ATCC 24843)	Fungi	1136	False
P47047	Saccharomyces cerevisiae (strain ATCC 204508 / S288c)	Fungi	1073	False
Q9BRL6	Homo sapiens	Metazoa	282	False
Q6XXM1	Gallus gallus	Metazoa	131	False
Q9H2K8	Homo sapiens	Metazoa	898	False
Q96GQ7	Homo sapiens	Metazoa	765	False
Q9QXK3	Mus musculus	Metazoa	871	False
Q03018	Saccharomyces cerevisiae (strain ATCC 204508 / S288c)	Fungi	1630	False
P0CS82	Saccharomyces cerevisiae	Fungi	1483	False
P06841	Scyliorhinus canicula	Metazoa	45	False
Q15642	Homo sapiens	Metazoa	601	False
Q27607	Drosophila melanogaster	Metazoa	1145	False
C4QWS8	Komagataella phaffii (strain GS115 / ATCC 20864)	Fungi	363	False
Q6NKS4	Arabidopsis thaliana	Plants	258	False
Q9ZP06	Arabidopsis thaliana	Plants	341	False
Q03267	Mus musculus	Metazoa	517	False
Q9H3D4	Homo sapiens	Metazoa	680	False
Q9QYS9	Mus musculus	Metazoa	341	False
Q91ZR5	Mus musculus	Metazoa	686	False
P48772	Mus musculus	Metazoa	70	True
Q2TA68	Rattus norvegicus	Metazoa	960	False
Q63488	Rattus norvegicus	Metazoa	656	True
P78348	Homo sapiens	Metazoa	528	True
P0CJ48	Arabidopsis thaliana	Plants	267	False
B2D6P4	Caenorhabditis elegans	Metazoa	508	False
O74356	Schizosaccharomyces pombe (strain 972 / ATCC 24843)	Fungi	585	False
P14293	Candida boidinii	Fungi	167	False
Q56WM6	Arabidopsis thaliana	Plants	576	False
F4I0K2	Arabidopsis thaliana	Plants	614	False
Q0PNE2	Homo sapiens	Metazoa	266	False
Q12216	Saccharomyces cerevisiae (strain ATCC 204508 / S288c)	Fungi	726	False
Q9NQX7	Homo sapiens	Metazoa	267	True
A6NEQ0	Homo sapiens	Metazoa	496	False
P43897	Homo sapiens	Metazoa	325	False
Q9Z2Q2	Mus musculus	Metazoa	478	False
P09132	Homo sapiens	Metazoa	144	False
P46198	Bos taurus	Metazoa	727	False
Q9LIN3	Arabidopsis thaliana	Plants	245	False
Q9FFH0	Arabidopsis thaliana	Plants	386	False
Q9H9J2	Homo sapiens	Metazoa	332	False
Q04727	Homo sapiens	Metazoa	773	False
Q9NYW8	Homo sapiens	Metazoa	714	False
Q9FNK4	Arabidopsis thaliana	Plants	475	False
Q9P286	Homo sapiens	Metazoa	719	False
O60711	Homo sapiens	Metazoa	386	False
P14832	Saccharomyces cerevisiae (strain ATCC 204508 / S288c)	Fungi	162	False
O94763	Homo sapiens	Metazoa	535	False
Q9LKZ3	Arabidopsis thaliana	Plants	1013	False
Q66JW3	Mus musculus	Metazoa	526	False
Q06683	Saccharomyces cerevisiae (strain ATCC 204508 / S288c)	Fungi	689	False
Q9JHE3	Mus musculus	Metazoa	756	True
P53062	Saccharomyces cerevisiae (strain ATCC 204508 / S288c)	Fungi	197	True
O02219	Caenorhabditis elegans	Metazoa	453	False
P42697	Arabidopsis thaliana	Plants	610	False
Q8IY92	Homo sapiens	Metazoa	1834	False
Q9NXV2	Homo sapiens	Metazoa	234	False
Q01842	Drosophila melanogaster	Metazoa	732	False
Q9DEN4	Xenopus laevis	Metazoa	371	False
O14558	Homo sapiens	Metazoa	160	False
Q08831	Saccharomyces cerevisiae (strain ATCC 204508 / S288c)	Fungi	523	False
P17890	Saccharomyces cerevisiae (strain ATCC 204508 / S288c)	Fungi	251	False
O75179	Homo sapiens	Metazoa	2603	False
Q9FMA3	Arabidopsis thaliana	Plants	728	False
P70605	Rattus norvegicus	Metazoa	732	False
P10071	Homo sapiens	Metazoa	1580	False
Q99J99	Mus musculus	Metazoa	297	False
Q9UHV7	Homo sapiens	Metazoa	2174	False
O00623	Homo sapiens	Metazoa	359	True
Q6Z6M4	Oryza sativa subsp. japonica	Plants	572	False
Q5T197	Homo sapiens	Metazoa	706	True
Q01658	Homo sapiens	Metazoa	176	False
P12887	Saccharomyces cerevisiae (strain ATCC 204508 / S288c)	Fungi	359	False
A6ND36	Homo sapiens	Metazoa	823	False
P0C169	Rattus norvegicus	Metazoa	130	False
Q9JIL4	Mus musculus	Metazoa	519	False
F4I240	Arabidopsis thaliana	Plants	1208	False
P33895	Saccharomyces cerevisiae (strain ATCC 204508 / S288c)	Fungi	451	False
Q9M315	Arabidopsis thaliana	Plants	354	False
Q05516	Homo sapiens	Metazoa	673	False
Q9JHX4	Rattus norvegicus	Metazoa	482	False
Q7YQK4	Oryctolagus cuniculus	Metazoa	503	True
Q8L3X8	Arabidopsis thaliana	Plants	262	False
Q8WXX5	Homo sapiens	Metazoa	260	False
Q04213	Saccharomyces cerevisiae (strain ATCC 204508 / S288c)	Fungi	475	False
P38323	Saccharomyces cerevisiae (strain ATCC 204508 / S288c)	Fungi	520	False
P20610	Dictyostelium discoideum	Other	55	True
P38769	Saccharomyces cerevisiae (strain ATCC 204508 / S288c)	Fungi	630	False
Q86UB2	Homo sapiens	Metazoa	503	False
Q21988	Caenorhabditis elegans	Metazoa	824	False
Q8IU99	Homo sapiens	Metazoa	346	True
Q61985	Mus musculus	Metazoa	741	True
Q91Y44	Mus musculus	Metazoa	956	False
Q9ZNT1	Arabidopsis thaliana	Plants	281	True
P49335	Homo sapiens	Metazoa	361	False
P12302	Spinacia oleracea	Plants	267	False
Q920A7	Mus musculus	Metazoa	789	False
F4JRB0	Arabidopsis thaliana	Plants	363	False
Q8VII6	Rattus norvegicus	Metazoa	656	True
O65502	Arabidopsis thaliana	Plants	395	False
Q9LZP8	Arabidopsis thaliana	Plants	146	False
A2WQE4	Oryza sativa subsp. indica	Plants	333	False
Q9BSD3	Homo sapiens	Metazoa	238	False
P22909	Rattus norvegicus	Metazoa	465	True
Q03833	Saccharomyces cerevisiae (strain ATCC 204508 / S288c)	Fungi	894	False
P68104	Homo sapiens	Metazoa	462	False
Q13772	Homo sapiens	Metazoa	614	False
Q96RS6	Homo sapiens	Metazoa	583	False
Q6K0P9	Homo sapiens	Metazoa	492	False
Q86WV6	Homo sapiens	Metazoa	379	True
P43605	Saccharomyces cerevisiae (strain ATCC 204508 / S288c)	Fungi	281	False
P48270	Chlamydomonas reinhardtii	Plants	257	False
Q9BPX6	Homo sapiens	Metazoa	476	False
O61766	Caenorhabditis elegans	Metazoa	383	False
P61202	Mus musculus	Metazoa	443	False
Q68FX6	Rattus norvegicus	Metazoa	390	False
O42709	Schizosaccharomyces pombe (strain 972 / ATCC 24843)	Fungi	593	False
P43363	Homo sapiens	Metazoa	369	False
O94609	Schizosaccharomyces pombe (strain 972 / ATCC 24843)	Fungi	1012	False
Q9LSD8	Arabidopsis thaliana	Plants	120	False
P63161	Rattus norvegicus	Metazoa	123	True
P82923	Bos taurus	Metazoa	293	False
P54578	Homo sapiens	Metazoa	494	False
Q9DCP2	Mus musculus	Metazoa	505	True
Q9JK71	Rattus norvegicus	Metazoa	1470	False
Q8VEK0	Mus musculus	Metazoa	364	True
P53985	Homo sapiens	Metazoa	500	True
Q20929	Caenorhabditis elegans	Metazoa	510	True
P32897	Saccharomyces cerevisiae (strain ATCC 204508 / S288c)	Fungi	222	True
P08994	Tetrahymena thermophila (strain SB210)	Other	122	False
P82139	Spinacia oleracea	Plants	232	False
P00127	Saccharomyces cerevisiae (strain ATCC 204508 / S288c)	Fungi	147	False
D3YZI9	Mus musculus	Metazoa	523	False
P78965	Schizosaccharomyces pombe (strain 972 / ATCC 24843)	Fungi	464	False
P31023	Pisum sativum	Plants	501	False
P40992	Saccharomyces cerevisiae (strain ATCC 204508 / S288c)	Fungi	514	False
P49640	Homo sapiens	Metazoa	407	False
D4AE48	Rattus norvegicus	Metazoa	505	False
Q96GG9	Homo sapiens	Metazoa	259	False
Q8NFG4	Homo sapiens	Metazoa	579	False
P11234	Homo sapiens	Metazoa	206	False
Q9ZPV5	Arabidopsis thaliana	Plants	764	False
P34893	Arabidopsis thaliana	Plants	98	False
P0C522	Oryza sativa subsp. japonica	Plants	509	False
P87108	Saccharomyces cerevisiae (strain ATCC 204508 / S288c)	Fungi	93	False
P06780	Saccharomyces cerevisiae (strain ATCC 204508 / S288c)	Fungi	209	False
P20081	Saccharomyces cerevisiae (strain ATCC 204508 / S288c)	Fungi	114	False
A2RVJ8	Arabidopsis thaliana	Plants	434	False
P45448	Mus musculus	Metazoa	560	False
Q9LXT3	Arabidopsis thaliana	Plants	142	False
Q8IN94	Drosophila melanogaster	Metazoa	2716	False
Q9USH6	Schizosaccharomyces pombe (strain 972 / ATCC 24843)	Fungi	204	False
Q42522	Arabidopsis thaliana	Plants	472	False
Q8CG72	Mus musculus	Metazoa	370	False
A0A2I0BVG8	Plasmodium falciparum (isolate NF54)	Other	524	False
Q9P7W8	Schizosaccharomyces pombe (strain 972 / ATCC 24843)	Fungi	780	False
P40185	Saccharomyces cerevisiae (strain ATCC 204508 / S288c)	Fungi	145	False
Q0JNI9	Oryza sativa subsp. japonica	Plants	637	False
P27489	Solanum lycopersicum	Plants	265	False
O88910	Mus musculus	Metazoa	568	False
O13907	Schizosaccharomyces pombe (strain 972 / ATCC 24843)	Fungi	492	False
Q17381	Caenorhabditis elegans	Metazoa	506	False
Q9FLW9	Arabidopsis thaliana	Plants	579	False
Q21738	Caenorhabditis elegans	Metazoa	335	False
Q99MA9	Mus musculus	Metazoa	365	False
Q9M2N5	Arabidopsis thaliana	Plants	696	False
P53620	Bos taurus	Metazoa	874	False
Q8LPJ5	Arabidopsis thaliana	Plants	485	False
Q84VG7	Arabidopsis thaliana	Plants	587	False
Q6KCD5	Mus musculus	Metazoa	2798	False
P38065	Saccharomyces cerevisiae (strain ATCC 204508 / S288c)	Fungi	1025	False
Q6ZNA4	Homo sapiens	Metazoa	994	False
Q16676	Homo sapiens	Metazoa	465	False
Q7SZL5	Xenopus laevis	Metazoa	1338	False
Q8K363	Mus musculus	Metazoa	660	False
P17505	Saccharomyces cerevisiae (strain ATCC 204508 / S288c)	Fungi	334	False
H2L0G5	Caenorhabditis elegans	Metazoa	1367	False
P38207	Saccharomyces cerevisiae (strain ATCC 204508 / S288c)	Fungi	520	False
P0C606	Rattus norvegicus	Metazoa	293	False
P17482	Homo sapiens	Metazoa	250	False
Q9FX54	Arabidopsis thaliana	Plants	338	False
P55854	Homo sapiens	Metazoa	103	False
Q9U1S7	Caenorhabditis elegans	Metazoa	716	True
P61459	Rattus norvegicus	Metazoa	104	False
P32799	Saccharomyces cerevisiae (strain ATCC 204508 / S288c)	Fungi	129	True
Q96BD6	Homo sapiens	Metazoa	273	False
P14242	Saccharomyces cerevisiae (strain ATCC 204508 / S288c)	Fungi	873	False
P02268	Sepia officinalis	Metazoa	125	False
Q76I90	Gallus gallus	Metazoa	469	False
P47171	Saccharomyces cerevisiae (strain ATCC 204508 / S288c)	Fungi	1648	False
Q9VA37	Drosophila melanogaster	Metazoa	187	False
Q8VY80	Arabidopsis thaliana	Plants	147	False
O13758	Schizosaccharomyces pombe (strain 972 / ATCC 24843)	Fungi	361	False
Q96RS0	Homo sapiens	Metazoa	853	False
Q9LV10	Arabidopsis thaliana	Plants	616	True
Q5VWP2	Homo sapiens	Metazoa	391	False
P11009	Gallus gallus	Metazoa	419	False
Q8L719	Arabidopsis thaliana	Plants	292	False
Q9Z306	Mus musculus	Metazoa	553	True
Q5T2T1	Homo sapiens	Metazoa	576	False
Q6UB98	Homo sapiens	Metazoa	2062	False
Q9Y5X3	Homo sapiens	Metazoa	404	False
O18017	Caenorhabditis elegans	Metazoa	988	False
Q04347	Saccharomyces cerevisiae (strain ATCC 204508 / S288c)	Fungi	519	False
Q13112	Homo sapiens	Metazoa	559	False
A0A5K1K8Y8	Plasmodium falciparum (isolate 3D7)	Other	372	False
Q9H299	Homo sapiens	Metazoa	93	False
P16649	Saccharomyces cerevisiae (strain ATCC 204508 / S288c)	Fungi	713	False
Q4FZB7	Homo sapiens	Metazoa	885	False
Q9S7B2	Zea mays	Plants	370	False
O61660	Caenorhabditis elegans	Metazoa	759	False
Q7TQQ0	Mus musculus	Metazoa	308	True
Q00947	Saccharomyces cerevisiae (strain ATCC 204508 / S288c)	Fungi	519	False
Q06587	Homo sapiens	Metazoa	406	False
P26755	Saccharomyces cerevisiae (strain ATCC 204508 / S288c)	Fungi	122	False
P82650	Homo sapiens	Metazoa	360	False
P32380	Saccharomyces cerevisiae (strain ATCC 204508 / S288c)	Fungi	944	False
Q8VIM5	Mus musculus	Metazoa	935	False
Q53WJ1	Oryza sativa subsp. japonica	Plants	1238	False
Q38919	Arabidopsis thaliana	Plants	195	False
Q06164	Saccharomyces cerevisiae (strain ATCC 204508 / S288c)	Fungi	1454	False
Q05123	Saccharomyces cerevisiae (strain ATCC 204508 / S288c)	Fungi	467	False
P70181	Mus musculus	Metazoa	539	False
Q15013	Homo sapiens	Metazoa	274	False
Q9UI43	Homo sapiens	Metazoa	246	False
Q10148	Schizosaccharomyces pombe (strain 972 / ATCC 24843)	Fungi	254	False
Q13029	Homo sapiens	Metazoa	1718	False
P12329	Zea mays	Plants	262	False
O94830	Homo sapiens	Metazoa	711	False
A0A509AGE2	Plasmodium berghei (strain Anka)	Other	431	False
P21784	Mus musculus	Metazoa	527	False
P49754	Homo sapiens	Metazoa	854	False
Q96AG4	Homo sapiens	Metazoa	307	False
Q9BXM0	Homo sapiens	Metazoa	1461	False
P11796	Nicotiana plumbaginifolia	Plants	228	False
P54003	Saccharomyces cerevisiae (strain ATCC 204508 / S288c)	Fungi	302	True
P04274	Mesocricetus auratus	Metazoa	418	True
Q9NYV6	Homo sapiens	Metazoa	651	False
Q6NQK2	Arabidopsis thaliana	Plants	449	False
P21912	Homo sapiens	Metazoa	280	False
Q9BX79	Homo sapiens	Metazoa	667	True
Q76B40	Cricetulus griseus	Metazoa	513	False
Q9H4X1	Homo sapiens	Metazoa	137	False
A0A5K1K8H0	Plasmodium falciparum (isolate 3D7)	Other	568	False
Q9USM1	Schizosaccharomyces pombe (strain 972 / ATCC 24843)	Fungi	388	False
Q9R226	Mus musculus	Metazoa	346	False
P63058	Mus musculus	Metazoa	492	False
Q66GR6	Arabidopsis thaliana	Plants	268	False
P79071	Schizosaccharomyces pombe (strain 972 / ATCC 24843)	Fungi	195	False
Q80WT4	Mus musculus	Metazoa	515	True
P87053	Schizosaccharomyces pombe (strain 972 / ATCC 24843)	Fungi	605	False
Q16891	Homo sapiens	Metazoa	758	True
Q84LG2	Arabidopsis thaliana	Plants	389	False
P56135	Mus musculus	Metazoa	88	True
Q9FNY7	Arabidopsis thaliana	Plants	365	False
Q04437	Saccharomyces cerevisiae (strain ATCC 204508 / S288c)	Fungi	629	False
P21399	Homo sapiens	Metazoa	889	False
Q13573	Homo sapiens	Metazoa	536	False
Q32MZ4	Homo sapiens	Metazoa	808	False
P15954	Homo sapiens	Metazoa	63	True
Q27750	Psammechinus miliaris	Metazoa	143	False
P0DPG4	Trypanosoma brucei brucei	Other	188	False
Q96NR3	Homo sapiens	Metazoa	888	True
Q8GXN9	Arabidopsis thaliana	Plants	930	False
P31275	Homo sapiens	Metazoa	282	False
Q3KRA9	Homo sapiens	Metazoa	238	False
P62879	Homo sapiens	Metazoa	340	False
Q9SZU7	Arabidopsis thaliana	Plants	270	False
Q08816	Saccharomyces cerevisiae (strain ATCC 204508 / S288c)	Fungi	343	False
Q05140	Rattus norvegicus	Metazoa	915	False
O80796	Arabidopsis thaliana	Plants	330	False
Q9H0E9	Homo sapiens	Metazoa	1235	False
Q12788	Homo sapiens	Metazoa	808	False
Q03671	Candida parapsilosis	Fungi	246	True
P70536	Rattus norvegicus	Metazoa	388	True
Q5VVY1	Homo sapiens	Metazoa	283	False
Q96MH2	Homo sapiens	Metazoa	286	False
Q9NYT0	Homo sapiens	Metazoa	353	False
P38872	Saccharomyces cerevisiae (strain ATCC 204508 / S288c)	Fungi	237	False
Q12068	Saccharomyces cerevisiae (strain ATCC 204508 / S288c)	Fungi	342	False
P97489	Mus musculus	Metazoa	404	False
O36030	Schizosaccharomyces pombe (strain 972 / ATCC 24843)	Fungi	391	False
P34897	Homo sapiens	Metazoa	504	False
Q93VD3	Arabidopsis thaliana	Plants	482	False
Q4Z1L3	Plasmodium berghei (strain Anka)	Other	376	False
Q9BV20	Homo sapiens	Metazoa	369	False
P53184	Saccharomyces cerevisiae (strain ATCC 204508 / S288c)	Fungi	216	False
Q8K585	Rattus norvegicus	Metazoa	107	False
P42776	Arabidopsis thaliana	Plants	382	False
Q43307	Arabidopsis thaliana	Plants	459	False
Q63553	Rattus norvegicus	Metazoa	746	False
Q9FJX3	Arabidopsis thaliana	Plants	276	False
P19212	Neurospora crassa (strain ATCC 24698 / 74-OR23-1A / CBS 708.71 / DSM 1257 / FGSC 987)	Fungi	1036	False
O95149	Homo sapiens	Metazoa	360	False
Q9SGD6	Arabidopsis thaliana	Plants	413	False
Q04177	Saccharomyces cerevisiae (strain ATCC 204508 / S288c)	Fungi	643	False
Q9Y2L1	Homo sapiens	Metazoa	958	False
Q9I7I0	Drosophila melanogaster	Metazoa	575	False
P35498	Homo sapiens	Metazoa	2009	False
Q14254	Homo sapiens	Metazoa	428	False
Q9NX14	Homo sapiens	Metazoa	153	True
Q9BZ67	Homo sapiens	Metazoa	464	False
Q96BY2	Homo sapiens	Metazoa	351	False
Q39261	Arabidopsis thaliana	Plants	150	False
P28231	Mus musculus	Metazoa	270	True
Q9QZM5	Rattus norvegicus	Metazoa	476	False
O88532	Mus musculus	Metazoa	1074	False
Q9CZ42	Mus musculus	Metazoa	343	False
Q9JM01	Rattus norvegicus	Metazoa	593	False
P36144	Saccharomyces cerevisiae (strain ATCC 204508 / S288c)	Fungi	274	False
Q8BGS1	Mus musculus	Metazoa	731	False
Q5VTT2	Homo sapiens	Metazoa	229	False
Q96RA2	Homo sapiens	Metazoa	312	True
P17032	Homo sapiens	Metazoa	561	False
P70278	Mus musculus	Metazoa	393	False
O74876	Schizosaccharomyces pombe (strain 972 / ATCC 24843)	Fungi	357	False
Q9ASW3	Arabidopsis thaliana	Plants	471	False
O70260	Rattus norvegicus	Metazoa	628	False
Q6Q0C1	Homo sapiens	Metazoa	308	True
Q6Z1Z3	Oryza sativa subsp. japonica	Plants	362	False
Q9UPZ3	Homo sapiens	Metazoa	1129	False
Q9FJ00	Arabidopsis thaliana	Plants	307	False
P19735	Saccharomyces cerevisiae (strain ATCC 204508 / S288c)	Fungi	899	False
O94901	Homo sapiens	Metazoa	785	False
Q9Z1A5	Rattus norvegicus	Metazoa	534	False
P12931	Homo sapiens	Metazoa	536	False
P26786	Saccharomyces cerevisiae (strain ATCC 204508 / S288c)	Fungi	190	False
P47211	Homo sapiens	Metazoa	349	True
Q8C3R1	Mus musculus	Metazoa	822	False
P14908	Saccharomyces cerevisiae (strain ATCC 204508 / S288c)	Fungi	341	False
F4IV16	Arabidopsis thaliana	Plants	267	False
P27487	Homo sapiens	Metazoa	766	True
P38285	Saccharomyces cerevisiae (strain ATCC 204508 / S288c)	Fungi	549	False
Q23229	Caenorhabditis elegans	Metazoa	417	False
Q9M2R0	Arabidopsis thaliana	Plants	773	False
A3BK75	Oryza sativa subsp. japonica	Plants	482	False
P41846	Caenorhabditis elegans	Metazoa	1009	False
Q9FQ03	Arabidopsis thaliana	Plants	1020	False
Q9VKB9	Drosophila melanogaster	Metazoa	1341	False
P36516	Saccharomyces cerevisiae (strain ATCC 204508 / S288c)	Fungi	390	False
P40477	Saccharomyces cerevisiae (strain ATCC 204508 / S288c)	Fungi	1460	False
P49137	Homo sapiens	Metazoa	400	False
P23512	Rattus norvegicus	Metazoa	466	False
Q86VI4	Homo sapiens	Metazoa	317	False
O74986	Schizosaccharomyces pombe (strain 972 / ATCC 24843)	Fungi	294	False
Q23696	Crithidia fasciculata	Other	467	False
O42716	Aspergillus parasiticus (strain ATCC 56775 / NRRL 5862 / SRRC 143 / SU-1)	Fungi	438	False
Q9H422	Homo sapiens	Metazoa	1215	False
Q12339	Saccharomyces cerevisiae (strain ATCC 204508 / S288c)	Fungi	254	False
P82869	Arabidopsis thaliana	Plants	466	False
P00067	Tropaeolum majus	Plants	111	False
O95931	Homo sapiens	Metazoa	251	False
A0A5E4M3Q4	Caenorhabditis elegans	Metazoa	554	False
Q10232	Schizosaccharomyces pombe (strain 972 / ATCC 24843)	Fungi	190	False
Q96QZ7	Homo sapiens	Metazoa	1491	False
Q03468	Homo sapiens	Metazoa	1493	False
P36543	Homo sapiens	Metazoa	226	False
P54259	Homo sapiens	Metazoa	1190	False
Q8VZI8	Arabidopsis thaliana	Plants	813	False
Q12334	Saccharomyces cerevisiae (strain ATCC 204508 / S288c)	Fungi	223	False
Q8K1P8	Rattus norvegicus	Metazoa	545	False
Q15466	Homo sapiens	Metazoa	257	False
Q9DE14	Xenopus laevis	Metazoa	2654	False
Q8BM75	Mus musculus	Metazoa	1188	False
Q6UPE1	Rattus norvegicus	Metazoa	616	False
Q6ZIK5	Oryza sativa subsp. japonica	Plants	394	False
Q9V629	Drosophila melanogaster	Metazoa	384	False
Q9H227	Homo sapiens	Metazoa	469	False
P98083	Mus musculus	Metazoa	579	False
Q32MQ0	Homo sapiens	Metazoa	723	False
Q8SRA2	Encephalitozoon cuniculi (strain GB-M1)	Fungi	559	True
Q53FT3	Homo sapiens	Metazoa	197	False
Q5ZEP9	Caenorhabditis elegans	Metazoa	281	False
Q86TW2	Homo sapiens	Metazoa	530	False
P38313	Saccharomyces cerevisiae (strain ATCC 204508 / S288c)	Fungi	324	False
A2SWM2	Danio rerio	Metazoa	504	True
Q9Y5U2	Homo sapiens	Metazoa	329	False
Q9H7Z3	Homo sapiens	Metazoa	1164	False
P23902	Hordeum vulgare	Plants	462	False
Q9NI62	Dictyostelium discoideum	Other	156	False
Q7XYY2	Arabidopsis thaliana	Plants	836	False
P46939	Homo sapiens	Metazoa	3433	False
Q5BKX8	Homo sapiens	Metazoa	364	False
Q80SY4	Mus musculus	Metazoa	1006	False
P59776	Chlamydomonas reinhardtii	Plants	92	False
P03921	Mus musculus	Metazoa	607	True
P26309	Saccharomyces cerevisiae (strain ATCC 204508 / S288c)	Fungi	610	False
P97492	Mus musculus	Metazoa	547	False
P14598	Homo sapiens	Metazoa	390	False
Q96RR4	Homo sapiens	Metazoa	588	False
P40505	Saccharomyces cerevisiae (strain ATCC 204508 / S288c)	Fungi	327	False
Q6P4Q7	Homo sapiens	Metazoa	775	False
Q56XG6	Arabidopsis thaliana	Plants	427	False
P43565	Saccharomyces cerevisiae (strain ATCC 204508 / S288c)	Fungi	1770	False
P70323	Mus musculus	Metazoa	479	False
O59678	Schizosaccharomyces pombe (strain 972 / ATCC 24843)	Fungi	166	False
P05230	Homo sapiens	Metazoa	155	False
Q80ZD3	Mus musculus	Metazoa	593	True
Q00316	Candida boidinii	Fungi	256	False
P9WEY3	Penicillium brevicompactum	Fungi	707	False
Q24320	Drosophila melanogaster	Metazoa	131	False
Q9EQN3	Mus musculus	Metazoa	387	False
P33241	Homo sapiens	Metazoa	339	False
Q8BXK9	Mus musculus	Metazoa	251	True
P82264	Chaenocephalus aceratus	Metazoa	504	False
Q9GZT3	Homo sapiens	Metazoa	109	False
P32600	Saccharomyces cerevisiae (strain ATCC 204508 / S288c)	Fungi	2474	False
F4IUJ7	Arabidopsis thaliana	Plants	527	False
Q9CZ57	Mus musculus	Metazoa	381	False
O88943	Rattus norvegicus	Metazoa	852	False
Q9U6M1	Leishmania tarentolae	Other	827	False
P31161	Caenorhabditis elegans	Metazoa	221	False
P31360	Mus musculus	Metazoa	445	False
Q1ACB3	Arabidopsis thaliana	Plants	386	False
Q92361	Schizosaccharomyces pombe (strain 972 / ATCC 24843)	Fungi	264	False
P04792	Homo sapiens	Metazoa	205	False
Q8RWD5	Arabidopsis thaliana	Plants	577	False
P53123	Saccharomyces cerevisiae (strain ATCC 204508 / S288c)	Fungi	320	False
O74889	Schizosaccharomyces pombe (strain 972 / ATCC 24843)	Fungi	1024	False
Q9SS48	Arabidopsis thaliana	Plants	629	False
Q8IRB5	Drosophila melanogaster	Metazoa	1465	False
O42975	Schizosaccharomyces pombe (strain 972 / ATCC 24843)	Fungi	972	False
P06703	Homo sapiens	Metazoa	90	False
Q9Z2C4	Mus musculus	Metazoa	669	False
Q9M5P2	Arabidopsis thaliana	Plants	289	False
Q92620	Homo sapiens	Metazoa	1227	False
G5EBK1	Caenorhabditis elegans	Metazoa	783	True
P16283	Mus musculus	Metazoa	1227	False
Q99708	Homo sapiens	Metazoa	897	False
Q925D4	Rattus norvegicus	Metazoa	263	True
P29465	Saccharomyces cerevisiae (strain ATCC 204508 / S288c)	Fungi	1165	False
A4D1E9	Homo sapiens	Metazoa	387	False
Q7TPF1	Rattus norvegicus	Metazoa	97	True
Q6RVG2	Rattus norvegicus	Metazoa	1092	False
P41151	Arabidopsis thaliana	Plants	495	False
P53043	Saccharomyces cerevisiae (strain ATCC 204508 / S288c)	Fungi	513	False
P40963	Saccharomyces cerevisiae (strain ATCC 204508 / S288c)	Fungi	338	False
O94687	Schizosaccharomyces pombe (strain 972 / ATCC 24843)	Fungi	549	False
Q96TC7	Homo sapiens	Metazoa	470	True
P80483	Amphidinium carterae	Other	323	False
Q8VDL9	Mus musculus	Metazoa	521	False
O75127	Homo sapiens	Metazoa	700	False
P82611	Candida albicans (strain SC5314 / ATCC MYA-2876)	Fungi	777	False
Q7ZYP6	Xenopus laevis	Metazoa	626	False
P32103	Euplotes eurystomus	Other	135	False
Q6UWU4	Homo sapiens	Metazoa	347	True
P54851	Homo sapiens	Metazoa	167	True
Q9URX7	Schizosaccharomyces pombe (strain 972 / ATCC 24843)	Fungi	340	False
P38781	Saccharomyces cerevisiae (strain ATCC 204508 / S288c)	Fungi	883	False
Q8LPG9	Arabidopsis thaliana	Plants	668	False
O15145	Homo sapiens	Metazoa	178	False
Q12476	Saccharomyces cerevisiae (strain ATCC 204508 / S288c)	Fungi	344	False
Q7FAD5	Oryza sativa subsp. japonica	Plants	869	False
Q9QY84	Mus musculus	Metazoa	440	False
Q9JK81	Mus musculus	Metazoa	380	False
Q9BZZ5	Homo sapiens	Metazoa	524	False
P34080	Rattus norvegicus	Metazoa	271	True
P20263	Mus musculus	Metazoa	352	False
Q94CE4	Arabidopsis thaliana	Plants	280	False
O04249	Arabidopsis thaliana	Plants	513	True
P04394	Bos taurus	Metazoa	249	False
P22518	Mus musculus	Metazoa	483	False
Q42510	Arabidopsis thaliana	Plants	1451	False
Q62417	Mus musculus	Metazoa	1290	False
P62244	Homo sapiens	Metazoa	130	False
Q05344	Drosophila melanogaster	Metazoa	723	False
Q08818	Saccharomyces cerevisiae (strain ATCC 204508 / S288c)	Fungi	692	False
Q9I7K6	Drosophila melanogaster	Metazoa	492	False
Q8TD31	Homo sapiens	Metazoa	782	False
Q99424	Homo sapiens	Metazoa	681	False
Q9HBA0	Homo sapiens	Metazoa	871	False
Q5MJ70	Homo sapiens	Metazoa	313	False
Q9TSM6	Macaca fascicularis	Metazoa	173	False
O75398	Homo sapiens	Metazoa	565	False
Q9M9V7	Arabidopsis thaliana	Plants	587	True
A0A455ZAR2	Homo sapiens	Metazoa	87	False
Q70EL3	Homo sapiens	Metazoa	339	False
Q06554	Saccharomyces cerevisiae (strain ATCC 204508 / S288c)	Fungi	1556	False
P27889	Mus musculus	Metazoa	558	False
Q61233	Mus musculus	Metazoa	627	False
Q15459	Homo sapiens	Metazoa	793	False
P10636	Homo sapiens	Metazoa	758	False
Q02248	Mus musculus	Metazoa	781	False
Q924L1	Mus musculus	Metazoa	360	False
P39551	Saccharomyces cerevisiae (strain ATCC 204508 / S288c)	Fungi	298	False
P32485	Saccharomyces cerevisiae (strain ATCC 204508 / S288c)	Fungi	435	False
Q9H1D9	Homo sapiens	Metazoa	316	False
Q09FC8	Homo sapiens	Metazoa	603	False
B3DMA2	Rattus norvegicus	Metazoa	779	False
Q9XZT7	Drosophila melanogaster	Metazoa	146	False
P17220	Rattus norvegicus	Metazoa	234	False
Q9Y244	Homo sapiens	Metazoa	141	False
P05435	Spinacia oleracea	Plants	364	False
Q8VFT4	Mus musculus	Metazoa	313	True
Q09555	Caenorhabditis elegans	Metazoa	805	False
F4IDB2	Arabidopsis thaliana	Plants	1325	False
Q96N95	Homo sapiens	Metazoa	335	False
Q9UT91	Schizosaccharomyces pombe (strain 972 / ATCC 24843)	Fungi	211	True
Q9JL19	Mus musculus	Metazoa	2067	False
Q9NVM9	Homo sapiens	Metazoa	706	False
Q10571	Homo sapiens	Metazoa	1320	False
Q9C5X4	Arabidopsis thaliana	Plants	1062	False
Q4FX73	Leishmania major	Other	264	False
O04104	Glycine max	Plants	309	False
Q9UI30	Homo sapiens	Metazoa	125	False
Q6FN94	Candida glabrata (strain ATCC 2001 / BCRC 20586 / JCM 3761 / NBRC 0622 / NRRL Y-65 / CBS 138)	Fungi	499	False
Q8N884	Homo sapiens	Metazoa	522	False
Q96PZ0	Homo sapiens	Metazoa	661	False
Q2V2P4	Saccharomyces cerevisiae (strain ATCC 204508 / S288c)	Fungi	73	False
Q5T1V6	Homo sapiens	Metazoa	619	False
P68518	Crotalus atrox	Metazoa	105	False
A0A075TMP0	Penicillium expansum	Fungi	340	False
O88477	Mus musculus	Metazoa	577	False
Q6X632	Mus musculus	Metazoa	540	True
Q02457	Saccharomyces cerevisiae (strain ATCC 204508 / S288c)	Fungi	562	False
P37275	Homo sapiens	Metazoa	1124	False
O13807	Schizosaccharomyces pombe (strain 972 / ATCC 24843)	Fungi	1072	False
O74354	Schizosaccharomyces pombe (strain 972 / ATCC 24843)	Fungi	599	False
Q9SJN0	Arabidopsis thaliana	Plants	442	False
O15381	Homo sapiens	Metazoa	856	False
O04209	Arabidopsis thaliana	Plants	258	False
E5KBU3	Pinus taeda	Plants	354	False
O02115	Caenorhabditis elegans	Metazoa	263	False
Q9ZR72	Arabidopsis thaliana	Plants	1286	True
Q9NQ31	Homo sapiens	Metazoa	210	False
P27612	Mus musculus	Metazoa	794	False
P02289	Strongylocentrotus purpuratus	Metazoa	124	False
P14893	Bos taurus	Metazoa	373	False
Q9H3K6	Homo sapiens	Metazoa	86	False
P91278	Caenorhabditis elegans	Metazoa	362	False
Q8VY27	Arabidopsis thaliana	Plants	636	False
Q8S9M1	Arabidopsis thaliana	Plants	299	False
P80021	Sus scrofa	Metazoa	553	False
Q39194	Arabidopsis thaliana	Plants	133	False
Q9SRX9	Arabidopsis thaliana	Plants	335	False
Q9CQY9	Mus musculus	Metazoa	76	True
Q9JKQ2	Meriones unguiculatus	Metazoa	744	True
Q330K2	Homo sapiens	Metazoa	333	False
Q9Z0E8	Mus musculus	Metazoa	557	True
O42924	Schizosaccharomyces pombe (strain 972 / ATCC 24843)	Fungi	272	False
P35183	Saccharomyces cerevisiae (strain ATCC 204508 / S288c)	Fungi	429	False
P21571	Rattus norvegicus	Metazoa	108	False
Q9Y2W7	Homo sapiens	Metazoa	256	False
Q9QYL0	Mus musculus	Metazoa	170	False
P91664	Drosophila melanogaster	Metazoa	161	False
P46892	Rattus norvegicus	Metazoa	436	False
Q08462	Homo sapiens	Metazoa	1091	True
Q8SKU2	Pisum sativum	Plants	534	False
Q95Y72	Caenorhabditis elegans	Metazoa	82	False
Q8N726	Homo sapiens	Metazoa	132	False
O75928	Homo sapiens	Metazoa	621	False
Q9BQ67	Homo sapiens	Metazoa	446	False
Q86WB7	Homo sapiens	Metazoa	457	True
P28700	Mus musculus	Metazoa	467	False
Q9UDR5	Homo sapiens	Metazoa	926	False
Q8VYJ1	Arabidopsis thaliana	Plants	560	True
P38265	Saccharomyces cerevisiae (strain ATCC 204508 / S288c)	Fungi	245	False
P41133	Mus musculus	Metazoa	119	False
Q8VWK4	Arabidopsis thaliana	Plants	300	False
Q91898	Xenopus laevis	Metazoa	187	False
O95665	Homo sapiens	Metazoa	410	True
P38857	Saccharomyces cerevisiae (strain ATCC 204508 / S288c)	Fungi	129	True
Q8N699	Homo sapiens	Metazoa	235	False
P91027	Caenorhabditis elegans	Metazoa	338	False
P48730	Homo sapiens	Metazoa	415	False
Q03111	Homo sapiens	Metazoa	559	False
P35612	Homo sapiens	Metazoa	726	False
Q10362	Schizosaccharomyces pombe (strain 972 / ATCC 24843)	Fungi	859	False
O43520	Homo sapiens	Metazoa	1251	False
P49906	Drosophila melanogaster	Metazoa	196	False
Q6Q0C0	Homo sapiens	Metazoa	670	False
Q42736	Flaveria pringlei	Plants	956	False
P40473	Saccharomyces cerevisiae (strain ATCC 204508 / S288c)	Fungi	351	False
Q07896	Saccharomyces cerevisiae (strain ATCC 204508 / S288c)	Fungi	663	False
Q9FK88	Arabidopsis thaliana	Plants	617	False
Q505F1	Mus musculus	Metazoa	590	False
Q99JY3	Mus musculus	Metazoa	328	False
Q9Z0Z5	Rattus norvegicus	Metazoa	600	True
P25420	Heliothis virescens	Metazoa	569	False
Q01992	Rattus norvegicus	Metazoa	710	False
P00829	Bos taurus	Metazoa	528	False
Q9VC56	Drosophila melanogaster	Metazoa	3912	False
O82170	Arabidopsis thaliana	Plants	402	False
Q06493	Saccharomyces cerevisiae (strain ATCC 204508 / S288c)	Fungi	454	False
Q38912	Arabidopsis thaliana	Plants	198	False
H2L099	Caenorhabditis elegans	Metazoa	653	False
Q08024	Mus musculus	Metazoa	187	False
Q923D5	Mus musculus	Metazoa	641	False
Q8TCJ0	Homo sapiens	Metazoa	367	False
P55081	Homo sapiens	Metazoa	439	False
Q8N567	Homo sapiens	Metazoa	271	False
Q08285	Saccharomyces cerevisiae (strain ATCC 204508 / S288c)	Fungi	240	False
O17607	Caenorhabditis elegans	Metazoa	476	False
Q8IZL8	Homo sapiens	Metazoa	1130	False
Q9LXR9	Arabidopsis thaliana	Plants	348	False
O60682	Homo sapiens	Metazoa	206	False
O94888	Homo sapiens	Metazoa	489	False
Q42384	Arabidopsis thaliana	Plants	486	False
P56693	Homo sapiens	Metazoa	466	False
Q641Y2	Rattus norvegicus	Metazoa	463	False
Q84TH4	Arabidopsis thaliana	Plants	382	False
Q04341	Saccharomyces cerevisiae (strain ATCC 204508 / S288c)	Fungi	121	False
P03999	Homo sapiens	Metazoa	345	True
Q6PFD5	Mus musculus	Metazoa	977	False
P05709	Drosophila melanogaster	Metazoa	697	False
P53168	Saccharomyces cerevisiae (strain ATCC 204508 / S288c)	Fungi	247	False
Q9NX08	Homo sapiens	Metazoa	183	False
P0DXI6	Petunia hybrida	Plants	274	False
O48963	Arabidopsis thaliana	Plants	996	False
P70353	Mus musculus	Metazoa	335	False
Q96IR7	Homo sapiens	Metazoa	371	False
O94301	Schizosaccharomyces pombe (strain 972 / ATCC 24843)	Fungi	339	False
Q9JII1	Mus musculus	Metazoa	647	False
P30874	Homo sapiens	Metazoa	369	True
Q9M2V1	Arabidopsis thaliana	Plants	405	False
P00052	Vigna radiata var. radiata	Plants	111	False
Q8NDF8	Homo sapiens	Metazoa	572	False
Q9NQR1	Homo sapiens	Metazoa	393	False
Q8NFJ6	Homo sapiens	Metazoa	384	True
Q8WVT3	Homo sapiens	Metazoa	735	False
P0C511	Oryza sativa subsp. indica	Plants	477	False
O14521	Homo sapiens	Metazoa	159	True
Q84MB5	Arabidopsis thaliana	Plants	280	True
Q9EPC1	Mus musculus	Metazoa	372	False
Q96PU8	Homo sapiens	Metazoa	341	False
Q08923	Saccharomyces cerevisiae (strain ATCC 204508 / S288c)	Fungi	506	False
Q8N3C0	Homo sapiens	Metazoa	2202	False
Q2TBE6	Mus musculus	Metazoa	479	False
O55207	Rattus norvegicus	Metazoa	1496	False
Q9Y619	Homo sapiens	Metazoa	301	True
Q7KQJ9	Plasmodium falciparum (isolate 3D7)	Other	264	False
Q8K3G9	Mus musculus	Metazoa	662	False
Q16644	Homo sapiens	Metazoa	382	False
P49686	Saccharomyces cerevisiae (strain ATCC 204508 / S288c)	Fungi	430	False
O75940	Homo sapiens	Metazoa	238	False
O22229	Arabidopsis thaliana	Plants	529	False
A0A509AKT6	Plasmodium berghei (strain Anka)	Other	455	True
O14140	Schizosaccharomyces pombe (strain 972 / ATCC 24843)	Fungi	71	False
A4IFH6	Bos taurus	Metazoa	52	True
Q15391	Homo sapiens	Metazoa	338	True
Q9Y5Y3	Homo sapiens	Metazoa	372	True
Q6FK23	Candida glabrata (strain ATCC 2001 / BCRC 20586 / JCM 3761 / NBRC 0622 / NRRL Y-65 / CBS 138)	Fungi	1499	False
Q8K4Z2	Mus musculus	Metazoa	240	False
Q8GTQ9	Solanum lycopersicum	Plants	332	False
Q9UQF2	Homo sapiens	Metazoa	711	False
P54098	Homo sapiens	Metazoa	1239	False
A0A0R4IMY7	Danio rerio	Metazoa	1470	False
Q8IZD2	Homo sapiens	Metazoa	1858	False
Q9SAZ5	Arabidopsis thaliana	Plants	155	False
Q9BRS8	Homo sapiens	Metazoa	491	False
P48029	Homo sapiens	Metazoa	635	True
P55230	Arabidopsis thaliana	Plants	518	False
A1L020	Homo sapiens	Metazoa	520	False
Q9Y4L5	Homo sapiens	Metazoa	304	False
Q8TAC2	Homo sapiens	Metazoa	188	False
Q8RX28	Arabidopsis thaliana	Plants	660	False
Q91YT7	Mus musculus	Metazoa	579	False
O13899	Schizosaccharomyces pombe (strain 972 / ATCC 24843)	Fungi	595	False
Q39709	Isochrysis galbana	Other	208	False
P13297	Mus musculus	Metazoa	303	False
P45896	Caenorhabditis elegans	Metazoa	393	False
Q9FEW9	Solanum lycopersicum	Plants	396	False
O14031	Schizosaccharomyces pombe (strain 972 / ATCC 24843)	Fungi	851	False
Q9UT55	Schizosaccharomyces pombe (strain 972 / ATCC 24843)	Fungi	438	False
P70182	Mus musculus	Metazoa	546	False
P21580	Homo sapiens	Metazoa	790	False
P56523	Schizosaccharomyces pombe (strain 972 / ATCC 24843)	Fungi	687	False
Q9BV79	Homo sapiens	Metazoa	373	False
Q5T442	Homo sapiens	Metazoa	439	True
Q96RD1	Homo sapiens	Metazoa	312	True
O60053	Schizosaccharomyces pombe (strain 972 / ATCC 24843)	Fungi	440	False
O14979	Homo sapiens	Metazoa	420	False
P25992	Drosophila melanogaster	Metazoa	1002	False
P32526	Saccharomyces cerevisiae (strain ATCC 204508 / S288c)	Fungi	644	False
O94874	Homo sapiens	Metazoa	794	False
Q16236	Homo sapiens	Metazoa	605	False
Q7TS63	Mus musculus	Metazoa	1237	False
Q9BUL5	Homo sapiens	Metazoa	403	False
O75312	Homo sapiens	Metazoa	459	False
P61970	Homo sapiens	Metazoa	127	False
Q42536	Arabidopsis thaliana	Plants	405	False
Q9M8Z5	Arabidopsis thaliana	Plants	582	False
F5H094	Homo sapiens	Metazoa	687	True
P30052	Drosophila melanogaster	Metazoa	440	False
O95140	Homo sapiens	Metazoa	757	False
Q09739	Schizosaccharomyces pombe (strain 972 / ATCC 24843)	Fungi	210	False
Q8R2Q8	Mus musculus	Metazoa	172	True
Q53H12	Homo sapiens	Metazoa	422	False
P49723	Saccharomyces cerevisiae (strain ATCC 204508 / S288c)	Fungi	345	False
F1MH24	Bos taurus	Metazoa	957	False
P36152	Saccharomyces cerevisiae (strain ATCC 204508 / S288c)	Fungi	348	False
P41139	Mus musculus	Metazoa	161	False
Q9ZV02	Arabidopsis thaliana	Plants	258	True
P40797	Drosophila melanogaster	Metazoa	539	False
Q3SZX5	Bos taurus	Metazoa	204	False
Q9DFS6	Danio rerio	Metazoa	215	False
Q94JM3	Arabidopsis thaliana	Plants	859	False
P02262	Rattus norvegicus	Metazoa	130	False
F1R5H6	Danio rerio	Metazoa	1444	False
Q9Y4K3	Homo sapiens	Metazoa	522	False
Q9M2X3	Arabidopsis thaliana	Plants	295	False
Q03280	Saccharomyces cerevisiae (strain ATCC 204508 / S288c)	Fungi	3268	False
Q9P7P2	Schizosaccharomyces pombe (strain 972 / ATCC 24843)	Fungi	528	False
P63033	Rattus norvegicus	Metazoa	266	False
O54963	Rattus norvegicus	Metazoa	1069	False
Q5PRF9	Homo sapiens	Metazoa	694	False
P13275	Scyliorhinus canicula	Metazoa	87	False
O15431	Homo sapiens	Metazoa	190	True
Q12207	Saccharomyces cerevisiae (strain ATCC 204508 / S288c)	Fungi	173	True
G5EGQ6	Caenorhabditis elegans	Metazoa	2684	False
P50875	Saccharomyces cerevisiae (strain ATCC 204508 / S288c)	Fungi	604	False
Q2TBK2	Bos taurus	Metazoa	268	False
P11147	Drosophila melanogaster	Metazoa	651	False
Q9GZQ6	Homo sapiens	Metazoa	430	True
Q9EPH0	Rattus norvegicus	Metazoa	744	True
Q9D0M3	Mus musculus	Metazoa	325	False
O57342	Coturnix japonica	Metazoa	286	False
P39880	Homo sapiens	Metazoa	1505	False
O35084	Mus musculus	Metazoa	507	False
Q10PI9	Oryza sativa subsp. japonica	Plants	459	False
Q9SRV5	Arabidopsis thaliana	Plants	765	False
O49668	Arabidopsis thaliana	Plants	214	False
P25008	Drosophila melanogaster	Metazoa	267	False
P46959	Saccharomyces cerevisiae (strain ATCC 204508 / S288c)	Fungi	383	False
Q9PTD5	Gallus gallus	Metazoa	335	False
Q9FWR5	Arabidopsis thaliana	Plants	275	False
O04375	Arabidopsis thaliana	Plants	495	False
P52948	Homo sapiens	Metazoa	1817	False
Q70GP4	Dictyostelium discoideum	Other	1148	False
P36956	Homo sapiens	Metazoa	1147	False
Q9H790	Homo sapiens	Metazoa	373	False
P06900	Xenopus laevis	Metazoa	126	False
P02991	Euglena gracilis	Other	409	False
Q94AH1	Arabidopsis thaliana	Plants	300	True
Q99177	Saccharomyces cerevisiae (strain ATCC 204508 / S288c)	Fungi	341	False
Q9NWW0	Homo sapiens	Metazoa	138	False
Q04447	Mus musculus	Metazoa	381	False
Q06945	Homo sapiens	Metazoa	474	False
Q94EH2	Arabidopsis thaliana	Plants	210	True
Q9DBL9	Mus musculus	Metazoa	351	False
Q96529	Arabidopsis thaliana	Plants	490	False
Q9CA67	Arabidopsis thaliana	Plants	467	False
O15090	Homo sapiens	Metazoa	1300	False
Q91WK7	Mus musculus	Metazoa	299	False
P36014	Saccharomyces cerevisiae (strain ATCC 204508 / S288c)	Fungi	167	False
P01252	Bos taurus	Metazoa	110	False
P34160	Saccharomyces cerevisiae (strain ATCC 204508 / S288c)	Fungi	861	False
Q6UWS5	Homo sapiens	Metazoa	81	False
Q84WV6	Arabidopsis thaliana	Plants	635	False
Q7Z699	Homo sapiens	Metazoa	444	False
Q91X52	Mus musculus	Metazoa	244	False
O43181	Homo sapiens	Metazoa	175	False
Q12493	Saccharomyces cerevisiae (strain ATCC 204508 / S288c)	Fungi	238	False
O95718	Homo sapiens	Metazoa	433	False
P16658	Saccharomyces cerevisiae (strain ATCC 204508 / S288c)	Fungi	377	False
P08473	Homo sapiens	Metazoa	750	True
P49880	Aedes aegypti	Metazoa	776	False
Q64471	Mus musculus	Metazoa	240	False
A0A0B4ZTQ2	Humulus lupulus	Plants	408	False
Q9LUJ5	Arabidopsis thaliana	Plants	293	False
Q6FI13	Homo sapiens	Metazoa	130	False
P17924	Gallus gallus	Metazoa	560	False
Q9MAM1	Arabidopsis thaliana	Plants	447	False
P15424	Saccharomyces cerevisiae (strain ATCC 204508 / S288c)	Fungi	664	False
Q91ZX6	Mus musculus	Metazoa	588	False
Q9SL67	Arabidopsis thaliana	Plants	443	False
P14734	Drosophila melanogaster	Metazoa	510	False
Q9Z1P2	Rattus norvegicus	Metazoa	892	False
Q10272	Schizosaccharomyces pombe (strain 972 / ATCC 24843)	Fungi	446	False
Q58F21	Homo sapiens	Metazoa	947	False
O13326	Schizosaccharomyces pombe (strain 972 / ATCC 24843)	Fungi	429	False
O14134	Schizosaccharomyces pombe (strain 972 / ATCC 24843)	Fungi	1057	False
Q9D1F4	Mus musculus	Metazoa	257	False
Q9JL55	Rattus norvegicus	Metazoa	331	True
Q9UTN6	Schizosaccharomyces pombe (strain 972 / ATCC 24843)	Fungi	1199	False
Q6PAC3	Mus musculus	Metazoa	445	False
P22071	Rattus norvegicus	Metazoa	373	False
Q9NZM5	Homo sapiens	Metazoa	478	False
P27882	Saccharomyces cerevisiae (strain ATCC 204508 / S288c)	Fungi	189	False
Q7M750	Mus musculus	Metazoa	143	True
Q1HFZ0	Mus musculus	Metazoa	757	False
A2A259	Mus musculus	Metazoa	760	False
P41136	Mus musculus	Metazoa	134	False
P09429	Homo sapiens	Metazoa	215	False
O89050	Mus musculus	Metazoa	735	False
P43253	Rattus norvegicus	Metazoa	416	True
P80304	Sepia officinalis	Metazoa	51	False
P10853	Mus musculus	Metazoa	126	False
Q9LFH3	Arabidopsis thaliana	Plants	215	False
P19973	Mus musculus	Metazoa	330	False
P03945	Neurospora crassa (strain ATCC 24698 / 74-OR23-1A / CBS 708.71 / DSM 1257 / FGSC 987)	Fungi	557	True
P62318	Homo sapiens	Metazoa	126	False
Q8GSI0	Oryza sativa subsp. japonica	Plants	179	False
Q9WVJ6	Rattus norvegicus	Metazoa	686	False
Q9VUK8	Drosophila melanogaster	Metazoa	765	False
Q8W4E7	Arabidopsis thaliana	Plants	598	False
Q9CA59	Arabidopsis thaliana	Plants	256	False
Q9ULY5	Homo sapiens	Metazoa	219	True
Q0E7J7	Schizosaccharomyces pombe (strain 972 / ATCC 24843)	Fungi	325	False
Q84LK0	Arabidopsis thaliana	Plants	1118	False
P54857	Saccharomyces cerevisiae (strain ATCC 204508 / S288c)	Fungi	326	False
Q14202	Homo sapiens	Metazoa	1370	False
Q03935	Saccharomyces cerevisiae (strain ATCC 204508 / S288c)	Fungi	383	False
Q02038	Sus scrofa	Metazoa	704	False
Q96K30	Homo sapiens	Metazoa	269	False
Q12873	Homo sapiens	Metazoa	2000	False
E9PYH6	Mus musculus	Metazoa	1716	False
Q24478	Drosophila melanogaster	Metazoa	1096	False
P61006	Homo sapiens	Metazoa	207	False
P23180	Saccharomyces cerevisiae (strain ATCC 204508 / S288c)	Fungi	465	False
P30938	Rattus norvegicus	Metazoa	363	True
Q5THR3	Homo sapiens	Metazoa	1501	False
Q6P4F2	Homo sapiens	Metazoa	183	False
P40165	Saccharomyces cerevisiae (strain ATCC 204508 / S288c)	Fungi	246	False
Q5SFM8	Mus musculus	Metazoa	1060	False
Q9Y2J2	Homo sapiens	Metazoa	1087	False
Q12252	Saccharomyces cerevisiae (strain ATCC 204508 / S288c)	Fungi	991	True
J9VQC4	Cryptococcus neoformans var. grubii serotype A (strain H99 / ATCC 208821 / CBS 10515 / FGSC 9487)	Fungi	366	True
P54105	Homo sapiens	Metazoa	237	False
Q9NYL2	Homo sapiens	Metazoa	800	False
Q8IV20	Homo sapiens	Metazoa	430	False
P61372	Mus musculus	Metazoa	349	False
P40154	Saccharomyces cerevisiae (strain ATCC 204508 / S288c)	Fungi	320	False
O60143	Schizosaccharomyces pombe (strain 972 / ATCC 24843)	Fungi	251	False
Q9Y3L3	Homo sapiens	Metazoa	701	False
Q680B9	Arabidopsis thaliana	Plants	528	False
Q9LSB9	Arabidopsis thaliana	Plants	755	False
Q12328	Saccharomyces cerevisiae (strain ATCC 204508 / S288c)	Fungi	207	True
Q9JLM4	Mus musculus	Metazoa	1370	False
O94782	Homo sapiens	Metazoa	785	False
Q3UHH1	Mus musculus	Metazoa	1832	False
P29620	Oryza sativa subsp. japonica	Plants	424	False
P08911	Rattus norvegicus	Metazoa	531	True
P11836	Homo sapiens	Metazoa	297	True
O14122	Schizosaccharomyces pombe (strain 972 / ATCC 24843)	Fungi	734	False
Q708S4	Danio rerio	Metazoa	539	True
Q925G1	Rattus norvegicus	Metazoa	669	False
P38418	Arabidopsis thaliana	Plants	896	False
Q7S7U5	Neurospora crassa (strain ATCC 24698 / 74-OR23-1A / CBS 708.71 / DSM 1257 / FGSC 987)	Fungi	71	True
Q6NXK8	Mus musculus	Metazoa	526	True
Q09904	Schizosaccharomyces pombe (strain 972 / ATCC 24843)	Fungi	1159	False
A9C3R9	Danio rerio	Metazoa	532	False
Q9FMS5	Arabidopsis thaliana	Plants	672	False
P25106	Homo sapiens	Metazoa	362	True
P22803	Saccharomyces cerevisiae (strain ATCC 204508 / S288c)	Fungi	104	False
Q5EN53	Oryza sativa subsp. indica	Plants	131	False
Q9HGN6	Schizosaccharomyces pombe (strain 972 / ATCC 24843)	Fungi	399	False
Q9LK34	Arabidopsis thaliana	Plants	483	False
P11229	Homo sapiens	Metazoa	460	True
O95600	Homo sapiens	Metazoa	359	False
Q10332	Schizosaccharomyces pombe (strain 972 / ATCC 24843)	Fungi	830	False
P53096	Saccharomyces cerevisiae (strain ATCC 204508 / S288c)	Fungi	452	False
Q67FY2	Mus musculus	Metazoa	1494	False
Q8N5F7	Homo sapiens	Metazoa	415	False
Q6AXT7	Rattus norvegicus	Metazoa	478	False
Q8BQP9	Mus musculus	Metazoa	257	False
P51791	Mus musculus	Metazoa	818	False
Q9FKS8	Arabidopsis thaliana	Plants	446	True
Q6Z6W2	Oryza sativa subsp. japonica	Plants	241	False
O96011	Homo sapiens	Metazoa	259	False
Q8MUF9	Dictyostelium discoideum	Other	649	False
P04818	Homo sapiens	Metazoa	313	False
Q9R194	Mus musculus	Metazoa	592	False
P49375	Kluyveromyces lactis (strain ATCC 8585 / CBS 2359 / DSM 70799 / NBRC 1267 / NRRL Y-1140 / WM37)	Fungi	548	False
P35065	Tetrahymena thermophila (strain SB210)	Other	133	False
Q6QBQ4	Rattus norvegicus	Metazoa	296	False
Q8I299	Plasmodium falciparum (isolate 3D7)	Other	791	False
Q16670	Homo sapiens	Metazoa	478	False
Q8IUY3	Homo sapiens	Metazoa	354	False
Q9UBT2	Homo sapiens	Metazoa	640	False
Q92973	Homo sapiens	Metazoa	898	False
Q9UNN5	Homo sapiens	Metazoa	650	False
Q8N0T1	Homo sapiens	Metazoa	100	False
Q68CP9	Homo sapiens	Metazoa	1835	False
Q06106	Saccharomyces cerevisiae (strain ATCC 204508 / S288c)	Fungi	887	False
Q96247	Arabidopsis thaliana	Plants	485	True
Q14974	Homo sapiens	Metazoa	876	False
Q3TWN3	Mus musculus	Metazoa	875	False
Q700D2	Arabidopsis thaliana	Plants	503	False
P08154	Rattus norvegicus	Metazoa	508	False
P02273	Tetrahymena pyriformis	Other	138	False
P38255	Saccharomyces cerevisiae (strain ATCC 204508 / S288c)	Fungi	430	False
Q00684	Saccharomyces cerevisiae (strain ATCC 204508 / S288c)	Fungi	551	False
Q8SXD4	Drosophila melanogaster	Metazoa	1122	False
Q9SP32	Arabidopsis thaliana	Plants	1909	False
Q9H2H9	Homo sapiens	Metazoa	487	True
Q16082	Homo sapiens	Metazoa	182	False
Q8VZK0	Arabidopsis thaliana	Plants	267	False
Q8N490	Homo sapiens	Metazoa	385	False
Q9NYX4	Homo sapiens	Metazoa	217	True
Q1K8C8	Neurospora crassa (strain ATCC 24698 / 74-OR23-1A / CBS 708.71 / DSM 1257 / FGSC 987)	Fungi	193	False
Q9CX97	Mus musculus	Metazoa	388	False
Q04110	Saccharomyces cerevisiae (strain ATCC 204508 / S288c)	Fungi	302	False
Q6IMB1	Mus musculus	Metazoa	242	False
P10118	Rattus norvegicus	Metazoa	51	False
P21981	Mus musculus	Metazoa	686	False
Q8NHV9	Homo sapiens	Metazoa	184	False
Q5EBL8	Homo sapiens	Metazoa	140	False
Q9S745	Arabidopsis thaliana	Plants	541	False
Q93Z53	Arabidopsis thaliana	Plants	571	False
P35559	Rattus norvegicus	Metazoa	1019	False
Q9LJZ5	Arabidopsis thaliana	Plants	181	False
Q9FKW4	Arabidopsis thaliana	Plants	523	False
Q8VYS2	Arabidopsis thaliana	Plants	890	False
Q5S006	Mus musculus	Metazoa	2527	False
Q3UK78	Mus musculus	Metazoa	256	False
Q8H1E7	Arabidopsis thaliana	Plants	754	False
P55217	Arabidopsis thaliana	Plants	563	False
O95104	Homo sapiens	Metazoa	1147	False
Q8W420	Arabidopsis thaliana	Plants	611	False
B1AUS7	Mus musculus	Metazoa	101	False
Q9SRS5	Arabidopsis thaliana	Plants	217	False
Q06455	Homo sapiens	Metazoa	604	False
Q9JHL4	Rattus norvegicus	Metazoa	436	False
Q9H6D3	Homo sapiens	Metazoa	395	True
Q8TDR2	Homo sapiens	Metazoa	534	False
Q8IYM9	Homo sapiens	Metazoa	498	False
Q39057	Arabidopsis thaliana	Plants	373	False
O15304	Homo sapiens	Metazoa	175	False
Q3UFD7	Mus musculus	Metazoa	319	True
P48552	Homo sapiens	Metazoa	1158	False
Q3UNX5	Mus musculus	Metazoa	580	False
Q8BSK8	Mus musculus	Metazoa	525	False
P83372	Fragaria ananassa	Plants	469	False
Q64525	Mus musculus	Metazoa	126	False
Q9ER99	Mus musculus	Metazoa	582	False
Q9BSF4	Homo sapiens	Metazoa	260	True
Q99MG9	Rattus norvegicus	Metazoa	250	False
Q8S8M9	Arabidopsis thaliana	Plants	256	False
Q15697	Homo sapiens	Metazoa	407	False
Q8NC51	Homo sapiens	Metazoa	408	False
P11420	Drosophila melanogaster	Metazoa	710	False
Q05823	Homo sapiens	Metazoa	741	False
Q04172	Saccharomyces cerevisiae (strain ATCC 204508 / S288c)	Fungi	456	False
Q8CFE6	Mus musculus	Metazoa	504	True
P54358	Drosophila melanogaster	Metazoa	1092	False
Q96JK9	Homo sapiens	Metazoa	1138	False
Q9UIJ7	Homo sapiens	Metazoa	227	False
O35914	Mus musculus	Metazoa	961	False
Q63934	Mus musculus	Metazoa	411	False
P30968	Homo sapiens	Metazoa	328	True
Q6IN84	Homo sapiens	Metazoa	353	False
Q8BGW1	Mus musculus	Metazoa	502	False
Q9HD33	Homo sapiens	Metazoa	250	False
O04921	Arabidopsis thaliana	Plants	512	False
Q0VC21	Bos taurus	Metazoa	297	False
Q9NYQ3	Homo sapiens	Metazoa	351	False
P35348	Homo sapiens	Metazoa	466	True
Q13368	Homo sapiens	Metazoa	585	False
P37838	Saccharomyces cerevisiae (strain ATCC 204508 / S288c)	Fungi	685	False
Q5M731	Arabidopsis thaliana	Plants	522	False
Q9NR20	Homo sapiens	Metazoa	520	False
Q6NTF7	Homo sapiens	Metazoa	200	False
Q12164	Saccharomyces cerevisiae (strain ATCC 204508 / S288c)	Fungi	279	True
P41350	Rattus norvegicus	Metazoa	178	False
P06102	Saccharomyces cerevisiae (strain ATCC 204508 / S288c)	Fungi	836	False
O70608	Rattus norvegicus	Metazoa	1505	False
P56222	Rattus norvegicus	Metazoa	445	False
O94311	Schizosaccharomyces pombe (strain 972 / ATCC 24843)	Fungi	180	False
P30999	Mus musculus	Metazoa	938	False
P34122	Dictyostelium discoideum	Other	287	False
Q9SA73	Arabidopsis thaliana	Plants	394	False
Q01469	Homo sapiens	Metazoa	135	False
B6UV92	Oryza sativa subsp. japonica	Plants	444	False
P58334	Mus musculus	Metazoa	251	False
Q9Y2R5	Homo sapiens	Metazoa	130	False
P48164	Saccharomyces cerevisiae (strain ATCC 204508 / S288c)	Fungi	190	False
P32250	Gallus gallus	Metazoa	308	True
O75324	Homo sapiens	Metazoa	88	True
P12682	Sus scrofa	Metazoa	215	False
P28328	Homo sapiens	Metazoa	305	True
P79943	Xenopus laevis	Metazoa	254	False
O96017	Homo sapiens	Metazoa	543	False
Q6UB35	Homo sapiens	Metazoa	978	False
P29344	Spinacia oleracea	Plants	411	False
Q3E7A9	Saccharomyces cerevisiae (strain ATCC 204508 / S288c)	Fungi	73	False
Q3ZK22	Mus musculus	Metazoa	780	False
Q9NY61	Homo sapiens	Metazoa	560	False
Q9BZG8	Homo sapiens	Metazoa	438	False
Q9SGU3	Arabidopsis thaliana	Plants	296	False
Q9TU17	Ovis aries	Metazoa	413	True
Q9VE86	Drosophila melanogaster	Metazoa	353	False
P22138	Saccharomyces cerevisiae (strain ATCC 204508 / S288c)	Fungi	1203	False
P04179	Homo sapiens	Metazoa	222	False
Q9NJH0	Drosophila melanogaster	Metazoa	431	False
P47999	Arabidopsis thaliana	Plants	392	False
Q84P23	Arabidopsis thaliana	Plants	562	False
P43138	Rattus norvegicus	Metazoa	317	False
Q03343	Rattus norvegicus	Metazoa	1166	False
Q9Y5W9	Homo sapiens	Metazoa	270	False
P15340	Gallus gallus	Metazoa	62	False
Q9SEE9	Arabidopsis thaliana	Plants	414	False
Q24246	Drosophila melanogaster	Metazoa	663	False
P38345	Saccharomyces cerevisiae (strain ATCC 204508 / S288c)	Fungi	138	False
J9VP29	Cryptococcus neoformans var. grubii serotype A (strain H99 / ATCC 208821 / CBS 10515 / FGSC 9487)	Fungi	331	False
Q09406	Caenorhabditis elegans	Metazoa	534	False
Q4QZZ9	Emericella nidulans	Fungi	370	False
Q56XY2	Arabidopsis thaliana	Plants	298	False
Q05022	Saccharomyces cerevisiae (strain ATCC 204508 / S288c)	Fungi	1729	False
O75344	Homo sapiens	Metazoa	327	False
P40364	Saccharomyces cerevisiae (strain ATCC 204508 / S288c)	Fungi	252	False
Q9SZA4	Arabidopsis thaliana	Plants	457	False
Q9JKD3	Mus musculus	Metazoa	235	True
Q9FGQ9	Arabidopsis thaliana	Plants	177	False
O95858	Homo sapiens	Metazoa	294	True
D3Z291	Mus musculus	Metazoa	348	True
O74958	Schizosaccharomyces pombe (strain 972 / ATCC 24843)	Fungi	488	False
Q15650	Homo sapiens	Metazoa	581	False
P63140	Rattus norvegicus	Metazoa	207	False
Q08282	Saccharomyces cerevisiae (strain ATCC 204508 / S288c)	Fungi	695	False
Q9SW33	Arabidopsis thaliana	Plants	225	False
Q9Y6V7	Homo sapiens	Metazoa	483	False
Q39081	Arabidopsis thaliana	Plants	255	False
O80439	Arabidopsis thaliana	Plants	118	False
Q0E671	Danio rerio	Metazoa	430	False
Q8WXG1	Homo sapiens	Metazoa	361	False
Q92482	Homo sapiens	Metazoa	292	True
P38086	Saccharomyces cerevisiae (strain ATCC 204508 / S288c)	Fungi	958	False
P43304	Homo sapiens	Metazoa	727	False
Q2V3L3	Arabidopsis thaliana	Plants	387	False
O35738	Mus musculus	Metazoa	402	False
Q8MI17	Oryctolagus cuniculus	Metazoa	496	False
P06602	Drosophila melanogaster	Metazoa	376	False
Q9Y6D0	Homo sapiens	Metazoa	94	True
Q8BJQ4	Mus musculus	Metazoa	232	False
Q05193	Homo sapiens	Metazoa	864	False
Q9VKJ3	Drosophila melanogaster	Metazoa	1411	False
P40072	Saccharomyces cerevisiae (strain ATCC 204508 / S288c)	Fungi	274	False
Q9UNL4	Homo sapiens	Metazoa	249	False
Q9LVV5	Arabidopsis thaliana	Plants	223	False
P82804	Drosophila melanogaster	Metazoa	207	False
Q2V2P9	Saccharomyces cerevisiae (strain ATCC 204508 / S288c)	Fungi	66	True
Q14693	Homo sapiens	Metazoa	890	False
P40968	Saccharomyces cerevisiae (strain ATCC 204508 / S288c)	Fungi	455	False
P12979	Mus musculus	Metazoa	224	False
Q7Y0F6	Oryza sativa subsp. japonica	Plants	247	False
Q86TU7	Homo sapiens	Metazoa	594	False
Q13642	Homo sapiens	Metazoa	323	False
P32260	Spinacia oleracea	Plants	383	False
Q5JPI9	Homo sapiens	Metazoa	236	False
Q9S841	Arabidopsis thaliana	Plants	331	False
Q94BR1	Arabidopsis thaliana	Plants	702	False
Q9UMX1	Homo sapiens	Metazoa	484	False
Q86B87	Drosophila melanogaster	Metazoa	610	False
Q8WQC9	Caenorhabditis elegans	Metazoa	712	False
Q9M9E1	Arabidopsis thaliana	Plants	1423	False
Q8NF99	Homo sapiens	Metazoa	534	False
Q8N4T4	Homo sapiens	Metazoa	335	False
Q08GK9	Mullus surmuletus	Metazoa	178	False
P34241	Saccharomyces cerevisiae (strain ATCC 204508 / S288c)	Fungi	1764	False
Q86YJ7	Homo sapiens	Metazoa	626	False
Q969G3	Homo sapiens	Metazoa	411	False
P28297	Arabidopsis thaliana	Plants	576	False
P31260	Homo sapiens	Metazoa	410	False
Q9ZU52	Arabidopsis thaliana	Plants	391	False
F4I700	Arabidopsis thaliana	Plants	717	False
Q05AA6	Mus musculus	Metazoa	957	False
Q9Y3R4	Homo sapiens	Metazoa	380	False
Q1XH17	Mus musculus	Metazoa	477	False
Q9LG05	Arabidopsis thaliana	Plants	485	False
P28745	Schizosaccharomyces pombe (strain 972 / ATCC 24843)	Fungi	539	False
Q62981	Rattus norvegicus	Metazoa	407	False
P13349	Homo sapiens	Metazoa	255	False
P82162	Spinacia oleracea	Plants	195	False
P09471	Homo sapiens	Metazoa	354	False
P29747	Drosophila melanogaster	Metazoa	516	False
P56280	Mus musculus	Metazoa	116	False
O55028	Mus musculus	Metazoa	412	False
Q9SGA2	Arabidopsis thaliana	Plants	361	False
Q9HBM0	Homo sapiens	Metazoa	779	False
P03888	Mus musculus	Metazoa	318	True
P61604	Homo sapiens	Metazoa	102	False
P52792	Mus musculus	Metazoa	465	False
P14866	Homo sapiens	Metazoa	589	False
P38786	Saccharomyces cerevisiae (strain ATCC 204508 / S288c)	Fungi	293	False
O13826	Schizosaccharomyces pombe (strain 972 / ATCC 24843)	Fungi	254	False
P11101	Rattus norvegicus	Metazoa	114	False
Q9NZD8	Homo sapiens	Metazoa	308	False
Q9XF59	Zea mays	Plants	289	True
Q10758	Rattus norvegicus	Metazoa	483	False
Q9ZTK5	Catharanthus roseus	Plants	439	False
Q8TCC7	Homo sapiens	Metazoa	542	True
P58876	Homo sapiens	Metazoa	126	False
P97302	Mus musculus	Metazoa	739	False
Q6ZYL4	Homo sapiens	Metazoa	71	False
O88382	Rattus norvegicus	Metazoa	1277	False
P26651	Homo sapiens	Metazoa	326	False
Q05871	Saccharomyces cerevisiae (strain ATCC 204508 / S288c)	Fungi	280	False
Q53GS7	Homo sapiens	Metazoa	698	False
P49760	Homo sapiens	Metazoa	499	False
P02291	Parechinus angulosus	Metazoa	144	False
Q9Y580	Homo sapiens	Metazoa	266	False
P47900	Homo sapiens	Metazoa	373	True
P17614	Nicotiana plumbaginifolia	Plants	560	False
Q9ZVP5	Arabidopsis thaliana	Plants	339	False
Q03071	Saccharomyces cerevisiae (strain ATCC 204508 / S288c)	Fungi	99	False
F1LVW7	Rattus norvegicus	Metazoa	1172	False
O60182	Schizosaccharomyces pombe (strain 972 / ATCC 24843)	Fungi	934	False
Q2VUH8	Komagataella pastoris	Fungi	323	False
Q8IZL9	Homo sapiens	Metazoa	346	False
A1Z9G2	Drosophila melanogaster	Metazoa	883	False
O35495	Mus musculus	Metazoa	469	False
Q867Z4	Drosophila melanogaster	Metazoa	970	False
Q8BMA3	Mus musculus	Metazoa	555	False
Q9QXA5	Mus musculus	Metazoa	137	False
P51946	Homo sapiens	Metazoa	323	False
O57406	Xenopus laevis	Metazoa	489	False
P24278	Homo sapiens	Metazoa	435	False
Q9NQW8	Homo sapiens	Metazoa	809	False
Q9U1H9	Drosophila melanogaster	Metazoa	672	False
Q9M670	Arabidopsis thaliana	Plants	366	False
Q5BPS0	Arabidopsis thaliana	Plants	213	False
Q86Y07	Homo sapiens	Metazoa	508	False
Q9BQ65	Homo sapiens	Metazoa	265	False
Q9NUQ6	Homo sapiens	Metazoa	558	False
P35583	Mus musculus	Metazoa	459	False
Q9GL77	Bos taurus	Metazoa	1079	False
Q9VLL3	Drosophila melanogaster	Metazoa	753	False
O65312	Arabidopsis thaliana	Plants	689	False
Q3UHK6	Mus musculus	Metazoa	2771	False
Q9SN78	Arabidopsis thaliana	Plants	333	False
P39996	Saccharomyces cerevisiae (strain ATCC 204508 / S288c)	Fungi	337	False
Q0ZCJ7	Mus musculus	Metazoa	421	False
Q96T23	Homo sapiens	Metazoa	1441	False
P50479	Homo sapiens	Metazoa	330	False
Q9LRH6	Arabidopsis thaliana	Plants	309	False
P0CV94	Fragaria ananassa	Plants	519	False
Q8INR6	Drosophila melanogaster	Metazoa	1848	False
Q06143	Saccharomyces cerevisiae (strain ATCC 204508 / S288c)	Fungi	298	True
Q7ZYV9	Xenopus laevis	Metazoa	1202	False
P82663	Homo sapiens	Metazoa	173	False
P36048	Saccharomyces cerevisiae (strain ATCC 204508 / S288c)	Fungi	1008	False
Q07343	Homo sapiens	Metazoa	736	False
Q8IWS0	Homo sapiens	Metazoa	365	False
P12853	Chlamydomonas reinhardtii	Plants	291	False
Q96398	Cucumis sativus	Plants	322	False
Q96327	Arabidopsis thaliana	Plants	392	False
Q9SR70	Arabidopsis thaliana	Plants	230	False
A2APF3	Mus musculus	Metazoa	636	False
Q9XH32	Spinacia oleracea	Plants	222	False
Q96IY1	Homo sapiens	Metazoa	281	False
P10809	Homo sapiens	Metazoa	573	False
A8MR65	Arabidopsis thaliana	Plants	201	False
B7SXM5	Danio rerio	Metazoa	180	False
Q9VVR6	Drosophila melanogaster	Metazoa	196	False
Q00416	Saccharomyces cerevisiae (strain ATCC 204508 / S288c)	Fungi	2231	False
P24100	Arabidopsis thaliana	Plants	294	False
P06507	Spinacia oleracea	Plants	100	False
P91277	Caenorhabditis elegans	Metazoa	397	False
P59998	Homo sapiens	Metazoa	168	False
O43592	Homo sapiens	Metazoa	962	False
P03871	Saccharomyces cerevisiae (strain ATCC 204508 / S288c)	Fungi	373	False
P41235	Homo sapiens	Metazoa	474	False
P34225	Saccharomyces cerevisiae (strain ATCC 204508 / S288c)	Fungi	687	False
Q0JB88	Oryza sativa subsp. japonica	Plants	416	False
P92204	Drosophila melanogaster	Metazoa	280	False
Q9C8Z9	Arabidopsis thaliana	Plants	221	False
P00024	Aquarana catesbeiana	Metazoa	105	False
Q96D96	Homo sapiens	Metazoa	273	False
Q9NTU4	Homo sapiens	Metazoa	200	False
Q86BP6	Drosophila melanogaster	Metazoa	1162	False
P08466	Saccharomyces cerevisiae (strain ATCC 204508 / S288c)	Fungi	329	False
Q9H6W3	Homo sapiens	Metazoa	641	False
P13106	Bumilleriopsis filiformis	Other	98	False
P18155	Mus musculus	Metazoa	350	False
P11383	Triticum aestivum	Plants	477	False
Q8UVD9	Gallus gallus	Metazoa	769	False
P98182	Homo sapiens	Metazoa	395	False
Q93ZG3	Arabidopsis thaliana	Plants	450	False
Q9XPJ9	Dictyostelium discoideum	Other	519	False
Q3TQ03	Mus musculus	Metazoa	375	False
Q5BJX1	Rattus norvegicus	Metazoa	134	False
P87112	Schizosaccharomyces pombe (strain 972 / ATCC 24843)	Fungi	2100	False
Q9NPB9	Homo sapiens	Metazoa	350	True
Q10101	Schizosaccharomyces pombe (strain 972 / ATCC 24843)	Fungi	195	False
Q1K8U2	Neurospora crassa (strain ATCC 24698 / 74-OR23-1A / CBS 708.71 / DSM 1257 / FGSC 987)	Fungi	84	False
Q9Y3V2	Homo sapiens	Metazoa	267	False
Q9QYB1	Mus musculus	Metazoa	253	True
P26659	Schizosaccharomyces pombe (strain 972 / ATCC 24843)	Fungi	772	False
Q8NB49	Homo sapiens	Metazoa	1132	True
P43569	Saccharomyces cerevisiae (strain ATCC 204508 / S288c)	Fungi	289	False
Q9Z1X4	Mus musculus	Metazoa	898	False
Q10430	Schizosaccharomyces pombe (strain 972 / ATCC 24843)	Fungi	238	False
A0A8P0N4K0	Canis lupus familiaris	Metazoa	1614	False
Q9URQ5	Saccharomyces cerevisiae (strain ATCC 204508 / S288c)	Fungi	78	False
P12762	Equus caballus	Metazoa	500	False
Q9NTK1	Homo sapiens	Metazoa	212	False
P81718	Rattus norvegicus	Metazoa	613	False
P70406	Mus musculus	Metazoa	309	True
Q92989	Homo sapiens	Metazoa	425	False
Q9P0U4	Homo sapiens	Metazoa	656	False
Q9FVW4	Arabidopsis thaliana	Plants	482	False
Q7S9I4	Neurospora crassa (strain ATCC 24698 / 74-OR23-1A / CBS 708.71 / DSM 1257 / FGSC 987)	Fungi	174	False
O94606	Schizosaccharomyces pombe (strain 972 / ATCC 24843)	Fungi	473	False
P68429	Medicago sativa	Plants	136	False
Q9ERZ6	Mus musculus	Metazoa	759	False
Q9FHW2	Arabidopsis thaliana	Plants	171	False
Q9ZW35	Arabidopsis thaliana	Plants	264	False
P79391	Bos taurus	Metazoa	270	True
Q64028	Mus musculus	Metazoa	1010	False
Q8MUJ1	Drosophila melanogaster	Metazoa	415	True
O95777	Homo sapiens	Metazoa	96	False
P38300	Saccharomyces cerevisiae (strain ATCC 204508 / S288c)	Fungi	278	False
Q8BFW6	Mus musculus	Metazoa	529	True
P10795	Arabidopsis thaliana	Plants	180	False
Q9VWF2	Drosophila melanogaster	Metazoa	2006	False
Q94JQ4	Arabidopsis thaliana	Plants	187	False
P24004	Saccharomyces cerevisiae (strain ATCC 204508 / S288c)	Fungi	1043	False
Q16773	Homo sapiens	Metazoa	422	False
Q8NB16	Homo sapiens	Metazoa	471	False
Q9JJ09	Rattus norvegicus	Metazoa	695	False
P41597	Homo sapiens	Metazoa	374	True
P39518	Saccharomyces cerevisiae (strain ATCC 204508 / S288c)	Fungi	744	False
C6KIE6	Arabidopsis thaliana	Plants	861	False
P38262	Saccharomyces cerevisiae (strain ATCC 204508 / S288c)	Fungi	535	False
Q9FNH6	Arabidopsis thaliana	Plants	231	True
Q9JKL7	Rattus norvegicus	Metazoa	494	False
P78537	Homo sapiens	Metazoa	153	False
Q9VEC3	Drosophila melanogaster	Metazoa	648	False
A8CEI3	Leucaena leucocephala	Plants	443	False
Q95RA8	Drosophila melanogaster	Metazoa	219	False
P0CX37	Saccharomyces cerevisiae (strain ATCC 204508 / S288c)	Fungi	236	False
Q805F9	Gallus gallus	Metazoa	1140	False
P28239	Saccharomyces cerevisiae (strain ATCC 204508 / S288c)	Fungi	310	False
Q9Y0E4	Drosophila melanogaster	Metazoa	2262	False
P40050	Saccharomyces cerevisiae (strain ATCC 204508 / S288c)	Fungi	688	False
P30260	Homo sapiens	Metazoa	824	False
Q8VIJ5	Rattus norvegicus	Metazoa	916	False
Q56WD9	Arabidopsis thaliana	Plants	462	False
Q6XP49	Mus musculus	Metazoa	780	False
P17789	Drosophila melanogaster	Metazoa	643	False
Q6ZVD7	Homo sapiens	Metazoa	989	False
Q10109	Schizosaccharomyces pombe (strain 972 / ATCC 24843)	Fungi	688	False
O96625	Dictyostelium discoideum	Other	169	False
Q0J995	Oryza sativa subsp. japonica	Plants	424	False
P83525	Scopolia japonica	Plants	97	False
Q9BYN7	Homo sapiens	Metazoa	854	False
E0CX11	Homo sapiens	Metazoa	47	True
O23193	Arabidopsis thaliana	Plants	236	False
Q337M4	Oryza sativa subsp. japonica	Plants	364	False
P35558	Homo sapiens	Metazoa	622	False
Q9XF23	Arabidopsis thaliana	Plants	623	False
Q8CIW6	Mus musculus	Metazoa	758	False
Q9BYD1	Homo sapiens	Metazoa	178	False
Q8GWK1	Arabidopsis thaliana	Plants	221	False
O55242	Mus musculus	Metazoa	223	True
Q08209	Homo sapiens	Metazoa	521	False
F4KAV2	Arabidopsis thaliana	Plants	442	False
Q9C5C0	Arabidopsis thaliana	Plants	615	False
Q9XJ36	Arabidopsis thaliana	Plants	279	False
Q16555	Homo sapiens	Metazoa	572	False
P18616	Arabidopsis thaliana	Plants	1839	False
Q3KNS1	Homo sapiens	Metazoa	954	False
Q9FI43	Arabidopsis thaliana	Plants	487	False
Q9ULD0	Homo sapiens	Metazoa	1010	False
P97500	Mus musculus	Metazoa	1187	False
Q8GYH7	Arabidopsis thaliana	Plants	249	False
P19793	Homo sapiens	Metazoa	462	False
Q13131	Homo sapiens	Metazoa	559	False
O95232	Homo sapiens	Metazoa	432	False
Q15388	Homo sapiens	Metazoa	145	True
Q09728	Schizosaccharomyces pombe (strain 972 / ATCC 24843)	Fungi	411	False
F1MAB7	Rattus norvegicus	Metazoa	1050	False
P16965	Saccharomyces cerevisiae (strain ATCC 204508 / S288c)	Fungi	84	False
Q6U7Q0	Homo sapiens	Metazoa	402	False
Q76PC4	Schizosaccharomyces pombe (strain 972 / ATCC 24843)	Fungi	562	False
P56522	Rattus norvegicus	Metazoa	494	False
P10896	Arabidopsis thaliana	Plants	474	False
P0C2C4	Rattus norvegicus	Metazoa	263	False
O43257	Homo sapiens	Metazoa	154	False
A1CWT6	Neosartorya fischeri (strain ATCC 1020 / DSM 3700 / CBS 544.65 / FGSC A1164 / JCM 1740 / NRRL 181 / WB 181)	Fungi	488	False
Q8JZQ2	Mus musculus	Metazoa	802	False
Q9M8M7	Arabidopsis thaliana	Plants	457	False
P20108	Mus musculus	Metazoa	257	False
Q9W3E2	Drosophila melanogaster	Metazoa	1195	False
O70131	Mus musculus	Metazoa	152	True
Q9Y6H1	Homo sapiens	Metazoa	151	False
Q09793	Schizosaccharomyces pombe (strain 972 / ATCC 24843)	Fungi	425	False
Q09902	Schizosaccharomyces pombe (strain 972 / ATCC 24843)	Fungi	85	False
Q9WUS4	Mus musculus	Metazoa	505	True
Q14680	Homo sapiens	Metazoa	651	False
P40033	Saccharomyces cerevisiae (strain ATCC 204508 / S288c)	Fungi	138	False
Q9UPW5	Homo sapiens	Metazoa	1226	False
Q9ZPF5	Arabidopsis thaliana	Plants	344	False
P12277	Homo sapiens	Metazoa	381	False
B9EJG8	Homo sapiens	Metazoa	249	True
O14777	Homo sapiens	Metazoa	642	False
P56405	Rattus norvegicus	Metazoa	263	True
Q8RXN6	Arabidopsis thaliana	Plants	485	False
Q9HB07	Homo sapiens	Metazoa	376	False
Q8CEG0	Mus musculus	Metazoa	392	True
P43896	Bos taurus	Metazoa	338	False
Q63801	Rattus norvegicus	Metazoa	678	False
Q04659	Saccharomyces cerevisiae (strain ATCC 204508 / S288c)	Fungi	317	False
Q9Y265	Homo sapiens	Metazoa	456	False
Q91VB2	Mus musculus	Metazoa	477	False
Q6DBA5	Arabidopsis thaliana	Plants	205	False
Q9Y3S1	Homo sapiens	Metazoa	2297	False
Q9M7Q4	Arabidopsis thaliana	Plants	416	False
Q9ZVZ9	Arabidopsis thaliana	Plants	199	False
O77480	Bos taurus	Metazoa	390	False
Q86WP2	Homo sapiens	Metazoa	473	False
Q12857	Homo sapiens	Metazoa	509	False
Q9P7S6	Schizosaccharomyces pombe (strain 972 / ATCC 24843)	Fungi	274	False
Q9R154	Rattus norvegicus	Metazoa	780	True
Q9HCE9	Homo sapiens	Metazoa	1232	False
O75185	Homo sapiens	Metazoa	946	False
Q22557	Caenorhabditis elegans	Metazoa	368	False
K7W9N9	Solanum lycopersicum	Plants	285	False
P92504	Ascaris suum	Metazoa	112	False
P46938	Mus musculus	Metazoa	488	False
P51948	Homo sapiens	Metazoa	309	False
Q07395	Saccharomyces cerevisiae (strain ATCC 204508 / S288c)	Fungi	620	False
Q9D915	Mus musculus	Metazoa	106	False
P29467	Saccharomyces cerevisiae (strain ATCC 204508 / S288c)	Fungi	408	False
P40228	Arabidopsis thaliana	Plants	287	False
Q15678	Homo sapiens	Metazoa	1187	False
P49005	Homo sapiens	Metazoa	469	False
O35473	Mus musculus	Metazoa	141	False
P21269	Saccharomyces cerevisiae (strain ATCC 204508 / S288c)	Fungi	546	False
Q16777	Homo sapiens	Metazoa	129	False
Q9UN81	Homo sapiens	Metazoa	338	False
O42860	Schizosaccharomyces pombe (strain 972 / ATCC 24843)	Fungi	320	False
Q9SCP7	Arabidopsis thaliana	Plants	359	False
Q86V81	Homo sapiens	Metazoa	257	False
C4R3D4	Komagataella phaffii (strain GS115 / ATCC 20864)	Fungi	461	True
P53327	Saccharomyces cerevisiae (strain ATCC 204508 / S288c)	Fungi	1967	False
O76001	Homo sapiens	Metazoa	311	True
Q6DD04	Xenopus laevis	Metazoa	898	False
Q7TQP3	Mus musculus	Metazoa	335	True
Q9H172	Homo sapiens	Metazoa	646	False
G2HK15	Caenorhabditis elegans	Metazoa	367	False
Q05050	Saccharomyces cerevisiae (strain ATCC 204508 / S288c)	Fungi	843	False
Q8K3W2	Mus musculus	Metazoa	274	False
Q9HBG4	Homo sapiens	Metazoa	840	False
P48837	Saccharomyces cerevisiae (strain ATCC 204508 / S288c)	Fungi	541	False
P13864	Mus musculus	Metazoa	1620	False
Q9ZP27	Avena sativa	Plants	578	False
Q8VZB2	Arabidopsis thaliana	Plants	221	True
Q17446	Caenorhabditis elegans	Metazoa	377	False
Q02535	Homo sapiens	Metazoa	119	False
Q920F5	Rattus norvegicus	Metazoa	492	False
Q8WUM9	Homo sapiens	Metazoa	679	True
Q53GL7	Homo sapiens	Metazoa	1025	False
Q86VP6	Homo sapiens	Metazoa	1230	False
P52631	Rattus norvegicus	Metazoa	770	False
P38863	Saccharomyces cerevisiae (strain ATCC 204508 / S288c)	Fungi	823	False
O82230	Arabidopsis thaliana	Plants	182	False
Q10CE4	Oryza sativa subsp. japonica	Plants	369	False
Q9UKT9	Homo sapiens	Metazoa	509	False
P53990	Homo sapiens	Metazoa	364	False
P55064	Homo sapiens	Metazoa	265	True
Q9FNC7	Arabidopsis thaliana	Plants	717	False
Q19087	Caenorhabditis elegans	Metazoa	470	False
O48582	Arabidopsis thaliana	Plants	723	False
Q66JZ4	Mus musculus	Metazoa	499	False
P32567	Saccharomyces cerevisiae (strain ATCC 204508 / S288c)	Fungi	862	False
G5ECU7	Caenorhabditis elegans	Metazoa	319	False
D0E0C2	Periplaneta americana	Metazoa	1553	False
P57743	Saccharomyces cerevisiae (strain ATCC 204508 / S288c)	Fungi	89	False
P02252	Oryctolagus cuniculus	Metazoa	219	False
Q9USJ8	Schizosaccharomyces pombe (strain 972 / ATCC 24843)	Fungi	218	False
P11747	Saccharomyces cerevisiae (strain ATCC 204508 / S288c)	Fungi	167	False
Q05753	Arabidopsis thaliana	Plants	435	False
Q8W2N5	Nicotiana tabacum	Plants	478	False
Q3U8K7	Mus musculus	Metazoa	883	False
Q9H1J1	Homo sapiens	Metazoa	476	False
Q9NX20	Homo sapiens	Metazoa	251	False
Q8S944	Arabidopsis thaliana	Plants	808	False
O01971	Caenorhabditis elegans	Metazoa	166	False
P38324	Saccharomyces cerevisiae (strain ATCC 204508 / S288c)	Fungi	304	False
P26038	Homo sapiens	Metazoa	577	False
Q63009	Rattus norvegicus	Metazoa	353	False
Q7KZI7	Homo sapiens	Metazoa	788	False
Q04952	Saccharomyces cerevisiae (strain ATCC 204508 / S288c)	Fungi	1785	False
Q9SKB6	Arabidopsis thaliana	Plants	350	False
Q96RQ1	Homo sapiens	Metazoa	377	True
Q8TDR4	Homo sapiens	Metazoa	215	False
Q8L850	Arabidopsis thaliana	Plants	815	False
P40879	Homo sapiens	Metazoa	764	True
O22763	Arabidopsis thaliana	Plants	411	False
P50222	Homo sapiens	Metazoa	304	False
Q67UR2	Oryza sativa subsp. japonica	Plants	419	False
Q8N9R8	Homo sapiens	Metazoa	606	False
P68428	Triticum aestivum	Plants	136	False
P69244	Medicago sativa	Plants	136	False
Q9LXX5	Arabidopsis thaliana	Plants	262	False
C8VP82	Emericella nidulans (strain FGSC A4 / ATCC 38163 / CBS 112.46 / NRRL 194 / M139)	Fungi	339	False
Q9UQ88	Homo sapiens	Metazoa	783	False
P61972	Rattus norvegicus	Metazoa	127	False
Q9D995	Mus musculus	Metazoa	334	False
P11940	Homo sapiens	Metazoa	636	False
Q08297	Mus musculus	Metazoa	339	False
P83565	Rattus norvegicus	Metazoa	206	False
Q9LIR6	Arabidopsis thaliana	Plants	575	False
P0CY10	Saccharomyces cerevisiae	Fungi	126	False
Q9VL25	Drosophila melanogaster	Metazoa	694	False
P70669	Mus musculus	Metazoa	749	True
B1AWL2	Mus musculus	Metazoa	2495	False
Q6DBR6	Danio rerio	Metazoa	334	False
P38074	Saccharomyces cerevisiae (strain ATCC 204508 / S288c)	Fungi	348	False
P10852	Mus musculus	Metazoa	526	True
Q5PP37	Arabidopsis thaliana	Plants	473	False
P33759	Saccharomyces cerevisiae (strain ATCC 204508 / S288c)	Fungi	307	False
Q9USP0	Schizosaccharomyces pombe (strain 972 / ATCC 24843)	Fungi	341	False
P34331	Caenorhabditis elegans	Metazoa	648	False
Q06623	Saccharomyces cerevisiae (strain ATCC 204508 / S288c)	Fungi	655	False
Q16778	Homo sapiens	Metazoa	126	False
Q8L7C9	Arabidopsis thaliana	Plants	217	False
Q9ERB5	Mus musculus	Metazoa	715	True
P35413	Mus musculus	Metazoa	330	True
P37231	Homo sapiens	Metazoa	505	False
O43808	Homo sapiens	Metazoa	307	True
O88895	Mus musculus	Metazoa	428	False
Q14565	Homo sapiens	Metazoa	340	False
Q08436	Nicotiana plumbaginifolia	Plants	956	True
Q9JM05	Mus musculus	Metazoa	507	False
Q15560	Homo sapiens	Metazoa	299	False
O55171	Rattus norvegicus	Metazoa	453	False
B0XTT5	Aspergillus fumigatus (strain CBS 144.89 / FGSC A1163 / CEA10)	Fungi	247	False
P56485	Mus musculus	Metazoa	362	True
Q8WYP5	Homo sapiens	Metazoa	2266	False
Q9D5V6	Mus musculus	Metazoa	365	False
Q76JU9	Mus musculus	Metazoa	300	True
Q92731	Homo sapiens	Metazoa	530	False
P31111	Saccharomyces cerevisiae (strain ATCC 204508 / S288c)	Fungi	875	False
Q96B42	Homo sapiens	Metazoa	140	True
Q69ZR9	Mus musculus	Metazoa	1610	False
P54898	Neurospora crassa (strain ATCC 24698 / 74-OR23-1A / CBS 708.71 / DSM 1257 / FGSC 987)	Fungi	871	False
Q49AM1	Homo sapiens	Metazoa	385	False
P07293	Oryctolagus cuniculus	Metazoa	1873	True
Q8LBZ7	Arabidopsis thaliana	Plants	279	False
P00431	Saccharomyces cerevisiae (strain ATCC 204508 / S288c)	Fungi	361	False
Q9C909	Arabidopsis thaliana	Plants	289	False
Q61234	Mus musculus	Metazoa	503	False
Q8R3K3	Mus musculus	Metazoa	381	False
Q8NI27	Homo sapiens	Metazoa	1593	False
Q9UJQ4	Homo sapiens	Metazoa	1053	False
Q9HGL6	Schizosaccharomyces pombe (strain 972 / ATCC 24843)	Fungi	295	False
P23913	Gallus gallus	Metazoa	637	False
O13351	Schizosaccharomyces pombe (strain 972 / ATCC 24843)	Fungi	117	False
K9NVA6	Hematodinium sp	Other	132	False
Q9LG23	Arabidopsis thaliana	Plants	398	False
Q0GA42	Mus musculus	Metazoa	951	True
Q38893	Arabidopsis thaliana	Plants	558	False
Q06697	Saccharomyces cerevisiae (strain ATCC 204508 / S288c)	Fungi	393	False
O54829	Mus musculus	Metazoa	469	False
O82804	Arabidopsis thaliana	Plants	695	False
Q5TM49	Macaca mulatta	Metazoa	360	False
A2APX8	Mus musculus	Metazoa	2009	False
Q9UK73	Homo sapiens	Metazoa	627	False
Q03001	Homo sapiens	Metazoa	7570	False
Q9HDZ6	Schizosaccharomyces pombe (strain 972 / ATCC 24843)	Fungi	155	False
O14174	Schizosaccharomyces pombe (strain 972 / ATCC 24843)	Fungi	473	False
P38838	Saccharomyces cerevisiae (strain ATCC 204508 / S288c)	Fungi	269	False
Q9DC69	Mus musculus	Metazoa	377	False
Q8R400	Mus musculus	Metazoa	80	True
P81372	Alocasia macrorrhizos	Plants	97	False
Q93ZM7	Arabidopsis thaliana	Plants	572	False
P61077	Homo sapiens	Metazoa	147	False
P30543	Rattus norvegicus	Metazoa	410	True
Q1PDI2	Arabidopsis thaliana	Plants	487	False
P84872	Atropa belladonna	Plants	97	False
Q9PW38	Gallus gallus	Metazoa	736	False
Q3KPK4	Xenopus laevis	Metazoa	280	False
Q6IE81	Homo sapiens	Metazoa	842	False
P02240	Lupinus luteus	Plants	154	False
P20821	Bos taurus	Metazoa	173	False
W0SKS3	Petroselinum crispum	Plants	400	False
A3FPJ2	Caenorhabditis elegans	Metazoa	152	False
O74936	Yarrowia lipolytica (strain CLIB 122 / E 150)	Fungi	700	False
Q9XI73	Arabidopsis thaliana	Plants	190	False
Q84JH7	Arabidopsis thaliana	Plants	225	False
O88492	Mus musculus	Metazoa	1403	False
Q6GQQ9	Homo sapiens	Metazoa	843	False
Q06090	Saccharomyces cerevisiae (strain ATCC 204508 / S288c)	Fungi	140	False
A2XFC1	Oryza sativa subsp. indica	Plants	442	False
P24941	Homo sapiens	Metazoa	298	False
P38633	Saccharomyces cerevisiae (strain ATCC 204508 / S288c)	Fungi	127	False
Q0D9C4	Oryza sativa subsp. japonica	Plants	492	False
P35670	Homo sapiens	Metazoa	1465	False
Q61624	Mus musculus	Metazoa	794	False
Q8N5I2	Homo sapiens	Metazoa	433	False
Q54BD4	Dictyostelium discoideum	Other	931	False
K7MTW9	Glycine max	Plants	231	False
Q91439	Squalus acanthias	Metazoa	155	False
P82873	Arabidopsis thaliana	Plants	210	False
Q8IU81	Homo sapiens	Metazoa	584	False
P62277	Homo sapiens	Metazoa	151	False
P06180	Xenopus laevis	Metazoa	590	False
P24549	Mus musculus	Metazoa	501	False
K4D3V7	Solanum lycopersicum	Plants	475	False
Q7Z698	Homo sapiens	Metazoa	418	False
O74544	Schizosaccharomyces pombe (strain 972 / ATCC 24843)	Fungi	314	False
Q8K202	Mus musculus	Metazoa	482	False
P29972	Homo sapiens	Metazoa	269	True
Q9FXH7	Arabidopsis thaliana	Plants	345	False
E9Q4Z2	Mus musculus	Metazoa	2448	False
Q7JVP4	Drosophila melanogaster	Metazoa	1430	False
Q5QQ46	Trypanosoma brucei brucei	Other	528	False
Q16635	Homo sapiens	Metazoa	262	False
Q94AX2	Arabidopsis thaliana	Plants	277	False
Q8TDU6	Homo sapiens	Metazoa	330	True
Q925H1	Mus musculus	Metazoa	1281	False
Q80WM3	Mus musculus	Metazoa	160	False
Q9JIX9	Mus musculus	Metazoa	511	False
P53088	Saccharomyces cerevisiae (strain ATCC 204508 / S288c)	Fungi	359	False
P08046	Mus musculus	Metazoa	533	False
Q9BPY3	Homo sapiens	Metazoa	351	False
P05221	Xenopus laevis	Metazoa	200	False
Q60465	Cricetulus longicaudatus	Metazoa	590	False
P37202	Schizosaccharomyces pombe (strain 972 / ATCC 24843)	Fungi	970	False
P82412	Spinacia oleracea	Plants	179	False
P13796	Homo sapiens	Metazoa	627	False
Q5SXM8	Homo sapiens	Metazoa	178	False
Q9SXJ6	Arabidopsis thaliana	Plants	309	False
Q05779	Saccharomyces cerevisiae (strain ATCC 204508 / S288c)	Fungi	260	False
Q7TME0	Mus musculus	Metazoa	766	True
P50565	Chlamydomonas reinhardtii	Plants	153	False
O60231	Homo sapiens	Metazoa	1041	False
P54730	Saccharomyces cerevisiae (strain ATCC 204508 / S288c)	Fungi	416	False
Q7Z3Z2	Homo sapiens	Metazoa	195	False
O13777	Schizosaccharomyces pombe (strain 972 / ATCC 24843)	Fungi	217	False
O43781	Homo sapiens	Metazoa	588	False
Q3SYG4	Homo sapiens	Metazoa	887	False
O94664	Schizosaccharomyces pombe (strain 972 / ATCC 24843)	Fungi	234	False
P35428	Mus musculus	Metazoa	282	False
Q9DBS9	Mus musculus	Metazoa	855	False
P07270	Saccharomyces cerevisiae (strain ATCC 204508 / S288c)	Fungi	312	False
Q9BVL4	Homo sapiens	Metazoa	669	False
Q9ERG0	Mus musculus	Metazoa	753	False
P23225	Zea mays	Plants	1616	False
Q9JJN6	Mus musculus	Metazoa	81	False
P17486	Caenorhabditis elegans	Metazoa	223	False
P23230	Chlamydomonas reinhardtii	Plants	160	True
P42528	Dictyostelium discoideum	Other	418	False
P14712	Arabidopsis thaliana	Plants	1122	False
Q14CW9	Homo sapiens	Metazoa	347	False
P40626	Tetrahymena thermophila	Other	143	False
Q13526	Homo sapiens	Metazoa	163	False
P59923	Homo sapiens	Metazoa	1031	False
Q59NH8	Candida albicans (strain SC5314 / ATCC MYA-2876)	Fungi	542	False
Q9Z1N1	Rattus norvegicus	Metazoa	339	False
O60502	Homo sapiens	Metazoa	916	False
Q9SQ69	Papaver somniferum	Plants	321	False
P25294	Saccharomyces cerevisiae (strain ATCC 204508 / S288c)	Fungi	352	False
Q23238	Caenorhabditis elegans	Metazoa	893	False
P15535	Mus musculus	Metazoa	399	True
P15311	Homo sapiens	Metazoa	586	False
Q9H0D6	Homo sapiens	Metazoa	950	False
O04200	Arabidopsis thaliana	Plants	331	True
Q12345	Saccharomyces cerevisiae (strain ATCC 204508 / S288c)	Fungi	250	False
Q9FIC3	Arabidopsis thaliana	Plants	93	False
Q9JMG6	Rattus norvegicus	Metazoa	259	False
Q9LIK9	Arabidopsis thaliana	Plants	463	False
Q8C0D7	Mus musculus	Metazoa	249	False
Q8N668	Homo sapiens	Metazoa	190	False
Q695T7	Homo sapiens	Metazoa	634	True
Q94AX4	Arabidopsis thaliana	Plants	567	False
Q8VHL0	Mus musculus	Metazoa	384	True
P68163	Datura inoxia	Plants	97	False
Q96BU1	Homo sapiens	Metazoa	408	False
Q9H9Y2	Homo sapiens	Metazoa	349	False
Q9FGW9	Arabidopsis thaliana	Plants	1061	False
Q8LBH4	Arabidopsis thaliana	Plants	256	False
Q9NQE9	Homo sapiens	Metazoa	182	False
O82587	Arabidopsis thaliana	Plants	285	True
O01367	Drosophila melanogaster	Metazoa	405	False
P12163	Spinacia oleracea	Plants	59	True
Q91WB2	Mus musculus	Metazoa	271	False
Q86T24	Homo sapiens	Metazoa	672	False
P40041	Saccharomyces cerevisiae (strain ATCC 204508 / S288c)	Fungi	505	False
P35226	Homo sapiens	Metazoa	326	False
P32591	Saccharomyces cerevisiae (strain ATCC 204508 / S288c)	Fungi	825	False
P70475	Rattus norvegicus	Metazoa	1187	False
Q13829	Homo sapiens	Metazoa	316	False
Q9Y421	Homo sapiens	Metazoa	112	False
Q8JZS0	Mus musculus	Metazoa	233	False
Q96B01	Homo sapiens	Metazoa	352	False
P10242	Homo sapiens	Metazoa	640	False
A4UVI1	Papio anubis	Metazoa	444	False
P41002	Homo sapiens	Metazoa	786	False
Q9GZN0	Homo sapiens	Metazoa	384	True
Q9VB62	Drosophila melanogaster	Metazoa	609	False
Q9SCL7	Arabidopsis thaliana	Plants	347	False
Q9FN52	Arabidopsis thaliana	Plants	503	False
Q8T062	Drosophila melanogaster	Metazoa	1040	True
P50539	Homo sapiens	Metazoa	228	False
C8KI33	Arabidopsis thaliana	Plants	646	False
Q8IVS2	Homo sapiens	Metazoa	390	False
O49840	Arabidopsis thaliana	Plants	426	False
Q86XI2	Homo sapiens	Metazoa	1143	False
Q03375	Saccharomyces cerevisiae (strain ATCC 204508 / S288c)	Fungi	135	False
P24613	Spinacia oleracea	Plants	256	False
Q9CWW7	Mus musculus	Metazoa	660	False
Q7DMA9	Arabidopsis thaliana	Plants	635	False
Q21733	Caenorhabditis elegans	Metazoa	546	False
P22142	Neurospora crassa (strain ATCC 24698 / 74-OR23-1A / CBS 708.71 / DSM 1257 / FGSC 987)	Fungi	478	False
P52946	Mus musculus	Metazoa	284	False
Q2MH31	Mus musculus	Metazoa	260	False
Q8IX15	Homo sapiens	Metazoa	550	False
O78310	Arabidopsis thaliana	Plants	216	False
Q9ESC8	Mus musculus	Metazoa	1160	False
Q9BYE7	Homo sapiens	Metazoa	350	False
P53164	Saccharomyces cerevisiae (strain ATCC 204508 / S288c)	Fungi	384	False
H1UBN0	Rattus norvegicus	Metazoa	556	False
F4J8G7	Arabidopsis thaliana	Plants	2138	False
Q9EQ61	Mus musculus	Metazoa	584	False
Q9V427	Drosophila melanogaster	Metazoa	367	True
Q8BG87	Mus musculus	Metazoa	1803	False
Q07351	Saccharomyces cerevisiae (strain ATCC 204508 / S288c)	Fungi	490	False
G3XA57	Mus musculus	Metazoa	512	False
P19541	Saccharomyces cerevisiae (strain ATCC 204508 / S288c)	Fungi	446	False
Q14032	Homo sapiens	Metazoa	418	False
P83876	Homo sapiens	Metazoa	142	False
Q96P20	Homo sapiens	Metazoa	1036	False
Q8JZU2	Mus musculus	Metazoa	311	True
Q27268	Drosophila melanogaster	Metazoa	424	False
P36161	Saccharomyces cerevisiae (strain ATCC 204508 / S288c)	Fungi	1157	False
P40337	Homo sapiens	Metazoa	213	False
P29975	Rattus norvegicus	Metazoa	269	True
Q27237	Drosophila melanogaster	Metazoa	520	False
Q86YF9	Homo sapiens	Metazoa	867	False
Q9JM80	Rattus norvegicus	Metazoa	424	True
Q60973	Mus musculus	Metazoa	425	False
Q99489	Homo sapiens	Metazoa	341	False
Q43157	Spinacia oleracea	Plants	285	False
P07550	Homo sapiens	Metazoa	413	True
Q80Z30	Rattus norvegicus	Metazoa	750	False
P09912	Homo sapiens	Metazoa	130	True
Q63844	Mus musculus	Metazoa	380	False
Q9ATB4	Arabidopsis thaliana	Plants	487	False
Q9XE58	Arabidopsis thaliana	Plants	769	False
P0DJH6	Gallus gallus	Metazoa	76	False
Q5ZEF1	Oryza sativa subsp. japonica	Plants	127	False
Q6NPL9	Arabidopsis thaliana	Plants	230	False
Q9D5P4	Mus musculus	Metazoa	561	False
Q8BTM9	Mus musculus	Metazoa	673	False
Q9H089	Homo sapiens	Metazoa	658	False
Q9UUA1	Schizosaccharomyces pombe (strain 972 / ATCC 24843)	Fungi	479	False
P17612	Homo sapiens	Metazoa	351	False
B0Y4X4	Aspergillus fumigatus (strain CBS 144.89 / FGSC A1163 / CEA10)	Fungi	424	False
P52190	Rattus norvegicus	Metazoa	446	True
P29036	Zea mays	Plants	254	False
Q9QXY1	Mus musculus	Metazoa	905	False
Q06416	Homo sapiens	Metazoa	359	False
Q99383	Saccharomyces cerevisiae (strain ATCC 204508 / S288c)	Fungi	534	False
O13769	Schizosaccharomyces pombe (strain 972 / ATCC 24843)	Fungi	638	False
P48239	Saccharomyces cerevisiae (strain ATCC 204508 / S288c)	Fungi	356	False
O00182	Homo sapiens	Metazoa	355	False
Q9LZ66	Arabidopsis thaliana	Plants	642	False
P05375	Saccharomyces cerevisiae (strain ATCC 204508 / S288c)	Fungi	206	True
Q03718	Saccharomyces cerevisiae (strain ATCC 204508 / S288c)	Fungi	556	False
Q9FMV1	Arabidopsis thaliana	Plants	252	False
P38768	Saccharomyces cerevisiae (strain ATCC 204508 / S288c)	Fungi	344	False
Q9ERH4	Mus musculus	Metazoa	427	False
O23403	Arabidopsis thaliana	Plants	287	False
Q8L627	Arabidopsis thaliana	Plants	375	False
Q9I7K0	Drosophila melanogaster	Metazoa	208	False
Q93084	Homo sapiens	Metazoa	999	True
Q9HGM8	Schizosaccharomyces pombe (strain 972 / ATCC 24843)	Fungi	695	False
Q7M0E7	Rattus norvegicus	Metazoa	145	False
Q08AE8	Homo sapiens	Metazoa	756	False
Q9LFC0	Arabidopsis thaliana	Plants	360	False
P34072	Saccharomyces cerevisiae (strain ATCC 204508 / S288c)	Fungi	584	False
P47792	Danio rerio	Metazoa	297	False
K7WQ45	Solanum lycopersicum	Plants	314	False
P06748	Homo sapiens	Metazoa	294	False
Q6P8Z1	Mus musculus	Metazoa	170	False
O15235	Homo sapiens	Metazoa	138	False
Q91VL8	Mus musculus	Metazoa	393	False
Q9P7M3	Schizosaccharomyces pombe (strain 972 / ATCC 24843)	Fungi	271	False
Q3E798	Saccharomyces cerevisiae (strain ATCC 204508 / S288c)	Fungi	87	True
P49027	Oryza sativa subsp. japonica	Plants	334	False
O00299	Homo sapiens	Metazoa	241	True
Q64434	Mus musculus	Metazoa	451	False
Q5TCS8	Homo sapiens	Metazoa	1911	False
O75695	Homo sapiens	Metazoa	350	False
P38149	Saccharomyces cerevisiae (strain ATCC 204508 / S288c)	Fungi	878	False
P83510	Mus musculus	Metazoa	1323	False
P27707	Homo sapiens	Metazoa	260	False
Q9SA52	Arabidopsis thaliana	Plants	378	False
P23724	Saccharomyces cerevisiae (strain ATCC 204508 / S288c)	Fungi	241	False
Q08963	Saccharomyces cerevisiae (strain ATCC 204508 / S288c)	Fungi	238	False
Q12072	Saccharomyces cerevisiae (strain ATCC 204508 / S288c)	Fungi	812	False
Q9M2B4	Arabidopsis thaliana	Plants	250	False
P35056	Saccharomyces cerevisiae (strain ATCC 204508 / S288c)	Fungi	612	False
P53136	Saccharomyces cerevisiae (strain ATCC 204508 / S288c)	Fungi	463	False
P34224	Saccharomyces cerevisiae (strain ATCC 204508 / S288c)	Fungi	193	False
P46822	Caenorhabditis elegans	Metazoa	540	False
Q9Z311	Rattus norvegicus	Metazoa	373	False
Q8N895	Homo sapiens	Metazoa	744	False
Q9Y4X0	Homo sapiens	Metazoa	333	False
Q96JM7	Homo sapiens	Metazoa	780	False
Q96RR1	Homo sapiens	Metazoa	684	False
K4C9E2	Solanum lycopersicum	Plants	498	False
P83266	Hydrolagus colliei	Metazoa	48	False
P26269	Ascaris suum	Metazoa	361	False
Q9VQQ0	Drosophila melanogaster	Metazoa	398	False
Q8R000	Mus musculus	Metazoa	340	True
Q5S248	Mus musculus	Metazoa	423	True
Q9NVW2	Homo sapiens	Metazoa	624	False
Q9C829	Arabidopsis thaliana	Plants	440	False
P48608	Drosophila melanogaster	Metazoa	1091	False
Q9GZP8	Homo sapiens	Metazoa	106	False
F4J7T3	Arabidopsis thaliana	Plants	1957	False
Q9SUE3	Arabidopsis thaliana	Plants	335	False
P09588	Caenorhabditis elegans	Metazoa	127	False
A8JUV0	Drosophila melanogaster	Metazoa	1653	False
Q01613	Xenopus laevis	Metazoa	1420	False
P30518	Homo sapiens	Metazoa	371	True
Q2PJ68	Caenorhabditis elegans	Metazoa	463	False
Q96FC9	Homo sapiens	Metazoa	970	False
Q86SP6	Homo sapiens	Metazoa	731	True
Q5HZG4	Mus musculus	Metazoa	932	False
Q9USZ4	Schizosaccharomyces pombe (strain 972 / ATCC 24843)	Fungi	251	False
Q9FKG3	Arabidopsis thaliana	Plants	530	False
P09234	Homo sapiens	Metazoa	159	False
Q9Y241	Homo sapiens	Metazoa	93	True
Q9Y2R4	Homo sapiens	Metazoa	599	False
P19622	Homo sapiens	Metazoa	333	False
F4IAG2	Arabidopsis thaliana	Plants	1042	False
Q10432	Schizosaccharomyces pombe (strain 972 / ATCC 24843)	Fungi	735	False
Q9NQA5	Homo sapiens	Metazoa	729	False
Q63520	Rattus norvegicus	Metazoa	257	False
Q5TGU0	Homo sapiens	Metazoa	170	True
P01098	Saccharomyces cerevisiae (strain ATCC 204508 / S288c)	Fungi	86	False
Q62191	Mus musculus	Metazoa	470	False
Q9H3R5	Homo sapiens	Metazoa	247	False
Q497L9	Mus musculus	Metazoa	629	True
Q9ZSM8	Arabidopsis thaliana	Plants	856	False
P36141	Saccharomyces cerevisiae (strain ATCC 204508 / S288c)	Fungi	133	False
Q96BN2	Homo sapiens	Metazoa	335	False
Q93077	Homo sapiens	Metazoa	130	False
P38883	Saccharomyces cerevisiae (strain ATCC 204508 / S288c)	Fungi	763	False
P63158	Mus musculus	Metazoa	215	False
Q8IY81	Homo sapiens	Metazoa	847	False
Q8BXF8	Mus musculus	Metazoa	369	False
Q43727	Arabidopsis thaliana	Plants	576	False
P51970	Homo sapiens	Metazoa	172	False
Q12223	Saccharomyces cerevisiae (strain ATCC 204508 / S288c)	Fungi	238	False
Q13342	Homo sapiens	Metazoa	867	False
Q9HCE5	Homo sapiens	Metazoa	456	False
Q8I8U7	Drosophila melanogaster	Metazoa	3790	False
Q92759	Homo sapiens	Metazoa	462	False
Q9NR71	Homo sapiens	Metazoa	780	True
P54346	Chlamydomonas reinhardtii	Plants	153	False
O14224	Schizosaccharomyces pombe (strain 972 / ATCC 24843)	Fungi	205	False
Q8N7R7	Homo sapiens	Metazoa	359	False
P05109	Homo sapiens	Metazoa	93	False
Q9H649	Homo sapiens	Metazoa	340	False
Q03237	Gallus gallus	Metazoa	686	False
Q8LGZ9	Oryza sativa subsp. japonica	Plants	341	False
O82628	Arabidopsis thaliana	Plants	110	False
P06576	Homo sapiens	Metazoa	529	False
Q6T4R5	Homo sapiens	Metazoa	1651	False
P25349	Saccharomyces cerevisiae (strain ATCC 204508 / S288c)	Fungi	247	False
O17679	Caenorhabditis elegans	Metazoa	708	False
P14859	Homo sapiens	Metazoa	743	False
Q7EXZ2	Oryza sativa subsp. japonica	Plants	417	False
P42696	Homo sapiens	Metazoa	430	False
P21218	Arabidopsis thaliana	Plants	401	False
A0A1B1FHP3	Catharanthus roseus	Plants	365	False
Q08774	Saccharomyces cerevisiae (strain ATCC 204508 / S288c)	Fungi	242	False
Q92341	Schizosaccharomyces pombe (strain 972 / ATCC 24843)	Fungi	630	True
Q9ESP5	Mus musculus	Metazoa	455	False
P54845	Homo sapiens	Metazoa	237	False
Q05931	Saccharomyces cerevisiae (strain ATCC 204508 / S288c)	Fungi	657	False
Q0KL00	Rattus norvegicus	Metazoa	2535	True
P19173	Ipomoea batatas	Plants	64	True
Q9CPQ1	Mus musculus	Metazoa	76	True
P57680	Mus musculus	Metazoa	1005	True
P36413	Dictyostelium discoideum	Other	635	False
Q84JZ6	Arabidopsis thaliana	Plants	244	False
Q8WVJ9	Homo sapiens	Metazoa	160	False
Q12159	Saccharomyces cerevisiae (strain ATCC 204508 / S288c)	Fungi	226	False
P52842	Macaca fascicularis	Metazoa	285	False
O23553	Arabidopsis thaliana	Plants	548	False
Q9Z1F2	Rattus norvegicus	Metazoa	673	True
P87310	Schizosaccharomyces pombe (strain 972 / ATCC 24843)	Fungi	144	False
Q8N4T8	Homo sapiens	Metazoa	237	False
Q9FI46	Arabidopsis thaliana	Plants	269	True
O94886	Homo sapiens	Metazoa	807	True
Q8LL04	Arabidopsis thaliana	Plants	1241	False
Q02732	Saccharomyces cerevisiae (strain ATCC 204508 / S288c)	Fungi	369	False
Q8C8S3	Mus musculus	Metazoa	249	True
P78524	Homo sapiens	Metazoa	1137	False
Q01519	Saccharomyces cerevisiae (strain ATCC 204508 / S288c)	Fungi	83	False
O00167	Homo sapiens	Metazoa	538	False
Q9BQL6	Homo sapiens	Metazoa	677	False
O04479	Arabidopsis thaliana	Plants	199	False
O81192	Salvia officinalis	Plants	598	False
Q80ZG6	Rattus norvegicus	Metazoa	193	False
Q9BXS1	Homo sapiens	Metazoa	227	False
Q9VTZ2	Drosophila melanogaster	Metazoa	214	False
A0A494BA31	Mus musculus	Metazoa	952	False
A8K830	Homo sapiens	Metazoa	251	False
P63073	Mus musculus	Metazoa	217	False
P27490	Pisum sativum	Plants	268	False
Q12192	Saccharomyces cerevisiae (strain ATCC 204508 / S288c)	Fungi	310	False
P54654	Dictyostelium discoideum	Other	464	False
Q5JTV8	Homo sapiens	Metazoa	583	False
O04090	Arabidopsis thaliana	Plants	148	False
Q04149	Saccharomyces cerevisiae (strain ATCC 204508 / S288c)	Fungi	632	False
O54689	Mus musculus	Metazoa	367	True
Q9SJ12	Arabidopsis thaliana	Plants	240	False
P43267	Mus musculus	Metazoa	231	False
Q02685	Saccharomyces cerevisiae (strain ATCC 204508 / S288c)	Fungi	241	False
Q9XSC3	Bos taurus	Metazoa	912	False
O64973	Arabidopsis thaliana	Plants	889	False
Q95RV2	Drosophila melanogaster	Metazoa	345	False
Q9UPX6	Homo sapiens	Metazoa	916	False
P45880	Homo sapiens	Metazoa	294	True
O20029	Chlamydomonas reinhardtii	Plants	191	False
Q5HZJ0	Mus musculus	Metazoa	1373	False
Q15544	Homo sapiens	Metazoa	211	False
Q99JG3	Mus musculus	Metazoa	317	False
P56574	Rattus norvegicus	Metazoa	452	False
Q9ZT50	Arabidopsis thaliana	Plants	155	False
P35187	Saccharomyces cerevisiae (strain ATCC 204508 / S288c)	Fungi	1447	False
P53335	Saccharomyces cerevisiae (strain ATCC 204508 / S288c)	Fungi	271	False
Q15696	Homo sapiens	Metazoa	482	False
Q9R190	Mus musculus	Metazoa	668	False
P23409	Homo sapiens	Metazoa	242	False
Q9FMF5	Arabidopsis thaliana	Plants	746	False
Q92769	Homo sapiens	Metazoa	488	False
Q9VBW9	Drosophila melanogaster	Metazoa	419	False
Q9SZL8	Arabidopsis thaliana	Plants	788	False
P21619	Mus musculus	Metazoa	596	False
Q9NY93	Homo sapiens	Metazoa	547	False
P22647	Oncorhynchus mykiss	Metazoa	128	False
Q60865	Mus musculus	Metazoa	707	False
B5X582	Arabidopsis thaliana	Plants	709	False
F1M3J4	Rattus norvegicus	Metazoa	1325	False
Q9BVW5	Homo sapiens	Metazoa	301	False
P46972	Saccharomyces cerevisiae (strain ATCC 204508 / S288c)	Fungi	177	False
Q39008	Arabidopsis thaliana	Plants	608	False
Q9FX83	Arabidopsis thaliana	Plants	222	False
Q9WUM7	Mesocricetus auratus	Metazoa	1168	False
P0C5X8	Rattus norvegicus	Metazoa	450	True
Q9HB65	Homo sapiens	Metazoa	397	False
O15392	Homo sapiens	Metazoa	142	False
F4JCU0	Arabidopsis thaliana	Plants	1007	False
V5IM60	Neurospora crassa (strain ATCC 24698 / 74-OR23-1A / CBS 708.71 / DSM 1257 / FGSC 987)	Fungi	59	False
Q16540	Homo sapiens	Metazoa	153	False
Q8WV24	Homo sapiens	Metazoa	401	False
Q68E01	Homo sapiens	Metazoa	1043	False
Q8RWV3	Arabidopsis thaliana	Plants	416	False
Q6PID8	Homo sapiens	Metazoa	442	False
O96000	Homo sapiens	Metazoa	172	False
Q86YI8	Homo sapiens	Metazoa	300	False
P25583	Saccharomyces cerevisiae (strain ATCC 204508 / S288c)	Fungi	335	False
Q92619	Homo sapiens	Metazoa	1136	False
Q9WU79	Mus musculus	Metazoa	599	False
Q9Y7R3	Schizosaccharomyces pombe (strain 972 / ATCC 24843)	Fungi	742	False
O76906	Drosophila melanogaster	Metazoa	982	False
O94804	Homo sapiens	Metazoa	968	False
P34981	Homo sapiens	Metazoa	398	True
Q86UK7	Homo sapiens	Metazoa	904	False
P67833	Capra hircus	Metazoa	51	False
Q9JL61	Mus musculus	Metazoa	658	False
P17214	Saccharomyces cerevisiae (strain ATCC 204508 / S288c)	Fungi	699	False
Q24459	Drosophila melanogaster	Metazoa	1043	False
Q924H7	Mus musculus	Metazoa	646	False
Q12748	Saccharomyces cerevisiae (strain ATCC 204508 / S288c)	Fungi	733	False
Q9C500	Arabidopsis thaliana	Plants	180	False
O75526	Homo sapiens	Metazoa	392	False
Q8TAP9	Homo sapiens	Metazoa	179	False
P36521	Saccharomyces cerevisiae (strain ATCC 204508 / S288c)	Fungi	249	False
Q9LU68	Arabidopsis thaliana	Plants	435	False
Q94AY1	Arabidopsis thaliana	Plants	651	False
Q43082	Pisum sativum	Plants	369	False
Q01844	Homo sapiens	Metazoa	656	False
P38803	Saccharomyces cerevisiae (strain ATCC 204508 / S288c)	Fungi	334	False
P33419	Saccharomyces cerevisiae (strain ATCC 204508 / S288c)	Fungi	253	False
Q9NWH2	Homo sapiens	Metazoa	141	True
P57736	Tetradesmus obliquus	Plants	89	False
Q8GWA2	Arabidopsis thaliana	Plants	273	False
Q96E14	Homo sapiens	Metazoa	147	False
P41138	Rattus norvegicus	Metazoa	119	False
Q16518	Homo sapiens	Metazoa	533	False
P54646	Homo sapiens	Metazoa	552	False
Q9EPL8	Mus musculus	Metazoa	1038	False
Q66WT5	Arabidopsis thaliana	Plants	271	False
O54982	Mus musculus	Metazoa	1121	True
Q940M2	Arabidopsis thaliana	Plants	476	False
Q9R0X4	Mus musculus	Metazoa	439	False
Q8K4R8	Rattus norvegicus	Metazoa	601	True
F4JTS8	Arabidopsis thaliana	Plants	2729	False
Q8CCH7	Mus musculus	Metazoa	1151	False
P41933	Caenorhabditis elegans	Metazoa	457	False
P54258	Rattus norvegicus	Metazoa	1183	False
P47938	Drosophila melanogaster	Metazoa	107	False
Q9Y6J0	Homo sapiens	Metazoa	2220	False
Q9UBK2	Homo sapiens	Metazoa	798	False
P82929	Bos taurus	Metazoa	218	False
Q9HCH5	Homo sapiens	Metazoa	934	False
Q8N3Z6	Homo sapiens	Metazoa	543	False
P34219	Saccharomyces cerevisiae (strain ATCC 204508 / S288c)	Fungi	525	False
Q9BQ69	Homo sapiens	Metazoa	325	False
Q3E772	Saccharomyces cerevisiae (strain ATCC 204508 / S288c)	Fungi	92	False
Q8CF90	Mus musculus	Metazoa	359	False
Q92879	Homo sapiens	Metazoa	486	False
Q9JJR2	Mus musculus	Metazoa	179	False
O55164	Rattus norvegicus	Metazoa	2054	False
Q8MLZ3	Dictyostelium discoideum	Other	867	False
P08913	Homo sapiens	Metazoa	465	True
Q22397	Caenorhabditis elegans	Metazoa	523	True
Q75Q41	Rattus norvegicus	Metazoa	142	True
Q8VIM4	Mus musculus	Metazoa	307	True
A0A7P0TBJ1	Homo sapiens	Metazoa	273	False
Q148W0	Mus musculus	Metazoa	1251	False
D3ZD32	Rattus norvegicus	Metazoa	1948	False
P42227	Mus musculus	Metazoa	770	False
P21730	Homo sapiens	Metazoa	350	True
Q9NP59	Homo sapiens	Metazoa	571	True
F7BJB9	Mus musculus	Metazoa	942	False
O23627	Arabidopsis thaliana	Plants	729	False
Q9UEE5	Homo sapiens	Metazoa	414	False
Q00873	Saccharomyces cerevisiae (strain ATCC 204508 / S288c)	Fungi	224	False
Q9NP94	Homo sapiens	Metazoa	309	True
P25799	Mus musculus	Metazoa	971	False
P53049	Saccharomyces cerevisiae (strain ATCC 204508 / S288c)	Fungi	1477	False
Q6PL11	Oryza sativa subsp. japonica	Plants	173	False
Q7ZT46	Xenopus laevis	Metazoa	185	False
Q96JM2	Homo sapiens	Metazoa	2506	False
Q4W8A3	Macaca fascicularis	Metazoa	550	True
P0C869	Homo sapiens	Metazoa	781	False
Q02539	Homo sapiens	Metazoa	215	False
O49203	Arabidopsis thaliana	Plants	238	False
P53142	Saccharomyces cerevisiae (strain ATCC 204508 / S288c)	Fungi	486	True
Q969S2	Homo sapiens	Metazoa	332	False
Q8BWT5	Mus musculus	Metazoa	1523	False
Q9FJI5	Arabidopsis thaliana	Plants	515	False
Q9NP77	Homo sapiens	Metazoa	194	False
Q10573	Caenorhabditis elegans	Metazoa	1139	False
P18588	Rattus norvegicus	Metazoa	652	False
P11498	Homo sapiens	Metazoa	1178	False
O75554	Homo sapiens	Metazoa	376	False
P62877	Homo sapiens	Metazoa	108	False
O75400	Homo sapiens	Metazoa	957	False
O24629	Arabidopsis thaliana	Plants	502	False
P08754	Homo sapiens	Metazoa	354	False
Q86XR7	Homo sapiens	Metazoa	235	False
P61023	Rattus norvegicus	Metazoa	195	False
P13010	Homo sapiens	Metazoa	732	False
P06876	Mus musculus	Metazoa	636	False
Q07066	Rattus norvegicus	Metazoa	194	True
Q8BJ71	Mus musculus	Metazoa	819	False
P45432	Arabidopsis thaliana	Plants	441	False
Q9H773	Homo sapiens	Metazoa	170	False
Q9H8T0	Homo sapiens	Metazoa	292	False
P43354	Homo sapiens	Metazoa	598	False
Q8C8Y5	Mus musculus	Metazoa	445	False
Q9P015	Homo sapiens	Metazoa	296	False
Q28623	Oryctolagus cuniculus	Metazoa	771	False
Q5BJF2	Homo sapiens	Metazoa	176	True
Q8R4T5	Rattus norvegicus	Metazoa	394	False
P40362	Saccharomyces cerevisiae (strain ATCC 204508 / S288c)	Fungi	594	False
P26362	Squalus acanthias	Metazoa	1492	True
Q9VFJ3	Drosophila melanogaster	Metazoa	422	True
Q93ZV7	Arabidopsis thaliana	Plants	433	False
Q9Y3D3	Homo sapiens	Metazoa	137	False
Q8IYM2	Homo sapiens	Metazoa	578	False
P15822	Homo sapiens	Metazoa	2718	False
P82252	Rattus norvegicus	Metazoa	487	True
Q93XM7	Arabidopsis thaliana	Plants	300	True
Q562A2	Rattus norvegicus	Metazoa	1073	False
O88845	Mus musculus	Metazoa	662	False
P00036	Lucilia cuprina	Metazoa	108	False
Q9BTZ2	Homo sapiens	Metazoa	278	False
Q05958	Saccharomyces cerevisiae (strain ATCC 204508 / S288c)	Fungi	814	False
Q5HZV9	Rattus norvegicus	Metazoa	360	False
P23246	Homo sapiens	Metazoa	707	False
Q9YGC1	Gallus gallus	Metazoa	552	False
P02786	Homo sapiens	Metazoa	760	True
P39001	Saccharomyces cerevisiae (strain ATCC 204508 / S288c)	Fungi	836	False
O00142	Homo sapiens	Metazoa	265	False
A1Z8P9	Drosophila melanogaster	Metazoa	2346	False
Q9JL60	Mus musculus	Metazoa	562	False
Q03327	Saccharomyces cerevisiae (strain ATCC 204508 / S288c)	Fungi	502	False
Q42843	Hordeum vulgare	Plants	527	False
Q7S4I4	Neurospora crassa (strain ATCC 24698 / 74-OR23-1A / CBS 708.71 / DSM 1257 / FGSC 987)	Fungi	493	False
O43236	Homo sapiens	Metazoa	478	False
Q00497	Solanum lycopersicum	Plants	300	False
P56216	Penicillium simplicissimum	Fungi	560	False
Q14DK4	Mus musculus	Metazoa	801	False
Q9P1W3	Homo sapiens	Metazoa	806	True
Q0DEC8	Oryza sativa subsp. japonica	Plants	641	False
P25374	Saccharomyces cerevisiae (strain ATCC 204508 / S288c)	Fungi	497	False
P32829	Saccharomyces cerevisiae (strain ATCC 204508 / S288c)	Fungi	692	False
E3Q1H1	Trypanosoma brucei brucei	Other	147	False
Q95T19	Drosophila melanogaster	Metazoa	464	False
Q14938	Homo sapiens	Metazoa	502	False
Q61412	Mus musculus	Metazoa	361	False
Q96WW3	Schizosaccharomyces pombe (strain 972 / ATCC 24843)	Fungi	117	False
Q9XJ35	Arabidopsis thaliana	Plants	387	False
Q14722	Homo sapiens	Metazoa	419	False
B9TSP7	Arabidopsis thaliana	Plants	548	False
Q9JJV9	Mus musculus	Metazoa	2019	False
O94358	Schizosaccharomyces pombe (strain 972 / ATCC 24843)	Fungi	845	False
Q6UJY2	Mus musculus	Metazoa	1175	True
O35625	Mus musculus	Metazoa	863	False
Q9UQX0	Schizosaccharomyces pombe (strain 972 / ATCC 24843)	Fungi	218	False
Q9P7K5	Schizosaccharomyces pombe (strain 972 / ATCC 24843)	Fungi	1098	False
P05981	Homo sapiens	Metazoa	417	True
O88509	Mus musculus	Metazoa	859	False
Q10665	Caenorhabditis elegans	Metazoa	754	False
P04147	Saccharomyces cerevisiae (strain ATCC 204508 / S288c)	Fungi	577	False
Q9UII2	Homo sapiens	Metazoa	106	False
Q9M158	Arabidopsis thaliana	Plants	466	False
Q10187	Schizosaccharomyces pombe (strain 972 / ATCC 24843)	Fungi	612	False
Q07800	Saccharomyces cerevisiae (strain ATCC 204508 / S288c)	Fungi	427	False
Q06496	Rattus norvegicus	Metazoa	637	False
Q9LQC0	Arabidopsis thaliana	Plants	283	False
P39447	Mus musculus	Metazoa	1745	False
Q04666	Rattus norvegicus	Metazoa	281	False
Q8VZU2	Arabidopsis thaliana	Plants	304	False
Q1K5Z0	Neurospora crassa (strain ATCC 24698 / 74-OR23-1A / CBS 708.71 / DSM 1257 / FGSC 987)	Fungi	382	False
Q9H9B4	Homo sapiens	Metazoa	322	False
Q6P1K2	Homo sapiens	Metazoa	205	False
Q9VLP7	Drosophila melanogaster	Metazoa	397	False
Q92947	Homo sapiens	Metazoa	438	False
Q99966	Homo sapiens	Metazoa	193	False
C0HM53	Populus euphratica	Plants	510	False
Q3UR85	Mus musculus	Metazoa	1138	False
Q800K6	Xenopus laevis	Metazoa	1513	False
Q8W4E1	Arabidopsis thaliana	Plants	551	False
Q04170	Saccharomyces cerevisiae (strain ATCC 204508 / S288c)	Fungi	232	False
Q3MIR4	Homo sapiens	Metazoa	351	True
P97784	Mus musculus	Metazoa	606	False
Q24472	Drosophila melanogaster	Metazoa	845	False
Q9XVS7	Caenorhabditis elegans	Metazoa	628	False
Q06132	Saccharomyces cerevisiae (strain ATCC 204508 / S288c)	Fungi	899	False
B9FDE0	Oryza sativa subsp. japonica	Plants	494	False
Q9JIZ9	Mus musculus	Metazoa	296	False
F4I1T7	Arabidopsis thaliana	Plants	1819	False
P15880	Homo sapiens	Metazoa	293	False
P27708	Homo sapiens	Metazoa	2225	False
P38806	Saccharomyces cerevisiae (strain ATCC 204508 / S288c)	Fungi	282	False
I1SSI6	Petunia hybrida	Plants	723	False
P26364	Saccharomyces cerevisiae (strain ATCC 204508 / S288c)	Fungi	225	False
Q13595	Homo sapiens	Metazoa	282	False
Q3URS9	Mus musculus	Metazoa	406	False
P40010	Saccharomyces cerevisiae (strain ATCC 204508 / S288c)	Fungi	520	False
Q921W0	Mus musculus	Metazoa	196	False
Q14527	Homo sapiens	Metazoa	1009	False
Q9VHI4	Drosophila melanogaster	Metazoa	85	False
P17010	Homo sapiens	Metazoa	805	False
Q6ZRS2	Homo sapiens	Metazoa	3230	False
Q9LFE2	Arabidopsis thaliana	Plants	876	False
G5EFQ5	Caenorhabditis elegans	Metazoa	301	False
Q9ZP40	Pisum sativum	Plants	358	False
P53911	Saccharomyces cerevisiae (strain ATCC 204508 / S288c)	Fungi	425	False
P22572	Neurospora crassa (strain ATCC 24698 / 74-OR23-1A / CBS 708.71 / DSM 1257 / FGSC 987)	Fungi	453	False
P13164	Homo sapiens	Metazoa	125	True
Q99MD9	Mus musculus	Metazoa	773	False
Q96BS2	Homo sapiens	Metazoa	214	False
P38646	Homo sapiens	Metazoa	679	False
Q9ULE6	Homo sapiens	Metazoa	856	False
Q7L622	Homo sapiens	Metazoa	706	False
Q9FT53	Arabidopsis thaliana	Plants	430	False
Q12176	Saccharomyces cerevisiae (strain ATCC 204508 / S288c)	Fungi	1025	False
P08242	Spinacia oleracea	Plants	236	False
P18608	Mus musculus	Metazoa	96	False
Q14209	Homo sapiens	Metazoa	437	False
P19263	Saccharomyces cerevisiae (strain ATCC 204508 / S288c)	Fungi	1082	False
P05062	Homo sapiens	Metazoa	364	False
O08697	Rattus norvegicus	Metazoa	184	False
P23743	Homo sapiens	Metazoa	735	False
G5EE86	Caenorhabditis elegans	Metazoa	409	False
Q03465	Saccharomyces cerevisiae (strain ATCC 204508 / S288c)	Fungi	531	False
Q9H313	Homo sapiens	Metazoa	450	True
Q9LE95	Spinacia oleracea	Plants	352	False
P25188	Cavia porcellus	Metazoa	167	False
Q86YN6	Homo sapiens	Metazoa	1023	False
Q04073	Strongylocentrotus purpuratus	Metazoa	459	False
Q14457	Homo sapiens	Metazoa	450	False
P15884	Homo sapiens	Metazoa	667	False
O94436	Schizosaccharomyces pombe (strain 972 / ATCC 24843)	Fungi	241	False
P58418	Homo sapiens	Metazoa	232	True
O43663	Homo sapiens	Metazoa	620	False
O42250	Danio rerio	Metazoa	344	False
F4ICK8	Arabidopsis thaliana	Plants	502	False
P49711	Homo sapiens	Metazoa	727	False
Q9EQ28	Mus musculus	Metazoa	462	False
F4K1B4	Arabidopsis thaliana	Plants	335	False
P19476	Entamoeba histolytica (strain ATCC 30459 / HM-1:IMSS / ABRM)	Other	233	False
Q8NCK7	Homo sapiens	Metazoa	471	True
P38702	Saccharomyces cerevisiae (strain ATCC 204508 / S288c)	Fungi	357	True
P39946	Saccharomyces cerevisiae (strain ATCC 204508 / S288c)	Fungi	494	False
Q60778	Mus musculus	Metazoa	359	False
O61707	Caenorhabditis elegans	Metazoa	523	False
Q9Y3A2	Homo sapiens	Metazoa	253	False
P09144	Chlamydomonas reinhardtii	Plants	735	True
Q8TEB9	Homo sapiens	Metazoa	315	True
Q9CB01	Arabidopsis thaliana	Plants	202	False
P49757	Homo sapiens	Metazoa	651	False
Q43503	Solanum lycopersicum	Plants	500	False
O43818	Homo sapiens	Metazoa	475	False
Q8CDP0	Mus musculus	Metazoa	1006	False
S8EXU2	Toxoplasma gondii (strain ATCC 50611 / Me49)	Other	1130	False
Q8VHK0	Rattus norvegicus	Metazoa	320	False
P48512	Arabidopsis thaliana	Plants	312	False
P83214	Octopus vulgaris	Metazoa	56	False
Q9SS80	Arabidopsis thaliana	Plants	685	False
Q9LVB9	Arabidopsis thaliana	Plants	172	False
Q9SK71	Arabidopsis thaliana	Plants	430	False
Q7KQZ4	Drosophila melanogaster	Metazoa	787	False
Q9SI54	Arabidopsis thaliana	Plants	99	False
P32331	Saccharomyces cerevisiae (strain ATCC 204508 / S288c)	Fungi	307	True
Q43839	Solanum tuberosum	Plants	577	False
P09596	Spinacia oleracea	Plants	121	False
Q8VY21	Arabidopsis thaliana	Plants	406	False
O43318	Homo sapiens	Metazoa	606	False
O59800	Schizosaccharomyces pombe (strain 972 / ATCC 24843)	Fungi	354	False
Q8NFF5	Homo sapiens	Metazoa	587	False
Q8RX77	Arabidopsis thaliana	Plants	620	True
Q9UMN6	Homo sapiens	Metazoa	2715	False
P53307	Saccharomyces cerevisiae (strain ATCC 204508 / S288c)	Fungi	113	False
Q6YWF1	Oryza sativa subsp. japonica	Plants	165	False
P00371	Sus scrofa	Metazoa	347	False
Q5TAX3	Homo sapiens	Metazoa	1644	False
P32774	Saccharomyces cerevisiae (strain ATCC 204508 / S288c)	Fungi	122	False
Q60759	Mus musculus	Metazoa	438	False
Q06787	Homo sapiens	Metazoa	632	False
Q94AM1	Arabidopsis thaliana	Plants	791	False
P41812	Saccharomyces cerevisiae (strain ATCC 204508 / S288c)	Fungi	875	False
Q57UZ7	Trypanosoma brucei brucei (strain 927/4 GUTat10.1)	Other	550	False
P36394	Rattus norvegicus	Metazoa	169	False
P25596	Saccharomyces cerevisiae (strain ATCC 204508 / S288c)	Fungi	615	True
Q9C019	Homo sapiens	Metazoa	465	False
P10815	Schizosaccharomyces pombe (strain 972 / ATCC 24843)	Fungi	482	False
Q9FME4	Arabidopsis thaliana	Plants	521	False
Q9JIY2	Mus musculus	Metazoa	491	False
B0L3A2	Homo sapiens	Metazoa	85	True
Q01081	Homo sapiens	Metazoa	240	False
Q9DB00	Mus musculus	Metazoa	2260	False
P42847	Saccharomyces cerevisiae (strain ATCC 204508 / S288c)	Fungi	217	False
Q9LYD9	Arabidopsis thaliana	Plants	1096	False
P53220	Saccharomyces cerevisiae (strain ATCC 204508 / S288c)	Fungi	239	True
Q9NPJ6	Homo sapiens	Metazoa	270	False
Q9ZU32	Arabidopsis thaliana	Plants	348	False
Q9XUB9	Caenorhabditis elegans	Metazoa	634	False
P79348	Bos taurus	Metazoa	374	False
Q5EU90	Euglena gracilis	Other	539	False
Q61069	Mus musculus	Metazoa	310	False
P38848	Saccharomyces cerevisiae (strain ATCC 204508 / S288c)	Fungi	579	False
Q9Y808	Schizosaccharomyces pombe (strain 972 / ATCC 24843)	Fungi	1063	False
Q9SM44	Spinacia oleracea	Plants	522	False
P29144	Homo sapiens	Metazoa	1249	False
P16970	Rattus norvegicus	Metazoa	659	True
Q96K80	Homo sapiens	Metazoa	434	False
O04862	Pisum sativum	Plants	515	False
Q8WUQ7	Homo sapiens	Metazoa	758	False
O59858	Schizosaccharomyces pombe (strain 972 / ATCC 24843)	Fungi	158	False
O95377	Homo sapiens	Metazoa	273	True
Q9FJF4	Arabidopsis thaliana	Plants	306	False
O23722	Arabidopsis thaliana	Plants	412	False
H9A1V3	Cannabis sativa	Plants	720	False
Q9NS91	Homo sapiens	Metazoa	495	False
Q9VDE8	Drosophila melanogaster	Metazoa	974	False
P82538	Arabidopsis thaliana	Plants	230	False
P48558	Saccharomyces cerevisiae (strain ATCC 204508 / S288c)	Fungi	297	True
Q99257	Saccharomyces cerevisiae (strain ATCC 204508 / S288c)	Fungi	599	False
Q9FEB5	Arabidopsis thaliana	Plants	379	False
Q9H3H1	Homo sapiens	Metazoa	467	False
Q9SA14	Arabidopsis thaliana	Plants	404	False
Q9UU76	Schizosaccharomyces pombe (strain 972 / ATCC 24843)	Fungi	642	False
Q9GZU8	Homo sapiens	Metazoa	254	False
Q8IUF8	Homo sapiens	Metazoa	465	False
O75319	Homo sapiens	Metazoa	330	False
P47175	Saccharomyces cerevisiae (strain ATCC 204508 / S288c)	Fungi	358	False
Q14CZ7	Homo sapiens	Metazoa	662	False
Q92575	Homo sapiens	Metazoa	508	False
Q02614	Mus musculus	Metazoa	308	False
A7Y7W3	Gallus gallus	Metazoa	309	False
P31164	Spinacia oleracea	Plants	224	False
P61020	Homo sapiens	Metazoa	215	False
Q7Z2E3	Homo sapiens	Metazoa	356	False
Q9UPW6	Homo sapiens	Metazoa	733	False
D2CSU4	Petunia hybrida	Plants	324	False
P28235	Mus musculus	Metazoa	333	True
Q9LF24	Arabidopsis thaliana	Plants	927	False
Q96I76	Homo sapiens	Metazoa	525	False
Q4KLN5	Rattus norvegicus	Metazoa	287	False
Q96G74	Homo sapiens	Metazoa	571	False
P31376	Saccharomyces cerevisiae (strain ATCC 204508 / S288c)	Fungi	625	False
Q60610	Mus musculus	Metazoa	1591	False
P23804	Mus musculus	Metazoa	489	False
Q7Z624	Homo sapiens	Metazoa	323	False
Q96D31	Homo sapiens	Metazoa	301	True
B2GV06	Rattus norvegicus	Metazoa	520	False
P83267	Hydrolagus colliei	Metazoa	48	False
O94617	Schizosaccharomyces pombe (strain 972 / ATCC 24843)	Fungi	475	False
Q53HV7	Homo sapiens	Metazoa	270	False
G5E829	Mus musculus	Metazoa	1220	False
Q9JLC3	Mus musculus	Metazoa	116	False
Q8LBV4	Arabidopsis thaliana	Plants	355	False
Q9FFA7	Arabidopsis thaliana	Plants	368	False
O43684	Homo sapiens	Metazoa	328	False
Q91XW8	Mus musculus	Metazoa	327	False
Q04499	Drosophila melanogaster	Metazoa	681	False
P07471	Bos taurus	Metazoa	97	True
A0A5B9G902	Aureobasidium melanogenum	Fungi	521	False
Q9R1Q2	Rattus norvegicus	Metazoa	527	False
Q9UEW3	Homo sapiens	Metazoa	520	True
A1A4Y4	Homo sapiens	Metazoa	181	False
Q06162	Saccharomyces cerevisiae (strain ATCC 204508 / S288c)	Fungi	153	False
P40517	Saccharomyces cerevisiae (strain ATCC 204508 / S288c)	Fungi	327	False
Q9SIE1	Arabidopsis thaliana	Plants	475	False
Q9Y4C2	Homo sapiens	Metazoa	921	False
O95800	Homo sapiens	Metazoa	540	True
P46962	Saccharomyces cerevisiae (strain ATCC 204508 / S288c)	Fungi	323	False
Q9WTX7	Mus musculus	Metazoa	284	False
Q9DB10	Mus musculus	Metazoa	107	True
Q5U117	Drosophila melanogaster	Metazoa	639	False
P25087	Saccharomyces cerevisiae (strain ATCC 204508 / S288c)	Fungi	383	False
Q9LVD0	Arabidopsis thaliana	Plants	289	False
O88269	Rattus norvegicus	Metazoa	1502	True
Q9VMJ7	Drosophila melanogaster	Metazoa	1838	False
Q6P587	Homo sapiens	Metazoa	221	False
A0A096LP01	Homo sapiens	Metazoa	95	True
P42356	Homo sapiens	Metazoa	2102	False
P25819	Arabidopsis thaliana	Plants	492	False
P40757	Aquarana catesbeiana	Metazoa	484	False
P52410	Arabidopsis thaliana	Plants	473	False
Q9ESZ8	Mus musculus	Metazoa	998	False
Q24338	Drosophila melanogaster	Metazoa	425	False
P13377	Trypanosoma brucei brucei	Other	607	False
P22985	Rattus norvegicus	Metazoa	1331	False
Q9SSE7	Arabidopsis thaliana	Plants	381	False
Q9VQ89	Drosophila melanogaster	Metazoa	867	False
Q02776	Saccharomyces cerevisiae (strain ATCC 204508 / S288c)	Fungi	476	False
Q9UUM2	Schizosaccharomyces pombe (strain 972 / ATCC 24843)	Fungi	971	False
Q5T160	Homo sapiens	Metazoa	578	False
P25649	Saccharomyces cerevisiae (strain ATCC 204508 / S288c)	Fungi	128	False
Q7YS70	Bos taurus	Metazoa	373	False
O81191	Salvia officinalis	Plants	591	False
P06241	Homo sapiens	Metazoa	537	False
Q62897	Rattus norvegicus	Metazoa	655	False
Q9HAU4	Homo sapiens	Metazoa	748	False
Q0E3V2	Oryza sativa subsp. japonica	Plants	165	False
Q00417	Mus musculus	Metazoa	419	False
Q63147	Rattus norvegicus	Metazoa	587	False
A0A1D9BZF0	Mus musculus	Metazoa	507	False
Q8TBR7	Homo sapiens	Metazoa	257	True
P30873	Mus musculus	Metazoa	391	True
O61722	Drosophila melanogaster	Metazoa	176	False
P35240	Homo sapiens	Metazoa	595	False
Q05942	Saccharomyces cerevisiae (strain ATCC 204508 / S288c)	Fungi	220	False
P53942	Saccharomyces cerevisiae (strain ATCC 204508 / S288c)	Fungi	307	False
P53305	Saccharomyces cerevisiae (strain ATCC 204508 / S288c)	Fungi	110	False
Q9CQC7	Mus musculus	Metazoa	129	True
P52630	Homo sapiens	Metazoa	851	False
A2Y8X2	Oryza sativa subsp. indica	Plants	609	False
O15294	Homo sapiens	Metazoa	1046	False
P12617	Anser anser anser	Metazoa	504	False
Q94519	Drosophila melanogaster	Metazoa	152	False
P45844	Homo sapiens	Metazoa	678	False
Q3UN04	Mus musculus	Metazoa	517	True
P12235	Homo sapiens	Metazoa	298	True
Q9SNB4	Arabidopsis thaliana	Plants	323	False
Q9QZV9	Mus musculus	Metazoa	140	False
A1L4W5	Arabidopsis thaliana	Plants	415	False
O43451	Homo sapiens	Metazoa	2753	True
G5DGA8	Ips pini	Metazoa	253	False
P32962	Arabidopsis thaliana	Plants	339	False
O35054	Mus musculus	Metazoa	210	True
Q9LT69	Arabidopsis thaliana	Plants	588	False
Q9LW85	Arabidopsis thaliana	Plants	726	False
P29474	Homo sapiens	Metazoa	1203	False
Q9Y210	Homo sapiens	Metazoa	931	False
P82193	Spinacia oleracea	Plants	220	False
Q5SV85	Mus musculus	Metazoa	1306	False
P30316	Schizosaccharomyces pombe (strain 972 / ATCC 24843)	Fungi	1086	False
P00228	Triticum aestivum	Plants	143	False
P05131	Bos taurus	Metazoa	351	False
Q99JE4	Rattus norvegicus	Metazoa	1190	False
Q12146	Saccharomyces cerevisiae (strain ATCC 204508 / S288c)	Fungi	194	False
Q9QXN0	Mus musculus	Metazoa	1986	False
Q86TG1	Homo sapiens	Metazoa	271	True
Q96PE3	Homo sapiens	Metazoa	977	False
Q26622	Strongylocentrotus purpuratus	Metazoa	583	False
Q15750	Homo sapiens	Metazoa	504	False
Q6EPW7	Oryza sativa subsp. japonica	Plants	233	False
Q9NX04	Homo sapiens	Metazoa	203	False
P84850	Rattus norvegicus	Metazoa	535	False
P10770	Peridinium bipes	Other	93	False
Q08288	Mus musculus	Metazoa	388	False
Q13416	Homo sapiens	Metazoa	577	False
Q9CAH5	Arabidopsis thaliana	Plants	320	True
P47123	Saccharomyces cerevisiae (strain ATCC 204508 / S288c)	Fungi	218	False
P27361	Homo sapiens	Metazoa	379	False
Q9SS90	Arabidopsis thaliana	Plants	489	False
Q6N021	Homo sapiens	Metazoa	2002	False
Q9P797	Schizosaccharomyces pombe (strain 972 / ATCC 24843)	Fungi	1142	False
Q6NQ88	Arabidopsis thaliana	Plants	557	False
O88450	Rattus norvegicus	Metazoa	565	False
P41958	Caenorhabditis elegans	Metazoa	280	False
P24752	Homo sapiens	Metazoa	427	False
P97348	Mus musculus	Metazoa	210	False
Q96P65	Homo sapiens	Metazoa	431	True
Q96252	Arabidopsis thaliana	Plants	203	False
P54707	Homo sapiens	Metazoa	1039	False
P38902	Saccharomyces cerevisiae (strain ATCC 204508 / S288c)	Fungi	120	False
Q02046	Saccharomyces cerevisiae (strain ATCC 204508 / S288c)	Fungi	320	False
P93002	Arabidopsis thaliana	Plants	593	False
P26361	Mus musculus	Metazoa	1476	True
P00445	Saccharomyces cerevisiae (strain ATCC 204508 / S288c)	Fungi	154	False
Q13895	Homo sapiens	Metazoa	437	False
Q09527	Caenorhabditis elegans	Metazoa	182	False
Q16654	Homo sapiens	Metazoa	411	False
Q9BRP8	Homo sapiens	Metazoa	204	False
P32860	Saccharomyces cerevisiae (strain ATCC 204508 / S288c)	Fungi	256	False
M4IRL4	Humulus lupulus	Plants	573	False
O15770	Plasmodium falciparum (isolate 3D7)	Other	546	False
P49406	Homo sapiens	Metazoa	292	False
O70597	Rattus norvegicus	Metazoa	246	False
Q03010	Saccharomyces cerevisiae (strain ATCC 204508 / S288c)	Fungi	460	False
P33292	Komagataella pastoris	Fungi	576	False
B8B0E2	Oryza sativa subsp. indica	Plants	1246	False
P18409	Saccharomyces cerevisiae (strain ATCC 204508 / S288c)	Fungi	493	False
Q9BRR0	Homo sapiens	Metazoa	538	False
A1A519	Homo sapiens	Metazoa	330	False
Q9JKX4	Mus musculus	Metazoa	526	False
O42634	Schizosaccharomyces pombe (strain 972 / ATCC 24843)	Fungi	332	False
Q9M401	Arabidopsis thaliana	Plants	413	False
O08715	Mus musculus	Metazoa	857	False
Q8GXR9	Arabidopsis thaliana	Plants	519	False
Q6Q4D0	Arabidopsis thaliana	Plants	1311	False
Q7Z3E1	Homo sapiens	Metazoa	657	False
B0I1T2	Homo sapiens	Metazoa	1018	False
O95833	Homo sapiens	Metazoa	236	True
Q9UMY1	Homo sapiens	Metazoa	257	False
Q8GXH3	Arabidopsis thaliana	Plants	371	False
Q9LTQ0	Arabidopsis thaliana	Plants	391	False
Q8IU60	Homo sapiens	Metazoa	420	False
Q9FLT9	Arabidopsis thaliana	Plants	259	True
Q94A82	Arabidopsis thaliana	Plants	438	False
O00161	Homo sapiens	Metazoa	211	False
Q6AWC2	Homo sapiens	Metazoa	1192	False
O74946	Schizosaccharomyces pombe (strain 972 / ATCC 24843)	Fungi	574	False
Q96BW1	Homo sapiens	Metazoa	309	False
Q05683	Rattus norvegicus	Metazoa	585	False
Q7SIG0	Agarophyton chilense	Other	164	False
P28040	Schizosaccharomyces pombe (strain 972 / ATCC 24843)	Fungi	1405	False
P07752	Trypanosoma brucei brucei	Other	372	False
Q9UKD1	Homo sapiens	Metazoa	530	False
Q07532	Saccharomyces cerevisiae (strain ATCC 204508 / S288c)	Fungi	353	False
G5EFF5	Caenorhabditis elegans	Metazoa	753	False
O97297	Plasmodium falciparum (isolate 3D7)	Other	404	False
Q2M2T1	Bos taurus	Metazoa	126	False
O82743	Arabidopsis thaliana	Plants	219	False
Q8K2F0	Mus musculus	Metazoa	726	False
P12954	Saccharomyces cerevisiae (strain ATCC 204508 / S288c)	Fungi	1174	False
P54987	Mus musculus	Metazoa	488	False
Q99929	Homo sapiens	Metazoa	193	False
Q84K52	Arabidopsis thaliana	Plants	246	False
P43616	Saccharomyces cerevisiae (strain ATCC 204508 / S288c)	Fungi	481	False
P46014	Arabidopsis thaliana	Plants	581	True
P81449	Saccharomyces cerevisiae (strain ATCC 204508 / S288c)	Fungi	96	False
Q03151	Saccharomyces cerevisiae (strain ATCC 204508 / S288c)	Fungi	367	False
P31323	Homo sapiens	Metazoa	418	False
Q8N5M1	Homo sapiens	Metazoa	289	False
Q8TBZ3	Homo sapiens	Metazoa	569	False
Q91ZP3	Mus musculus	Metazoa	924	False
Q9FGN8	Arabidopsis thaliana	Plants	639	False
Q8L557	Arabidopsis thaliana	Plants	202	False
Q9FH37	Arabidopsis thaliana	Plants	234	False
Q12366	Saccharomyces cerevisiae (strain ATCC 204508 / S288c)	Fungi	352	False
P62799	Xenopus laevis	Metazoa	103	False
Q12899	Homo sapiens	Metazoa	539	False
Q9UNQ2	Homo sapiens	Metazoa	313	False
Q86UQ0	Homo sapiens	Metazoa	364	False
Q27403	Drosophila melanogaster	Metazoa	504	False
Q8K4K2	Mus musculus	Metazoa	354	False
Q9DAA6	Mus musculus	Metazoa	195	False
Q32M00	Mus musculus	Metazoa	123	False
P16036	Rattus norvegicus	Metazoa	356	True
O14170	Schizosaccharomyces pombe (strain 972 / ATCC 24843)	Fungi	703	False
Q93VP3	Arabidopsis thaliana	Plants	159	False
Q96305	Arabidopsis thaliana	Plants	136	False
Q9BY49	Homo sapiens	Metazoa	303	False
P00163	Saccharomyces cerevisiae (strain ATCC 204508 / S288c)	Fungi	385	True
P47077	Saccharomyces cerevisiae (strain ATCC 204508 / S288c)	Fungi	666	False
P49887	Cavia porcellus	Metazoa	296	False
Q9Y275	Homo sapiens	Metazoa	285	True
O14362	Schizosaccharomyces pombe (strain 972 / ATCC 24843)	Fungi	504	False
Q6PFR5	Mus musculus	Metazoa	281	False
Q9NS26	Homo sapiens	Metazoa	97	False
B2GV50	Rattus norvegicus	Metazoa	692	False
P21360	Pichia angusta	Fungi	555	False
Q6UX01	Homo sapiens	Metazoa	489	True
Q8BH70	Mus musculus	Metazoa	621	False
O60733	Homo sapiens	Metazoa	806	False
Q9H7D7	Homo sapiens	Metazoa	661	False
P17252	Homo sapiens	Metazoa	672	False
Q9NUQ2	Homo sapiens	Metazoa	364	True
Q28175	Bos taurus	Metazoa	533	False
P0C7P3	Homo sapiens	Metazoa	912	False
P36049	Saccharomyces cerevisiae (strain ATCC 204508 / S288c)	Fungi	427	False
Q8BN59	Mus musculus	Metazoa	492	False
P14937	Raphanus sativus	Plants	98	False
P25808	Saccharomyces cerevisiae (strain ATCC 204508 / S288c)	Fungi	606	False
Q9UST7	Schizosaccharomyces pombe (strain 972 / ATCC 24843)	Fungi	1339	False
P46946	Saccharomyces cerevisiae (strain ATCC 204508 / S288c)	Fungi	345	False
Q8N0S6	Homo sapiens	Metazoa	344	False
Q8H186	Arabidopsis thaliana	Plants	389	False
Q15326	Homo sapiens	Metazoa	602	False
P51684	Homo sapiens	Metazoa	374	True
Q9FMW8	Arabidopsis thaliana	Plants	354	False
Q09437	Caenorhabditis elegans	Metazoa	719	False
Q3B7D0	Rattus norvegicus	Metazoa	443	False
Q14149	Homo sapiens	Metazoa	939	False
Q9SX77	Arabidopsis thaliana	Plants	257	False
P18850	Homo sapiens	Metazoa	670	False
Q5U623	Homo sapiens	Metazoa	682	False
Q04688	Drosophila melanogaster	Metazoa	464	False
Q9ULD4	Homo sapiens	Metazoa	1205	False
Q9U213	Caenorhabditis elegans	Metazoa	425	False
Q1K8F6	Neurospora crassa (strain ATCC 24698 / 74-OR23-1A / CBS 708.71 / DSM 1257 / FGSC 987)	Fungi	712	False
Q9NS86	Homo sapiens	Metazoa	450	False
P51858	Homo sapiens	Metazoa	240	False
P30275	Mus musculus	Metazoa	418	False
A1Z8N1	Drosophila melanogaster	Metazoa	857	False
Q9UBB5	Homo sapiens	Metazoa	411	False
Q9NSN8	Homo sapiens	Metazoa	517	False
Q96UP3	Schizosaccharomyces pombe (strain 972 / ATCC 24843)	Fungi	1400	False
P17119	Saccharomyces cerevisiae (strain ATCC 204508 / S288c)	Fungi	729	False
Q03526	Mus musculus	Metazoa	625	False
P15382	Homo sapiens	Metazoa	129	True
P53738	Saccharomyces cerevisiae (strain ATCC 204508 / S288c)	Fungi	135	False
Q9R0A0	Mus musculus	Metazoa	376	False
Q8WSR2	Ascaris suum	Metazoa	141	True
O35240	Rattus norvegicus	Metazoa	533	True
O95639	Homo sapiens	Metazoa	269	False
Q92262	Komagataella pastoris	Fungi	455	False
P92965	Arabidopsis thaliana	Plants	350	False
P38715	Saccharomyces cerevisiae (strain ATCC 204508 / S288c)	Fungi	327	False
Q9H4W6	Homo sapiens	Metazoa	596	False
Q8IW41	Homo sapiens	Metazoa	473	False
P18117	Xenopus laevis	Metazoa	373	False
Q14511	Homo sapiens	Metazoa	834	False
G5EG17	Caenorhabditis elegans	Metazoa	1149	False
Q9FGR0	Arabidopsis thaliana	Plants	1442	False
P62745	Homo sapiens	Metazoa	196	False
Q9XF88	Arabidopsis thaliana	Plants	287	False
O93308	Xenopus laevis	Metazoa	1232	False
P48721	Rattus norvegicus	Metazoa	679	False
Q9H0R1	Homo sapiens	Metazoa	490	False
P30606	Saccharomyces cerevisiae (strain ATCC 204508 / S288c)	Fungi	609	False
F4IDQ6	Arabidopsis thaliana	Plants	1576	False
Q9ESF1	Mus musculus	Metazoa	1997	False
P23490	Homo sapiens	Metazoa	312	False
O88892	Mus musculus	Metazoa	62	False
Q9Y6W5	Homo sapiens	Metazoa	498	False
P83520	Brugmansia arborea	Plants	97	False
Q54ER9	Dictyostelium discoideum	Other	602	False
Q08492	Saccharomyces cerevisiae (strain ATCC 204508 / S288c)	Fungi	214	False
Q8RWV8	Arabidopsis thaliana	Plants	442	False
Q940X9	Arabidopsis thaliana	Plants	826	False
O70404	Mus musculus	Metazoa	101	True
Q10F03	Oryza sativa subsp. japonica	Plants	529	False
A8IEF3	Chlamydomonas reinhardtii	Plants	345	False
P02688	Rattus norvegicus	Metazoa	195	False
P13498	Homo sapiens	Metazoa	195	True
Q70Z53	Homo sapiens	Metazoa	315	False
Q02790	Homo sapiens	Metazoa	459	False
Q31795	Anthoceros angustus	Plants	475	False
P63159	Rattus norvegicus	Metazoa	215	False
P17509	Homo sapiens	Metazoa	224	False
Q60698	Mus musculus	Metazoa	725	False
Q9Y2D1	Homo sapiens	Metazoa	282	False
O35710	Mus musculus	Metazoa	429	False
Q03497	Saccharomyces cerevisiae (strain ATCC 204508 / S288c)	Fungi	939	False
P0CT76	Schizosaccharomyces pombe (strain 972 / ATCC 24843)	Fungi	143	False
Q9Z266	Mus musculus	Metazoa	136	False
Q93009	Homo sapiens	Metazoa	1102	False
G5EGD2	Caenorhabditis elegans	Metazoa	719	False
P83103	Drosophila melanogaster	Metazoa	566	False
P48996	Caenorhabditis elegans	Metazoa	1469	False
O94478	Schizosaccharomyces pombe (strain 972 / ATCC 24843)	Fungi	420	False
Q8IU68	Homo sapiens	Metazoa	726	False
Q9D0Z3	Mus musculus	Metazoa	276	False
Q9NRM0	Homo sapiens	Metazoa	540	True
O75575	Homo sapiens	Metazoa	148	False
Q08902	Saccharomyces cerevisiae (strain ATCC 204508 / S288c)	Fungi	515	True
Q9SL05	Arabidopsis thaliana	Plants	133	False
Q8TDX9	Homo sapiens	Metazoa	2849	False
P93648	Zea mays	Plants	964	False
Q12361	Saccharomyces cerevisiae (strain ATCC 204508 / S288c)	Fungi	961	True
Q96QE5	Homo sapiens	Metazoa	360	False
Q96AE7	Homo sapiens	Metazoa	1141	False
P70460	Mus musculus	Metazoa	375	False
Q9SIP1	Arabidopsis thaliana	Plants	263	False
Q93170	Caenorhabditis elegans	Metazoa	421	False
Q9N4U5	Caenorhabditis elegans	Metazoa	547	False
Q8IEG9	Plasmodium falciparum (isolate 3D7)	Other	408	False
P08196	Solanum lycopersicum	Plants	412	False
A1L4Y1	Arabidopsis thaliana	Plants	411	False
O75791	Homo sapiens	Metazoa	330	False
F4I6G4	Arabidopsis thaliana	Plants	819	False
Q9US26	Schizosaccharomyces pombe (strain 972 / ATCC 24843)	Fungi	351	False
P70096	Cricetulus griseus	Metazoa	718	False
Q9P1T7	Homo sapiens	Metazoa	246	False
O94585	Schizosaccharomyces pombe (strain 972 / ATCC 24843)	Fungi	187	False
P36428	Arabidopsis thaliana	Plants	1003	False
Q84MZ4	Arabidopsis thaliana	Plants	412	False
Q920D2	Rattus norvegicus	Metazoa	187	False
O96622	Dictyostelium discoideum	Other	369	False
P83483	Arabidopsis thaliana	Plants	556	False
E3SCZ8	Cavia porcellus	Metazoa	142	False
Q9BXL8	Homo sapiens	Metazoa	241	False
Q0DI31	Oryza sativa subsp. japonica	Plants	112	False
Q12887	Homo sapiens	Metazoa	443	False
O95990	Homo sapiens	Metazoa	144	False
Q54TN2	Dictyostelium discoideum	Other	580	False
P37242	Mus musculus	Metazoa	461	False
Q925H0	Mus musculus	Metazoa	512	True
P20292	Homo sapiens	Metazoa	161	True
Q9UTH9	Schizosaccharomyces pombe (strain 972 / ATCC 24843)	Fungi	617	False
E7FFT2	Danio rerio	Metazoa	916	False
Q96291	Arabidopsis thaliana	Plants	266	False
I3SL57	Lotus japonicus	Plants	282	False
C4QM85	Schistosoma mansoni	Metazoa	419	True
Q9H8M2	Homo sapiens	Metazoa	597	False
O08679	Rattus norvegicus	Metazoa	722	False
P15202	Saccharomyces cerevisiae (strain ATCC 204508 / S288c)	Fungi	515	False
Q8TB68	Homo sapiens	Metazoa	274	True
Q6PML9	Homo sapiens	Metazoa	568	False
Q9GZY6	Homo sapiens	Metazoa	243	True
P19440	Homo sapiens	Metazoa	569	True
Q9NVM4	Homo sapiens	Metazoa	692	False
P48146	Homo sapiens	Metazoa	333	True
Q9BU61	Homo sapiens	Metazoa	184	False
Q92847	Homo sapiens	Metazoa	366	True
Q92615	Homo sapiens	Metazoa	738	False
Q08231	Saccharomyces cerevisiae (strain ATCC 204508 / S288c)	Fungi	455	False
Q9LK25	Arabidopsis thaliana	Plants	279	True
Q9LUI2	Arabidopsis thaliana	Plants	1728	False
B7U540	Homo sapiens	Metazoa	433	True
Q75LL6	Oryza sativa subsp. japonica	Plants	567	False
Q9VFP2	Drosophila melanogaster	Metazoa	829	False
Q9FMD5	Arabidopsis thaliana	Plants	447	False
P21506	Homo sapiens	Metazoa	573	False
P33334	Saccharomyces cerevisiae (strain ATCC 204508 / S288c)	Fungi	2413	False
Q19614	Caenorhabditis elegans	Metazoa	433	False
P05030	Saccharomyces cerevisiae (strain ATCC 204508 / S288c)	Fungi	918	False
B6TTV8	Zea mays	Plants	498	False
Q3TLD5	Mus musculus	Metazoa	531	False
Q8VHT6	Rattus norvegicus	Metazoa	369	False
Q9LYR5	Arabidopsis thaliana	Plants	256	False
O23530	Arabidopsis thaliana	Plants	1437	False
Q6PXP3	Homo sapiens	Metazoa	512	True
A0A077K8G3	Citrus limon	Plants	407	False
O00180	Homo sapiens	Metazoa	336	True
Q96A44	Homo sapiens	Metazoa	273	False
O43071	Schizosaccharomyces pombe (strain 972 / ATCC 24843)	Fungi	558	False
P00109	Alaria esculenta	Other	86	False
Q15758	Homo sapiens	Metazoa	541	True
P10804	Secale cereale	Plants	473	True
P84022	Homo sapiens	Metazoa	425	False
O75912	Homo sapiens	Metazoa	1057	False
O17286	Caenorhabditis elegans	Metazoa	403	False
Q8LBK6	Arabidopsis thaliana	Plants	169	False
Q9NXV6	Homo sapiens	Metazoa	580	False
Q6AYU4	Rattus norvegicus	Metazoa	415	False
P35729	Saccharomyces cerevisiae (strain ATCC 204508 / S288c)	Fungi	1037	False
P43277	Mus musculus	Metazoa	221	False
Q20655	Caenorhabditis elegans	Metazoa	248	False
P40360	Saccharomyces cerevisiae (strain ATCC 204508 / S288c)	Fungi	574	False
Q9LF27	Arabidopsis thaliana	Plants	433	False
Q504J1	Danio rerio	Metazoa	404	False
Q653T6	Oryza sativa subsp. japonica	Plants	430	False
Q68DU8	Homo sapiens	Metazoa	428	False
P93306	Arabidopsis thaliana	Plants	394	False
P26358	Homo sapiens	Metazoa	1616	False
P06702	Homo sapiens	Metazoa	114	False
O15528	Homo sapiens	Metazoa	508	False
P38789	Saccharomyces cerevisiae (strain ATCC 204508 / S288c)	Fungi	453	False
Q9CQJ4	Mus musculus	Metazoa	336	False
Q84L31	Arabidopsis thaliana	Plants	419	False
Q9H9P8	Homo sapiens	Metazoa	463	False
Q9XF89	Arabidopsis thaliana	Plants	280	False
Q8S8E3	Arabidopsis thaliana	Plants	215	False
Q9SQU2	Arabidopsis thaliana	Plants	199	True
Q9EQJ9	Mus musculus	Metazoa	1476	False
Q9VS24	Drosophila melanogaster	Metazoa	994	False
P81269	Mus musculus	Metazoa	269	False
Q9GTP5	Crithidia fasciculata	Other	497	True
P46974	Saccharomyces cerevisiae (strain ATCC 204508 / S288c)	Fungi	1380	False
Q64522	Mus musculus	Metazoa	130	False
P15719	Zea mays	Plants	432	False
P32243	Homo sapiens	Metazoa	289	False
P70500	Rattus norvegicus	Metazoa	213	True
Q9USY3	Schizosaccharomyces pombe (strain 972 / ATCC 24843)	Fungi	708	False
Q9SUQ2	Arabidopsis thaliana	Plants	343	False
O13712	Schizosaccharomyces pombe (strain 972 / ATCC 24843)	Fungi	844	False
Q7ZZH7	Xenopus laevis	Metazoa	661	False
P03930	Mus musculus	Metazoa	67	True
Q9NY91	Homo sapiens	Metazoa	659	True
Q8VYR7	Arabidopsis thaliana	Plants	704	True
Q505B8	Mus musculus	Metazoa	171	False
Q9UJ68	Homo sapiens	Metazoa	235	False
P34232	Saccharomyces cerevisiae (strain ATCC 204508 / S288c)	Fungi	184	False
C8VQG9	Emericella nidulans (strain FGSC A4 / ATCC 38163 / CBS 112.46 / NRRL 194 / M139)	Fungi	374	False
Q6X7J9	Arabidopsis thaliana	Plants	251	False
Q63665	Rattus norvegicus	Metazoa	346	False
Q9QZM0	Mus musculus	Metazoa	638	False
P22415	Homo sapiens	Metazoa	310	False
Q99NI4	Rattus norvegicus	Metazoa	396	False
P53081	Saccharomyces cerevisiae (strain ATCC 204508 / S288c)	Fungi	288	False
P00480	Homo sapiens	Metazoa	354	False
Q9H2W6	Homo sapiens	Metazoa	279	False
Q06505	Saccharomyces cerevisiae (strain ATCC 204508 / S288c)	Fungi	410	False
Q8GSG4	Medicago truncatula	Plants	528	True
P18496	Saccharomyces cerevisiae (strain ATCC 204508 / S288c)	Fungi	279	False
Q8CFD0	Rattus norvegicus	Metazoa	342	False
Q922B6	Mus musculus	Metazoa	594	False
Q08647	Saccharomyces cerevisiae (strain ATCC 204508 / S288c)	Fungi	676	False
Q13352	Homo sapiens	Metazoa	177	False
Q9NEZ5	Caenorhabditis elegans	Metazoa	350	False
Q8C5W4	Mus musculus	Metazoa	1022	False
P84247	Gallus gallus	Metazoa	136	False
Q9QZ59	Mus musculus	Metazoa	374	False
Q12952	Homo sapiens	Metazoa	345	False
Q23544	Caenorhabditis elegans	Metazoa	508	True
Q5H8A5	Lotus japonicus	Plants	917	False
Q9M9V9	Arabidopsis thaliana	Plants	156	False
Q86W26	Homo sapiens	Metazoa	655	False
Q9FWA3	Arabidopsis thaliana	Plants	486	False
Q9H4A3	Homo sapiens	Metazoa	2382	False
Q01853	Mus musculus	Metazoa	806	False
G4MZY8	Pyricularia oryzae (strain 70-15 / ATCC MYA-4617 / FGSC 8958)	Fungi	214	False
Q9H777	Homo sapiens	Metazoa	363	False
Q9UUI2	Schizosaccharomyces pombe (strain 972 / ATCC 24843)	Fungi	165	False
Q9Y3A0	Homo sapiens	Metazoa	265	False
Q09825	Schizosaccharomyces pombe (strain 972 / ATCC 24843)	Fungi	514	False
Q53I77	Xenopus laevis	Metazoa	1135	False
Q9D2Y6	Mus musculus	Metazoa	357	False
Q05925	Homo sapiens	Metazoa	392	False
O94653	Schizosaccharomyces pombe (strain 972 / ATCC 24843)	Fungi	1121	False
Q9NRR3	Homo sapiens	Metazoa	84	False
P21675	Homo sapiens	Metazoa	1893	False
P19357	Rattus norvegicus	Metazoa	509	True
Q9BXY0	Homo sapiens	Metazoa	300	False
Q7L5Y9	Homo sapiens	Metazoa	396	False
Q8NFZ0	Homo sapiens	Metazoa	1043	False
Q9TYT3	Caenorhabditis elegans	Metazoa	316	False
O14788	Homo sapiens	Metazoa	317	True
P02272	Gallus gallus	Metazoa	128	False
Q06177	Saccharomyces cerevisiae (strain ATCC 204508 / S288c)	Fungi	86	False
P28007	Saccharomyces cerevisiae (strain ATCC 204508 / S288c)	Fungi	205	False
Q9Y342	Homo sapiens	Metazoa	182	True
P53236	Saccharomyces cerevisiae (strain ATCC 204508 / S288c)	Fungi	928	False
Q8S950	Nicotiana tabacum	Plants	959	False
Q9H0F7	Homo sapiens	Metazoa	186	False
A1Z9L3	Drosophila melanogaster	Metazoa	1242	False
P93834	Arabidopsis thaliana	Plants	502	True
Q9Z0U1	Mus musculus	Metazoa	1167	False
Q8VHW8	Rattus norvegicus	Metazoa	275	True
O00401	Homo sapiens	Metazoa	505	False
F4JTE7	Arabidopsis thaliana	Plants	298	False
P82195	Spinacia oleracea	Plants	166	False
Q12824	Homo sapiens	Metazoa	385	False
F4IAW1	Arabidopsis thaliana	Plants	326	False
Q64707	Mus musculus	Metazoa	428	False
P18597	Oryctolagus cuniculus	Metazoa	291	True
O35147	Rattus norvegicus	Metazoa	205	False
Q871K1	Neurospora crassa (strain ATCC 24698 / 74-OR23-1A / CBS 708.71 / DSM 1257 / FGSC 987)	Fungi	123	False
Q05863	Saccharomyces cerevisiae (strain ATCC 204508 / S288c)	Fungi	155	False
O59740	Schizosaccharomyces pombe (strain 972 / ATCC 24843)	Fungi	522	False
O01501	Caenorhabditis elegans	Metazoa	524	False
Q38997	Arabidopsis thaliana	Plants	512	False
P03874	Saccharomyces cerevisiae (strain ATCC 204508 / S288c)	Fungi	630	False
Q07511	Solanum tuberosum	Plants	381	False
Q940H2	Arabidopsis thaliana	Plants	237	False
Q9SU94	Arabidopsis thaliana	Plants	390	False
C6KT66	Plasmodium falciparum (isolate 3D7)	Other	527	False
O59757	Schizosaccharomyces pombe (strain 972 / ATCC 24843)	Fungi	1364	False
P0CT75	Schizosaccharomyces pombe (strain 972 / ATCC 24843)	Fungi	143	False
Q8L716	Arabidopsis thaliana	Plants	589	False
P02319	Mus musculus	Metazoa	51	False
P80002	Sepia officinalis	Metazoa	77	False
Q9PVF7	Danio rerio	Metazoa	729	False
Q8BL03	Mus musculus	Metazoa	306	True
D4A7T3	Rattus norvegicus	Metazoa	952	False
Q04179	Saccharomyces cerevisiae (strain ATCC 204508 / S288c)	Fungi	340	False
O75387	Homo sapiens	Metazoa	559	True
P20070	Rattus norvegicus	Metazoa	301	False
Q8NA42	Homo sapiens	Metazoa	475	False
P34418	Caenorhabditis elegans	Metazoa	943	False
P08926	Pisum sativum	Plants	587	False
Q04613	Arabidopsis thaliana	Plants	192	True
P45591	Mus musculus	Metazoa	166	False
Q10437	Schizosaccharomyces pombe (strain 972 / ATCC 24843)	Fungi	543	False
P17020	Homo sapiens	Metazoa	682	False
Q9SQI3	Gossypium hirsutum	Plants	413	False
P42818	Arabidopsis thaliana	Plants	465	False
Q0VAQ4	Homo sapiens	Metazoa	97	True
Q9Y266	Homo sapiens	Metazoa	331	False
P25618	Saccharomyces cerevisiae (strain ATCC 204508 / S288c)	Fungi	953	True
Q6ZWK4	Homo sapiens	Metazoa	172	True
Q9ZQI2	Arabidopsis thaliana	Plants	221	True
Q02040	Homo sapiens	Metazoa	695	False
Q01892	Homo sapiens	Metazoa	262	False
Q6P4S8	Mus musculus	Metazoa	2195	False
Q08742	Saccharomyces cerevisiae (strain ATCC 204508 / S288c)	Fungi	149	False
Q54XQ2	Dictyostelium discoideum	Other	1125	False
P89114	Saccharomyces cerevisiae (strain ATCC 204508 / S288c)	Fungi	91	False
Q07950	Saccharomyces cerevisiae (strain ATCC 204508 / S288c)	Fungi	538	True
Q8RYC8	Arabidopsis thaliana	Plants	1086	False
Q9C6P3	Arabidopsis thaliana	Plants	521	False
P36080	Saccharomyces cerevisiae (strain ATCC 204508 / S288c)	Fungi	434	False
Q5XKR4	Homo sapiens	Metazoa	325	False
Q9BUB7	Homo sapiens	Metazoa	260	False
Q99595	Homo sapiens	Metazoa	171	True
Q20591	Caenorhabditis elegans	Metazoa	86	True
P21918	Homo sapiens	Metazoa	477	True
O14236	Schizosaccharomyces pombe (strain 972 / ATCC 24843)	Fungi	537	False
Q9SZI2	Arabidopsis thaliana	Plants	372	False
Q09892	Schizosaccharomyces pombe (strain 972 / ATCC 24843)	Fungi	349	False
P40356	Saccharomyces cerevisiae (strain ATCC 204508 / S288c)	Fungi	397	False
P14713	Arabidopsis thaliana	Plants	1172	False
Q02161	Homo sapiens	Metazoa	417	True
Q41062	Pisum sativum	Plants	1011	False
Q68DX3	Homo sapiens	Metazoa	1309	False
P53779	Homo sapiens	Metazoa	464	False
Q9XIN0	Arabidopsis thaliana	Plants	650	False
Q9NPG8	Homo sapiens	Metazoa	344	True
Q96S37	Homo sapiens	Metazoa	553	True
D3U717	Petunia hybrida	Plants	434	False
Q9BY66	Homo sapiens	Metazoa	1539	False
P10662	Saccharomyces cerevisiae (strain ATCC 204508 / S288c)	Fungi	321	False
O60104	Schizosaccharomyces pombe (strain 972 / ATCC 24843)	Fungi	376	False
Q9H2V7	Homo sapiens	Metazoa	528	True
Q9FMJ0	Arabidopsis thaliana	Plants	1121	False
Q93VI4	Arabidopsis thaliana	Plants	227	False
Q2HXU8	Homo sapiens	Metazoa	276	True
Q9W352	Drosophila melanogaster	Metazoa	663	False
Q99619	Homo sapiens	Metazoa	263	False
P06782	Saccharomyces cerevisiae (strain ATCC 204508 / S288c)	Fungi	633	False
Q9NRZ7	Homo sapiens	Metazoa	376	False
P63279	Homo sapiens	Metazoa	158	False
Q584U2	Trypanosoma brucei brucei (strain 927/4 GUTat10.1)	Other	267	False
O60503	Homo sapiens	Metazoa	1353	False
Q6W2J9	Homo sapiens	Metazoa	1755	False
Q8VXQ2	Craterostigma plantagineum	Plants	479	False
Q9H871	Homo sapiens	Metazoa	391	False
Q6XR72	Homo sapiens	Metazoa	485	True
A0A0U4CDK4	Salvia miltiorrhiza	Plants	806	False
Q8W034	Arabidopsis thaliana	Plants	411	False
Q02521	Saccharomyces cerevisiae (strain ATCC 204508 / S288c)	Fungi	185	False
Q16656	Homo sapiens	Metazoa	503	False
Q5H943	Homo sapiens	Metazoa	113	True
Q02080	Homo sapiens	Metazoa	365	False
P23497	Homo sapiens	Metazoa	879	False
O22793	Arabidopsis thaliana	Plants	219	False
P84231	Ictiobus bubalus	Metazoa	136	False
Q4QQW3	Rattus norvegicus	Metazoa	467	False
P13638	Rattus norvegicus	Metazoa	290	True
Q84N49	Zea mays	Plants	674	False
P68038	Ovis aries	Metazoa	51	False
Q8LDS4	Arabidopsis thaliana	Plants	319	False
Q9Z2S7	Mus musculus	Metazoa	137	False
Q948R1	Arabidopsis thaliana	Plants	447	False
Q8CIV7	Mus musculus	Metazoa	274	False
Q6P087	Homo sapiens	Metazoa	351	False
Q12277	Saccharomyces cerevisiae (strain ATCC 204508 / S288c)	Fungi	265	False
Q92536	Homo sapiens	Metazoa	515	True
O43504	Homo sapiens	Metazoa	91	False
O61307	Drosophila melanogaster	Metazoa	2731	False
Q02127	Homo sapiens	Metazoa	395	True
O43791	Homo sapiens	Metazoa	374	False
Q8TF62	Homo sapiens	Metazoa	1192	True
P17544	Homo sapiens	Metazoa	483	False
P08659	Photinus pyralis	Metazoa	550	False
Q90ZN1	Gallus gallus	Metazoa	177	True
Q05158	Coturnix japonica	Metazoa	194	False
Q9CQZ6	Mus musculus	Metazoa	104	True
P28229	Mus musculus	Metazoa	396	True
P38766	Saccharomyces cerevisiae (strain ATCC 204508 / S288c)	Fungi	723	False
Q12959	Homo sapiens	Metazoa	904	False
Q12951	Homo sapiens	Metazoa	378	False
G1XJN1	Arthrobotrys oligospora (strain ATCC 24927 / CBS 115.81 / DSM 1491)	Fungi	401	True
Q9BRT3	Homo sapiens	Metazoa	115	False
Q63HK5	Homo sapiens	Metazoa	1081	False
Q9FI56	Arabidopsis thaliana	Plants	929	False
O03042	Arabidopsis thaliana	Plants	479	False
Q10343	Schizosaccharomyces pombe (strain 972 / ATCC 24843)	Fungi	334	False
P32085	Caenorhabditis elegans	Metazoa	340	False
P21192	Saccharomyces cerevisiae (strain ATCC 204508 / S288c)	Fungi	770	False
Q61423	Mus musculus	Metazoa	654	False
Q6NZY4	Homo sapiens	Metazoa	707	False
Q8K4H1	Mus musculus	Metazoa	305	False
Q12045	Saccharomyces cerevisiae (strain ATCC 204508 / S288c)	Fungi	647	False
Q9Y2R9	Homo sapiens	Metazoa	242	False
Q08047	Zea mays	Plants	799	False
Q14934	Homo sapiens	Metazoa	902	False
Q6S7F2	Mus musculus	Metazoa	904	False
Q9D7K5	Mus musculus	Metazoa	258	False
Q9FS88	Solanum tuberosum	Plants	412	False
O13985	Schizosaccharomyces pombe (strain 972 / ATCC 24843)	Fungi	512	False
O75152	Homo sapiens	Metazoa	810	False
O61661	Drosophila melanogaster	Metazoa	512	False
Q8GWP5	Arabidopsis thaliana	Plants	426	False
Q9FLS8	Arabidopsis thaliana	Plants	478	False
Q9EPZ7	Rattus norvegicus	Metazoa	716	True
Q9UHQ1	Homo sapiens	Metazoa	456	False
Q9CW46	Mus musculus	Metazoa	748	False
Q9UMX3	Homo sapiens	Metazoa	212	False
P53153	Saccharomyces cerevisiae (strain ATCC 204508 / S288c)	Fungi	274	True
Q9NY74	Homo sapiens	Metazoa	926	False
Q6PCP7	Mus musculus	Metazoa	798	True
Q8JHF4	Danio rerio	Metazoa	677	False
Q8W104	Arabidopsis thaliana	Plants	593	False
P20676	Saccharomyces cerevisiae (strain ATCC 204508 / S288c)	Fungi	1076	False
Q9QZQ0	Mus musculus	Metazoa	925	False
P53246	Saccharomyces cerevisiae (strain ATCC 204508 / S288c)	Fungi	860	False
Q00433	Rhodomonas sp. (strain CS 24)	Other	128	False
Q01341	Mus musculus	Metazoa	1165	False
Q95T12	Drosophila melanogaster	Metazoa	194	True
P59857	Pyropia yezoensis	Other	161	False
A6NFX1	Homo sapiens	Metazoa	504	False
Q8R010	Mus musculus	Metazoa	320	False
P98078	Mus musculus	Metazoa	766	False
P25502	Saccharomyces cerevisiae (strain ATCC 204508 / S288c)	Fungi	979	False
Q8R4L0	Mus musculus	Metazoa	259	False
Q9VJQ5	Drosophila melanogaster	Metazoa	183	False
O24592	Zea mays	Plants	604	False
Q9H9D4	Homo sapiens	Metazoa	720	False
O94547	Schizosaccharomyces pombe (strain 972 / ATCC 24843)	Fungi	580	False
Q8H1Q1	Arabidopsis thaliana	Plants	280	False
P45976	Saccharomyces cerevisiae (strain ATCC 204508 / S288c)	Fungi	327	False
Q13794	Homo sapiens	Metazoa	54	False
Q95PA1	Doryteuthis pealeii	Metazoa	152	False
O04714	Arabidopsis thaliana	Plants	326	True
P22337	Ricinus communis	Plants	396	False
S4TF94	Humulus lupulus	Plants	527	False
Q08887	Saccharomyces cerevisiae (strain ATCC 204508 / S288c)	Fungi	554	False
Q61286	Mus musculus	Metazoa	706	False
Q65XX7	Caenorhabditis elegans	Metazoa	262	False
Q53QV2	Homo sapiens	Metazoa	105	False
F4JTP5	Arabidopsis thaliana	Plants	575	False
Q9NSI6	Homo sapiens	Metazoa	2320	False
Q9CR61	Mus musculus	Metazoa	137	False
Q9UBT6	Homo sapiens	Metazoa	870	False
O75475	Homo sapiens	Metazoa	530	False
Q14BI7	Mus musculus	Metazoa	1383	False
P38264	Saccharomyces cerevisiae (strain ATCC 204508 / S288c)	Fungi	188	True
Q0WNP3	Arabidopsis thaliana	Plants	617	False
Q9FWS3	Arabidopsis thaliana	Plants	435	False
G5EDT1	Caenorhabditis elegans	Metazoa	961	False
Q21209	Caenorhabditis elegans	Metazoa	702	False
Q9SRW7	Arabidopsis thaliana	Plants	208	False
Q8L4M1	Arabidopsis thaliana	Plants	367	False
Q9P296	Homo sapiens	Metazoa	337	True
Q9UTH3	Schizosaccharomyces pombe (strain 972 / ATCC 24843)	Fungi	775	False
Q9SK50	Arabidopsis thaliana	Plants	539	False
Q8C0C0	Mus musculus	Metazoa	836	False
P25038	Saccharomyces cerevisiae (strain ATCC 204508 / S288c)	Fungi	676	False
Q7SHF3	Neurospora crassa (strain ATCC 24698 / 74-OR23-1A / CBS 708.71 / DSM 1257 / FGSC 987)	Fungi	161	False
Q99547	Homo sapiens	Metazoa	160	False
P42699	Arabidopsis thaliana	Plants	167	False
Q03799	Saccharomyces cerevisiae (strain ATCC 204508 / S288c)	Fungi	155	False
Q9UGU0	Homo sapiens	Metazoa	1960	False
P07263	Saccharomyces cerevisiae (strain ATCC 204508 / S288c)	Fungi	546	False
Q9BX84	Homo sapiens	Metazoa	2022	False
Q12032	Saccharomyces cerevisiae (strain ATCC 204508 / S288c)	Fungi	185	False
P35582	Mus musculus	Metazoa	468	False
O75367	Homo sapiens	Metazoa	369	False
Q8N3V7	Homo sapiens	Metazoa	929	False
O43251	Homo sapiens	Metazoa	390	False
P84086	Mus musculus	Metazoa	134	False
Q01628	Homo sapiens	Metazoa	133	False
O75150	Homo sapiens	Metazoa	1001	False
Q9HA38	Homo sapiens	Metazoa	289	False
Q9D2A5	Mus musculus	Metazoa	370	False
Q9SYG2	Arabidopsis thaliana	Plants	383	False
Q12341	Saccharomyces cerevisiae (strain ATCC 204508 / S288c)	Fungi	374	False
P50552	Homo sapiens	Metazoa	380	False
Q9LJD7	Arabidopsis thaliana	Plants	182	False
Q9USM3	Schizosaccharomyces pombe (strain 972 / ATCC 24843)	Fungi	418	False
Q7L2J0	Homo sapiens	Metazoa	689	False
Q9C0C6	Homo sapiens	Metazoa	399	False
Q92353	Schizosaccharomyces pombe (strain 972 / ATCC 24843)	Fungi	468	False
D4AE59	Rattus norvegicus	Metazoa	436	False
Q96EL1	Homo sapiens	Metazoa	287	False
Q64475	Mus musculus	Metazoa	126	False
Q9GZV3	Homo sapiens	Metazoa	580	True
Q5U5Q3	Homo sapiens	Metazoa	659	False
P02294	Saccharomyces cerevisiae (strain ATCC 204508 / S288c)	Fungi	131	False
P14680	Saccharomyces cerevisiae (strain ATCC 204508 / S288c)	Fungi	807	False
Q8VZF1	Arabidopsis thaliana	Plants	569	False
Q8IEF6	Plasmodium falciparum (isolate 3D7)	Other	414	False
Q9SWA6	Arabidopsis thaliana	Plants	432	False
O95273	Homo sapiens	Metazoa	360	False
P05621	Triticum aestivum	Plants	150	False
P46667	Arabidopsis thaliana	Plants	312	False
Q13105	Homo sapiens	Metazoa	803	False
Q23979	Drosophila melanogaster	Metazoa	1035	False
A0A178VEK7	Arabidopsis thaliana	Plants	300	False
C6KST8	Plasmodium falciparum (isolate 3D7)	Other	358	True
Q61572	Mus musculus	Metazoa	553	False
A6NGQ2	Homo sapiens	Metazoa	149	False
Q9CAY1	Arabidopsis thaliana	Plants	623	False
Q8IZU1	Homo sapiens	Metazoa	332	False
O08564	Rattus norvegicus	Metazoa	282	True
Q9CZP5	Mus musculus	Metazoa	418	True
R4X244	Tulipa gesneriana	Plants	374	False
Q9LIS2	Arabidopsis thaliana	Plants	136	False
O43502	Homo sapiens	Metazoa	376	False
F4HVG8	Arabidopsis thaliana	Plants	611	False
Q8VEK3	Mus musculus	Metazoa	800	False
Q9SMX1	Arabidopsis thaliana	Plants	571	False
O94328	Schizosaccharomyces pombe (strain 972 / ATCC 24843)	Fungi	141	False
Q91X85	Mus musculus	Metazoa	551	False
P40205	Homo sapiens	Metazoa	109	False
B7ZR65	Xenopus laevis	Metazoa	477	False
O95817	Homo sapiens	Metazoa	575	False
Q3V0B4	Mus musculus	Metazoa	1847	False
O43464	Homo sapiens	Metazoa	458	False
O94740	Schizosaccharomyces pombe (strain 972 / ATCC 24843)	Fungi	466	False
Q9SIB9	Arabidopsis thaliana	Plants	990	False
P78417	Homo sapiens	Metazoa	241	False
A0A509AER3	Plasmodium berghei (strain Anka)	Other	247	False
Q05812	Saccharomyces cerevisiae (strain ATCC 204508 / S288c)	Fungi	728	False
Q08116	Homo sapiens	Metazoa	209	False
Q0VBL6	Mus musculus	Metazoa	662	False
Q4KMP7	Homo sapiens	Metazoa	808	False
Q9D494	Mus musculus	Metazoa	218	False
Q9C9U2	Arabidopsis thaliana	Plants	398	False
Q24025	Drosophila melanogaster	Metazoa	1038	True
P03880	Emericella nidulans	Fungi	488	False
D3W0D1	Homo sapiens	Metazoa	207	True
Q7L2Z9	Homo sapiens	Metazoa	268	False
Q19203	Caenorhabditis elegans	Metazoa	310	False
P93015	Arabidopsis thaliana	Plants	131	False
Q9UQY9	Schizosaccharomyces pombe (strain 972 / ATCC 24843)	Fungi	429	False
P32561	Saccharomyces cerevisiae (strain ATCC 204508 / S288c)	Fungi	433	False
Q8K1M4	Mus musculus	Metazoa	789	False
Q99717	Homo sapiens	Metazoa	465	False
Q9H6K1	Homo sapiens	Metazoa	298	False
Q8IUE6	Homo sapiens	Metazoa	130	False
D2WL32	Arabidopsis thaliana	Plants	899	False
Q6NV75	Homo sapiens	Metazoa	609	True
Q8BZB3	Mus musculus	Metazoa	538	False
Q8NGN3	Homo sapiens	Metazoa	311	True
Q14142	Homo sapiens	Metazoa	442	False
F4IHS2	Arabidopsis thaliana	Plants	3574	False
Q9D023	Mus musculus	Metazoa	127	True
Q9BR39	Homo sapiens	Metazoa	696	False
P58012	Homo sapiens	Metazoa	376	False
Q08683	Saccharomyces cerevisiae (strain ATCC 204508 / S288c)	Fungi	685	False
Q9NSD7	Homo sapiens	Metazoa	469	True
Q12497	Saccharomyces cerevisiae (strain ATCC 204508 / S288c)	Fungi	93	False
Q80VJ8	Mus musculus	Metazoa	648	False
Q2V2Q1	Saccharomyces cerevisiae (strain ATCC 204508 / S288c)	Fungi	113	False
P38120	Saccharomyces cerevisiae (strain ATCC 204508 / S288c)	Fungi	278	False
Q42777	Glycine max	Plants	731	False
Q59RL7	Candida albicans (strain SC5314 / ATCC MYA-2876)	Fungi	853	False
Q07878	Saccharomyces cerevisiae (strain ATCC 204508 / S288c)	Fungi	3144	False
Q06629	Saccharomyces cerevisiae (strain ATCC 204508 / S288c)	Fungi	674	False
P42567	Mus musculus	Metazoa	897	False
O94892	Homo sapiens	Metazoa	652	False
Q9SYQ0	Arabidopsis thaliana	Plants	463	False
Q8W1E3	Arabidopsis thaliana	Plants	298	False
P29372	Homo sapiens	Metazoa	298	False
P00237	Equisetum arvense	Plants	93	False
Q7Z333	Homo sapiens	Metazoa	2677	False
Q9VQB6	Drosophila melanogaster	Metazoa	971	False
P56381	Homo sapiens	Metazoa	51	False
Q9H8E8	Homo sapiens	Metazoa	782	False
P48148	Drosophila melanogaster	Metazoa	192	False
Q6EI12	Zea mays	Plants	402	False
P49590	Homo sapiens	Metazoa	506	False
Q06315	Saccharomyces cerevisiae (strain ATCC 204508 / S288c)	Fungi	1026	False
O81242	Arabidopsis thaliana	Plants	355	False
Q8CGA3	Mus musculus	Metazoa	568	True
P47127	Saccharomyces cerevisiae (strain ATCC 204508 / S288c)	Fungi	394	False
O75525	Homo sapiens	Metazoa	346	False
P39726	Saccharomyces cerevisiae (strain ATCC 204508 / S288c)	Fungi	170	False
Q9M219	Arabidopsis thaliana	Plants	558	False
P14149	Chlamydomonas reinhardtii	Plants	133	False
Q8L735	Arabidopsis thaliana	Plants	882	False
P61209	Drosophila melanogaster	Metazoa	182	False
Q96PS8	Homo sapiens	Metazoa	301	True
Q7FRS8	Arabidopsis thaliana	Plants	256	False
O82132	Arabidopsis thaliana	Plants	335	False
P43364	Homo sapiens	Metazoa	429	False
P49677	Arabidopsis thaliana	Plants	168	False
O82268	Arabidopsis thaliana	Plants	219	False
P55861	Xenopus laevis	Metazoa	886	False
P25847	Saccharomyces cerevisiae (strain ATCC 204508 / S288c)	Fungi	964	False
Q6P1L8	Homo sapiens	Metazoa	145	False
P38257	Saccharomyces cerevisiae (strain ATCC 204508 / S288c)	Fungi	691	False
Q96P11	Homo sapiens	Metazoa	429	False
Q9Y287	Homo sapiens	Metazoa	266	True
P78587	Candida albicans	Fungi	449	False
P42893	Rattus norvegicus	Metazoa	762	True
Q13835	Homo sapiens	Metazoa	747	False
Q9NW75	Homo sapiens	Metazoa	528	False
P56347	Chlorella vulgaris	Plants	161	False
Q8C6P8	Mus musculus	Metazoa	421	False
P22265	Drosophila melanogaster	Metazoa	954	False
P22974	Mytilus californianus	Metazoa	148	False
P17081	Homo sapiens	Metazoa	205	False
F4JZG9	Arabidopsis thaliana	Plants	384	False
P00414	Homo sapiens	Metazoa	261	True
Q01163	Saccharomyces cerevisiae (strain ATCC 204508 / S288c)	Fungi	450	False
Q1H537	Arabidopsis thaliana	Plants	417	False
Q86UT5	Homo sapiens	Metazoa	571	False
Q9TY83	Crithidia fasciculata	Other	130	False
P80511	Homo sapiens	Metazoa	92	False
Q9FN89	Arabidopsis thaliana	Plants	509	False
Q12236	Saccharomyces cerevisiae (strain ATCC 204508 / S288c)	Fungi	1081	False
Q86VP3	Homo sapiens	Metazoa	889	False
Q15916	Homo sapiens	Metazoa	424	False
Q9SR13	Arabidopsis thaliana	Plants	577	False
Q8L7E5	Arabidopsis thaliana	Plants	703	False
Q6KC79	Homo sapiens	Metazoa	2804	False
P08651	Homo sapiens	Metazoa	508	False
O13851	Schizosaccharomyces pombe (strain 972 / ATCC 24843)	Fungi	294	False
Q8BMB0	Mus musculus	Metazoa	1264	False
Q60876	Mus musculus	Metazoa	117	False
P11930	Mus musculus	Metazoa	357	False
Q7Z4N2	Homo sapiens	Metazoa	1603	False
P10828	Homo sapiens	Metazoa	461	False
Q8IY22	Homo sapiens	Metazoa	773	False
Q25417	Leishmania tarentolae	Other	498	False
O77460	Drosophila melanogaster	Metazoa	338	False
P01096	Bos taurus	Metazoa	109	False
O95484	Homo sapiens	Metazoa	217	True
Q8BGW0	Mus musculus	Metazoa	636	False
P46644	Arabidopsis thaliana	Plants	449	False
O35295	Mus musculus	Metazoa	324	False
Q9W4X9	Drosophila melanogaster	Metazoa	721	False
A2A9C3	Mus musculus	Metazoa	3431	False
O75529	Homo sapiens	Metazoa	589	False
P53913	Saccharomyces cerevisiae (strain ATCC 204508 / S288c)	Fungi	173	False
O14494	Homo sapiens	Metazoa	284	True
W6HUT3	Hedychium coronarium	Plants	593	False
P04181	Homo sapiens	Metazoa	439	False
Q9UKA2	Homo sapiens	Metazoa	621	False
Q9LU64	Arabidopsis thaliana	Plants	305	False
P38727	Saccharomyces cerevisiae (strain ATCC 204508 / S288c)	Fungi	235	True
P23949	Mus musculus	Metazoa	484	False
Q38796	Arabidopsis thaliana	Plants	953	False
Q1HTZ9	Aquarana catesbeiana	Metazoa	198	False
P49748	Homo sapiens	Metazoa	655	False
P51816	Homo sapiens	Metazoa	1311	False
Q0GRC4	Pisum sativum	Plants	228	False
P34158	Rattus norvegicus	Metazoa	1476	True
O74880	Schizosaccharomyces pombe (strain 972 / ATCC 24843)	Fungi	360	False
Q9C8Y3	Arabidopsis thaliana	Plants	511	False
Q9R0A1	Mus musculus	Metazoa	908	False
Q8TAC9	Homo sapiens	Metazoa	235	True
A0A7J6KE60	Toxoplasma gondii	Other	652	True
Q5C9Z4	Homo sapiens	Metazoa	860	False
P52272	Homo sapiens	Metazoa	730	False
Q8VC69	Mus musculus	Metazoa	545	True
P27705	Saccharomyces cerevisiae (strain ATCC 204508 / S288c)	Fungi	504	False
P08096	Schizosaccharomyces pombe (strain 972 / ATCC 24843)	Fungi	1485	False
O95255	Homo sapiens	Metazoa	1503	True
Q64520	Mus musculus	Metazoa	198	False
Q9US22	Schizosaccharomyces pombe (strain 972 / ATCC 24843)	Fungi	201	False
P49585	Homo sapiens	Metazoa	367	False
Q96EE3	Homo sapiens	Metazoa	360	False
Q9UGK8	Homo sapiens	Metazoa	458	False
P61978	Homo sapiens	Metazoa	463	False
Q02884	Saccharomyces cerevisiae (strain ATCC 204508 / S288c)	Fungi	456	False
P33748	Saccharomyces cerevisiae (strain ATCC 204508 / S288c)	Fungi	704	False
Q8R4D5	Mus musculus	Metazoa	1104	False
Q9FVE6	Arabidopsis thaliana	Plants	245	False
Q02241	Homo sapiens	Metazoa	960	False
Q9VYX1	Drosophila melanogaster	Metazoa	101	False
Q38906	Arabidopsis thaliana	Plants	313	False
Q8VYR5	Arabidopsis thaliana	Plants	444	False
Q69TW5	Oryza sativa subsp. japonica	Plants	324	False
O88951	Mus musculus	Metazoa	207	False
Q9CQV7	Mus musculus	Metazoa	116	True
Q08891	Arabidopsis thaliana	Plants	616	False
Q7RYM5	Neurospora crassa (strain ATCC 24698 / 74-OR23-1A / CBS 708.71 / DSM 1257 / FGSC 987)	Fungi	292	False
Q15018	Homo sapiens	Metazoa	415	False
Q9BSI4	Homo sapiens	Metazoa	451	False
Q61142	Mus musculus	Metazoa	262	False
Q9XFT3	Arabidopsis thaliana	Plants	224	False
Q99MY0	Mus musculus	Metazoa	378	False
P49133	Zea mays	Plants	409	False
C0HKE7	Mus musculus	Metazoa	130	False
Q8VZV9	Arabidopsis thaliana	Plants	161	False
P70423	Mus musculus	Metazoa	618	True
P83369	Homo sapiens	Metazoa	360	False
Q9JJ89	Mus musculus	Metazoa	426	False
Q5VUG0	Homo sapiens	Metazoa	894	False
Q9NR82	Homo sapiens	Metazoa	932	False
P62908	Mus musculus	Metazoa	243	False
P38988	Saccharomyces cerevisiae (strain ATCC 204508 / S288c)	Fungi	300	True
Q9FNN3	Arabidopsis thaliana	Plants	908	False
P30939	Homo sapiens	Metazoa	366	True
Q96LT7	Homo sapiens	Metazoa	481	False
G5EBV0	Caenorhabditis elegans	Metazoa	723	False
O74434	Schizosaccharomyces pombe (strain 972 / ATCC 24843)	Fungi	626	False
P68165	Datura stramonium	Plants	97	False
Q8RWZ6	Arabidopsis thaliana	Plants	616	True
P78549	Homo sapiens	Metazoa	304	False
Q00055	Saccharomyces cerevisiae (strain ATCC 204508 / S288c)	Fungi	391	False
Q8N9N5	Homo sapiens	Metazoa	519	False
Q05636	Saccharomyces cerevisiae (strain ATCC 204508 / S288c)	Fungi	305	False
O43521	Homo sapiens	Metazoa	198	False
P22696	Saccharomyces cerevisiae (strain ATCC 204508 / S288c)	Fungi	170	False
P26360	Ipomoea batatas	Plants	326	False
Q66PJ3	Homo sapiens	Metazoa	237	False
P07884	Saccharomyces cerevisiae (strain ATCC 204508 / S288c)	Fungi	428	False
Q8R4D1	Mus musculus	Metazoa	576	True
Q4U0Y4	Xenopus laevis	Metazoa	392	False
Q01981	Emericella nidulans (strain FGSC A4 / ATCC 38163 / CBS 112.46 / NRRL 194 / M139)	Fungi	416	False
Q9JIH2	Mus musculus	Metazoa	466	False
Q9D1J1	Mus musculus	Metazoa	266	False
B2AFA8	Podospora anserina (strain S / ATCC MYA-4624 / DSM 980 / FGSC 10383)	Fungi	775	False
Q8I8V0	Drosophila melanogaster	Metazoa	555	False
Q60866	Mus musculus	Metazoa	349	False
Q8CGP2	Mus musculus	Metazoa	126	False
P53303	Saccharomyces cerevisiae (strain ATCC 204508 / S288c)	Fungi	486	False
P28659	Mus musculus	Metazoa	486	False
Q8BHY3	Mus musculus	Metazoa	960	False
P53883	Saccharomyces cerevisiae (strain ATCC 204508 / S288c)	Fungi	403	False
Q2NND9	Arabidopsis thaliana	Plants	371	False
O13525	Saccharomyces cerevisiae (strain ATCC 204508 / S288c)	Fungi	335	False
P43427	Rattus norvegicus	Metazoa	502	True
Q8MUM2	Toxoplasma gondii	Other	568	True
O02073	Caenorhabditis elegans	Metazoa	376	False
Q1PDV6	Arabidopsis thaliana	Plants	513	False
P87137	Schizosaccharomyces pombe (strain 972 / ATCC 24843)	Fungi	929	False
O44074	Ascaris suum	Metazoa	282	False
P20153	Drosophila melanogaster	Metazoa	508	False
Q9UGM6	Homo sapiens	Metazoa	360	False
Q9XEA1	Arabidopsis thaliana	Plants	772	True
O43633	Homo sapiens	Metazoa	222	False
P42526	Dictyostelium discoideum	Other	118	False
P21555	Rattus norvegicus	Metazoa	382	True
Q9UBT7	Homo sapiens	Metazoa	734	False
O35303	Rattus norvegicus	Metazoa	755	False
P42586	Mus musculus	Metazoa	273	False
P34247	Saccharomyces cerevisiae (strain ATCC 204508 / S288c)	Fungi	250	False
O95644	Homo sapiens	Metazoa	943	False
Q944L3	Arabidopsis thaliana	Plants	446	False
O43148	Homo sapiens	Metazoa	476	False
Q0J8M2	Oryza sativa subsp. japonica	Plants	139	False
P36213	Hordeum vulgare	Plants	205	False
P59856	Pyropia yezoensis	Other	161	False
Q8RWL4	Arabidopsis thaliana	Plants	349	False
Q61458	Mus musculus	Metazoa	323	False
P79960	Xenopus laevis	Metazoa	362	True
Q5HYJ3	Homo sapiens	Metazoa	339	False
O62203	Caenorhabditis elegans	Metazoa	1073	False
P70670	Mus musculus	Metazoa	2187	False
Q19253	Caenorhabditis elegans	Metazoa	592	False
Q9WU01	Mus musculus	Metazoa	349	False
P48412	Saccharomyces cerevisiae (strain ATCC 204508 / S288c)	Fungi	387	False
O00192	Homo sapiens	Metazoa	962	False
Q54LT0	Dictyostelium discoideum	Other	275	False
Q96CB9	Homo sapiens	Metazoa	384	False
P14920	Homo sapiens	Metazoa	347	False
G5EDE1	Caenorhabditis elegans	Metazoa	336	False
Q7TSS2	Mus musculus	Metazoa	422	False
Q7TSE9	Rattus norvegicus	Metazoa	278	False
O80874	Arabidopsis thaliana	Plants	508	False
Q8IYL9	Homo sapiens	Metazoa	337	True
Q9H008	Homo sapiens	Metazoa	270	False
Q6ZLB0	Oryza sativa subsp. japonica	Plants	436	False
P62249	Homo sapiens	Metazoa	146	False
Q9ULE0	Homo sapiens	Metazoa	1216	False
Q9BKU4	Caenorhabditis elegans	Metazoa	275	False
Q9D219	Mus musculus	Metazoa	1425	False
P38302	Saccharomyces cerevisiae (strain ATCC 204508 / S288c)	Fungi	140	False
Q6ZMT4	Homo sapiens	Metazoa	941	False
A0A3L6DPG1	Zea mays	Plants	361	False
Q96LI6	Homo sapiens	Metazoa	401	False
P10870	Saccharomyces cerevisiae (strain ATCC 204508 / S288c)	Fungi	884	False
Q20716	Caenorhabditis elegans	Metazoa	267	False
Q9HCS7	Homo sapiens	Metazoa	855	False
Q9BYJ4	Homo sapiens	Metazoa	488	False
P12530	Oryctolagus cuniculus	Metazoa	663	False
Q8TDM6	Homo sapiens	Metazoa	1919	False
Q9H2S6	Homo sapiens	Metazoa	317	True
P55209	Homo sapiens	Metazoa	391	False
Q9FPR3	Arabidopsis thaliana	Plants	933	False
Q9M2D8	Arabidopsis thaliana	Plants	212	False
Q04725	Homo sapiens	Metazoa	743	False
Q0QWG9	Mus musculus	Metazoa	1203	False
P84873	Hyoscyamus niger	Plants	97	False
P47050	Saccharomyces cerevisiae (strain ATCC 204508 / S288c)	Fungi	842	False
P97414	Mus musculus	Metazoa	668	False
P55072	Homo sapiens	Metazoa	806	False
Q03834	Saccharomyces cerevisiae (strain ATCC 204508 / S288c)	Fungi	1242	False
P10276	Homo sapiens	Metazoa	462	False
P24309	Saccharomyces cerevisiae (strain ATCC 204508 / S288c)	Fungi	405	False
Q02337	Bos taurus	Metazoa	344	False
Q9U2Z2	Caenorhabditis elegans	Metazoa	412	False
Q12432	Saccharomyces cerevisiae (strain ATCC 204508 / S288c)	Fungi	401	False
Q18237	Caenorhabditis elegans	Metazoa	1076	False
Q6PDU7	Rattus norvegicus	Metazoa	103	False
Q8N5C7	Homo sapiens	Metazoa	304	False
P22141	Saccharomyces cerevisiae (strain ATCC 204508 / S288c)	Fungi	198	False
P0CG48	Homo sapiens	Metazoa	685	False
D3YXK1	Mus musculus	Metazoa	519	False
P36606	Schizosaccharomyces pombe (strain 972 / ATCC 24843)	Fungi	468	True
Q02647	Saccharomyces cerevisiae (strain ATCC 204508 / S288c)	Fungi	92	False
P18848	Homo sapiens	Metazoa	351	False
B9DHT4	Arabidopsis thaliana	Plants	710	False
O14523	Homo sapiens	Metazoa	706	True
A0JPL0	Rattus norvegicus	Metazoa	549	False
Q3UZD5	Mus musculus	Metazoa	596	False
O14802	Homo sapiens	Metazoa	1390	False
Q17TI5	Arabidopsis thaliana	Plants	344	False
Q9BQI0	Homo sapiens	Metazoa	150	False
Q96AV8	Homo sapiens	Metazoa	911	False
Q99PF5	Rattus norvegicus	Metazoa	721	False
Q6NZN1	Mus musculus	Metazoa	1644	False
Q9Y2Z4	Homo sapiens	Metazoa	477	False
Q7T1H5	Danio rerio	Metazoa	411	False
A1L188	Homo sapiens	Metazoa	74	False
P49917	Homo sapiens	Metazoa	911	False
P23394	Saccharomyces cerevisiae (strain ATCC 204508 / S288c)	Fungi	588	False
Q42967	Nicotiana tabacum	Plants	391	False
P03903	Mus musculus	Metazoa	98	True
Q9Z301	Rattus norvegicus	Metazoa	1257	False
P00030	Eisenia fetida	Metazoa	108	False
Q9H4Z3	Homo sapiens	Metazoa	704	False
P47058	Saccharomyces cerevisiae (strain ATCC 204508 / S288c)	Fungi	250	False
O00422	Homo sapiens	Metazoa	153	False
P53212	Saccharomyces cerevisiae (strain ATCC 204508 / S288c)	Fungi	290	False
P05026	Homo sapiens	Metazoa	303	True
Q9CAC5	Arabidopsis thaliana	Plants	191	True
O23141	Arabidopsis thaliana	Plants	711	False
P25963	Homo sapiens	Metazoa	317	False
P41238	Homo sapiens	Metazoa	236	False
Q9Y7M6	Schizosaccharomyces pombe (strain 972 / ATCC 24843)	Fungi	217	False
P35996	Saccharomyces cerevisiae (strain ATCC 204508 / S288c)	Fungi	138	False
Q9CAL8	Arabidopsis thaliana	Plants	710	False
Q9GPE9	Trypanosoma brucei brucei	Other	519	False
P38891	Saccharomyces cerevisiae (strain ATCC 204508 / S288c)	Fungi	393	False
P38624	Saccharomyces cerevisiae (strain ATCC 204508 / S288c)	Fungi	215	False
Q8AVT9	Xenopus laevis	Metazoa	370	False
P40340	Saccharomyces cerevisiae (strain ATCC 204508 / S288c)	Fungi	1379	False
O88446	Rattus norvegicus	Metazoa	551	True
Q9NJP9	Trypanosoma brucei brucei	Other	512	False
Q9H078	Homo sapiens	Metazoa	707	False
O94397	Schizosaccharomyces pombe (strain 972 / ATCC 24843)	Fungi	344	False
F4IE66	Arabidopsis thaliana	Plants	717	False
Q12495	Saccharomyces cerevisiae (strain ATCC 204508 / S288c)	Fungi	606	False
P32841	Saccharomyces cerevisiae (strain ATCC 204508 / S288c)	Fungi	428	False
Q0WVF8	Arabidopsis thaliana	Plants	1134	False
Q8GZ52	Arabidopsis thaliana	Plants	1400	False
Q9V6G5	Drosophila melanogaster	Metazoa	378	False
Q12211	Saccharomyces cerevisiae (strain ATCC 204508 / S288c)	Fungi	544	False
P53881	Saccharomyces cerevisiae (strain ATCC 204508 / S288c)	Fungi	309	False
Q5BJU5	Rattus norvegicus	Metazoa	160	True
Q8R151	Mus musculus	Metazoa	1909	False
Q8R5I7	Rattus norvegicus	Metazoa	938	False
Q62866	Rattus norvegicus	Metazoa	512	True
Q10LI1	Oryza sativa subsp. japonica	Plants	260	False
Q8IRW8	Drosophila melanogaster	Metazoa	2431	False
Q4WN10	Aspergillus fumigatus (strain ATCC MYA-4609 / CBS 101355 / FGSC A1100 / Af293)	Fungi	575	False
Q7Z591	Homo sapiens	Metazoa	1439	False
P97481	Mus musculus	Metazoa	874	False
Q9UKA1	Homo sapiens	Metazoa	691	False
O22558	Arabidopsis thaliana	Plants	546	False
P28221	Homo sapiens	Metazoa	377	True
Q5VNK1	Oryza sativa subsp. japonica	Plants	333	False
P00221	Spinacia oleracea	Plants	147	False
Q7TQI8	Mus musculus	Metazoa	677	False
A2A884	Mus musculus	Metazoa	2348	False
O04331	Arabidopsis thaliana	Plants	277	True
Q56P42	Homo sapiens	Metazoa	97	False
Q99LX0	Mus musculus	Metazoa	189	False
P08047	Homo sapiens	Metazoa	785	False
P70512	Rattus norvegicus	Metazoa	465	False
Q49AN0	Homo sapiens	Metazoa	593	False
Q99L90	Mus musculus	Metazoa	462	False
Q9LZS3	Arabidopsis thaliana	Plants	805	False
Q9ZVP8	Arabidopsis thaliana	Plants	414	False
Q06109	Saccharomyces cerevisiae (strain ATCC 204508 / S288c)	Fungi	277	False
P22314	Homo sapiens	Metazoa	1058	False
Q69Z66	Mus musculus	Metazoa	819	False
Q965W2	Caenorhabditis elegans	Metazoa	407	False
Q6PEM8	Mus musculus	Metazoa	459	True
P28186	Arabidopsis thaliana	Plants	216	False
Q96LA9	Homo sapiens	Metazoa	322	True
G5EEH9	Caenorhabditis elegans	Metazoa	1678	False
Q0WL52	Arabidopsis thaliana	Plants	580	False
P92506	Ascaris suum	Metazoa	188	True
P56274	Ulva pertusa	Plants	98	False
O74424	Schizosaccharomyces pombe (strain 972 / ATCC 24843)	Fungi	1837	False
P33339	Saccharomyces cerevisiae (strain ATCC 204508 / S288c)	Fungi	1025	False
Q24119	Drosophila melanogaster	Metazoa	1022	False
P09023	Mus musculus	Metazoa	224	False
P15280	Oryza sativa subsp. japonica	Plants	514	False
P46940	Homo sapiens	Metazoa	1657	False
Q8VBX6	Mus musculus	Metazoa	2055	False
Q12124	Saccharomyces cerevisiae (strain ATCC 204508 / S288c)	Fungi	431	False
P36873	Homo sapiens	Metazoa	323	False
Q3SXY8	Homo sapiens	Metazoa	428	False
P91082	Caenorhabditis elegans	Metazoa	317	False
P04050	Saccharomyces cerevisiae (strain ATCC 204508 / S288c)	Fungi	1733	False
P49792	Homo sapiens	Metazoa	3224	False
P00236	Equisetum telmateia	Plants	93	False
Q8WV37	Homo sapiens	Metazoa	535	False
Q96T83	Homo sapiens	Metazoa	725	True
O22059	Arabidopsis thaliana	Plants	94	False
Q11107	Caenorhabditis elegans	Metazoa	2248	False
Q9H310	Homo sapiens	Metazoa	458	True
Q9STY0	Arabidopsis thaliana	Plants	227	True
P07896	Rattus norvegicus	Metazoa	722	False
Q9U281	Caenorhabditis elegans	Metazoa	136	False
Q5RLM2	Rattus norvegicus	Metazoa	535	True
P23292	Saccharomyces cerevisiae (strain ATCC 204508 / S288c)	Fungi	546	False
O82265	Arabidopsis thaliana	Plants	1098	False
Q63HN8	Homo sapiens	Metazoa	5207	False
P05496	Homo sapiens	Metazoa	136	True
O35618	Mus musculus	Metazoa	489	False
Q9W1F4	Drosophila melanogaster	Metazoa	616	False
P61960	Homo sapiens	Metazoa	85	False
Q257B3	Trypanosoma brucei brucei	Other	345	False
Q9GMC9	Ovis aries	Metazoa	169	True
Q689Z5	Mus musculus	Metazoa	1390	False
Q00558	Mus musculus	Metazoa	381	False
P0CU18	Schizosaccharomyces pombe (strain 972 / ATCC 24843)	Fungi	443	False
Q8WYK0	Homo sapiens	Metazoa	555	False
Q8N1I0	Homo sapiens	Metazoa	1966	False
Q9DGN1	Xenopus laevis	Metazoa	1265	False
O14036	Schizosaccharomyces pombe (strain 972 / ATCC 24843)	Fungi	115	False
Q02447	Homo sapiens	Metazoa	781	False
P25089	Homo sapiens	Metazoa	353	True
P0C565	Tanacetum cinerariifolium	Plants	393	False
O60504	Homo sapiens	Metazoa	671	False
P31937	Homo sapiens	Metazoa	336	False
Q8J1Z1	Neurospora crassa (strain ATCC 24698 / 74-OR23-1A / CBS 708.71 / DSM 1257 / FGSC 987)	Fungi	88	False
Q8CGN4	Mus musculus	Metazoa	1759	False
Q99JR6	Mus musculus	Metazoa	245	False
O43615	Homo sapiens	Metazoa	452	False
P29295	Saccharomyces cerevisiae (strain ATCC 204508 / S288c)	Fungi	494	False
Q8N292	Homo sapiens	Metazoa	157	True
Q9UHD9	Homo sapiens	Metazoa	624	False
Q9FK02	Arabidopsis thaliana	Plants	380	False
Q8NH93	Homo sapiens	Metazoa	324	True
Q0WNX9	Arabidopsis thaliana	Plants	196	False
Q9SV68	Arabidopsis thaliana	Plants	329	False
D3KZG3	Caenorhabditis elegans	Metazoa	1285	False
P22068	Schizosaccharomyces pombe (strain 972 / ATCC 24843)	Fungi	525	False
Q95XQ8	Caenorhabditis elegans	Metazoa	823	False
O43082	Schizosaccharomyces pombe (strain 972 / ATCC 24843)	Fungi	233	False
G5EEC5	Caenorhabditis elegans	Metazoa	414	False
Q9CX80	Mus musculus	Metazoa	190	False
Q6A078	Mus musculus	Metazoa	2472	False
O95202	Homo sapiens	Metazoa	739	False
P48183	Zea mays	Plants	353	True
Q01094	Homo sapiens	Metazoa	437	False
Q6PDM2	Mus musculus	Metazoa	248	False
Q9UI17	Homo sapiens	Metazoa	866	False
Q8R1Q0	Mus musculus	Metazoa	292	False
Q9BUL9	Homo sapiens	Metazoa	199	False
P51817	Homo sapiens	Metazoa	358	False
P25090	Homo sapiens	Metazoa	351	True
Q14980	Homo sapiens	Metazoa	2115	False
P13663	Saccharomyces cerevisiae (strain ATCC 204508 / S288c)	Fungi	365	False
O02495	Caenorhabditis elegans	Metazoa	109	True
G5EGK6	Caenorhabditis elegans	Metazoa	2407	False
Q9N4M4	Caenorhabditis elegans	Metazoa	8545	False
P06269	Nicotiana tabacum	Plants	337	False
Q04656	Homo sapiens	Metazoa	1500	False
Q9Y252	Homo sapiens	Metazoa	685	False
Q45EK2	Caenorhabditis elegans	Metazoa	360	False
Q8VHW2	Mus musculus	Metazoa	423	True
P30987	Mus musculus	Metazoa	341	True
Q61762	Mus musculus	Metazoa	602	False
Q03941	Saccharomyces cerevisiae (strain ATCC 204508 / S288c)	Fungi	241	False
Q7TNN9	Rattus norvegicus	Metazoa	497	True
Q9Y2Z9	Homo sapiens	Metazoa	468	False
P83212	Bolinus brandaris	Metazoa	58	False
P23348	Rattus norvegicus	Metazoa	1227	False
G5EDM7	Caenorhabditis elegans	Metazoa	627	False
Q8IPX7	Drosophila melanogaster	Metazoa	232	False
Q12931	Homo sapiens	Metazoa	704	False
Q0WSX8	Arabidopsis thaliana	Plants	255	False
Q3KNV8	Homo sapiens	Metazoa	242	False
A0A1D6LTV0	Zea mays	Plants	627	False
P15505	Gallus gallus	Metazoa	1004	False
Q78T81	Mus musculus	Metazoa	392	False
O88559	Mus musculus	Metazoa	611	False
Q9SCR0	Arabidopsis thaliana	Plants	542	False
Q9FIP9	Arabidopsis thaliana	Plants	592	False
P02836	Drosophila melanogaster	Metazoa	552	False
Q9DEE9	Gallus gallus	Metazoa	396	False
Q60862	Mus musculus	Metazoa	576	False
P30554	Mus musculus	Metazoa	324	True
Q9FWR4	Arabidopsis thaliana	Plants	213	False
Q38869	Arabidopsis thaliana	Plants	501	False
H9JBU5	Bombyx mori	Metazoa	157	True
Q9JLV5	Mus musculus	Metazoa	768	False
Q8WX92	Homo sapiens	Metazoa	580	False
Q68DK7	Homo sapiens	Metazoa	614	False
Q86TL0	Homo sapiens	Metazoa	474	False
P17937	Schizosaccharomyces pombe (strain 972 / ATCC 24843)	Fungi	249	False
Q5SS91	Mus musculus	Metazoa	320	True
Q86VE9	Homo sapiens	Metazoa	423	True
Q9SCK6	Arabidopsis thaliana	Plants	469	False
Q9H6Q3	Homo sapiens	Metazoa	261	False
P01109	Gallus gallus	Metazoa	435	False
F4JWT7	Arabidopsis thaliana	Plants	383	False
Q8BXR9	Mus musculus	Metazoa	959	False
P25348	Saccharomyces cerevisiae (strain ATCC 204508 / S288c)	Fungi	183	False
P48746	Oryctolagus cuniculus	Metazoa	1237	False
Q8NHU3	Homo sapiens	Metazoa	365	True
Q8VYD2	Arabidopsis thaliana	Plants	386	False
Q9JLI6	Mus musculus	Metazoa	432	False
Q5TZ20	Homo sapiens	Metazoa	316	True
B2C6R6	Arabidopsis thaliana	Plants	681	False
Q84W65	Arabidopsis thaliana	Plants	371	False
Q9CWH0	Mus musculus	Metazoa	301	False
O82390	Arabidopsis thaliana	Plants	512	False
F4JW79	Arabidopsis thaliana	Plants	1493	False
Q8C7R7	Mus musculus	Metazoa	927	False
Q659A1	Homo sapiens	Metazoa	982	False
P47007	Saccharomyces cerevisiae (strain ATCC 204508 / S288c)	Fungi	382	False
Q9M2Z2	Arabidopsis thaliana	Plants	317	False
P97459	Mus musculus	Metazoa	594	False
Q8L8Z1	Arabidopsis thaliana	Plants	190	True
O80397	Arabidopsis thaliana	Plants	366	False
Q9VCX1	Drosophila melanogaster	Metazoa	1541	False
Q8IJX8	Plasmodium falciparum (isolate 3D7)	Other	107	False
Q9LF98	Arabidopsis thaliana	Plants	358	False
A0A075TXZ8	Penicillium expansum	Fungi	799	False
P39966	Saccharomyces cerevisiae (strain ATCC 204508 / S288c)	Fungi	464	False
Q9JMD0	Mus musculus	Metazoa	495	False
Q02156	Homo sapiens	Metazoa	737	False
Q96KR6	Homo sapiens	Metazoa	192	False
Q4V8H8	Rattus norvegicus	Metazoa	543	False
Q60793	Mus musculus	Metazoa	483	False
O43679	Homo sapiens	Metazoa	373	False
P21461	Drosophila melanogaster	Metazoa	314	False
Q9XID5	Arabidopsis thaliana	Plants	657	False
A1A6M1	Arabidopsis thaliana	Plants	387	False
Q20480	Caenorhabditis elegans	Metazoa	287	False
Q03828	Homo sapiens	Metazoa	476	False
P06734	Homo sapiens	Metazoa	321	True
Q4QQS1	Rattus norvegicus	Metazoa	425	True
P11414	Cricetulus griseus	Metazoa	1970	False
O13612	Schizosaccharomyces pombe (strain 972 / ATCC 24843)	Fungi	415	False
Q32NN2	Xenopus laevis	Metazoa	341	False
Q8ST83	Drosophila melanogaster	Metazoa	520	False
Q9NWU2	Homo sapiens	Metazoa	228	False
P39748	Homo sapiens	Metazoa	380	False
P02302	Xenopus laevis	Metazoa	136	False
G5ECN5	Caenorhabditis elegans	Metazoa	388	False
Q9H190	Homo sapiens	Metazoa	292	False
P08067	Saccharomyces cerevisiae (strain ATCC 204508 / S288c)	Fungi	215	True
Q9BQG2	Homo sapiens	Metazoa	462	False
P04080	Homo sapiens	Metazoa	98	False
P20807	Homo sapiens	Metazoa	821	False
P43403	Homo sapiens	Metazoa	619	False
Q8WXA9	Homo sapiens	Metazoa	508	False
A0A0B5L781	Penicillium brevicompactum	Fungi	398	False
Q43725	Arabidopsis thaliana	Plants	430	False
Q9NQ90	Homo sapiens	Metazoa	1003	False
Q8TCB6	Homo sapiens	Metazoa	318	True
Q96KR7	Homo sapiens	Metazoa	559	False
Q9NRX2	Homo sapiens	Metazoa	175	False
Q9W0K4	Drosophila melanogaster	Metazoa	1067	False
Q9BZJ0	Homo sapiens	Metazoa	848	False
P82658	Arabidopsis thaliana	Plants	229	False
P17712	Rattus norvegicus	Metazoa	465	False
Q69SV0	Oryza sativa subsp. japonica	Plants	478	False
Q3U1J4	Mus musculus	Metazoa	1140	False
O82504	Arabidopsis thaliana	Plants	1133	False
Q6ZWQ0	Mus musculus	Metazoa	6874	False
P43292	Arabidopsis thaliana	Plants	353	False
P21359	Homo sapiens	Metazoa	2839	False
Q9Z0Y9	Mus musculus	Metazoa	445	False
Q6IEL0	Oryza sativa subsp. indica	Plants	348	False
O55227	Rattus norvegicus	Metazoa	259	True
P31749	Homo sapiens	Metazoa	480	False
P32089	Rattus norvegicus	Metazoa	311	True
Q8BGD8	Mus musculus	Metazoa	79	False
Q6ZQM0	Mus musculus	Metazoa	377	False
P04045	Solanum tuberosum	Plants	966	False
O95342	Homo sapiens	Metazoa	1321	True
P43579	Saccharomyces cerevisiae (strain ATCC 204508 / S288c)	Fungi	692	False
Q9HCR9	Homo sapiens	Metazoa	933	False
P27638	Schizosaccharomyces pombe (strain 972 / ATCC 24843)	Fungi	372	False
Q12522	Saccharomyces cerevisiae (strain ATCC 204508 / S288c)	Fungi	245	False
Q944M5	Arabidopsis thaliana	Plants	251	True
O74803	Schizosaccharomyces pombe (strain 972 / ATCC 24843)	Fungi	368	False
Q9SRM4	Arabidopsis thaliana	Plants	246	False
P38227	Saccharomyces cerevisiae (strain ATCC 204508 / S288c)	Fungi	689	False
Q8TEQ6	Homo sapiens	Metazoa	1508	False
P29617	Drosophila melanogaster	Metazoa	1703	False
P17124	Canis lupus familiaris	Metazoa	359	True
Q9UH17	Homo sapiens	Metazoa	382	False
P20422	Daucus carota	Plants	97	False
Q9M2P7	Arabidopsis thaliana	Plants	308	False
O54972	Mus musculus	Metazoa	620	False
Q7XB14	Hordeum vulgare	Plants	408	False
Q09LZ8	Mus musculus	Metazoa	540	False
Q8C1Q6	Mus musculus	Metazoa	80	True
P34470	Caenorhabditis elegans	Metazoa	288	False
O15554	Homo sapiens	Metazoa	427	True
P40748	Rattus norvegicus	Metazoa	588	True
Q9SD40	Arabidopsis thaliana	Plants	370	False
D4A208	Rattus norvegicus	Metazoa	1071	False
P07213	Saccharomyces cerevisiae (strain ATCC 204508 / S288c)	Fungi	617	True
O76081	Homo sapiens	Metazoa	388	False
Q8VDQ8	Mus musculus	Metazoa	389	False
Q1H595	Arabidopsis thaliana	Plants	93	False
Q07230	Mus musculus	Metazoa	614	False
Q96KG9	Homo sapiens	Metazoa	808	False
Q86PC9	Drosophila melanogaster	Metazoa	460	False
O43739	Homo sapiens	Metazoa	400	False
P15796	Caenorhabditis elegans	Metazoa	191	False
Q9JKL5	Mus musculus	Metazoa	214	False
F4ISL7	Arabidopsis thaliana	Plants	2166	False
B0KZ40	Zea mays	Plants	426	False
P31271	Homo sapiens	Metazoa	388	False
Q9SAH8	Arabidopsis thaliana	Plants	532	True
P12695	Saccharomyces cerevisiae (strain ATCC 204508 / S288c)	Fungi	482	False
Q5W0Q7	Homo sapiens	Metazoa	1092	False
Q8L467	Arabidopsis thaliana	Plants	283	False
Q9SRP6	Arabidopsis thaliana	Plants	194	False
O88552	Mus musculus	Metazoa	230	True
P00175	Saccharomyces cerevisiae (strain ATCC 204508 / S288c)	Fungi	591	False
Q9FKA0	Arabidopsis thaliana	Plants	285	False
Q96251	Arabidopsis thaliana	Plants	238	False
O14021	Schizosaccharomyces pombe (strain 972 / ATCC 24843)	Fungi	431	False
Q9CXG9	Mus musculus	Metazoa	578	False
Q61301	Mus musculus	Metazoa	953	False
O13859	Schizosaccharomyces pombe (strain 972 / ATCC 24843)	Fungi	285	False
Q9VHY5	Drosophila melanogaster	Metazoa	479	False
Q9XED8	Arabidopsis thaliana	Plants	638	False
Q9Y2G0	Homo sapiens	Metazoa	817	False
P28370	Homo sapiens	Metazoa	1042	False
P06733	Homo sapiens	Metazoa	434	False
Q12769	Homo sapiens	Metazoa	1436	False
Q7Z419	Homo sapiens	Metazoa	303	False
Q9LRY0	Arabidopsis thaliana	Plants	189	False
Q91VR5	Mus musculus	Metazoa	740	False
Q9ULX6	Homo sapiens	Metazoa	646	False
Q3S4A7	Arabidopsis thaliana	Plants	922	False
Q8GUT5	Arabidopsis thaliana	Plants	288	False
D4A1X2	Rattus norvegicus	Metazoa	885	False
Q9JMB1	Mus musculus	Metazoa	375	False
Q9Y483	Homo sapiens	Metazoa	593	False
Q02629	Saccharomyces cerevisiae (strain ATCC 204508 / S288c)	Fungi	959	False
Q13769	Homo sapiens	Metazoa	683	False
Q08645	Saccharomyces cerevisiae (strain ATCC 204508 / S288c)	Fungi	548	False
P32505	Saccharomyces cerevisiae (strain ATCC 204508 / S288c)	Fungi	525	False
Q9LIE5	Arabidopsis thaliana	Plants	839	False
Q8I397	Plasmodium falciparum (isolate 3D7)	Other	1199	True
Q06819	Saccharomyces cerevisiae (strain ATCC 204508 / S288c)	Fungi	143	False
O44514	Caenorhabditis elegans	Metazoa	474	False
Q96JX3	Homo sapiens	Metazoa	654	True
P07340	Rattus norvegicus	Metazoa	304	True
P41891	Schizosaccharomyces pombe (strain 972 / ATCC 24843)	Fungi	500	False
P10176	Homo sapiens	Metazoa	69	True
P27716	Drosophila melanogaster	Metazoa	362	True
O15121	Homo sapiens	Metazoa	323	True
Q12208	Saccharomyces cerevisiae (strain ATCC 204508 / S288c)	Fungi	290	False
P40858	Saccharomyces cerevisiae (strain ATCC 204508 / S288c)	Fungi	161	False
P48455	Mus musculus	Metazoa	513	False
Q80YN4	Rattus norvegicus	Metazoa	1111	False
Q945P0	Nicotiana tabacum	Plants	209	False
F4I443	Arabidopsis thaliana	Plants	714	False
P35523	Homo sapiens	Metazoa	988	False
Q8TCQ1	Homo sapiens	Metazoa	289	False
Q8WVF1	Homo sapiens	Metazoa	389	False
P27472	Saccharomyces cerevisiae (strain ATCC 204508 / S288c)	Fungi	705	False
Q9UGI0	Homo sapiens	Metazoa	708	False
Q6P4F7	Homo sapiens	Metazoa	1023	False
Q02931	Saccharomyces cerevisiae (strain ATCC 204508 / S288c)	Fungi	896	False
Q99418	Homo sapiens	Metazoa	400	False
P36064	Saccharomyces cerevisiae (strain ATCC 204508 / S288c)	Fungi	111	False
P33411	Saccharomyces cerevisiae (strain ATCC 204508 / S288c)	Fungi	251	False
Q9ZNZ7	Arabidopsis thaliana	Plants	1622	False
Q15070	Homo sapiens	Metazoa	435	False
P54347	Chlamydomonas reinhardtii	Plants	153	False
D2EAC2	Mus musculus	Metazoa	980	False
Q9Y676	Homo sapiens	Metazoa	258	False
Q96D98	Homo sapiens	Metazoa	161	False
P52298	Homo sapiens	Metazoa	156	False
P12831	Sarcophaga peregrina	Metazoa	108	False
Q9UHE8	Homo sapiens	Metazoa	339	True
Q9C103	Schizosaccharomyces pombe (strain 972 / ATCC 24843)	Fungi	735	False
P68433	Mus musculus	Metazoa	136	False
P35251	Homo sapiens	Metazoa	1148	False
Q08962	Saccharomyces cerevisiae (strain ATCC 204508 / S288c)	Fungi	181	False
Q6CE48	Yarrowia lipolytica (strain CLIB 122 / E 150)	Fungi	312	False
Q9BV47	Homo sapiens	Metazoa	211	False
P23566	Schizosaccharomyces pombe (strain 972 / ATCC 24843)	Fungi	151	False
P03372	Homo sapiens	Metazoa	595	False
Q923Q2	Mus musculus	Metazoa	1113	False
P33447	Trypanosoma cruzi	Other	416	False
P21238	Arabidopsis thaliana	Plants	586	False
O75386	Homo sapiens	Metazoa	442	False
Q9Y6K0	Homo sapiens	Metazoa	416	True
Q96EZ8	Homo sapiens	Metazoa	462	False
O00219	Homo sapiens	Metazoa	553	True
P41779	Caenorhabditis elegans	Metazoa	338	False
P11308	Homo sapiens	Metazoa	479	False
Q9VWC6	Drosophila melanogaster	Metazoa	1596	False
Q9Y3B2	Homo sapiens	Metazoa	195	False
P51175	Mus musculus	Metazoa	477	False
P57742	Arabidopsis thaliana	Plants	151	False
Q557E4	Dictyostelium discoideum	Other	162	False
O15144	Homo sapiens	Metazoa	300	False
P14731	Gallus gallus	Metazoa	584	False
P09021	Mus musculus	Metazoa	270	False
Q969P6	Homo sapiens	Metazoa	601	False
Q9VZU4	Drosophila melanogaster	Metazoa	265	False
Q86YR5	Homo sapiens	Metazoa	675	False
Q8N2Y8	Homo sapiens	Metazoa	1516	False
Q10361	Schizosaccharomyces pombe (strain 972 / ATCC 24843)	Fungi	616	False
Q8N3J5	Homo sapiens	Metazoa	372	False
Q9NVV4	Homo sapiens	Metazoa	582	False
Q3TBT3	Mus musculus	Metazoa	378	True
O93295	Gallus gallus	Metazoa	493	True
Q16186	Homo sapiens	Metazoa	407	False
Q9LEZ1	Arabidopsis thaliana	Plants	144	False
Q93Y07	Arabidopsis thaliana	Plants	622	True
P16443	Rattus norvegicus	Metazoa	325	False
P31853	Spinacia oleracea	Plants	222	True
P23638	Saccharomyces cerevisiae (strain ATCC 204508 / S288c)	Fungi	258	False
Q1XG89	Bombyx mori	Metazoa	1759	False
Q5TKA1	Homo sapiens	Metazoa	542	False
Q5FWI3	Mus musculus	Metazoa	1383	True
Q86PD7	Drosophila melanogaster	Metazoa	354	False
Q9SCK3	Arabidopsis thaliana	Plants	261	True
P26431	Rattus norvegicus	Metazoa	820	False
P38772	Saccharomyces cerevisiae (strain ATCC 204508 / S288c)	Fungi	366	False
Q9Y276	Homo sapiens	Metazoa	419	True
Q9S775	Arabidopsis thaliana	Plants	1384	False
O75204	Homo sapiens	Metazoa	238	False
Q9NQU5	Homo sapiens	Metazoa	681	False
Q39734	Flaveria brownii	Plants	955	False
P17007	Cyanophora paradoxa	Other	99	False
Q9XSM3	Oryctolagus cuniculus	Metazoa	730	False
Q13601	Homo sapiens	Metazoa	381	False
Q9H0U9	Homo sapiens	Metazoa	437	False
Q02556	Homo sapiens	Metazoa	426	False
P30776	Schizosaccharomyces pombe (strain 972 / ATCC 24843)	Fungi	628	False
Q9BYX4	Homo sapiens	Metazoa	1025	False
Q9UFC0	Homo sapiens	Metazoa	647	False
Q9Y603	Homo sapiens	Metazoa	341	False
P46896	Gallus gallus	Metazoa	490	True
O43683	Homo sapiens	Metazoa	1085	False
Q6Q477	Mus musculus	Metazoa	1205	False
O75781	Homo sapiens	Metazoa	387	False
Q9ESD7	Mus musculus	Metazoa	2090	False
P70354	Mus musculus	Metazoa	204	False
P61599	Homo sapiens	Metazoa	178	False
G5EGS7	Caenorhabditis elegans	Metazoa	324	False
Q8R1F1	Mus musculus	Metazoa	749	False
F4JT76	Arabidopsis thaliana	Plants	1034	False
Q9U7E0	Caenorhabditis elegans	Metazoa	1359	False
Q8IZ08	Homo sapiens	Metazoa	494	True
Q700C7	Arabidopsis thaliana	Plants	364	False
P36517	Saccharomyces cerevisiae (strain ATCC 204508 / S288c)	Fungi	319	False
F4KDN0	Arabidopsis thaliana	Plants	857	False
Q8AYI2	Rana dybowskii	Metazoa	711	False
P14226	Pisum sativum	Plants	329	False
Q96PM9	Homo sapiens	Metazoa	386	False
O15318	Homo sapiens	Metazoa	223	False
Q9W3E1	Drosophila melanogaster	Metazoa	1022	False
Q9W1X4	Drosophila melanogaster	Metazoa	1711	False
P81373	Alocasia macrorrhizos	Plants	98	False
Q01355	Neurospora crassa (strain ATCC 24698 / 74-OR23-1A / CBS 708.71 / DSM 1257 / FGSC 987)	Fungi	362	False
Q9H1K1	Homo sapiens	Metazoa	167	False
B4FZ81	Zea mays	Plants	555	False
O48713	Arabidopsis thaliana	Plants	585	False
Q12746	Saccharomyces cerevisiae (strain ATCC 204508 / S288c)	Fungi	312	True
Q12440	Saccharomyces cerevisiae (strain ATCC 204508 / S288c)	Fungi	853	False
Q15722	Homo sapiens	Metazoa	352	True
Q923I7	Mus musculus	Metazoa	670	True
Q8TE04	Homo sapiens	Metazoa	598	False
H2KYS8	Caenorhabditis elegans	Metazoa	1107	True
Q8IEK7	Plasmodium falciparum (isolate 3D7)	Other	87	False
Q8VHK9	Mus musculus	Metazoa	1001	False
Q9ZW85	Arabidopsis thaliana	Plants	251	False
P97822	Mus musculus	Metazoa	260	False
Q8VY26	Arabidopsis thaliana	Plants	570	False
Q6R053	Arabidopsis thaliana	Plants	323	False
Q3KRB8	Homo sapiens	Metazoa	267	False
Q8VZ80	Arabidopsis thaliana	Plants	539	True
Q6ZN17	Homo sapiens	Metazoa	250	False
P53312	Saccharomyces cerevisiae (strain ATCC 204508 / S288c)	Fungi	427	False
Q8GYC1	Arabidopsis thaliana	Plants	516	False
O88574	Mus musculus	Metazoa	220	False
P52657	Homo sapiens	Metazoa	109	False
Q39101	Arabidopsis thaliana	Plants	255	False
Q9NXX6	Homo sapiens	Metazoa	385	False
Q9NZU7	Homo sapiens	Metazoa	370	False
P55789	Homo sapiens	Metazoa	205	False
Q8JFY9	Xenopus laevis	Metazoa	292	False
P22204	Saccharomyces cerevisiae (strain ATCC 204508 / S288c)	Fungi	572	False
P39207	Arabidopsis thaliana	Plants	149	False
P12787	Mus musculus	Metazoa	146	False
P40532	Saccharomyces cerevisiae (strain ATCC 204508 / S288c)	Fungi	138	True
O95218	Homo sapiens	Metazoa	330	False
Q7F2L3	Oryza sativa subsp. japonica	Plants	303	False
P34021	Drosophila melanogaster	Metazoa	878	False
P28352	Mus musculus	Metazoa	317	False
Q0WLC6	Arabidopsis thaliana	Plants	1089	False
O88286	Mus musculus	Metazoa	1684	False
Q3E7B2	Saccharomyces cerevisiae (strain ATCC 204508 / S288c)	Fungi	85	True
Q969F2	Homo sapiens	Metazoa	451	False
P04037	Saccharomyces cerevisiae (strain ATCC 204508 / S288c)	Fungi	155	False
Q96P48	Homo sapiens	Metazoa	1450	False
Q8N4F4	Homo sapiens	Metazoa	552	True
F4JHH5	Arabidopsis thaliana	Plants	787	False
P68166	Datura quercifolia	Plants	97	False
P41318	Saccharomyces cerevisiae (strain ATCC 204508 / S288c)	Fungi	303	False
Q9Z2F6	Mus musculus	Metazoa	448	False
Q9JL04	Mus musculus	Metazoa	1578	False
Q5A960	Candida albicans (strain SC5314 / ATCC MYA-2876)	Fungi	833	False
Q60949	Mus musculus	Metazoa	1255	False
Q12368	Saccharomyces cerevisiae (strain ATCC 204508 / S288c)	Fungi	194	False
Q9SU72	Arabidopsis thaliana	Plants	623	False
Q8K1Z0	Mus musculus	Metazoa	313	False
P36131	Saccharomyces cerevisiae (strain ATCC 204508 / S288c)	Fungi	295	False
P20084	Saccharomyces cerevisiae (strain ATCC 204508 / S288c)	Fungi	86	False
P69566	Mus musculus	Metazoa	653	False
P26447	Homo sapiens	Metazoa	101	False
P30872	Homo sapiens	Metazoa	391	True
Q6STE5	Homo sapiens	Metazoa	483	False
O60412	Homo sapiens	Metazoa	319	True
P53919	Saccharomyces cerevisiae (strain ATCC 204508 / S288c)	Fungi	492	False
Q8H1U5	Arabidopsis thaliana	Plants	865	False
Q8R4B8	Mus musculus	Metazoa	1033	False
P06003	Spinacia oleracea	Plants	473	True
P54150	Arabidopsis thaliana	Plants	258	False
P03928	Homo sapiens	Metazoa	68	True
P22893	Mus musculus	Metazoa	319	False
Q4QQW4	Rattus norvegicus	Metazoa	482	False
P31209	Schizosaccharomyces pombe (strain 972 / ATCC 24843)	Fungi	653	False
Q9NR22	Homo sapiens	Metazoa	394	False
O43823	Homo sapiens	Metazoa	692	False
P54265	Mus musculus	Metazoa	631	False
Q8BGC3	Mus musculus	Metazoa	486	True
P19659	Saccharomyces cerevisiae (strain ATCC 204508 / S288c)	Fungi	1081	False
O00270	Homo sapiens	Metazoa	319	True
Q7SGU0	Neurospora crassa (strain ATCC 24698 / 74-OR23-1A / CBS 708.71 / DSM 1257 / FGSC 987)	Fungi	376	False
I1M2G5	Glycine max	Plants	534	False
B8XCH5	Arabidopsis thaliana	Plants	1081	False
Q02152	Mus musculus	Metazoa	479	True
Q05831	Mytilus trossulus	Metazoa	203	False
P16886	Strongylocentrotus purpuratus	Metazoa	126	False
Q9SE83	Arabidopsis thaliana	Plants	914	False
P24493	Spinacia oleracea	Plants	433	False
P53688	Saccharomyces cerevisiae (strain ATCC 204508 / S288c)	Fungi	370	False
P22343	Euglena viridis	Other	87	False
Q9Y6R1	Homo sapiens	Metazoa	1079	False
Q01517	Pisum sativum	Plants	349	False
P08912	Homo sapiens	Metazoa	532	True
Q9SU05	Arabidopsis thaliana	Plants	382	False
Q04359	Saccharomyces cerevisiae (strain ATCC 204508 / S288c)	Fungi	397	False
Q5S007	Homo sapiens	Metazoa	2527	False
A0A386CAB9	Danio rerio	Metazoa	1355	False
Q8CBX0	Mus musculus	Metazoa	802	True
Q8NE79	Homo sapiens	Metazoa	360	True
Q17990	Caenorhabditis elegans	Metazoa	439	True
Q5ICL9	Arabidopsis thaliana	Plants	574	False
P0CT72	Schizosaccharomyces pombe (strain 972 / ATCC 24843)	Fungi	253	False
Q96GC9	Homo sapiens	Metazoa	406	True
P30414	Homo sapiens	Metazoa	1462	False
P25500	Bos taurus	Metazoa	739	False
Q7SIF9	Agarophyton chilense	Other	177	False
Q8L9A0	Arabidopsis thaliana	Plants	270	False
Q6ATR0	Oryza sativa subsp. japonica	Plants	197	False
Q01750	Rattus norvegicus	Metazoa	249	False
Q10574	Caenorhabditis elegans	Metazoa	142	False
Q16637	Homo sapiens	Metazoa	294	False
O22788	Arabidopsis thaliana	Plants	236	False
Q08991	Saccharomyces cerevisiae (strain ATCC 204508 / S288c)	Fungi	375	True
G5EDS1	Caenorhabditis elegans	Metazoa	455	False
Q9Z1Y0	Rattus norvegicus	Metazoa	236	False
Q9LFL6	Arabidopsis thaliana	Plants	336	False
P22227	Mus musculus	Metazoa	288	False
Q8VYD4	Arabidopsis thaliana	Plants	867	True
Q6NVG5	Mus musculus	Metazoa	214	False
Q7XAK4	Oryza sativa subsp. japonica	Plants	212	False
P35293	Mus musculus	Metazoa	206	False
Q09826	Schizosaccharomyces pombe (strain 972 / ATCC 24843)	Fungi	408	False
P27516	Dunaliella salina	Plants	172	False
P53725	Saccharomyces cerevisiae (strain ATCC 204508 / S288c)	Fungi	186	False
P17429	Emericella nidulans (strain FGSC A4 / ATCC 38163 / CBS 112.46 / NRRL 194 / M139)	Fungi	876	False
P53983	Saccharomyces cerevisiae (strain ATCC 204508 / S288c)	Fungi	676	True
K7WIZ6	Zea mays	Plants	623	False
O24174	Oryza sativa subsp. japonica	Plants	505	False
Q84V03	Arabidopsis thaliana	Plants	778	False
Q9Y2N7	Homo sapiens	Metazoa	669	False
Q801D8	Cynoscion nebulosus	Metazoa	352	True
Q4WF55	Aspergillus fumigatus (strain ATCC MYA-4609 / CBS 101355 / FGSC A1100 / Af293)	Fungi	462	False
Q8IYL3	Homo sapiens	Metazoa	243	False
Q03218	Saccharomyces cerevisiae (strain ATCC 204508 / S288c)	Fungi	510	False
P62597	Gallus gallus	Metazoa	778	False
P53909	Saccharomyces cerevisiae (strain ATCC 204508 / S288c)	Fungi	347	False
Q07458	Saccharomyces cerevisiae (strain ATCC 204508 / S288c)	Fungi	294	False
Q8H136	Arabidopsis thaliana	Plants	619	False
P56785	Arabidopsis thaliana	Plants	1786	True
Q93WL3	Arabidopsis thaliana	Plants	238	False
Q9ZVD0	Arabidopsis thaliana	Plants	720	False
P46062	Mus musculus	Metazoa	1037	False
Q5TA45	Homo sapiens	Metazoa	600	False
Q9Z0R0	Mus musculus	Metazoa	754	False
P97714	Mus musculus	Metazoa	562	False
Q9CAH0	Arabidopsis thaliana	Plants	188	False
A0A0D1CRC9	Mycosarcoma maydis	Fungi	534	False
P35408	Homo sapiens	Metazoa	488	True
Q3UB74	Mus musculus	Metazoa	406	False
O09100	Mus musculus	Metazoa	480	False
P00225	Leucaena leucocephala	Plants	96	False
Q9NVP1	Homo sapiens	Metazoa	670	False
Q3U9N9	Mus musculus	Metazoa	512	True
P40541	Saccharomyces cerevisiae (strain ATCC 204508 / S288c)	Fungi	1150	False
A0A1S3XSG2	Nicotiana tabacum	Plants	786	False
Q09490	Caenorhabditis elegans	Metazoa	123	False
F4JXF1	Arabidopsis thaliana	Plants	581	False
Q14995	Homo sapiens	Metazoa	579	False
P17568	Homo sapiens	Metazoa	137	False
F4JVH1	Arabidopsis thaliana	Plants	907	False
Q9Y5A7	Homo sapiens	Metazoa	615	False
Q5ND34	Mus musculus	Metazoa	1934	False
Q9LDY5	Arabidopsis thaliana	Plants	247	False
Q04052	Saccharomyces cerevisiae (strain ATCC 204508 / S288c)	Fungi	950	False
Q8C1E7	Mus musculus	Metazoa	343	False
Q99958	Homo sapiens	Metazoa	501	False
P97468	Mus musculus	Metazoa	371	True
Q9V7P1	Drosophila melanogaster	Metazoa	506	False
Q9EST8	Mus musculus	Metazoa	728	False
P12003	Gallus gallus	Metazoa	1135	False
Q9Y675	Homo sapiens	Metazoa	71	False
P09630	Homo sapiens	Metazoa	235	False
Q90Z80	Xenopus laevis	Metazoa	392	False
P46783	Homo sapiens	Metazoa	165	False
P39706	Saccharomyces cerevisiae (strain ATCC 204508 / S288c)	Fungi	426	False
Q2LKW6	Mus musculus	Metazoa	1233	False
O88470	Mus musculus	Metazoa	375	False
Q8VY52	Arabidopsis thaliana	Plants	232	False
Q9LZA6	Arabidopsis thaliana	Plants	825	False
P52597	Homo sapiens	Metazoa	415	False
Q96I23	Homo sapiens	Metazoa	114	False
Q15772	Homo sapiens	Metazoa	3267	False
Q9XH37	Oryza sativa subsp. indica	Plants	277	False
P14733	Mus musculus	Metazoa	588	False
Q8BIF2	Mus musculus	Metazoa	374	False
Q7JNM3	Caenorhabditis elegans	Metazoa	315	False
Q03081	Saccharomyces cerevisiae (strain ATCC 204508 / S288c)	Fungi	177	False
Q64430	Mus musculus	Metazoa	1491	False
Q23045	Caenorhabditis elegans	Metazoa	470	False
Q949J1	Chlamydomonas reinhardtii	Plants	192	False
Q6PCM1	Mus musculus	Metazoa	1323	False
P54784	Saccharomyces cerevisiae (strain ATCC 204508 / S288c)	Fungi	914	False
P28807	Spinacia oleracea	Plants	88	False
Q04930	Saccharomyces cerevisiae (strain ATCC 204508 / S288c)	Fungi	467	False
Q94AQ9	Arabidopsis thaliana	Plants	260	False
A0A0K9RDW0	Spinacia oleracea	Plants	675	False
Q7Z2D5	Homo sapiens	Metazoa	763	True
P41134	Homo sapiens	Metazoa	155	False
P40457	Saccharomyces cerevisiae (strain ATCC 204508 / S288c)	Fungi	1679	False
Q6ZPK0	Mus musculus	Metazoa	688	False
P49750	Homo sapiens	Metazoa	2146	False
Q12143	Saccharomyces cerevisiae (strain ATCC 204508 / S288c)	Fungi	216	False
Q9BX66	Homo sapiens	Metazoa	1292	False
P52426	Spinacia oleracea	Plants	435	False
Q8R331	Mus musculus	Metazoa	154	False
Q02792	Saccharomyces cerevisiae (strain ATCC 204508 / S288c)	Fungi	1006	False
Q9Y7N0	Schizosaccharomyces pombe (strain 972 / ATCC 24843)	Fungi	578	False
Q494U1	Homo sapiens	Metazoa	611	False
P56134	Homo sapiens	Metazoa	94	True
Q91WZ8	Mus musculus	Metazoa	352	False
P38704	Saccharomyces cerevisiae (strain ATCC 204508 / S288c)	Fungi	541	False
P36023	Saccharomyces cerevisiae (strain ATCC 204508 / S288c)	Fungi	863	False
Q06525	Saccharomyces cerevisiae (strain ATCC 204508 / S288c)	Fungi	465	False
Q8LFW5	Arabidopsis thaliana	Plants	277	False
O73932	Xenopus laevis	Metazoa	594	False
Q9NSP4	Homo sapiens	Metazoa	180	False
A0A120KVR8	Trypanosoma brucei brucei	Other	1728	False
Q6W0C5	Homo sapiens	Metazoa	159	False
Q12139	Saccharomyces cerevisiae (strain ATCC 204508 / S288c)	Fungi	1133	False
Q8VI67	Mus musculus	Metazoa	428	False
P09629	Homo sapiens	Metazoa	217	False
O35381	Mus musculus	Metazoa	247	False
P25702	Arabidopsis thaliana	Plants	136	False
Q0WPF2	Arabidopsis thaliana	Plants	808	False
Q8WTV0	Homo sapiens	Metazoa	552	True
J3QMI4	Mus musculus	Metazoa	347	True
Q9Y5Q8	Homo sapiens	Metazoa	519	False
Q9LMT0	Arabidopsis thaliana	Plants	391	False
Q9BXI2	Homo sapiens	Metazoa	301	True
P0CU17	Schizosaccharomyces pombe (strain 972 / ATCC 24843)	Fungi	443	False
P17106	Saccharomyces cerevisiae (strain ATCC 204508 / S288c)	Fungi	351	False
A9LNK9	Arabidopsis thaliana	Plants	631	False
Q12955	Homo sapiens	Metazoa	4377	False
Q38830	Arabidopsis thaliana	Plants	239	False
P08621	Homo sapiens	Metazoa	437	False
K7QHS5	Humulus lupulus	Plants	408	False
P15771	Gallus gallus	Metazoa	694	False
Q6UB28	Homo sapiens	Metazoa	335	False
Q94BU8	Arabidopsis thaliana	Plants	185	False
Q9QUZ8	Rattus norvegicus	Metazoa	562	False
P25615	Saccharomyces cerevisiae (strain ATCC 204508 / S288c)	Fungi	582	False
Q8LFH5	Arabidopsis thaliana	Plants	239	True
P40164	Saccharomyces cerevisiae (strain ATCC 204508 / S288c)	Fungi	858	False
Q9LQT8	Arabidopsis thaliana	Plants	533	False
Q9P2N6	Homo sapiens	Metazoa	904	False
P0DPK0	Xenopus laevis	Metazoa	237	False
P0CT69	Schizosaccharomyces pombe (strain 972 / ATCC 24843)	Fungi	176	False
Q13247	Homo sapiens	Metazoa	344	False
Q9Y6Y0	Homo sapiens	Metazoa	642	False
Q8S4Y1	Arabidopsis thaliana	Plants	403	False
Q8QFX1	Gallus gallus	Metazoa	1325	False
Q9HCC0	Homo sapiens	Metazoa	563	False
P36629	Schizosaccharomyces pombe (strain 972 / ATCC 24843)	Fungi	517	False
Q9SD11	Arabidopsis thaliana	Plants	103	False
Q8N1F7	Homo sapiens	Metazoa	819	False
H9JD76	Bombyx mori	Metazoa	629	True
P39952	Saccharomyces cerevisiae (strain ATCC 204508 / S288c)	Fungi	402	False
Q9VL76	Drosophila melanogaster	Metazoa	613	False
Q5T9G4	Homo sapiens	Metazoa	340	False
P11440	Mus musculus	Metazoa	297	False
P42925	Mus musculus	Metazoa	194	True
Q8LEU3	Arabidopsis thaliana	Plants	348	False
Q08208	Saccharomyces cerevisiae (strain ATCC 204508 / S288c)	Fungi	459	False
Q5EE01	Homo sapiens	Metazoa	88	False
P12687	Saccharomyces cerevisiae (strain ATCC 204508 / S288c)	Fungi	371	False
Q70SY1	Homo sapiens	Metazoa	520	False
Q01196	Homo sapiens	Metazoa	453	False
Q9VSA3	Drosophila melanogaster	Metazoa	419	False
Q9VKD7	Drosophila melanogaster	Metazoa	253	True
O14581	Homo sapiens	Metazoa	309	True
P31170	Arabidopsis thaliana	Plants	227	False
Q56X52	Arabidopsis thaliana	Plants	351	False
P61224	Homo sapiens	Metazoa	184	False
Q9LEV3	Arabidopsis thaliana	Plants	206	False
P26645	Mus musculus	Metazoa	309	False
Q39016	Arabidopsis thaliana	Plants	495	False
Q9NZI6	Homo sapiens	Metazoa	479	False
Q3MKQ2	Rattus norvegicus	Metazoa	128	False
P51530	Homo sapiens	Metazoa	1060	False
Q9NQS7	Homo sapiens	Metazoa	918	False
P31356	Todarodes pacificus	Metazoa	448	True
A0A075TRB3	Penicillium expansum	Fungi	259	False
Q9LJN8	Arabidopsis thaliana	Plants	340	False
O14867	Homo sapiens	Metazoa	736	False
Q91XJ0	Rattus norvegicus	Metazoa	401	False
Q05543	Saccharomyces cerevisiae (strain ATCC 204508 / S288c)	Fungi	409	False
D3YN49	Xenopus laevis	Metazoa	316	False
P80457	Bos taurus	Metazoa	1332	False
Q9USV1	Schizosaccharomyces pombe (strain 972 / ATCC 24843)	Fungi	299	False
P97756	Rattus norvegicus	Metazoa	505	False
P17706	Homo sapiens	Metazoa	415	False
Q80ZC8	Rattus norvegicus	Metazoa	226	True
P42003	Drosophila melanogaster	Metazoa	455	False
Q9SRH9	Arabidopsis thaliana	Plants	1372	False
P62714	Homo sapiens	Metazoa	309	False
O00472	Homo sapiens	Metazoa	640	False
Q9JJK4	Rattus norvegicus	Metazoa	372	True
Q9XFD1	Arabidopsis thaliana	Plants	257	False
P41353	Tetrahymena thermophila (strain SB210)	Other	136	False
Q96TA1	Homo sapiens	Metazoa	746	False
Q9BYC2	Homo sapiens	Metazoa	517	False
Q91VE6	Mus musculus	Metazoa	317	False
F4JL28	Arabidopsis thaliana	Plants	234	False
Q8RWX4	Arabidopsis thaliana	Plants	611	False
Q9HAW0	Homo sapiens	Metazoa	419	False
Q02864	Saccharomyces cerevisiae (strain ATCC 204508 / S288c)	Fungi	156	False
F1REV3	Danio rerio	Metazoa	740	False
P53208	Saccharomyces cerevisiae (strain ATCC 204508 / S288c)	Fungi	328	False
Q94BY9	Arabidopsis thaliana	Plants	550	False
O13788	Schizosaccharomyces pombe (strain 972 / ATCC 24843)	Fungi	527	False
Q99581	Homo sapiens	Metazoa	238	False
Q9STW6	Arabidopsis thaliana	Plants	718	False
Q9HBY8	Homo sapiens	Metazoa	367	False
Q9UM07	Homo sapiens	Metazoa	663	False
P38319	Saccharomyces cerevisiae (strain ATCC 204508 / S288c)	Fungi	544	False
P30009	Rattus norvegicus	Metazoa	309	False
P18283	Homo sapiens	Metazoa	190	False
Q00900	Rattus norvegicus	Metazoa	2437	False
Q07930	Saccharomyces cerevisiae (strain ATCC 204508 / S288c)	Fungi	204	False
O00154	Homo sapiens	Metazoa	380	False
O15056	Homo sapiens	Metazoa	1496	False
Q9UKT7	Homo sapiens	Metazoa	428	False
Q9FHP6	Arabidopsis thaliana	Plants	168	False
P08011	Rattus norvegicus	Metazoa	155	True
P39687	Homo sapiens	Metazoa	249	False
P53323	Saccharomyces cerevisiae (strain ATCC 204508 / S288c)	Fungi	261	False
Q8BWN8	Mus musculus	Metazoa	421	False
P30366	Arabidopsis thaliana	Plants	318	False
Q64727	Mus musculus	Metazoa	1066	False
Q06340	Saccharomyces cerevisiae (strain ATCC 204508 / S288c)	Fungi	456	False
P54785	Saccharomyces cerevisiae (strain ATCC 204508 / S288c)	Fungi	490	False
Q9SGY2	Arabidopsis thaliana	Plants	423	False
Q04430	Saccharomyces cerevisiae (strain ATCC 204508 / S288c)	Fungi	367	False
Q76NM7	Plasmodium falciparum (isolate 3D7)	Other	207	False
P53070	Saccharomyces cerevisiae (strain ATCC 204508 / S288c)	Fungi	669	False
Q6NUF4	Xenopus laevis	Metazoa	716	False
D0EL35	Arabidopsis thaliana	Plants	1272	False
Q8R1B0	Mus musculus	Metazoa	408	False
Q9LV75	Arabidopsis thaliana	Plants	113	False
Q8VY74	Arabidopsis thaliana	Plants	333	False
P00290	Lactuca sativa	Plants	99	False
O88267	Rattus norvegicus	Metazoa	419	False
P01872	Mus musculus	Metazoa	454	False
P53167	Saccharomyces cerevisiae (strain ATCC 204508 / S288c)	Fungi	370	False
P92189	Drosophila melanogaster	Metazoa	321	False
P04910	Schizosaccharomyces pombe (strain 972 / ATCC 24843)	Fungi	131	False
P39961	Saccharomyces cerevisiae (strain ATCC 204508 / S288c)	Fungi	794	False
O14064	Schizosaccharomyces pombe (strain 972 / ATCC 24843)	Fungi	997	False
O13848	Schizosaccharomyces pombe (strain 972 / ATCC 24843)	Fungi	284	False
Q8RX26	Arabidopsis thaliana	Plants	367	False
P48044	Bos taurus	Metazoa	370	True
P49789	Homo sapiens	Metazoa	147	False
Q9SAK5	Arabidopsis thaliana	Plants	358	False
O74789	Schizosaccharomyces pombe (strain 972 / ATCC 24843)	Fungi	348	False
P30536	Homo sapiens	Metazoa	169	True
O95453	Homo sapiens	Metazoa	639	False
P36077	Saccharomyces cerevisiae (strain ATCC 204508 / S288c)	Fungi	127	False
P05314	Spinacia oleracea	Plants	594	False
Q4WUN7	Aspergillus fumigatus (strain ATCC MYA-4609 / CBS 101355 / FGSC A1100 / Af293)	Fungi	378	False
Q9UHJ3	Homo sapiens	Metazoa	866	False
P11310	Homo sapiens	Metazoa	421	False
Q504P2	Mus musculus	Metazoa	267	True
Q9WUB6	Mus musculus	Metazoa	687	True
O59790	Schizosaccharomyces pombe (strain 972 / ATCC 24843)	Fungi	355	False
P40237	Mus musculus	Metazoa	266	True
O00934	Toxoplasma gondii	Other	831	False
Q9R0N6	Mus musculus	Metazoa	395	True
Q3UP24	Mus musculus	Metazoa	1024	False
O14843	Homo sapiens	Metazoa	346	True
P28004	Saccharomyces cerevisiae (strain ATCC 204508 / S288c)	Fungi	379	False
O35492	Mus musculus	Metazoa	490	False
Q9M276	Arabidopsis thaliana	Plants	235	False
Q2TAP0	Homo sapiens	Metazoa	167	False
Q18533	Caenorhabditis elegans	Metazoa	341	False
P05023	Homo sapiens	Metazoa	1023	True
P46933	Rattus norvegicus	Metazoa	711	False
P92208	Drosophila melanogaster	Metazoa	372	False
Q08968	Saccharomyces cerevisiae (strain ATCC 204508 / S288c)	Fungi	688	False
P05480	Mus musculus	Metazoa	535	False
Q9WU72	Mus musculus	Metazoa	309	True
Q7RZF0	Neurospora crassa (strain ATCC 24698 / 74-OR23-1A / CBS 708.71 / DSM 1257 / FGSC 987)	Fungi	255	False
P28066	Homo sapiens	Metazoa	241	False
O23035	Arabidopsis thaliana	Plants	72	True
Q9UTN3	Schizosaccharomyces pombe (strain 972 / ATCC 24843)	Fungi	684	False
Q9SVM8	Arabidopsis thaliana	Plants	158	False
Q27890	Leishmania mexicana	Other	361	False
Q7TQD2	Mus musculus	Metazoa	218	False
P50416	Homo sapiens	Metazoa	773	True
O94238	Schizosaccharomyces pombe (strain 972 / ATCC 24843)	Fungi	134	False
Q8WXB4	Homo sapiens	Metazoa	792	False
O95452	Homo sapiens	Metazoa	261	True
P38182	Saccharomyces cerevisiae (strain ATCC 204508 / S288c)	Fungi	117	False
Q13309	Homo sapiens	Metazoa	424	False
P46580	Caenorhabditis elegans	Metazoa	734	False
P17208	Mus musculus	Metazoa	421	False
P12270	Homo sapiens	Metazoa	2363	False
Q8CI11	Mus musculus	Metazoa	538	False
Q9SIL6	Arabidopsis thaliana	Plants	286	True
Q9LIK0	Arabidopsis thaliana	Plants	596	False
A0A509AFM3	Plasmodium berghei (strain Anka)	Other	304	True
F4IRB4	Arabidopsis thaliana	Plants	484	False
Q9NX55	Homo sapiens	Metazoa	121	False
P53170	Saccharomyces cerevisiae (strain ATCC 204508 / S288c)	Fungi	491	False
Q9U1H0	Drosophila melanogaster	Metazoa	1832	False
A0A0U2X0E4	Mycosarcoma maydis	Fungi	443	False
Q96SY0	Homo sapiens	Metazoa	518	False
Q11208	Sarcophaga peregrina	Metazoa	996	False
O94880	Homo sapiens	Metazoa	948	False
Q9M9S3	Arabidopsis thaliana	Plants	263	False
P93736	Arabidopsis thaliana	Plants	1108	False
Q9NUB1	Homo sapiens	Metazoa	689	False
P12383	Saccharomyces cerevisiae (strain ATCC 204508 / S288c)	Fungi	1068	False
Q8BKJ9	Mus musculus	Metazoa	402	False
Q54HS3	Dictyostelium discoideum	Other	1486	False
Q8BZL1	Mus musculus	Metazoa	478	False
O81027	Arabidopsis thaliana	Plants	468	False
P47119	Saccharomyces cerevisiae (strain ATCC 204508 / S288c)	Fungi	197	False
P03882	Saccharomyces cerevisiae (strain ATCC 204508 / S288c)	Fungi	235	False
P26687	Mus musculus	Metazoa	206	False
P46483	Euglena gracilis	Other	338	False
Q9FX53	Arabidopsis thaliana	Plants	406	False
Q06546	Homo sapiens	Metazoa	454	False
P80680	Zea mays	Plants	97	False
Q14692	Homo sapiens	Metazoa	1282	False
P23179	Saccharomyces cerevisiae (strain ATCC 204508 / S288c)	Fungi	398	False
Q56Y52	Arabidopsis thaliana	Plants	467	False
Q9UBD6	Homo sapiens	Metazoa	479	True
Q8IVG5	Homo sapiens	Metazoa	1584	False
Q75VN4	Zhangixalus schlegelii	Metazoa	126	False
P37207	Porphyridium purpureum	Other	162	False
Q9W261	Drosophila melanogaster	Metazoa	775	False
P50749	Homo sapiens	Metazoa	326	False
Q3URK3	Mus musculus	Metazoa	2039	False
P97879	Rattus norvegicus	Metazoa	1112	False
Q9Y6Q9	Homo sapiens	Metazoa	1424	False
P20067	Mus musculus	Metazoa	168	False
P14653	Homo sapiens	Metazoa	301	False
O00571	Homo sapiens	Metazoa	662	False
Q7Z7K0	Homo sapiens	Metazoa	106	False
P38077	Saccharomyces cerevisiae (strain ATCC 204508 / S288c)	Fungi	311	False
Q06139	Saccharomyces cerevisiae (strain ATCC 204508 / S288c)	Fungi	101	False
P00876	Nicotiana tabacum	Plants	477	False
Q09142	Schizosaccharomyces pombe (strain 972 / ATCC 24843)	Fungi	535	False
P0CV96	Fragaria vesca	Plants	580	False
Q85FY7	Cyanidioschyzon merolae (strain NIES-3377 / 10D)	Other	748	True
P42027	Brassica oleracea	Plants	215	False
O43933	Homo sapiens	Metazoa	1283	False
Q5I0E9	Rattus norvegicus	Metazoa	566	True
Q9H222	Homo sapiens	Metazoa	651	False
P06774	Saccharomyces cerevisiae (strain ATCC 204508 / S288c)	Fungi	265	False
P57728	Schizosaccharomyces pombe (strain 972 / ATCC 24843)	Fungi	148	False
P53283	Saccharomyces cerevisiae (strain ATCC 204508 / S288c)	Fungi	614	False
Q9SKR2	Arabidopsis thaliana	Plants	541	True
Q8K299	Mus musculus	Metazoa	491	True
Q9Y7Y5	Schizosaccharomyces pombe (strain 972 / ATCC 24843)	Fungi	369	False
P10156	Tetrahymena thermophila (strain SB210)	Other	164	False
Q13057	Homo sapiens	Metazoa	564	False
P09671	Mus musculus	Metazoa	222	False
Q80XQ8	Mus musculus	Metazoa	194	True
P70404	Mus musculus	Metazoa	393	False
Q86XK3	Homo sapiens	Metazoa	245	False
Q03200	Oryza sativa subsp. japonica	Plants	128	False
Q5U4E0	Mus musculus	Metazoa	247	True
P61793	Mus musculus	Metazoa	364	True
Q96CU9	Homo sapiens	Metazoa	486	True
P36163	Saccharomyces cerevisiae (strain ATCC 204508 / S288c)	Fungi	345	True
P38688	Saccharomyces cerevisiae (strain ATCC 204508 / S288c)	Fungi	640	False
O60763	Homo sapiens	Metazoa	962	False
Q9SM57	Pisum sativum	Plants	177	True
Q8IVQ6	Homo sapiens	Metazoa	265	True
Q8NE09	Homo sapiens	Metazoa	1264	False
Q4WGS5	Aspergillus fumigatus (strain ATCC MYA-4609 / CBS 101355 / FGSC A1100 / Af293)	Fungi	577	True
Q8BKF1	Mus musculus	Metazoa	1207	False
Q96B02	Homo sapiens	Metazoa	151	False
Q9NVH0	Homo sapiens	Metazoa	621	True
P40763	Homo sapiens	Metazoa	770	False
O13802	Schizosaccharomyces pombe (strain 972 / ATCC 24843)	Fungi	333	False
P29340	Saccharomyces cerevisiae (strain ATCC 204508 / S288c)	Fungi	183	False
Q8L5Z4	Arabidopsis thaliana	Plants	584	False
P24918	Neurospora crassa (strain ATCC 24698 / 74-OR23-1A / CBS 708.71 / DSM 1257 / FGSC 987)	Fungi	744	False
P06899	Homo sapiens	Metazoa	126	False
P56565	Mus musculus	Metazoa	94	False
Q9Y5S9	Homo sapiens	Metazoa	174	False
Q9UK32	Homo sapiens	Metazoa	745	False
P53206	Saccharomyces cerevisiae (strain ATCC 204508 / S288c)	Fungi	393	True
Q90ZS6	Xenopus laevis	Metazoa	1271	False
Q39222	Arabidopsis thaliana	Plants	216	False
D3J162	Medicago truncatula	Plants	541	False
P40084	Saccharomyces cerevisiae (strain ATCC 204508 / S288c)	Fungi	226	False
P08034	Homo sapiens	Metazoa	283	True
Q96T49	Homo sapiens	Metazoa	567	False
O42936	Schizosaccharomyces pombe (strain 972 / ATCC 24843)	Fungi	470	False
Q91Z67	Mus musculus	Metazoa	1071	False
A6YSL1	Zea mays	Plants	525	False
Q10FT0	Oryza sativa subsp. japonica	Plants	824	False
P53261	Saccharomyces cerevisiae (strain ATCC 204508 / S288c)	Fungi	605	False
Q06833	Saccharomyces cerevisiae (strain ATCC 204508 / S288c)	Fungi	770	True
P35639	Mus musculus	Metazoa	168	False
Q6MG82	Rattus norvegicus	Metazoa	306	False
O43597	Homo sapiens	Metazoa	315	False
P82130	Spinacia oleracea	Plants	183	False
P53734	Saccharomyces cerevisiae (strain ATCC 204508 / S288c)	Fungi	629	False
Q9I9B9	Torpedo marmorata	Metazoa	646	True
O60524	Homo sapiens	Metazoa	1076	False
Q2M1K9	Homo sapiens	Metazoa	1284	False
C6EUD4	Fasciola hepatica	Metazoa	478	False
Q9SV55	Arabidopsis thaliana	Plants	425	False
F4HS99	Arabidopsis thaliana	Plants	1797	False
O23207	Arabidopsis thaliana	Plants	273	False
Q10337	Schizosaccharomyces pombe (strain 972 / ATCC 24843)	Fungi	849	False
O04196	Arabidopsis thaliana	Plants	783	False
Q9TK52	Phaeodactylum tricornutum (strain CCAP 1055/1)	Other	490	False
Q01718	Homo sapiens	Metazoa	297	True
P10824	Rattus norvegicus	Metazoa	354	False
Q10200	Schizosaccharomyces pombe (strain 972 / ATCC 24843)	Fungi	466	False
O60238	Homo sapiens	Metazoa	219	False
Q5Q0E6	Arabidopsis thaliana	Plants	473	False
Q9Z309	Mus musculus	Metazoa	187	False
O75469	Homo sapiens	Metazoa	434	False
D3KYA0	Carapichea ipecacuanha	Plants	358	False
Q96MF7	Homo sapiens	Metazoa	247	False
P38757	Saccharomyces cerevisiae (strain ATCC 204508 / S288c)	Fungi	446	True
P35194	Saccharomyces cerevisiae (strain ATCC 204508 / S288c)	Fungi	2493	False
Q9MAH3	Arabidopsis thaliana	Plants	438	False
Q8K4J6	Mus musculus	Metazoa	964	False
Q8GXJ1	Arabidopsis thaliana	Plants	552	False
Q9NR30	Homo sapiens	Metazoa	783	False
Q5DTL9	Mus musculus	Metazoa	1118	False
Q13064	Homo sapiens	Metazoa	507	False
Q1K5R0	Neurospora crassa (strain ATCC 24698 / 74-OR23-1A / CBS 708.71 / DSM 1257 / FGSC 987)	Fungi	108	False
Q8BJ63	Mus musculus	Metazoa	490	False
Q9VFX3	Drosophila melanogaster	Metazoa	137	True
Q9SLK6	Arabidopsis thaliana	Plants	1240	True
O54724	Mus musculus	Metazoa	392	False
P07901	Mus musculus	Metazoa	733	False
P20592	Homo sapiens	Metazoa	715	False
P26043	Mus musculus	Metazoa	583	False
P90994	Caenorhabditis elegans	Metazoa	187	False
Q1MTQ0	Schizosaccharomyces pombe (strain 972 / ATCC 24843)	Fungi	692	False
Q99732	Homo sapiens	Metazoa	161	False
O35820	Rattus norvegicus	Metazoa	163	False
Q06646	Rattus norvegicus	Metazoa	141	True
Q8TCY9	Homo sapiens	Metazoa	931	False
P23528	Homo sapiens	Metazoa	166	False
Q61474	Mus musculus	Metazoa	362	False
P53259	Saccharomyces cerevisiae (strain ATCC 204508 / S288c)	Fungi	346	False
Q9VUF8	Drosophila melanogaster	Metazoa	540	False
Q7TT18	Mus musculus	Metazoa	1306	False
O13688	Schizosaccharomyces pombe (strain 972 / ATCC 24843)	Fungi	522	False
Q13228	Homo sapiens	Metazoa	472	False
Q12098	Saccharomyces cerevisiae (strain ATCC 204508 / S288c)	Fungi	748	False
Q9M7Q7	Arabidopsis thaliana	Plants	263	False
P38325	Saccharomyces cerevisiae (strain ATCC 204508 / S288c)	Fungi	134	True
Q3U1U7	Mus musculus	Metazoa	701	False
Q9QWT9	Mus musculus	Metazoa	674	False
Q09094	Schizosaccharomyces pombe (strain 972 / ATCC 24843)	Fungi	180	False
Q8BP40	Mus musculus	Metazoa	418	False
Q8NHM5	Homo sapiens	Metazoa	1336	False
Q54RD6	Dictyostelium discoideum	Other	312	False
Q62261	Mus musculus	Metazoa	2363	False
Q04178	Saccharomyces cerevisiae (strain ATCC 204508 / S288c)	Fungi	221	False
P02992	Saccharomyces cerevisiae (strain ATCC 204508 / S288c)	Fungi	437	False
Q9JKA9	Rattus norvegicus	Metazoa	863	False
Q9BLG4	Dictyostelium discoideum	Other	463	True
Q7YUD6	Plasmodium falciparum	Other	669	True
Q02427	Drosophila melanogaster	Metazoa	144	False
Q6XUX3	Homo sapiens	Metazoa	929	False
X5HYT8	Oryza sativa subsp. japonica	Plants	425	False
P18544	Saccharomyces cerevisiae (strain ATCC 204508 / S288c)	Fungi	423	False
Q9N359	Caenorhabditis elegans	Metazoa	412	False
P52188	Rattus norvegicus	Metazoa	427	True
O15516	Homo sapiens	Metazoa	846	False
B4XT64	Oryza sativa subsp. japonica	Plants	582	False
P17917	Drosophila melanogaster	Metazoa	260	False
P25787	Homo sapiens	Metazoa	234	False
Q8CGP5	Mus musculus	Metazoa	130	False
Q94230	Caenorhabditis elegans	Metazoa	226	False
P56671	Mus musculus	Metazoa	477	False
Q8IZT9	Homo sapiens	Metazoa	166	False
G1UH28	Punica granatum	Plants	299	False
Q8L733	Arabidopsis thaliana	Plants	393	False
Q07551	Saccharomyces cerevisiae (strain ATCC 204508 / S288c)	Fungi	312	False
Q04087	Saccharomyces cerevisiae (strain ATCC 204508 / S288c)	Fungi	347	False
Q5XG73	Mus musculus	Metazoa	508	False
Q556Y4	Dictyostelium discoideum	Other	426	False
Q6PFX2	Mus musculus	Metazoa	281	False
O15440	Homo sapiens	Metazoa	1437	False
Q10302	Schizosaccharomyces pombe (strain 972 / ATCC 24843)	Fungi	646	False
I7GPX8	Toona sinensis	Plants	595	False
B9DFA8	Arabidopsis thaliana	Plants	664	False
Q9EPX4	Rattus norvegicus	Metazoa	343	True
Q9Z213	Rattus norvegicus	Metazoa	738	False
O74462	Schizosaccharomyces pombe (strain 972 / ATCC 24843)	Fungi	452	False
X2JDY8	Drosophila melanogaster	Metazoa	1025	False
P40991	Saccharomyces cerevisiae (strain ATCC 204508 / S288c)	Fungi	618	False
P97609	Rattus norvegicus	Metazoa	1181	False
P56560	Bos taurus	Metazoa	520	False
P62140	Homo sapiens	Metazoa	327	False
Q969F0	Homo sapiens	Metazoa	183	False
Q8LGE3	Arabidopsis thaliana	Plants	421	False
Q4V8P4	Rattus norvegicus	Metazoa	168	False
Q13608	Homo sapiens	Metazoa	980	False
Q96288	Arabidopsis thaliana	Plants	248	False
Q9VSB9	Drosophila melanogaster	Metazoa	376	True
P40208	Saccharomyces cerevisiae (strain ATCC 204508 / S288c)	Fungi	455	False
Q8LG05	Arabidopsis thaliana	Plants	345	False
Q9C7S5	Arabidopsis thaliana	Plants	1095	True
Q9Y3A4	Homo sapiens	Metazoa	280	False
P62081	Homo sapiens	Metazoa	194	False
Q9DBN1	Mus musculus	Metazoa	621	True
P04899	Homo sapiens	Metazoa	355	False
Q8LGU6	Arabidopsis thaliana	Plants	744	False
P41819	Saccharomyces cerevisiae (strain ATCC 204508 / S288c)	Fungi	318	False
Q14432	Homo sapiens	Metazoa	1141	True
P20052	Saccharomyces cerevisiae (strain ATCC 204508 / S288c)	Fungi	293	False
Q94CL7	Arabidopsis thaliana	Plants	409	False
Q9V4Z9	Drosophila melanogaster	Metazoa	858	False
P06746	Homo sapiens	Metazoa	335	False
Q6UEG8	Aspergillus parasiticus (strain ATCC 56775 / NRRL 5862 / SRRC 143 / SU-1)	Fungi	444	False
Q9NRR4	Homo sapiens	Metazoa	1374	False
Q9H5Q4	Homo sapiens	Metazoa	396	False
Q9QY02	Rattus norvegicus	Metazoa	738	False
P38144	Saccharomyces cerevisiae (strain ATCC 204508 / S288c)	Fungi	1129	False
Q9H3L0	Homo sapiens	Metazoa	296	False
Q93227	Caenorhabditis elegans	Metazoa	431	False
Q9NVD7	Homo sapiens	Metazoa	372	False
Q9ESK9	Mus musculus	Metazoa	1588	False
Q058N4	Arabidopsis thaliana	Plants	459	False
Q9USL4	Schizosaccharomyces pombe (strain 972 / ATCC 24843)	Fungi	549	False
Q9FQ08	Arabidopsis thaliana	Plants	621	False
Q9UTI4	Schizosaccharomyces pombe (strain 972 / ATCC 24843)	Fungi	172	False
Q9LF79	Arabidopsis thaliana	Plants	1074	False
P57080	Mus musculus	Metazoa	1055	False
Q6A068	Mus musculus	Metazoa	802	False
P27521	Arabidopsis thaliana	Plants	251	False
P41695	Saccharomyces cerevisiae (strain ATCC 204508 / S288c)	Fungi	1021	False
Q7TMF3	Mus musculus	Metazoa	145	False
O35740	Mus musculus	Metazoa	269	False
P21775	Rattus norvegicus	Metazoa	434	False
Q9Y324	Homo sapiens	Metazoa	198	False
P06526	Bos taurus	Metazoa	509	False
P11914	Saccharomyces cerevisiae (strain ATCC 204508 / S288c)	Fungi	482	False
Q06287	Saccharomyces cerevisiae (strain ATCC 204508 / S288c)	Fungi	252	False
P50586	Mus musculus	Metazoa	505	False
Q42588	Arabidopsis thaliana	Plants	314	False
Q8S1D9	Oryza sativa subsp. japonica	Plants	435	False
Q42876	Solanum lycopersicum	Plants	569	False
P42695	Homo sapiens	Metazoa	1498	False
P67778	Mus musculus	Metazoa	272	False
Q03206	Caenorhabditis elegans	Metazoa	191	False
O45952	Caenorhabditis elegans	Metazoa	249	False
P25626	Saccharomyces cerevisiae (strain ATCC 204508 / S288c)	Fungi	169	False
G5EG14	Caenorhabditis elegans	Metazoa	657	False
Q06506	Saccharomyces cerevisiae (strain ATCC 204508 / S288c)	Fungi	573	False
P47164	Saccharomyces cerevisiae (strain ATCC 204508 / S288c)	Fungi	639	False
Q9Y5X1	Homo sapiens	Metazoa	595	False
P49428	Komagataella pastoris	Fungi	204	False
E1BUG7	Gallus gallus	Metazoa	690	False
Q5FW52	Mus musculus	Metazoa	967	False
Q92819	Homo sapiens	Metazoa	552	True
Q9Z0H4	Mus musculus	Metazoa	508	False
O89039	Rattus norvegicus	Metazoa	362	True
O60921	Homo sapiens	Metazoa	280	False
Q5UG13	Oryza sativa subsp. japonica	Plants	259	False
P36068	Saccharomyces cerevisiae (strain ATCC 204508 / S288c)	Fungi	246	False
O14734	Homo sapiens	Metazoa	319	False
Q9SY59	Arabidopsis thaliana	Plants	1188	False
Q9Z0I7	Mus musculus	Metazoa	337	False
P40155	Saccharomyces cerevisiae (strain ATCC 204508 / S288c)	Fungi	199	False
O60741	Homo sapiens	Metazoa	890	False
P32340	Saccharomyces cerevisiae (strain ATCC 204508 / S288c)	Fungi	513	False
Q9D513	Mus musculus	Metazoa	470	False
Q09275	Caenorhabditis elegans	Metazoa	382	False
P25637	Saccharomyces cerevisiae (strain ATCC 204508 / S288c)	Fungi	258	False
P13183	Bos taurus	Metazoa	80	True
P06244	Saccharomyces cerevisiae (strain ATCC 204508 / S288c)	Fungi	397	False
Q60932	Mus musculus	Metazoa	296	True
Q2RBP2	Oryza sativa subsp. japonica	Plants	1131	False
Q8L746	Arabidopsis thaliana	Plants	586	False
P14231	Mus musculus	Metazoa	290	True
P50116	Rattus norvegicus	Metazoa	113	False
P09457	Saccharomyces cerevisiae (strain ATCC 204508 / S288c)	Fungi	212	False
Q12066	Saccharomyces cerevisiae (strain ATCC 204508 / S288c)	Fungi	484	False
P01111	Homo sapiens	Metazoa	189	False
Q9FMX0	Arabidopsis thaliana	Plants	263	False
Q9STS7	Arabidopsis thaliana	Plants	353	False
Q96CX3	Homo sapiens	Metazoa	271	False
Q9LPW3	Arabidopsis thaliana	Plants	450	False
Q9FPW4	Arabidopsis thaliana	Plants	614	False
P07269	Saccharomyces cerevisiae (strain ATCC 204508 / S288c)	Fungi	559	False
P32342	Saccharomyces cerevisiae (strain ATCC 204508 / S288c)	Fungi	167	False
O76329	Dictyostelium discoideum	Other	1738	False
Q8BU11	Mus musculus	Metazoa	619	False
Q9Y6N1	Homo sapiens	Metazoa	276	False
Q8L4R0	Arabidopsis thaliana	Plants	350	False
Q68SB1	Rattus norvegicus	Metazoa	571	False
Q7TMS5	Mus musculus	Metazoa	657	False
P12353	Spinacia oleracea	Plants	212	False
Q921A2	Rattus norvegicus	Metazoa	637	True
O75677	Homo sapiens	Metazoa	317	False
Q8K3D3	Mus musculus	Metazoa	89	False
P63242	Mus musculus	Metazoa	154	False
P40508	Saccharomyces cerevisiae (strain ATCC 204508 / S288c)	Fungi	320	True
Q8W4F1	Arabidopsis thaliana	Plants	284	False
P49756	Homo sapiens	Metazoa	843	False
O22287	Arabidopsis thaliana	Plants	361	False
Q38832	Arabidopsis thaliana	Plants	228	False
P40326	Saccharomyces cerevisiae (strain ATCC 204508 / S288c)	Fungi	108	False
Q9R0N8	Mus musculus	Metazoa	511	True
P51955	Homo sapiens	Metazoa	445	False
P70662	Mus musculus	Metazoa	411	False
Q95RJ9	Drosophila melanogaster	Metazoa	700	False
D0VWM8	Caenorhabditis elegans	Metazoa	414	False
Q41142	Ricinus communis	Plants	808	False
P39522	Saccharomyces cerevisiae (strain ATCC 204508 / S288c)	Fungi	585	False
P05084	Drosophila melanogaster	Metazoa	758	False
Q9JL16	Mus musculus	Metazoa	300	False
F4HRV8	Arabidopsis thaliana	Plants	596	False
P39689	Mus musculus	Metazoa	159	False
P00019	Struthio camelus	Metazoa	105	False
O08759	Mus musculus	Metazoa	870	False
P97386	Mus musculus	Metazoa	1015	False
O14210	Schizosaccharomyces pombe (strain 972 / ATCC 24843)	Fungi	295	False
Q9Y5Y5	Homo sapiens	Metazoa	336	True
P36631	Schizosaccharomyces pombe (strain 972 / ATCC 24843)	Fungi	468	False
P40063	Saccharomyces cerevisiae (strain ATCC 204508 / S288c)	Fungi	208	False
P87240	Schizosaccharomyces pombe (strain 972 / ATCC 24843)	Fungi	306	False
Q8WNV7	Sus scrofa	Metazoa	279	False
Q5MIZ7	Homo sapiens	Metazoa	849	False
Q1PDV2	Arabidopsis thaliana	Plants	236	False
Q9JL56	Mus musculus	Metazoa	331	True
Q7XBY6	Oryza sativa subsp. japonica	Plants	212	False
Q9UJM8	Homo sapiens	Metazoa	370	False
P28000	Saccharomyces cerevisiae (strain ATCC 204508 / S288c)	Fungi	142	False
Q8GWA7	Arabidopsis thaliana	Plants	349	False
Q6UUV9	Homo sapiens	Metazoa	634	False
Q13330	Homo sapiens	Metazoa	715	False
Q3KQ35	Xenopus laevis	Metazoa	380	False
Q7M6Y2	Mus musculus	Metazoa	395	False
Q3URD3	Mus musculus	Metazoa	845	True
Q5RHB5	Danio rerio	Metazoa	1447	False
Q9UDY4	Homo sapiens	Metazoa	337	False
P33534	Mus musculus	Metazoa	380	True
Q8SVA6	Encephalitozoon cuniculi (strain GB-M1)	Fungi	391	False
Q02630	Saccharomyces cerevisiae (strain ATCC 204508 / S288c)	Fungi	1113	False
P02318	Bos taurus	Metazoa	51	False
Q54HI5	Dictyostelium discoideum	Other	716	False
P51142	Xenopus laevis	Metazoa	736	False
Q9FXH5	Arabidopsis thaliana	Plants	393	True
P30542	Homo sapiens	Metazoa	326	True
Q8TEX9	Homo sapiens	Metazoa	1081	False
Q8BGY9	Mus musculus	Metazoa	580	True
O70324	Mus musculus	Metazoa	545	False
P52553	Saccharomyces cerevisiae (strain ATCC 204508 / S288c)	Fungi	114	False
C0HMD7	Homo sapiens	Metazoa	151	False
Q6ZQX7	Homo sapiens	Metazoa	453	False
O00463	Homo sapiens	Metazoa	557	False
P32198	Rattus norvegicus	Metazoa	773	True
F4IDC2	Arabidopsis thaliana	Plants	1043	False
O22160	Arabidopsis thaliana	Plants	224	False
P70331	Mus musculus	Metazoa	251	False
Q9BKU8	Caenorhabditis elegans	Metazoa	82	False
P68517	Crotalus adamanteus	Metazoa	105	False
Q923B3	Mus musculus	Metazoa	828	False
O74846	Schizosaccharomyces pombe (strain 972 / ATCC 24843)	Fungi	752	False
Q9Y4R8	Homo sapiens	Metazoa	837	False
P08166	Bos taurus	Metazoa	241	False
Q9URY2	Schizosaccharomyces pombe (strain 972 / ATCC 24843)	Fungi	474	False
F4KBW6	Arabidopsis thaliana	Plants	1838	False
Q12136	Saccharomyces cerevisiae (strain ATCC 204508 / S288c)	Fungi	610	False
Q0D715	Oryza sativa subsp. japonica	Plants	512	False
O43929	Homo sapiens	Metazoa	436	False
P0CT61	Schizosaccharomyces pombe (strain 972 / ATCC 24843)	Fungi	139	False
Q05471	Saccharomyces cerevisiae (strain ATCC 204508 / S288c)	Fungi	1514	False
Q03427	Drosophila melanogaster	Metazoa	621	False
F4I3V6	Arabidopsis thaliana	Plants	192	False
O74962	Schizosaccharomyces pombe (strain 972 / ATCC 24843)	Fungi	403	False
Q6PJT7	Homo sapiens	Metazoa	736	False
P53040	Saccharomyces cerevisiae (strain ATCC 204508 / S288c)	Fungi	516	False
Q9ET80	Mus musculus	Metazoa	660	False
Q13615	Homo sapiens	Metazoa	1198	False
Q5VZK9	Homo sapiens	Metazoa	1371	False
C9JRZ8	Homo sapiens	Metazoa	316	False
Q9NQZ3	Homo sapiens	Metazoa	744	False
Q8S8K8	Arabidopsis thaliana	Plants	152	True
Q9SIU2	Arabidopsis thaliana	Plants	848	False
P42765	Homo sapiens	Metazoa	397	False
P07142	Neurospora crassa (strain ATCC 24698 / 74-OR23-1A / CBS 708.71 / DSM 1257 / FGSC 987)	Fungi	332	False
Q9BZC1	Homo sapiens	Metazoa	486	False
Q13952	Homo sapiens	Metazoa	458	False
Q9NQ94	Homo sapiens	Metazoa	594	False
P38880	Saccharomyces cerevisiae (strain ATCC 204508 / S288c)	Fungi	579	False
O95271	Homo sapiens	Metazoa	1327	False
Q9JL21	Mus musculus	Metazoa	362	True
P19974	Caenorhabditis elegans	Metazoa	111	False
P98192	Mus musculus	Metazoa	678	False
Q94AG6	Arabidopsis thaliana	Plants	325	True
P38429	Saccharomyces cerevisiae (strain ATCC 204508 / S288c)	Fungi	201	False
O22609	Arabidopsis thaliana	Plants	439	False
P09950	Saccharomyces cerevisiae (strain ATCC 204508 / S288c)	Fungi	548	False
Q9Y228	Homo sapiens	Metazoa	551	False
Q9USW5	Schizosaccharomyces pombe (strain 972 / ATCC 24843)	Fungi	262	False
P16371	Drosophila melanogaster	Metazoa	730	False
Q12972	Homo sapiens	Metazoa	351	False
P07251	Saccharomyces cerevisiae (strain ATCC 204508 / S288c)	Fungi	545	False
Q8IXQ6	Homo sapiens	Metazoa	854	False
A0A0E3T3B5	Malus domestica	Plants	503	False
Q8CHP0	Mus musculus	Metazoa	950	False
Q9Y2C5	Homo sapiens	Metazoa	497	False
P23899	Rattus norvegicus	Metazoa	557	False
P70501	Rattus norvegicus	Metazoa	852	False
P17427	Mus musculus	Metazoa	938	False
Q1K730	Neurospora crassa (strain ATCC 24698 / 74-OR23-1A / CBS 708.71 / DSM 1257 / FGSC 987)	Fungi	447	False
Q76NM6	Plasmodium falciparum (isolate 3D7)	Other	611	False
P29373	Homo sapiens	Metazoa	138	False
P18901	Rattus norvegicus	Metazoa	446	True
Q68CJ9	Homo sapiens	Metazoa	461	False
Q12415	Saccharomyces cerevisiae (strain ATCC 204508 / S288c)	Fungi	435	False
O95503	Homo sapiens	Metazoa	412	False
P10914	Homo sapiens	Metazoa	325	False
Q99598	Homo sapiens	Metazoa	290	False
Q03213	Saccharomyces cerevisiae (strain ATCC 204508 / S288c)	Fungi	719	False
P54367	Drosophila melanogaster	Metazoa	337	False
O00555	Homo sapiens	Metazoa	2506	False
Q9VXE5	Drosophila melanogaster	Metazoa	639	False
P40798	Drosophila melanogaster	Metazoa	1106	False
Q99250	Homo sapiens	Metazoa	2005	False
P0DM40	Mus musculus	Metazoa	2038	False
O43313	Homo sapiens	Metazoa	823	False
Q8BZZ3	Mus musculus	Metazoa	918	False
O22208	Arabidopsis thaliana	Plants	721	False
Q6NUD0	Xenopus laevis	Metazoa	333	False
O80548	Arabidopsis thaliana	Plants	693	False
P27364	Rattus norvegicus	Metazoa	373	False
Q9DAD6	Mus musculus	Metazoa	137	False
Q8VEE1	Mus musculus	Metazoa	365	False
P37727	Rattus norvegicus	Metazoa	650	False
Q7RA60	Plasmodium yoelii yoelii	Other	444	False
P99998	Pan troglodytes	Metazoa	105	False
Q9C6I6	Arabidopsis thaliana	Plants	363	False
P00012	Mirounga leonina	Metazoa	105	False
Q64273	Rattus norvegicus	Metazoa	427	True
Q9D742	Mus musculus	Metazoa	170	False
O35627	Mus musculus	Metazoa	358	False
P33240	Homo sapiens	Metazoa	577	False
Q8VEF1	Mus musculus	Metazoa	722	False
Q96G21	Homo sapiens	Metazoa	291	False
Q96T54	Homo sapiens	Metazoa	332	True
P82163	Spinacia oleracea	Plants	172	False
Q3UMC0	Mus musculus	Metazoa	893	False
Q9CQF3	Mus musculus	Metazoa	227	False
P07470	Bos taurus	Metazoa	80	True
Q9ES53	Rattus norvegicus	Metazoa	307	False
Q8L770	Arabidopsis thaliana	Plants	330	False
Q04712	Saccharomyces cerevisiae (strain ATCC 204508 / S288c)	Fungi	507	False
P47158	Saccharomyces cerevisiae (strain ATCC 204508 / S288c)	Fungi	497	False
Q9FUQ7	Arabidopsis thaliana	Plants	214	False
P25454	Saccharomyces cerevisiae (strain ATCC 204508 / S288c)	Fungi	400	False
P11171	Homo sapiens	Metazoa	864	False
Q5SUQ9	Mus musculus	Metazoa	1212	False
P12956	Homo sapiens	Metazoa	609	False
Q9JJY3	Mus musculus	Metazoa	655	False
O55029	Mus musculus	Metazoa	905	False
O88466	Mus musculus	Metazoa	1888	False
P41247	Homo sapiens	Metazoa	253	False
Q7S1R6	Neurospora crassa (strain ATCC 24698 / 74-OR23-1A / CBS 708.71 / DSM 1257 / FGSC 987)	Fungi	267	False
P00185	Rattus norvegicus	Metazoa	524	False
Q99LY9	Mus musculus	Metazoa	106	False
Q61464	Mus musculus	Metazoa	1960	False
O43013	Schizosaccharomyces pombe (strain 972 / ATCC 24843)	Fungi	533	False
Q99PP2	Mus musculus	Metazoa	2237	False
Q9YH58	Gallus gallus	Metazoa	541	False
Q9BRJ2	Homo sapiens	Metazoa	306	False
Q3UZ39	Mus musculus	Metazoa	729	False
P97433	Mus musculus	Metazoa	1700	False
Q06215	Vicia faba	Plants	606	False
Q9ZW33	Arabidopsis thaliana	Plants	83	False
Q15365	Homo sapiens	Metazoa	356	False
Q9H0C2	Homo sapiens	Metazoa	315	True
Q9SR06	Arabidopsis thaliana	Plants	444	False
Q14674	Homo sapiens	Metazoa	2120	False
O14277	Schizosaccharomyces pombe (strain 972 / ATCC 24843)	Fungi	203	False
Q14676	Homo sapiens	Metazoa	2089	False
O15438	Homo sapiens	Metazoa	1527	True
A0A0D1CVS5	Mycosarcoma maydis	Fungi	624	False
Q84P21	Arabidopsis thaliana	Plants	546	False
Q9LX34	Arabidopsis thaliana	Plants	95	False
Q5XEN5	Arabidopsis thaliana	Plants	204	False
Q9LU77	Arabidopsis thaliana	Plants	647	True
Q9LDC0	Arabidopsis thaliana	Plants	365	False
Q5XI78	Rattus norvegicus	Metazoa	1023	False
O80931	Arabidopsis thaliana	Plants	367	False
Q9MA90	Arabidopsis thaliana	Plants	322	True
Q9UHF7	Homo sapiens	Metazoa	1281	False
Q05131	Saccharomyces cerevisiae (strain ATCC 204508 / S288c)	Fungi	434	True
D0QMC3	Mus musculus	Metazoa	538	False
Q03373	Saccharomyces cerevisiae (strain ATCC 204508 / S288c)	Fungi	323	False
Q9ES54	Rattus norvegicus	Metazoa	608	False
Q96JZ2	Homo sapiens	Metazoa	352	False
P49842	Homo sapiens	Metazoa	254	False
Q13241	Homo sapiens	Metazoa	179	True
P87060	Schizosaccharomyces pombe (strain 972 / ATCC 24843)	Fungi	775	False
Q92831	Homo sapiens	Metazoa	832	False
O95466	Homo sapiens	Metazoa	1100	False
Q86SE9	Homo sapiens	Metazoa	256	False
P51638	Rattus norvegicus	Metazoa	151	False
Q501D5	Arabidopsis thaliana	Plants	589	False
Q9VKJ9	Drosophila melanogaster	Metazoa	816	False
Q9W4N2	Drosophila melanogaster	Metazoa	788	False
Q9JK24	Mus musculus	Metazoa	453	False
Q9SIV5	Arabidopsis thaliana	Plants	1773	False
Q9P7A0	Schizosaccharomyces pombe (strain 972 / ATCC 24843)	Fungi	319	False
P57740	Homo sapiens	Metazoa	925	False
Q8SWX0	Drosophila melanogaster	Metazoa	167	False
Q62720	Rattus norvegicus	Metazoa	507	True
Q7L590	Homo sapiens	Metazoa	875	False
Q22002	Caenorhabditis elegans	Metazoa	582	False
Q9LY23	Arabidopsis thaliana	Plants	286	False
Q96IL0	Homo sapiens	Metazoa	206	False
Q8IYT2	Homo sapiens	Metazoa	770	False
Q9Y584	Homo sapiens	Metazoa	194	True
P27694	Homo sapiens	Metazoa	616	False
Q9NR77	Homo sapiens	Metazoa	195	True
Q9Y5Q5	Homo sapiens	Metazoa	1042	True
Q9C9G6	Arabidopsis thaliana	Plants	157	False
Q9BY12	Homo sapiens	Metazoa	1400	False
P39929	Saccharomyces cerevisiae (strain ATCC 204508 / S288c)	Fungi	240	False
O14948	Homo sapiens	Metazoa	347	False
Q86UV5	Homo sapiens	Metazoa	1035	False
Q10S44	Oryza sativa subsp. japonica	Plants	354	False
Q9SKZ5	Arabidopsis thaliana	Plants	560	False
P53817	Rattus norvegicus	Metazoa	160	False
P09017	Homo sapiens	Metazoa	264	False
P18754	Homo sapiens	Metazoa	421	False
Q38AH0	Trypanosoma brucei brucei (strain 927/4 GUTat10.1)	Other	370	False
Q94F00	Arabidopsis thaliana	Plants	371	False
Q16665	Homo sapiens	Metazoa	826	False
P23508	Homo sapiens	Metazoa	829	False
P32266	Saccharomyces cerevisiae (strain ATCC 204508 / S288c)	Fungi	881	True
P18846	Homo sapiens	Metazoa	271	False
Q54HC6	Dictyostelium discoideum	Other	1460	False
Q61818	Mus musculus	Metazoa	1889	False
Q9Z0H3	Mus musculus	Metazoa	385	False
Q8IWY9	Homo sapiens	Metazoa	1227	False
Q99627	Homo sapiens	Metazoa	209	False
P82180	Spinacia oleracea	Plants	196	False
Q6Q629	Rattus norvegicus	Metazoa	796	True
A8J785	Chlamydomonas reinhardtii	Plants	209	True
P27782	Mus musculus	Metazoa	397	False
O14310	Schizosaccharomyces pombe (strain 972 / ATCC 24843)	Fungi	933	False
P33032	Homo sapiens	Metazoa	325	True
Q7Z2H8	Homo sapiens	Metazoa	476	True
P29496	Saccharomyces cerevisiae (strain ATCC 204508 / S288c)	Fungi	775	False
Q8GW43	Arabidopsis thaliana	Plants	476	False
Q9YHY6	Xenopus laevis	Metazoa	1364	False
P32573	Saccharomyces cerevisiae (strain ATCC 204508 / S288c)	Fungi	292	False
O80507	Arabidopsis thaliana	Plants	283	False
Q12090	Saccharomyces cerevisiae (strain ATCC 204508 / S288c)	Fungi	404	False
O76922	Drosophila melanogaster	Metazoa	866	False
Q6RVV4	Pisum sativum	Plants	316	False
Q9W484	Drosophila melanogaster	Metazoa	985	False
Q96RF0	Homo sapiens	Metazoa	628	False
Q08415	Rattus norvegicus	Metazoa	423	False
P22082	Saccharomyces cerevisiae (strain ATCC 204508 / S288c)	Fungi	1703	False
O14686	Homo sapiens	Metazoa	5537	False
P33242	Mus musculus	Metazoa	462	False
A2ASI5	Mus musculus	Metazoa	1947	False
P82924	Bos taurus	Metazoa	435	False
Q9Z262	Mus musculus	Metazoa	219	True
Q9FNZ5	Arabidopsis thaliana	Plants	142	False
Q99K82	Mus musculus	Metazoa	555	False
Q9SI75	Arabidopsis thaliana	Plants	783	False
O15228	Homo sapiens	Metazoa	680	False
Q9LF37	Arabidopsis thaliana	Plants	968	False
P58735	Mus musculus	Metazoa	704	True
Q9HBX9	Homo sapiens	Metazoa	757	False
Q9CQZ5	Mus musculus	Metazoa	131	False
P15532	Mus musculus	Metazoa	152	False
P12268	Homo sapiens	Metazoa	514	False
Q96JW4	Homo sapiens	Metazoa	573	False
Q9ZR07	Arabidopsis thaliana	Plants	187	False
Q14154	Homo sapiens	Metazoa	515	False
O49543	Arabidopsis thaliana	Plants	453	False
Q5T200	Homo sapiens	Metazoa	1668	False
Q8VDU0	Mus musculus	Metazoa	679	False
Q9QZI7	Rattus norvegicus	Metazoa	287	False
Q99ML0	Mus musculus	Metazoa	440	False
O82660	Arabidopsis thaliana	Plants	403	False
P00025	Katsuwonus pelamis	Metazoa	104	False
Q9FY94	Arabidopsis thaliana	Plants	292	True
P27925	Bos taurus	Metazoa	325	False
P51826	Homo sapiens	Metazoa	1226	False
P32247	Homo sapiens	Metazoa	399	True
P56329	Schizosaccharomyces pombe (strain 972 / ATCC 24843)	Fungi	321	False
P38746	Saccharomyces cerevisiae (strain ATCC 204508 / S288c)	Fungi	405	False
Q9H4I2	Homo sapiens	Metazoa	956	False
P32494	Saccharomyces cerevisiae (strain ATCC 204508 / S288c)	Fungi	702	False
P28482	Homo sapiens	Metazoa	360	False
P55258	Mus musculus	Metazoa	207	False
O04482	Arabidopsis thaliana	Plants	330	False
A8IXB8	Chlamydomonas reinhardtii	Plants	362	False
Q9P0Z9	Homo sapiens	Metazoa	390	False
Q9FMX3	Arabidopsis thaliana	Plants	514	True
G5EDB2	Caenorhabditis elegans	Metazoa	887	False
Q8BRE0	Mus musculus	Metazoa	195	False
Q9BYC9	Homo sapiens	Metazoa	149	False
Q80UF9	Mus musculus	Metazoa	577	True
Q1M168	Rattus norvegicus	Metazoa	372	False
Q9M0A5	Arabidopsis thaliana	Plants	249	False
Q06168	Saccharomyces cerevisiae (strain ATCC 204508 / S288c)	Fungi	426	False
Q14151	Homo sapiens	Metazoa	953	False
Q8C0T0	Mus musculus	Metazoa	401	True
G5EFI7	Caenorhabditis elegans	Metazoa	931	False
Q64244	Rattus norvegicus	Metazoa	303	True
P35233	Rattus norvegicus	Metazoa	416	False
Q9NV06	Homo sapiens	Metazoa	445	False
Q96IZ0	Homo sapiens	Metazoa	340	False
P68350	Arabidopsis thaliana	Plants	175	False
P41930	Saccharomyces cerevisiae (strain ATCC 204508 / S288c)	Fungi	458	True
P06844	Saccharomyces cerevisiae (strain ATCC 204508 / S288c)	Fungi	337	False
Q16515	Homo sapiens	Metazoa	512	True
Q9FV53	Arabidopsis thaliana	Plants	269	False
Q96NB3	Homo sapiens	Metazoa	372	False
P18212	Nicotiana tabacum	Plants	265	False
P45973	Homo sapiens	Metazoa	191	False
Q9SRH7	Arabidopsis thaliana	Plants	490	False
Q9VC61	Drosophila melanogaster	Metazoa	755	False
Q9D687	Mus musculus	Metazoa	634	True
Q9NYF0	Homo sapiens	Metazoa	836	False
P38749	Saccharomyces cerevisiae (strain ATCC 204508 / S288c)	Fungi	330	False
P24473	Rattus norvegicus	Metazoa	226	False
Q14116	Homo sapiens	Metazoa	193	False
E9PYI1	Mus musculus	Metazoa	671	False
A6NDU8	Homo sapiens	Metazoa	294	False
Q9I9L7	Danio rerio	Metazoa	383	False
Q9S7M0	Arabidopsis thaliana	Plants	265	False
Q3ZCI1	Bos taurus	Metazoa	114	True
P42844	Saccharomyces cerevisiae (strain ATCC 204508 / S288c)	Fungi	174	False
O15068	Homo sapiens	Metazoa	1137	False
O74433	Schizosaccharomyces pombe (strain 972 / ATCC 24843)	Fungi	67	True
Q8H107	Arabidopsis thaliana	Plants	464	False
O75190	Homo sapiens	Metazoa	326	False
Q9LUT0	Arabidopsis thaliana	Plants	364	False
Q9XUK2	Caenorhabditis elegans	Metazoa	307	False
Q10990	Schizosaccharomyces pombe (strain 972 / ATCC 24843)	Fungi	490	False
Q6ZNL6	Homo sapiens	Metazoa	1462	False
Q7XWV4	Oryza sativa subsp. japonica	Plants	483	False
Q18221	Caenorhabditis elegans	Metazoa	1507	False
Q04868	Saccharomyces cerevisiae (strain ATCC 204508 / S288c)	Fungi	273	False
Q9FZD1	Arabidopsis thaliana	Plants	630	False
P70697	Mus musculus	Metazoa	367	False
P41161	Homo sapiens	Metazoa	510	False
Q84JF5	Arabidopsis thaliana	Plants	483	False
O14832	Homo sapiens	Metazoa	338	False
Q8MXU4	Caenorhabditis elegans	Metazoa	107	False
Q9NZB2	Homo sapiens	Metazoa	1118	False
Q04742	Mus musculus	Metazoa	257	False
P07256	Saccharomyces cerevisiae (strain ATCC 204508 / S288c)	Fungi	457	False
P68400	Homo sapiens	Metazoa	391	False
Q8GWQ6	Arabidopsis thaliana	Plants	232	False
F4J117	Arabidopsis thaliana	Plants	591	False
Q69ZK0	Mus musculus	Metazoa	1650	False
Q9BSK0	Homo sapiens	Metazoa	173	True
P46225	Secale cereale	Plants	298	False
Q681Y3	Arabidopsis thaliana	Plants	432	False
Q86WR0	Homo sapiens	Metazoa	208	True
Q9ET38	Mus musculus	Metazoa	224	True
Q9LX31	Arabidopsis thaliana	Plants	265	False
A6NF83	Homo sapiens	Metazoa	97	False
Q5T3F8	Homo sapiens	Metazoa	832	True
P35383	Mus musculus	Metazoa	373	True
Q655V5	Oryza sativa subsp. japonica	Plants	250	False
O75508	Homo sapiens	Metazoa	207	True
P35691	Saccharomyces cerevisiae (strain ATCC 204508 / S288c)	Fungi	167	False
P40471	Saccharomyces cerevisiae (strain ATCC 204508 / S288c)	Fungi	297	False
P06541	Chlamydomonas reinhardtii	Plants	481	False
Q9Y3B8	Homo sapiens	Metazoa	237	False
Q0D4J7	Oryza sativa subsp. japonica	Plants	339	False
P0C5Y7	Schizosaccharomyces pombe (strain 972 / ATCC 24843)	Fungi	102	False
O75643	Homo sapiens	Metazoa	2136	False
P42938	Saccharomyces cerevisiae (strain ATCC 204508 / S288c)	Fungi	290	False
Q0J7U6	Oryza sativa subsp. japonica	Plants	1133	False
Q3MK94	Arabidopsis thaliana	Plants	428	False
P21240	Arabidopsis thaliana	Plants	600	False
P55229	Arabidopsis thaliana	Plants	522	False
Q80ZA5	Rattus norvegicus	Metazoa	1117	False
Q3E785	Saccharomyces cerevisiae (strain ATCC 204508 / S288c)	Fungi	79	False
Q9UL40	Homo sapiens	Metazoa	294	False
P18064	Arabidopsis thaliana	Plants	383	False
Q6TCH4	Homo sapiens	Metazoa	344	True
Q12905	Homo sapiens	Metazoa	390	False
O24646	Arabidopsis thaliana	Plants	168	False
Q08747	Saccharomyces cerevisiae (strain ATCC 204508 / S288c)	Fungi	228	False
Q6P1Q0	Homo sapiens	Metazoa	360	False
Q3U9G9	Mus musculus	Metazoa	626	False
Q8WUF5	Homo sapiens	Metazoa	828	False
Q8N5H7	Homo sapiens	Metazoa	860	False
Q6VUP9	Mus musculus	Metazoa	442	False
P53063	Saccharomyces cerevisiae (strain ATCC 204508 / S288c)	Fungi	387	False
P36421	Saccharomyces cerevisiae (strain ATCC 204508 / S288c)	Fungi	394	False
Q91VX9	Mus musculus	Metazoa	697	True
Q15599	Homo sapiens	Metazoa	337	False
Q9XVI2	Caenorhabditis elegans	Metazoa	811	False
Q6PFQ7	Mus musculus	Metazoa	802	False
O43557	Homo sapiens	Metazoa	240	True
Q9USJ1	Schizosaccharomyces pombe (strain 972 / ATCC 24843)	Fungi	298	False
Q8CGU4	Rattus norvegicus	Metazoa	1186	False
P07978	Mus musculus	Metazoa	107	False
P50077	Saccharomyces cerevisiae (strain ATCC 204508 / S288c)	Fungi	2039	False
P53064	Saccharomyces cerevisiae (strain ATCC 204508 / S288c)	Fungi	558	False
P43586	Saccharomyces cerevisiae (strain ATCC 204508 / S288c)	Fungi	204	False
P42737	Arabidopsis thaliana	Plants	331	False
Q04431	Saccharomyces cerevisiae (strain ATCC 204508 / S288c)	Fungi	385	False
Q04726	Homo sapiens	Metazoa	772	False
P00230	Phytolacca acinosa	Plants	96	False
Q22703	Caenorhabditis elegans	Metazoa	598	False
Q9P0J6	Homo sapiens	Metazoa	103	False
Q8LH59	Oryza sativa subsp. japonica	Plants	306	False
Q8VIH1	Mus musculus	Metazoa	527	False
Q9UQR1	Homo sapiens	Metazoa	794	False
Q8W5B1	Arabidopsis thaliana	Plants	440	False
P53115	Saccharomyces cerevisiae (strain ATCC 204508 / S288c)	Fungi	1489	False
Q9ZQ19	Arabidopsis thaliana	Plants	279	False
Q09014	Mus musculus	Metazoa	390	False
Q9S7D1	Arabidopsis thaliana	Plants	808	False
Q0JL44	Oryza sativa subsp. japonica	Plants	367	False
Q42344	Arabidopsis thaliana	Plants	138	False
Q12749	Saccharomyces cerevisiae (strain ATCC 204508 / S288c)	Fungi	1114	False
P32048	Saccharomyces cerevisiae (strain ATCC 204508 / S288c)	Fungi	576	False
P02277	Triticum aestivum	Plants	151	False
Q7SB95	Neurospora crassa (strain ATCC 24698 / 74-OR23-1A / CBS 708.71 / DSM 1257 / FGSC 987)	Fungi	117	False
Q02794	Saccharomyces cerevisiae (strain ATCC 204508 / S288c)	Fungi	444	False
P22411	Sus scrofa	Metazoa	766	True
Q03254	Saccharomyces cerevisiae (strain ATCC 204508 / S288c)	Fungi	732	False
Q3V050	Mus musculus	Metazoa	573	True
O75676	Homo sapiens	Metazoa	772	False
P11325	Saccharomyces cerevisiae (strain ATCC 204508 / S288c)	Fungi	894	False
Q99LT0	Mus musculus	Metazoa	99	False
Q42592	Arabidopsis thaliana	Plants	372	False
Q6ZBH6	Oryza sativa subsp. japonica	Plants	373	False
Q8H7F6	Arabidopsis thaliana	Plants	293	False
Q9CQJ8	Mus musculus	Metazoa	179	False
O13577	Saccharomyces cerevisiae (strain ATCC 204508 / S288c)	Fungi	133	False
Q8W191	Arabidopsis thaliana	Plants	149	False
Q8R515	Rattus norvegicus	Metazoa	873	False
Q9NPJ4	Homo sapiens	Metazoa	139	False
Q96ER9	Homo sapiens	Metazoa	411	False
P48430	Gallus gallus	Metazoa	315	False
P46367	Saccharomyces cerevisiae (strain ATCC 204508 / S288c)	Fungi	519	False
P35731	Saccharomyces cerevisiae (strain ATCC 204508 / S288c)	Fungi	278	False
Q9JM59	Rattus norvegicus	Metazoa	270	False
Q3E7C1	Saccharomyces cerevisiae (strain ATCC 204508 / S288c)	Fungi	72	False
Q944Q0	Arabidopsis thaliana	Plants	563	False
C9JLW8	Homo sapiens	Metazoa	97	False
P56750	Homo sapiens	Metazoa	224	True
Q6Z1Y6	Oryza sativa subsp. japonica	Plants	200	False
P05423	Homo sapiens	Metazoa	398	False
P53598	Saccharomyces cerevisiae (strain ATCC 204508 / S288c)	Fungi	329	False
Q64267	Mus musculus	Metazoa	272	False
Q01815	Mus musculus	Metazoa	2139	False
Q8TD86	Homo sapiens	Metazoa	181	False
G5EC32	Caenorhabditis elegans	Metazoa	1005	False
Q4AE62	Homo sapiens	Metazoa	458	False
Q9CWR7	Mus musculus	Metazoa	339	True
P05771	Homo sapiens	Metazoa	671	False
Q3TXX3	Mus musculus	Metazoa	415	True
Q9UK39	Homo sapiens	Metazoa	431	False
P24386	Homo sapiens	Metazoa	653	False
B7XDF1	Xenopus laevis	Metazoa	170	False
P22091	Mus musculus	Metazoa	329	False
P00441	Homo sapiens	Metazoa	154	False
F4JW68	Arabidopsis thaliana	Plants	126	False
Q8N8R3	Homo sapiens	Metazoa	303	True
Q9H1P3	Homo sapiens	Metazoa	480	False
Q9NUM4	Homo sapiens	Metazoa	274	False
P53125	Saccharomyces cerevisiae (strain ATCC 204508 / S288c)	Fungi	1264	False
P07143	Saccharomyces cerevisiae (strain ATCC 204508 / S288c)	Fungi	309	False
Q9LZ78	Arabidopsis thaliana	Plants	127	False
P40096	Saccharomyces cerevisiae (strain ATCC 204508 / S288c)	Fungi	142	False
O57526	Xenopus laevis	Metazoa	593	False
F4HXY7	Arabidopsis thaliana	Plants	425	True
Q9BWJ5	Homo sapiens	Metazoa	86	False
Q9UTJ8	Schizosaccharomyces pombe (strain 972 / ATCC 24843)	Fungi	1285	False
Q9U2M1	Caenorhabditis elegans	Metazoa	1499	False
Q9NSK7	Homo sapiens	Metazoa	141	True
P41223	Homo sapiens	Metazoa	144	False
A6NKF2	Homo sapiens	Metazoa	412	False
P25701	Arabidopsis thaliana	Plants	136	False
P26231	Mus musculus	Metazoa	906	False
Q96GM5	Homo sapiens	Metazoa	515	False
Q16740	Homo sapiens	Metazoa	277	False
Q06324	Saccharomyces cerevisiae (strain ATCC 204508 / S288c)	Fungi	491	False
Q9BVI0	Homo sapiens	Metazoa	1012	False
P34447	Caenorhabditis elegans	Metazoa	867	False
P39682	Saccharomyces cerevisiae (strain ATCC 204508 / S288c)	Fungi	629	False
Q8TF40	Homo sapiens	Metazoa	1166	False
P56857	Mus musculus	Metazoa	264	True
Q94901	Drosophila melanogaster	Metazoa	352	False
Q92560	Homo sapiens	Metazoa	729	False
Q9FHI1	Arabidopsis thaliana	Plants	215	False
Q5EBL4	Homo sapiens	Metazoa	403	False
P10114	Homo sapiens	Metazoa	183	False
Q7KN62	Drosophila melanogaster	Metazoa	801	False
Q5ND04	Mus musculus	Metazoa	624	False
Q9C9P4	Arabidopsis thaliana	Plants	541	False
A0A8C0NGY6	Canis lupus familiaris	Metazoa	506	False
O09130	Mus musculus	Metazoa	412	False
P42704	Homo sapiens	Metazoa	1394	False
Q07362	Saccharomyces cerevisiae (strain ATCC 204508 / S288c)	Fungi	185	False
Q9VCN9	Drosophila melanogaster	Metazoa	743	False
Q9R1N3	Rattus norvegicus	Metazoa	1218	False
Q8VC56	Mus musculus	Metazoa	488	False
Q383Q5	Trypanosoma brucei brucei (strain 927/4 GUTat10.1)	Other	209	False
Q9VW51	Drosophila melanogaster	Metazoa	1059	False
Q9VEC1	Drosophila melanogaster	Metazoa	642	False
Q9LMK5	Arabidopsis thaliana	Plants	160	False
Q9EP66	Mus musculus	Metazoa	360	True
Q9WTS5	Mus musculus	Metazoa	2764	False
Q8JFQ4	Gallus gallus	Metazoa	277	False
P31390	Rattus norvegicus	Metazoa	486	True
P55197	Homo sapiens	Metazoa	1068	False
P06894	Platynereis dumerilii	Metazoa	121	False
P22353	Saccharomyces cerevisiae (strain ATCC 204508 / S288c)	Fungi	238	False
Q5AMH6	Candida albicans (strain SC5314 / ATCC MYA-2876)	Fungi	821	False
O35235	Mus musculus	Metazoa	316	True
P15341	Equus caballus	Metazoa	50	False
P59267	Mus musculus	Metazoa	366	True
P51907	Rattus norvegicus	Metazoa	523	True
Q9WTU6	Mus musculus	Metazoa	423	False
Q5JNS0	Oryza sativa subsp. japonica	Plants	379	False
Q96AM1	Homo sapiens	Metazoa	343	True
Q06497	Saccharomyces cerevisiae (strain ATCC 204508 / S288c)	Fungi	328	True
Q9NNW7	Homo sapiens	Metazoa	524	False
C0HKE8	Mus musculus	Metazoa	130	False
Q96S59	Homo sapiens	Metazoa	729	False
Q687X5	Homo sapiens	Metazoa	459	False
P21788	Hemicentrotus pulcherrimus	Metazoa	150	False
P03872	Saccharomyces cerevisiae (strain ATCC 204508 / S288c)	Fungi	296	False
Q6A0D4	Mus musculus	Metazoa	554	False
Q5JRX3	Homo sapiens	Metazoa	1037	False
Q8R104	Mus musculus	Metazoa	334	False
P63280	Mus musculus	Metazoa	158	False
Q8TDY2	Homo sapiens	Metazoa	1594	False
P63085	Mus musculus	Metazoa	358	False
Q52M58	Homo sapiens	Metazoa	125	False
O74361	Schizosaccharomyces pombe (strain 972 / ATCC 24843)	Fungi	356	False
P93655	Arabidopsis thaliana	Plants	940	False
O99019	Solanum demissum	Plants	326	False
Q9DBP0	Mus musculus	Metazoa	697	False
Q9FFK6	Arabidopsis thaliana	Plants	810	False
Q673G8	Danio rerio	Metazoa	837	False
P61074	Plasmodium falciparum (isolate 3D7)	Other	274	False
Q9NRG9	Homo sapiens	Metazoa	546	False
P32839	Saccharomyces cerevisiae (strain ATCC 204508 / S288c)	Fungi	456	True
Q02067	Mus musculus	Metazoa	231	False
O75593	Homo sapiens	Metazoa	365	False
P32120	Bos taurus	Metazoa	420	False
P00049	Ustilago sphaerogena	Fungi	107	False
Q08235	Saccharomyces cerevisiae (strain ATCC 204508 / S288c)	Fungi	291	False
Q9BW85	Homo sapiens	Metazoa	323	False
Q9NUT2	Homo sapiens	Metazoa	735	False
G4SLH0	Caenorhabditis elegans	Metazoa	18562	False
Q9JHS2	Rattus norvegicus	Metazoa	662	False
Q9XII1	Arabidopsis thaliana	Plants	307	False
Q9XWL9	Caenorhabditis elegans	Metazoa	895	False
P06182	Saccharomyces cerevisiae (strain ATCC 204508 / S288c)	Fungi	269	False
Q8HTL5	Chlamydomonas reinhardtii	Plants	175	True
Q6UVM3	Homo sapiens	Metazoa	1135	True
Q9LXJ1	Arabidopsis thaliana	Plants	140	False
P11703	Spinacia oleracea	Plants	1070	False
P00233	Gleichenia japonica	Plants	95	False
O88339	Rattus norvegicus	Metazoa	575	False
Q9Y6A4	Homo sapiens	Metazoa	193	False
Q9TZ64	Caenorhabditis elegans	Metazoa	497	False
P93431	Oryza sativa subsp. japonica	Plants	466	False
O08967	Mus musculus	Metazoa	399	False
Q9T014	Arabidopsis thaliana	Plants	1036	False
P41005	Schizosaccharomyces pombe (strain 972 / ATCC 24843)	Fungi	101	False
P40485	Saccharomyces cerevisiae (strain ATCC 204508 / S288c)	Fungi	686	False
Q9SF47	Arabidopsis thaliana	Plants	904	False
O60669	Homo sapiens	Metazoa	478	True
P03924	Bos taurus	Metazoa	175	True
Q9C9E3	Arabidopsis thaliana	Plants	269	False
Q19849	Caenorhabditis elegans	Metazoa	486	False
Q6F2E7	Xenopus tropicalis	Metazoa	482	False
Q9UT03	Schizosaccharomyces pombe (strain 972 / ATCC 24843)	Fungi	677	False
Q9SKX5	Arabidopsis thaliana	Plants	490	False
P41832	Saccharomyces cerevisiae (strain ATCC 204508 / S288c)	Fungi	1953	False
Q9WTW8	Rattus norvegicus	Metazoa	647	False
Q9CX83	Mus musculus	Metazoa	456	True
Q9FFJ8	Arabidopsis thaliana	Plants	449	False
P09622	Homo sapiens	Metazoa	509	False
Q9Y253	Homo sapiens	Metazoa	713	False
Q95QZ9	Caenorhabditis elegans	Metazoa	529	False
Q3SZ47	Bos taurus	Metazoa	65	False
P00966	Homo sapiens	Metazoa	412	False
P13346	Mus musculus	Metazoa	338	False
Q7TNK1	Mus musculus	Metazoa	735	False
P36169	Saccharomyces cerevisiae (strain ATCC 204508 / S288c)	Fungi	355	True
H2L006	Caenorhabditis elegans	Metazoa	451	True
Q02486	Saccharomyces cerevisiae (strain ATCC 204508 / S288c)	Fungi	183	False
Q9UTM0	Schizosaccharomyces pombe (strain 972 / ATCC 24843)	Fungi	249	False
F1LQ70	Rattus norvegicus	Metazoa	663	False
Q94AQ6	Arabidopsis thaliana	Plants	373	False
P78345	Homo sapiens	Metazoa	283	False
P27105	Homo sapiens	Metazoa	288	False
Q95ST2	Drosophila melanogaster	Metazoa	594	True
Q6GYP7	Mus musculus	Metazoa	2035	False
O23184	Arabidopsis thaliana	Plants	167	False
Q9LFE0	Arabidopsis thaliana	Plants	820	False
Q9Y3C6	Homo sapiens	Metazoa	166	False
P37107	Arabidopsis thaliana	Plants	564	False
A0A125YSC7	Toxoplasma gondii (strain ATCC 50611 / Me49)	Other	412	True
P25336	Saccharomyces cerevisiae (strain ATCC 204508 / S288c)	Fungi	1018	False
P82912	Homo sapiens	Metazoa	194	False
O14893	Homo sapiens	Metazoa	280	False
Q940Y5	Arabidopsis thaliana	Plants	619	True
O88454	Mus musculus	Metazoa	398	True
O96624	Dictyostelium discoideum	Other	174	False
Q9JLJ3	Rattus norvegicus	Metazoa	494	False
P40032	Saccharomyces cerevisiae (strain ATCC 204508 / S288c)	Fungi	644	False
P35203	Saccharomyces cerevisiae (strain ATCC 204508 / S288c)	Fungi	478	False
Q9C7C4	Arabidopsis thaliana	Plants	327	False
Q5W0Z9	Homo sapiens	Metazoa	365	True
P28178	Dictyostelium discoideum	Other	479	False
Q9Y3C4	Homo sapiens	Metazoa	175	False
P46275	Pisum sativum	Plants	407	False
Q35128	Neurospora crassa (strain ATCC 24698 / 74-OR23-1A / CBS 708.71 / DSM 1257 / FGSC 987)	Fungi	385	True
P02902	Hordeum vulgare	Plants	149	False
Q9VBB3	Drosophila melanogaster	Metazoa	328	False
Q07071	Rattus norvegicus	Metazoa	627	False
G4MWZ7	Pyricularia oryzae (strain 70-15 / ATCC MYA-4617 / FGSC 8958)	Fungi	702	False
Q96A09	Homo sapiens	Metazoa	425	False
Q04279	Saccharomyces cerevisiae (strain ATCC 204508 / S288c)	Fungi	960	False
Q40477	Nicotiana tabacum	Plants	225	False
Q07108	Homo sapiens	Metazoa	199	True
Q86Z02	Homo sapiens	Metazoa	1210	False
Q6PJW8	Homo sapiens	Metazoa	725	False
Q9CA45	Arabidopsis thaliana	Plants	147	False
Q9DAT5	Mus musculus	Metazoa	417	False
Q8CGK3	Mus musculus	Metazoa	949	False
P46414	Mus musculus	Metazoa	197	False
O88665	Mus musculus	Metazoa	651	False
Q9UK99	Homo sapiens	Metazoa	471	False
Q9GZY4	Homo sapiens	Metazoa	146	True
Q86T26	Homo sapiens	Metazoa	416	True
Q9C5W9	Arabidopsis thaliana	Plants	602	False
P42774	Arabidopsis thaliana	Plants	315	False
P62897	Mus musculus	Metazoa	105	False
P41968	Homo sapiens	Metazoa	323	True
Q96KM6	Homo sapiens	Metazoa	892	False
Q6VN20	Homo sapiens	Metazoa	620	False
Q7RTV0	Homo sapiens	Metazoa	110	False
Q5JPH6	Homo sapiens	Metazoa	523	False
Q9W3C1	Drosophila melanogaster	Metazoa	1008	False
O61016	Crithidia fasciculata	Other	151	False
P52435	Homo sapiens	Metazoa	117	False
Q99KK2	Mus musculus	Metazoa	432	False
P03929	Bos taurus	Metazoa	66	True
P40014	Saccharomyces cerevisiae (strain ATCC 204508 / S288c)	Fungi	221	False
Q8IWE4	Homo sapiens	Metazoa	304	False
P14416	Homo sapiens	Metazoa	443	True
Q6C7L6	Yarrowia lipolytica (strain CLIB 122 / E 150)	Fungi	237	False
Q23670	Caenorhabditis elegans	Metazoa	1520	False
G5EDW7	Caenorhabditis elegans	Metazoa	386	False
Q9H633	Homo sapiens	Metazoa	154	False
Q9UUF3	Schizosaccharomyces pombe (strain 972 / ATCC 24843)	Fungi	287	False
Q9FLL1	Arabidopsis thaliana	Plants	602	False
P40156	Saccharomyces cerevisiae (strain ATCC 204508 / S288c)	Fungi	214	False
D3ZAW2	Rattus norvegicus	Metazoa	406	True
A0A0P0XB70	Oryza sativa subsp. japonica	Plants	158	False
Q9WU65	Mus musculus	Metazoa	554	False
Q92633	Homo sapiens	Metazoa	364	True
P37088	Homo sapiens	Metazoa	669	True
Q03640	Saccharomyces cerevisiae (strain ATCC 204508 / S288c)	Fungi	1545	False
Q96AP0	Homo sapiens	Metazoa	458	False
Q9FIF5	Arabidopsis thaliana	Plants	413	False
P12198	Nicotiana tabacum	Plants	55	False
O81193	Salvia officinalis	Plants	590	False
P10566	Saccharomyces cerevisiae (strain ATCC 204508 / S288c)	Fungi	314	True
Q9HC62	Homo sapiens	Metazoa	589	False
O14161	Schizosaccharomyces pombe (strain 972 / ATCC 24843)	Fungi	293	False
Q6NWY9	Homo sapiens	Metazoa	871	False
P11142	Homo sapiens	Metazoa	646	False
P40513	Saccharomyces cerevisiae (strain ATCC 204508 / S288c)	Fungi	266	False
Q94JG1	Oryza sativa subsp. japonica	Plants	516	True
Q02548	Homo sapiens	Metazoa	391	False
Q9H165	Homo sapiens	Metazoa	835	False
Q7SGH0	Neurospora crassa (strain ATCC 24698 / 74-OR23-1A / CBS 708.71 / DSM 1257 / FGSC 987)	Fungi	98	False
Q03305	Saccharomyces cerevisiae (strain ATCC 204508 / S288c)	Fungi	412	False
Q14296	Homo sapiens	Metazoa	549	False
G5EDJ0	Caenorhabditis elegans	Metazoa	419	False
P47809	Mus musculus	Metazoa	397	False
P52294	Homo sapiens	Metazoa	538	False
Q96T88	Homo sapiens	Metazoa	793	False
P29384	Arabidopsis thaliana	Plants	250	False
O77408	Lymnaea stagnalis	Metazoa	638	True
O80875	Arabidopsis thaliana	Plants	1002	False
Q9NZH6	Homo sapiens	Metazoa	218	False
Q63014	Rattus norvegicus	Metazoa	687	False
Q9TZ70	Caenorhabditis elegans	Metazoa	205	False
P25655	Saccharomyces cerevisiae (strain ATCC 204508 / S288c)	Fungi	2108	False
Q9NP64	Homo sapiens	Metazoa	241	False
Q9H6E5	Homo sapiens	Metazoa	874	False
Q8S9K3	Arabidopsis thaliana	Plants	758	False
O44476	Caenorhabditis elegans	Metazoa	833	False
W0RYD3	Oryza sativa subsp. japonica	Plants	2135	False
Q10474	Schizosaccharomyces pombe (strain 972 / ATCC 24843)	Fungi	258	False
Q60603	Mus musculus	Metazoa	989	False
P62775	Rattus norvegicus	Metazoa	118	False
Q9NP71	Homo sapiens	Metazoa	852	False
P38081	Saccharomyces cerevisiae (strain ATCC 204508 / S288c)	Fungi	501	False
Q53TQ3	Homo sapiens	Metazoa	1027	False
Q5BPF3	Arabidopsis thaliana	Plants	262	False
Q8NAU1	Homo sapiens	Metazoa	260	False
P35802	Mus musculus	Metazoa	278	True
Q8LSZ4	Arabidopsis thaliana	Plants	403	False
P31007	Drosophila melanogaster	Metazoa	970	False
Q9P287	Homo sapiens	Metazoa	314	False
P40057	Saccharomyces cerevisiae (strain ATCC 204508 / S288c)	Fungi	128	False
P19339	Drosophila melanogaster	Metazoa	354	False
Q7SHR6	Neurospora crassa (strain ATCC 24698 / 74-OR23-1A / CBS 708.71 / DSM 1257 / FGSC 987)	Fungi	344	False
P39705	Saccharomyces cerevisiae (strain ATCC 204508 / S288c)	Fungi	539	False
Q5UB07	Medicago truncatula	Plants	580	False
Q8K0U3	Mus musculus	Metazoa	198	True
O60393	Homo sapiens	Metazoa	691	False
Q80TI0	Mus musculus	Metazoa	738	False
Q13084	Homo sapiens	Metazoa	256	False
Q9JKX3	Mus musculus	Metazoa	798	True
P20749	Homo sapiens	Metazoa	454	False
Q61221	Mus musculus	Metazoa	836	False
P46462	Rattus norvegicus	Metazoa	806	False
Q9HB90	Homo sapiens	Metazoa	399	False
G5EGA9	Caenorhabditis elegans	Metazoa	345	False
Q9USZ3	Schizosaccharomyces pombe (strain 972 / ATCC 24843)	Fungi	84	False
Q9JHU3	Mus musculus	Metazoa	346	False
E9Q6W4	Mus musculus	Metazoa	445	False
P06005	Spinacia oleracea	Plants	353	True
P49679	Pisum sativum	Plants	189	False
Q9JJ28	Mus musculus	Metazoa	1271	False
Q9HAV7	Homo sapiens	Metazoa	217	False
Q9LSI7	Arabidopsis thaliana	Plants	317	False
P49419	Homo sapiens	Metazoa	539	False
P61201	Homo sapiens	Metazoa	443	False
E7F568	Danio rerio	Metazoa	1343	False
Q15311	Homo sapiens	Metazoa	655	False
Q8BHS6	Mus musculus	Metazoa	379	True
Q9ZNQ8	Arabidopsis thaliana	Plants	633	False
O88379	Mus musculus	Metazoa	1555	False
Q8WXH0	Homo sapiens	Metazoa	6885	False
Q9VS59	Drosophila melanogaster	Metazoa	201	False
C0HKE6	Mus musculus	Metazoa	130	False
P13433	Saccharomyces cerevisiae (strain ATCC 204508 / S288c)	Fungi	1351	False
P52296	Rattus norvegicus	Metazoa	875	False
Q9SH69	Arabidopsis thaliana	Plants	487	False
Q967U1	Dictyostelium discoideum	Other	225	False
Q8LPN3	Arabidopsis thaliana	Plants	919	False
Q9XIB5	Arabidopsis thaliana	Plants	226	False
Q9LU39	Arabidopsis thaliana	Plants	317	False
O35296	Mesocricetus auratus	Metazoa	373	False
P62847	Homo sapiens	Metazoa	133	False
O75494	Homo sapiens	Metazoa	262	False
O94290	Schizosaccharomyces pombe (strain 972 / ATCC 24843)	Fungi	217	False
Q9D1P2	Mus musculus	Metazoa	458	False
Q7XK25	Oryza sativa subsp. japonica	Plants	475	False
Q9BXC1	Homo sapiens	Metazoa	333	True
Q96T58	Homo sapiens	Metazoa	3664	False
P56408	Scenedesmus fuscus	Plants	94	False
Q07540	Saccharomyces cerevisiae (strain ATCC 204508 / S288c)	Fungi	174	False
P14635	Homo sapiens	Metazoa	433	False
P53507	Saccharomyces cerevisiae (strain ATCC 204508 / S288c)	Fungi	60	True
Q9NY46	Homo sapiens	Metazoa	2000	False
Q9CPQ8	Mus musculus	Metazoa	103	False
J9VME1	Cryptococcus neoformans var. grubii serotype A (strain H99 / ATCC 208821 / CBS 10515 / FGSC 9487)	Fungi	1543	False
A1Z7A6	Drosophila melanogaster	Metazoa	1155	False
P29386	Arabidopsis thaliana	Plants	252	False
Q9NWZ5	Homo sapiens	Metazoa	548	False
G5EE01	Caenorhabditis elegans	Metazoa	962	False
Q40089	Ipomoea batatas	Plants	200	False
Q9M9T4	Arabidopsis thaliana	Plants	442	False
Q80ZG2	Rattus norvegicus	Metazoa	678	False
Q9NSD5	Homo sapiens	Metazoa	602	True
P17483	Homo sapiens	Metazoa	251	False
Q96RD7	Homo sapiens	Metazoa	426	True
P29381	Arabidopsis thaliana	Plants	248	False
O65282	Arabidopsis thaliana	Plants	253	False
Q7XA66	Arabidopsis thaliana	Plants	242	False
P23368	Homo sapiens	Metazoa	584	False
Q08850	Rattus norvegicus	Metazoa	298	False
P49866	Drosophila melanogaster	Metazoa	704	False
Q9NZD1	Homo sapiens	Metazoa	345	True
Q9LSE2	Arabidopsis thaliana	Plants	494	False
Q9HCG8	Homo sapiens	Metazoa	908	False
Q12186	Saccharomyces cerevisiae (strain ATCC 204508 / S288c)	Fungi	476	False
Q9LYK7	Arabidopsis thaliana	Plants	590	False
Q9C0A1	Homo sapiens	Metazoa	2572	False
P09605	Rattus norvegicus	Metazoa	419	False
Q59NP1	Candida albicans (strain SC5314 / ATCC MYA-2876)	Fungi	251	True
O96626	Dictyostelium discoideum	Other	138	False
P11873	Tetrahymena thermophila	Other	100	False
P00416	Mus musculus	Metazoa	261	True
Q80TH2	Mus musculus	Metazoa	1402	False
Q9FFG0	Arabidopsis thaliana	Plants	248	False
Q9Z2H2	Mus musculus	Metazoa	472	False
Q9BWU0	Homo sapiens	Metazoa	742	False
Q874C1	Neurospora crassa (strain ATCC 24698 / 74-OR23-1A / CBS 708.71 / DSM 1257 / FGSC 987)	Fungi	540	False
Q63262	Rattus norvegicus	Metazoa	497	False
Q84K11	Solanum lycopersicum	Plants	556	False
P0C2C0	Rattus norvegicus	Metazoa	206	False
X5JB51	Arabidopsis thaliana	Plants	829	False
Q39009	Arabidopsis thaliana	Plants	344	False
A6NDV4	Homo sapiens	Metazoa	472	False
H6CAN5	Exophiala dermatitidis (strain ATCC 34100 / CBS 525.76 / NIH/UT8656)	Fungi	1885	False
P10628	Mus musculus	Metazoa	250	False
Q13133	Homo sapiens	Metazoa	447	False
P53838	Saccharomyces cerevisiae (strain ATCC 204508 / S288c)	Fungi	576	True
P52756	Homo sapiens	Metazoa	815	False
P22907	Mus musculus	Metazoa	361	False
P97576	Rattus norvegicus	Metazoa	217	False
Q9NGX9	Drosophila melanogaster	Metazoa	489	False
Q9Y446	Homo sapiens	Metazoa	797	False
Q9UHR5	Homo sapiens	Metazoa	308	False
Q0WVH0	Arabidopsis thaliana	Plants	594	False
Q9R0W2	Rattus norvegicus	Metazoa	555	True
F4IRR2	Arabidopsis thaliana	Plants	1040	False
P50542	Homo sapiens	Metazoa	639	False
O14232	Schizosaccharomyces pombe (strain 972 / ATCC 24843)	Fungi	1117	False
P56378	Homo sapiens	Metazoa	58	True
O74859	Schizosaccharomyces pombe (strain 972 / ATCC 24843)	Fungi	232	False
Q8N7J2	Homo sapiens	Metazoa	671	False
Q9LV85	Arabidopsis thaliana	Plants	564	False
Q944G5	Arabidopsis thaliana	Plants	636	True
Q06567	Saccharomyces cerevisiae (strain ATCC 204508 / S288c)	Fungi	569	True
P16989	Homo sapiens	Metazoa	372	False
P84074	Homo sapiens	Metazoa	193	False
Q92966	Homo sapiens	Metazoa	411	False
Q9NSY1	Homo sapiens	Metazoa	1161	False
P82191	Spinacia oleracea	Plants	305	False
P40381	Schizosaccharomyces pombe (strain 972 / ATCC 24843)	Fungi	328	False
P15436	Saccharomyces cerevisiae (strain ATCC 204508 / S288c)	Fungi	1097	False
Q8CJF7	Mus musculus	Metazoa	2243	False
Q5XKL5	Homo sapiens	Metazoa	1792	False
Q9UST6	Schizosaccharomyces pombe (strain 972 / ATCC 24843)	Fungi	198	False
Q9BZF1	Homo sapiens	Metazoa	889	False
P25632	Saccharomyces cerevisiae (strain ATCC 204508 / S288c)	Fungi	483	False
Q3L8U1	Homo sapiens	Metazoa	2897	False
A0A7G5KLV0	Cananga odorata	Plants	590	False
P01097	Saccharomyces cerevisiae (strain ATCC 204508 / S288c)	Fungi	85	False
Q4WW97	Aspergillus fumigatus (strain ATCC MYA-4609 / CBS 101355 / FGSC A1100 / Af293)	Fungi	292	False
Q9C7S0	Arabidopsis thaliana	Plants	295	False
Q3UK10	Mus musculus	Metazoa	175	False
Q9P258	Homo sapiens	Metazoa	522	False
Q801E2	Xenopus laevis	Metazoa	1116	False
P22185	Sauromatum venosum	Plants	349	False
Q9FIU5	Arabidopsis thaliana	Plants	440	True
Q9LUE6	Arabidopsis thaliana	Plants	364	False
P59226	Arabidopsis thaliana	Plants	136	False
Q62908	Rattus norvegicus	Metazoa	193	False
Q8BP71	Mus musculus	Metazoa	449	False
Q14164	Homo sapiens	Metazoa	716	False
P87377	Xenopus laevis	Metazoa	455	False
Q02932	Saccharomyces cerevisiae (strain ATCC 204508 / S288c)	Fungi	1032	False
Q90X64	Xenopus laevis	Metazoa	521	False
P38801	Saccharomyces cerevisiae (strain ATCC 204508 / S288c)	Fungi	184	False
Q07651	Saccharomyces cerevisiae (strain ATCC 204508 / S288c)	Fungi	309	True
Q96DV4	Homo sapiens	Metazoa	380	False
P42841	Saccharomyces cerevisiae (strain ATCC 204508 / S288c)	Fungi	465	False
Q9SVQ3	Arabidopsis thaliana	Plants	517	False
O60729	Homo sapiens	Metazoa	498	False
Q5U458	Mus musculus	Metazoa	559	False
Q5VWZ2	Homo sapiens	Metazoa	237	False
P46089	Homo sapiens	Metazoa	330	True
P53218	Saccharomyces cerevisiae (strain ATCC 204508 / S288c)	Fungi	158	False
Q2HJ10	Mus musculus	Metazoa	371	True
O88728	Mus musculus	Metazoa	134	True
Q9GTP4	Crithidia fasciculata	Other	502	True
P06809	Neurospora crassa (strain ATCC 24698 / 74-OR23-1A / CBS 708.71 / DSM 1257 / FGSC 987)	Fungi	186	False
Q96BM1	Homo sapiens	Metazoa	317	False
Q9HB75	Homo sapiens	Metazoa	910	False
P52434	Homo sapiens	Metazoa	150	False
Q9D030	Mus musculus	Metazoa	160	False
Q17850	Caenorhabditis elegans	Metazoa	572	False
Q9UIJ5	Homo sapiens	Metazoa	367	True
P00314	Galdieria sulphuraria	Other	161	False
Q9P2R7	Homo sapiens	Metazoa	463	False
P16054	Mus musculus	Metazoa	737	False
Q14642	Homo sapiens	Metazoa	412	False
Q07053	Crithidia fasciculata	Other	128	False
P97852	Rattus norvegicus	Metazoa	735	False
Q3U827	Mus musculus	Metazoa	592	False
P25274	Oryctolagus cuniculus	Metazoa	168	False
Q9P305	Saccharomyces cerevisiae (strain ATCC 204508 / S288c)	Fungi	131	False
P60709	Homo sapiens	Metazoa	375	False
Q8R4Z9	Rattus norvegicus	Metazoa	741	False
Q9R061	Mus musculus	Metazoa	275	False
P27796	Saccharomyces cerevisiae (strain ATCC 204508 / S288c)	Fungi	417	False
Q9NYJ8	Homo sapiens	Metazoa	693	False
Q8L9J7	Arabidopsis thaliana	Plants	247	True
Q5QF96	Bos taurus	Metazoa	384	True
O88939	Mus musculus	Metazoa	569	False
Q96HY7	Homo sapiens	Metazoa	919	False
P40302	Saccharomyces cerevisiae (strain ATCC 204508 / S288c)	Fungi	234	False
Q64429	Mus musculus	Metazoa	543	False
Q9LZW2	Arabidopsis thaliana	Plants	270	False
Q9BZF2	Homo sapiens	Metazoa	842	False
Q94CD4	Arabidopsis thaliana	Plants	134	False
S8EXD2	Toxoplasma gondii (strain ATCC 50611 / Me49)	Other	463	False
Q810Y4	Rattus norvegicus	Metazoa	532	True
Q9NUU6	Homo sapiens	Metazoa	356	False
O75971	Homo sapiens	Metazoa	98	False
O74910	Schizosaccharomyces pombe (strain 972 / ATCC 24843)	Fungi	638	False
Q7L1W4	Homo sapiens	Metazoa	858	True
Q9VHJ6	Drosophila melanogaster	Metazoa	592	False
Q03250	Arabidopsis thaliana	Plants	176	False
Q9BWK5	Homo sapiens	Metazoa	157	False
P30355	Mus musculus	Metazoa	161	True
Q16798	Homo sapiens	Metazoa	604	False
Q6PCZ4	Mus musculus	Metazoa	918	False
P43583	Saccharomyces cerevisiae (strain ATCC 204508 / S288c)	Fungi	2143	False
Q8WXE1	Homo sapiens	Metazoa	791	False
P87152	Schizosaccharomyces pombe (strain 972 / ATCC 24843)	Fungi	992	False
Q9MAQ0	Arabidopsis thaliana	Plants	610	False
P83006	Rattus norvegicus	Metazoa	390	False
O14285	Schizosaccharomyces pombe (strain 972 / ATCC 24843)	Fungi	164	False
C8VTS4	Emericella nidulans (strain FGSC A4 / ATCC 38163 / CBS 112.46 / NRRL 194 / M139)	Fungi	369	False
Q09293	Caenorhabditis elegans	Metazoa	367	False
Q96RE9	Homo sapiens	Metazoa	604	False
Q38859	Arabidopsis thaliana	Plants	116	False
Q3ZBI7	Bos taurus	Metazoa	58	True
Q64568	Rattus norvegicus	Metazoa	1258	False
O94355	Schizosaccharomyces pombe (strain 972 / ATCC 24843)	Fungi	240	False
P48237	Saccharomyces cerevisiae (strain ATCC 204508 / S288c)	Fungi	864	False
O00763	Homo sapiens	Metazoa	2458	False
P39015	Saccharomyces cerevisiae (strain ATCC 204508 / S288c)	Fungi	273	False
Q27272	Drosophila melanogaster	Metazoa	278	False
D7PC76	Tursiops truncatus	Metazoa	741	True
Q9FEA2	Arabidopsis thaliana	Plants	570	False
O00214	Homo sapiens	Metazoa	317	False
Q9Y7K9	Schizosaccharomyces pombe (strain 972 / ATCC 24843)	Fungi	246	False
Q96GE9	Homo sapiens	Metazoa	116	True
P50545	Rattus norvegicus	Metazoa	524	False
Q9QYR7	Mus musculus	Metazoa	432	False
O75496	Homo sapiens	Metazoa	209	False
Q9WTV7	Mus musculus	Metazoa	600	False
O75762	Homo sapiens	Metazoa	1119	False
Q6YZF3	Oryza sativa subsp. japonica	Plants	307	True
Q3E846	Saccharomyces cerevisiae (strain ATCC 204508 / S288c)	Fungi	104	False
Q9M374	Arabidopsis thaliana	Plants	315	False
P03892	Bos taurus	Metazoa	347	True
Q8R2Y0	Mus musculus	Metazoa	336	True
Q99583	Homo sapiens	Metazoa	582	False
Q8NBF2	Homo sapiens	Metazoa	726	False
P82347	Mus musculus	Metazoa	289	True
Q00922	Candida boidinii	Fungi	663	False
P14063	Saccharomyces cerevisiae (strain ATCC 204508 / S288c)	Fungi	131	False
Q96EP5	Homo sapiens	Metazoa	407	False
Q96RI1	Homo sapiens	Metazoa	486	False
Q9Y8C0	Neurospora crassa (strain ATCC 24698 / 74-OR23-1A / CBS 708.71 / DSM 1257 / FGSC 987)	Fungi	92	False
P41814	Saccharomyces cerevisiae (strain ATCC 204508 / S288c)	Fungi	478	False
Q07116	Rattus norvegicus	Metazoa	546	False
O94762	Homo sapiens	Metazoa	991	False
P23196	Bos taurus	Metazoa	318	False
P31249	Homo sapiens	Metazoa	432	False
O49562	Arabidopsis thaliana	Plants	403	False
Q54WT8	Dictyostelium discoideum	Other	294	True
Q9UJZ1	Homo sapiens	Metazoa	356	False
P47712	Homo sapiens	Metazoa	749	False
G5EFT5	Caenorhabditis elegans	Metazoa	671	False
Q99NF1	Mus musculus	Metazoa	532	False
Q9NRR5	Homo sapiens	Metazoa	601	False
Q05922	Mus musculus	Metazoa	318	False
Q9USU8	Schizosaccharomyces pombe (strain 972 / ATCC 24843)	Fungi	551	False
Q570C0	Arabidopsis thaliana	Plants	594	False
Q10452	Schizosaccharomyces pombe (strain 972 / ATCC 24843)	Fungi	387	False
O43491	Homo sapiens	Metazoa	1005	False
C0HM98	Homo sapiens	Metazoa	186	False
P70425	Mus musculus	Metazoa	217	False
P97718	Mus musculus	Metazoa	466	True
Q1ZXU0	Caenorhabditis elegans	Metazoa	205	False
Q91WC0	Mus musculus	Metazoa	594	False
Q17569	Caenorhabditis elegans	Metazoa	389	False
Q12968	Homo sapiens	Metazoa	1075	False
O43525	Homo sapiens	Metazoa	872	False
P21932	Rattus norvegicus	Metazoa	1144	True
O15287	Homo sapiens	Metazoa	622	False
Q9C108	Schizosaccharomyces pombe (strain 972 / ATCC 24843)	Fungi	163	False
Q12962	Homo sapiens	Metazoa	218	False
Q9SGE2	Arabidopsis thaliana	Plants	111	False
Q9Y4C8	Homo sapiens	Metazoa	960	False
Q9BXP2	Homo sapiens	Metazoa	914	True
Q6RUV5	Rattus norvegicus	Metazoa	192	False
P18146	Homo sapiens	Metazoa	543	False
P19754	Bos taurus	Metazoa	1134	True
Q9DBU6	Mus musculus	Metazoa	334	False
Q9EQ16	Mus musculus	Metazoa	351	True
P16889	Strongylocentrotus purpuratus	Metazoa	123	False
P21560	Saccharomyces cerevisiae (strain ATCC 204508 / S288c)	Fungi	335	False
Q9UTT2	Schizosaccharomyces pombe (strain 972 / ATCC 24843)	Fungi	1206	False
P80093	Capsicum annuum	Plants	582	False
P17955	Rattus norvegicus	Metazoa	525	False
Q9XGP7	Oryza sativa subsp. japonica	Plants	252	False
P79937	Xenopus laevis	Metazoa	390	False
Q9H1E3	Homo sapiens	Metazoa	243	False
P09940	Cyberlindnera jadinii	Fungi	63	False
Q04609	Homo sapiens	Metazoa	750	True
Q06494	Saccharomyces cerevisiae (strain ATCC 204508 / S288c)	Fungi	345	False
P55852	Arabidopsis thaliana	Plants	100	False
Q9FNQ0	Arabidopsis thaliana	Plants	625	False
Q8VZS8	Arabidopsis thaliana	Plants	221	False
Q09808	Schizosaccharomyces pombe (strain 972 / ATCC 24843)	Fungi	152	False
Q57V41	Trypanosoma brucei brucei (strain 927/4 GUTat10.1)	Other	351	False
Q96GJ1	Homo sapiens	Metazoa	504	False
Q7TMR7	Rattus norvegicus	Metazoa	522	True
P23378	Homo sapiens	Metazoa	1020	False
Q9SYB9	Arabidopsis thaliana	Plants	404	False
Q9WV52	Mus musculus	Metazoa	353	False
P32300	Mus musculus	Metazoa	372	True
Q80WL1	Rattus norvegicus	Metazoa	549	True
I6VSD2	Capra hircus	Metazoa	224	True
Q9EQW6	Mus musculus	Metazoa	323	False
Q84VX3	Arabidopsis thaliana	Plants	626	False
A0A2Z4LIS9	Homo sapiens	Metazoa	290	False
Q9LU89	Arabidopsis thaliana	Plants	510	False
P86938	Trypanosoma brucei brucei (strain 927/4 GUTat10.1)	Other	839	False
E2QYC9	Canis lupus familiaris	Metazoa	1828	False
P25586	Saccharomyces cerevisiae (strain ATCC 204508 / S288c)	Fungi	316	False
P91829	Caenorhabditis elegans	Metazoa	373	False
P38936	Homo sapiens	Metazoa	164	False
Q921E6	Mus musculus	Metazoa	441	False
P52566	Homo sapiens	Metazoa	201	False
Q96T60	Homo sapiens	Metazoa	521	False
Q9FR53	Arabidopsis thaliana	Plants	2481	False
Q39228	Arabidopsis thaliana	Plants	514	True
P48329	Cyanophora paradoxa	Other	180	False
Q9LUB7	Arabidopsis thaliana	Plants	574	False
Q28851	Bos taurus	Metazoa	88	True
Q8R3S2	Mus musculus	Metazoa	283	True
P11471	Chlamydomonas reinhardtii	Plants	245	False
Q60714	Mus musculus	Metazoa	646	True
Q8N9N2	Homo sapiens	Metazoa	400	False
Q9DE46	Xenopus laevis	Metazoa	1458	False
Q9CQT6	Mus musculus	Metazoa	229	False
O14328	Schizosaccharomyces pombe (strain 972 / ATCC 24843)	Fungi	474	False
B1AWN6	Mus musculus	Metazoa	2006	False
O49596	Arabidopsis thaliana	Plants	144	False
P26045	Homo sapiens	Metazoa	913	False
Q03667	Saccharomyces cerevisiae (strain ATCC 204508 / S288c)	Fungi	156	False
Q9VAS7	Drosophila melanogaster	Metazoa	395	True
E9PTA2	Rattus norvegicus	Metazoa	1507	False
Q08733	Arabidopsis thaliana	Plants	286	True
Q03798	Saccharomyces cerevisiae (strain ATCC 204508 / S288c)	Fungi	255	True
Q9SII9	Arabidopsis thaliana	Plants	538	False
Q00403	Homo sapiens	Metazoa	316	False
P28241	Saccharomyces cerevisiae (strain ATCC 204508 / S288c)	Fungi	369	False
D3ZER2	Rattus norvegicus	Metazoa	416	False
Q9SAC6	Arabidopsis thaliana	Plants	1399	False
Q7S5W0	Neurospora crassa (strain ATCC 24698 / 74-OR23-1A / CBS 708.71 / DSM 1257 / FGSC 987)	Fungi	103	False
P08483	Rattus norvegicus	Metazoa	589	True
O08608	Mus musculus	Metazoa	189	False
Q1RNF8	Mus musculus	Metazoa	542	False
Q9D5T0	Mus musculus	Metazoa	361	True
Q63768	Rattus norvegicus	Metazoa	304	False
Q9DAM1	Mus musculus	Metazoa	415	False
Q9SV15	Arabidopsis thaliana	Plants	325	False
Q19969	Caenorhabditis elegans	Metazoa	514	False
V5IM94	Neurospora crassa (strain ATCC 24698 / 74-OR23-1A / CBS 708.71 / DSM 1257 / FGSC 987)	Fungi	141	False
O14230	Schizosaccharomyces pombe (strain 972 / ATCC 24843)	Fungi	347	False
Q13492	Homo sapiens	Metazoa	652	False
P08238	Homo sapiens	Metazoa	724	False
P25233	Mus musculus	Metazoa	325	False
P98149	Drosophila melanogaster	Metazoa	667	False
Q6IDB6	Arabidopsis thaliana	Plants	182	False
Q00688	Homo sapiens	Metazoa	224	False
Q9R1M5	Mus musculus	Metazoa	1163	False
Q9JHL0	Mus musculus	Metazoa	203	True
O14114	Schizosaccharomyces pombe (strain 972 / ATCC 24843)	Fungi	1190	False
Q9C107	Schizosaccharomyces pombe (strain 972 / ATCC 24843)	Fungi	815	False
Q10274	Schizosaccharomyces pombe (strain 972 / ATCC 24843)	Fungi	390	False
P56402	Mus musculus	Metazoa	271	True
P36531	Saccharomyces cerevisiae (strain ATCC 204508 / S288c)	Fungi	177	False
P25856	Arabidopsis thaliana	Plants	396	False
Q9FK47	Arabidopsis thaliana	Plants	402	False
Q9C5Y0	Arabidopsis thaliana	Plants	868	False
O75746	Homo sapiens	Metazoa	678	False
O82169	Arabidopsis thaliana	Plants	232	False
P04116	Bos taurus	Metazoa	277	True
Q6AYJ4	Rattus norvegicus	Metazoa	593	False
P51947	Xenopus laevis	Metazoa	323	False
O74991	Schizosaccharomyces pombe (strain 972 / ATCC 24843)	Fungi	577	False
Q9LMT7	Arabidopsis thaliana	Plants	478	False
Q9JI39	Mus musculus	Metazoa	715	False
E5L8F7	Lotus japonicus	Plants	358	False
Q05549	Saccharomyces cerevisiae (strain ATCC 204508 / S288c)	Fungi	1077	False
Q969X6	Homo sapiens	Metazoa	686	False
Q99JY8	Mus musculus	Metazoa	312	True
Q9BXS9	Homo sapiens	Metazoa	759	False
O82491	Arabidopsis thaliana	Plants	1074	False
Q69J40	Oryza sativa subsp. japonica	Plants	224	False
Q9SHZ6	Arabidopsis thaliana	Plants	343	False
Q8NFV4	Homo sapiens	Metazoa	306	False
Q9Y5S8	Homo sapiens	Metazoa	564	True
Q99504	Homo sapiens	Metazoa	573	False
A8NN94	Bos taurus	Metazoa	96	False
Q9FL03	Arabidopsis thaliana	Plants	584	False
Q9NPL8	Homo sapiens	Metazoa	285	True
P50874	Saccharomyces cerevisiae (strain ATCC 204508 / S288c)	Fungi	479	False
Q9H8M7	Homo sapiens	Metazoa	445	False
Q12126	Schizosaccharomyces pombe (strain 972 / ATCC 24843)	Fungi	335	False
P46527	Homo sapiens	Metazoa	198	False
O22682	Arabidopsis thaliana	Plants	404	False
Q8K1M6	Mus musculus	Metazoa	736	False
P22059	Homo sapiens	Metazoa	807	False
Q10059	Schizosaccharomyces pombe (strain 972 / ATCC 24843)	Fungi	1841	False
Q96NN9	Homo sapiens	Metazoa	605	False
Q5HZI1	Mus musculus	Metazoa	1210	False
Q8BG55	Mus musculus	Metazoa	319	True
Q9FDW8	Arabidopsis thaliana	Plants	135	False
Q9UJC5	Homo sapiens	Metazoa	107	False
F4JKB6	Arabidopsis thaliana	Plants	576	False
P36775	Saccharomyces cerevisiae (strain ATCC 204508 / S288c)	Fungi	1133	False
P36613	Schizosaccharomyces pombe (strain 972 / ATCC 24843)	Fungi	322	False
Q16385	Homo sapiens	Metazoa	188	False
O97758	Canis lupus familiaris	Metazoa	1769	False
Q1K4P1	Neurospora crassa (strain ATCC 24698 / 74-OR23-1A / CBS 708.71 / DSM 1257 / FGSC 987)	Fungi	129	False
O15530	Homo sapiens	Metazoa	556	False
P48509	Homo sapiens	Metazoa	253	True
O15523	Homo sapiens	Metazoa	660	False
P87315	Schizosaccharomyces pombe (strain 972 / ATCC 24843)	Fungi	1630	False
Q8K4V4	Rattus norvegicus	Metazoa	539	False
Q03048	Saccharomyces cerevisiae (strain ATCC 204508 / S288c)	Fungi	143	False
Q02455	Saccharomyces cerevisiae (strain ATCC 204508 / S288c)	Fungi	1875	False
O43030	Schizosaccharomyces pombe (strain 972 / ATCC 24843)	Fungi	287	False
Q9UK33	Homo sapiens	Metazoa	172	False
P41440	Homo sapiens	Metazoa	591	True
P19787	Penicillium chrysogenum	Fungi	3746	False
Q3ZCQ8	Homo sapiens	Metazoa	353	True
Q03430	Saccharomyces cerevisiae (strain ATCC 204508 / S288c)	Fungi	361	False
Q9UJL9	Homo sapiens	Metazoa	534	False
P47027	Saccharomyces cerevisiae (strain ATCC 204508 / S288c)	Fungi	764	False
P82930	Homo sapiens	Metazoa	218	False
Q7K556	Drosophila melanogaster	Metazoa	475	False
P25644	Saccharomyces cerevisiae (strain ATCC 204508 / S288c)	Fungi	796	False
Q8N5G0	Homo sapiens	Metazoa	67	True
P25688	Mus musculus	Metazoa	303	False
Q9Z158	Rattus norvegicus	Metazoa	301	False
O95433	Homo sapiens	Metazoa	338	False
P15313	Homo sapiens	Metazoa	513	False
P61764	Homo sapiens	Metazoa	594	False
Q12181	Saccharomyces cerevisiae (strain ATCC 204508 / S288c)	Fungi	623	False
Q8CGW4	Mus musculus	Metazoa	782	False
Q86TG7	Homo sapiens	Metazoa	708	False
Q8RWS0	Arabidopsis thaliana	Plants	124	False
Q9BRQ5	Homo sapiens	Metazoa	295	True
Q9P7N0	Schizosaccharomyces pombe (strain 972 / ATCC 24843)	Fungi	392	False
Q96N96	Homo sapiens	Metazoa	652	False
Q7TMI3	Mus musculus	Metazoa	803	False
Q6K9U2	Oryza sativa subsp. japonica	Plants	279	False
P15873	Saccharomyces cerevisiae (strain ATCC 204508 / S288c)	Fungi	258	False
Q8VYW1	Arabidopsis thaliana	Plants	741	False
Q8GSM2	Hordeum vulgare	Plants	896	False
C0HKE3	Mus musculus	Metazoa	130	False
Q4G176	Homo sapiens	Metazoa	576	False
P38071	Saccharomyces cerevisiae (strain ATCC 204508 / S288c)	Fungi	380	False
Q8ND23	Homo sapiens	Metazoa	1372	False
Q500V5	Arabidopsis thaliana	Plants	517	False
P32432	Saccharomyces cerevisiae (strain ATCC 204508 / S288c)	Fungi	683	False
Q06364	Daucus carota	Plants	489	False
P05066	Saccharomyces cerevisiae (strain ATCC 204508 / S288c)	Fungi	565	False
Q9S7W5	Arabidopsis thaliana	Plants	355	False
O43114	Schizosaccharomyces pombe (strain 972 / ATCC 24843)	Fungi	455	False
P39933	Saccharomyces cerevisiae (strain ATCC 204508 / S288c)	Fungi	429	False
O15350	Homo sapiens	Metazoa	636	False
Q09873	Schizosaccharomyces pombe (strain 972 / ATCC 24843)	Fungi	420	False
Q96BF6	Homo sapiens	Metazoa	587	False
P55771	Homo sapiens	Metazoa	341	False
Q9W1C5	Drosophila melanogaster	Metazoa	2053	False
Q9VJY8	Drosophila melanogaster	Metazoa	285	False
Q9Y3E2	Homo sapiens	Metazoa	137	False
P51553	Homo sapiens	Metazoa	393	False
Q9XIA7	Arabidopsis thaliana	Plants	54	True
Q9NY25	Homo sapiens	Metazoa	188	True
Q8IWT6	Homo sapiens	Metazoa	810	True
P52483	Mus musculus	Metazoa	207	False
Q9CQT7	Mus musculus	Metazoa	168	False
Q6UB99	Homo sapiens	Metazoa	2663	False
Q06810	Saccharomyces cerevisiae (strain ATCC 204508 / S288c)	Fungi	360	False
Q920M9	Rattus norvegicus	Metazoa	282	False
Q9M9X4	Arabidopsis thaliana	Plants	295	False
Q9W0S9	Drosophila melanogaster	Metazoa	1773	False
Q8RXH2	Arabidopsis thaliana	Plants	716	False
Q28852	Bos taurus	Metazoa	103	False
Q13283	Homo sapiens	Metazoa	466	False
Q9C8K2	Arabidopsis thaliana	Plants	687	False
Q8NCR6	Homo sapiens	Metazoa	262	False
Q32L48	Bos taurus	Metazoa	126	False
Q13637	Homo sapiens	Metazoa	225	False
Q9UM54	Homo sapiens	Metazoa	1294	False
D6RGH6	Homo sapiens	Metazoa	385	False
Q06184	Euplotes crassus	Other	446	False
Q8N108	Homo sapiens	Metazoa	512	False
P32832	Saccharomyces cerevisiae (strain ATCC 204508 / S288c)	Fungi	435	False
Q9WVK4	Mus musculus	Metazoa	534	False
P43244	Rattus norvegicus	Metazoa	845	False
A1Z830	Drosophila melanogaster	Metazoa	485	False
P16143	Xenopus laevis	Metazoa	758	False
C0HM83	Homo sapiens	Metazoa	58	False
Q0WPU1	Arabidopsis thaliana	Plants	1522	False
P10735	Drosophila melanogaster	Metazoa	140	False
Q15398	Homo sapiens	Metazoa	846	False
Q9VNB5	Drosophila melanogaster	Metazoa	486	True
Q9H7B2	Homo sapiens	Metazoa	306	False
Q9UNH7	Homo sapiens	Metazoa	406	False
Q9W2E7	Drosophila melanogaster	Metazoa	346	False
O43719	Homo sapiens	Metazoa	755	False
Q5XIH7	Rattus norvegicus	Metazoa	299	False
Q8N3I7	Homo sapiens	Metazoa	341	False
Q8N7H5	Homo sapiens	Metazoa	531	False
Q02750	Homo sapiens	Metazoa	393	False
Q8C208	Mus musculus	Metazoa	586	False
Q84Y18	Arabidopsis thaliana	Plants	332	False
Q949M9	Arabidopsis thaliana	Plants	353	False
O35671	Mus musculus	Metazoa	200	False
O95376	Homo sapiens	Metazoa	493	False
P78356	Homo sapiens	Metazoa	416	False
Q13461	Homo sapiens	Metazoa	319	False
Q84L30	Arabidopsis thaliana	Plants	378	False
Q5JVF3	Homo sapiens	Metazoa	399	False
P46013	Homo sapiens	Metazoa	3256	False
O42978	Schizosaccharomyces pombe (strain 972 / ATCC 24843)	Fungi	80	False
B8Y6I0	Zea mays	Plants	786	False
Q9H061	Homo sapiens	Metazoa	195	True
P82979	Homo sapiens	Metazoa	210	False
Q15843	Homo sapiens	Metazoa	81	False
Q9FFZ1	Arabidopsis thaliana	Plants	484	False
Q69383	Homo sapiens	Metazoa	105	False
Q13936	Homo sapiens	Metazoa	2221	False
Q9P0L9	Homo sapiens	Metazoa	805	False
O75844	Homo sapiens	Metazoa	475	True
P49660	Mus musculus	Metazoa	385	True
O15370	Homo sapiens	Metazoa	315	False
F4IH25	Arabidopsis thaliana	Plants	753	False
Q6LED0	Rattus norvegicus	Metazoa	136	False
Q2QL34	Homo sapiens	Metazoa	196	True
P49905	Drosophila melanogaster	Metazoa	196	False
O15446	Homo sapiens	Metazoa	510	False
P42026	Bos taurus	Metazoa	216	False
P32322	Homo sapiens	Metazoa	319	False
Q00816	Saccharomyces cerevisiae (strain ATCC 204508 / S288c)	Fungi	1014	False
Q96262	Arabidopsis thaliana	Plants	225	False
Q9Y2U5	Homo sapiens	Metazoa	619	False
P70545	Rattus norvegicus	Metazoa	587	True
Q672J9	Mus musculus	Metazoa	568	True
O95409	Homo sapiens	Metazoa	532	False
Q9BWN1	Homo sapiens	Metazoa	585	False
P70434	Mus musculus	Metazoa	457	False
Q6TEC1	Xenopus laevis	Metazoa	212	False
Q8N5N7	Homo sapiens	Metazoa	158	False
P47863	Rattus norvegicus	Metazoa	323	True
Q923K9	Rattus norvegicus	Metazoa	594	False
Q9C952	Arabidopsis thaliana	Plants	693	False
Q9P0P8	Homo sapiens	Metazoa	240	False
P47045	Saccharomyces cerevisiae (strain ATCC 204508 / S288c)	Fungi	478	True
Q8RWN5	Arabidopsis thaliana	Plants	310	False
Q9GZS3	Homo sapiens	Metazoa	305	False
O18381	Drosophila melanogaster	Metazoa	857	False
Q6DWJ6	Homo sapiens	Metazoa	353	True
P51959	Homo sapiens	Metazoa	295	False
Q03533	Saccharomyces cerevisiae (strain ATCC 204508 / S288c)	Fungi	586	False
Q9VDV3	Drosophila melanogaster	Metazoa	546	False
Q96PV7	Homo sapiens	Metazoa	902	False
Q8L9X2	Arabidopsis thaliana	Plants	203	False
P39011	Saccharomyces cerevisiae (strain ATCC 204508 / S288c)	Fungi	633	False
Q9BV86	Homo sapiens	Metazoa	223	False
Q16512	Homo sapiens	Metazoa	942	False
Q8VYA5	Arabidopsis thaliana	Plants	290	False
Q9VMD0	Drosophila melanogaster	Metazoa	1659	False
P60033	Homo sapiens	Metazoa	236	True
P35631	Arabidopsis thaliana	Plants	256	False
P50516	Mus musculus	Metazoa	617	False
Q91W39	Mus musculus	Metazoa	579	False
P00813	Homo sapiens	Metazoa	363	False
Q38834	Arabidopsis thaliana	Plants	852	False
G5EF68	Caenorhabditis elegans	Metazoa	648	False
Q9Y2T5	Homo sapiens	Metazoa	361	True
O60165	Schizosaccharomyces pombe (strain 972 / ATCC 24843)	Fungi	428	False
B2RXF5	Homo sapiens	Metazoa	422	False
P09368	Saccharomyces cerevisiae (strain ATCC 204508 / S288c)	Fungi	476	False
O60287	Homo sapiens	Metazoa	2271	False
P68209	Arabidopsis thaliana	Plants	347	False
Q9Y5N1	Homo sapiens	Metazoa	445	True
B6KG46	Toxoplasma gondii (strain ATCC 50861 / VEG)	Other	688	False
Q8K2C6	Mus musculus	Metazoa	310	False
O13953	Schizosaccharomyces pombe (strain 972 / ATCC 24843)	Fungi	337	False
P36528	Saccharomyces cerevisiae (strain ATCC 204508 / S288c)	Fungi	281	False
Q940Z2	Arabidopsis thaliana	Plants	724	False
A0A0B4J1F4	Mus musculus	Metazoa	415	False
O65370	Arabidopsis thaliana	Plants	138	False
A0A087WPF7	Mus musculus	Metazoa	1261	False
Q5XKP0	Homo sapiens	Metazoa	118	True
P83584	Solanum lasiocarpum	Plants	97	False
Q9LZF8	Arabidopsis thaliana	Plants	420	False
Q9FEC4	Chlamydomonas reinhardtii	Plants	1783	False
Q7Z5L9	Homo sapiens	Metazoa	587	False
Q16348	Homo sapiens	Metazoa	729	True
Q7PLS8	Drosophila melanogaster	Metazoa	1068	False
P30405	Homo sapiens	Metazoa	207	False
O02101	Caenorhabditis elegans	Metazoa	449	False
P51965	Homo sapiens	Metazoa	193	False
Q09143	Mus musculus	Metazoa	622	True
Q9FL12	Arabidopsis thaliana	Plants	592	False
Q86YT5	Homo sapiens	Metazoa	568	True
Q9SNC0	Arabidopsis thaliana	Plants	182	False
D3KY98	Carapichea ipecacuanha	Plants	350	False
Q06091	Saccharomyces cerevisiae (strain ATCC 204508 / S288c)	Fungi	175	False
Q9Y812	Schizosaccharomyces pombe (strain 972 / ATCC 24843)	Fungi	120	False
O54699	Rattus norvegicus	Metazoa	456	True
Q9UQ13	Homo sapiens	Metazoa	582	False
Q7Z7A4	Homo sapiens	Metazoa	578	False
P48809	Drosophila melanogaster	Metazoa	421	False
Q6X4W1	Homo sapiens	Metazoa	530	False
O59793	Schizosaccharomyces pombe (strain 972 / ATCC 24843)	Fungi	384	False
Q3UV55	Mus musculus	Metazoa	615	False
O04259	Arabidopsis thaliana	Plants	214	False
P24813	Saccharomyces cerevisiae (strain ATCC 204508 / S288c)	Fungi	409	False
Q0GGX2	Mus musculus	Metazoa	1363	False
Q9Z205	Mus musculus	Metazoa	269	False
Q7SZC2	Danio rerio	Metazoa	971	False
Q9R0Q2	Rattus norvegicus	Metazoa	351	True
Q99P21	Mus musculus	Metazoa	515	False
Q8BJA3	Mus musculus	Metazoa	419	False
O13881	Schizosaccharomyces pombe (strain 972 / ATCC 24843)	Fungi	537	False
Q9D5D8	Mus musculus	Metazoa	503	False
Q8RXD9	Arabidopsis thaliana	Plants	955	False
Q9W701	Xenopus laevis	Metazoa	689	True
Q84SC3	Oryza sativa subsp. japonica	Plants	91	False
Q9NPA8	Homo sapiens	Metazoa	101	False
P49030	Oryza sativa subsp. japonica	Plants	160	False
Q9UBJ2	Homo sapiens	Metazoa	740	False
P08962	Homo sapiens	Metazoa	238	True
P49775	Saccharomyces cerevisiae (strain ATCC 204508 / S288c)	Fungi	206	False
Q27934	Drosophila melanogaster	Metazoa	400	False
Q9UBP6	Homo sapiens	Metazoa	276	False
Q14940	Homo sapiens	Metazoa	896	True
F1LM93	Rattus norvegicus	Metazoa	541	False
P99028	Mus musculus	Metazoa	89	False
P83949	Drosophila melanogaster	Metazoa	389	False
O00255	Homo sapiens	Metazoa	610	False
P53973	Saccharomyces cerevisiae (strain ATCC 204508 / S288c)	Fungi	706	False
Q9BQ15	Homo sapiens	Metazoa	211	False
Q96DB2	Homo sapiens	Metazoa	347	False
O14079	Schizosaccharomyces pombe (strain 972 / ATCC 24843)	Fungi	624	False
Q3UVY1	Mus musculus	Metazoa	732	True
Q99207	Saccharomyces cerevisiae (strain ATCC 204508 / S288c)	Fungi	810	False
P32656	Saccharomyces cerevisiae (strain ATCC 204508 / S288c)	Fungi	232	False
Q06645	Rattus norvegicus	Metazoa	136	True
P05412	Homo sapiens	Metazoa	331	False
Q7S4E0	Neurospora crassa (strain ATCC 24698 / 74-OR23-1A / CBS 708.71 / DSM 1257 / FGSC 987)	Fungi	165	False
Q7RYW7	Neurospora crassa (strain ATCC 24698 / 74-OR23-1A / CBS 708.71 / DSM 1257 / FGSC 987)	Fungi	396	False
Q5SSG4	Mus musculus	Metazoa	860	False
Q80YF9	Mus musculus	Metazoa	1305	False
Q9CQB5	Mus musculus	Metazoa	135	True
P48994	Drosophila melanogaster	Metazoa	1124	False
Q9FKW0	Arabidopsis thaliana	Plants	522	False
Q96EB6	Homo sapiens	Metazoa	747	False
Q99527	Homo sapiens	Metazoa	375	True
O43137	Saccharomyces cerevisiae (strain ATCC 204508 / S288c)	Fungi	85	False
Q9D6J6	Mus musculus	Metazoa	248	False
Q99593	Homo sapiens	Metazoa	518	False
Q585P3	Trypanosoma brucei brucei (strain 927/4 GUTat10.1)	Other	524	False
Q9Y7Q7	Schizosaccharomyces pombe (strain 972 / ATCC 24843)	Fungi	973	False
Q58DZ9	Rattus norvegicus	Metazoa	258	False
P23542	Saccharomyces cerevisiae (strain ATCC 204508 / S288c)	Fungi	418	False
Q9NZJ6	Homo sapiens	Metazoa	369	False
Q06389	Saccharomyces cerevisiae (strain ATCC 204508 / S288c)	Fungi	190	False
P81280	Alligator mississippiensis	Metazoa	105	False
Q9GZX5	Homo sapiens	Metazoa	532	False
Q9BUV0	Homo sapiens	Metazoa	290	False
O54967	Mus musculus	Metazoa	1055	False
Q9BY27	Homo sapiens	Metazoa	220	False
Q14500	Homo sapiens	Metazoa	433	True
A6NK89	Homo sapiens	Metazoa	507	False
Q12142	Saccharomyces cerevisiae (strain ATCC 204508 / S288c)	Fungi	997	False
Q45FA5	Physarum polycephalum	Other	426	False
Q9BR61	Homo sapiens	Metazoa	282	False
Q0DIQ5	Oryza sativa subsp. japonica	Plants	1510	False
P27692	Saccharomyces cerevisiae (strain ATCC 204508 / S288c)	Fungi	1063	False
Q9FMU6	Arabidopsis thaliana	Plants	375	True
Q9UI95	Homo sapiens	Metazoa	211	False
Q01814	Homo sapiens	Metazoa	1243	False
O74191	Schizosaccharomyces pombe (strain 972 / ATCC 24843)	Fungi	361	False
Q10QA5	Oryza sativa subsp. japonica	Plants	318	False
Q4L180	Homo sapiens	Metazoa	1135	False
Q9BRU2	Homo sapiens	Metazoa	100	False
P0DO24	Arabidopsis thaliana	Plants	649	False
Q9TV66	Oryctolagus cuniculus	Metazoa	1175	False
P12356	Chlamydomonas reinhardtii	Plants	227	False
P53297	Saccharomyces cerevisiae (strain ATCC 204508 / S288c)	Fungi	722	False
O80775	Arabidopsis thaliana	Plants	353	False
P25873	Arabidopsis thaliana	Plants	277	False
O50008	Arabidopsis thaliana	Plants	765	False
Q28165	Bos taurus	Metazoa	306	False
P25576	Saccharomyces cerevisiae (strain ATCC 204508 / S288c)	Fungi	258	False
P40384	Schizosaccharomyces pombe (strain 972 / ATCC 24843)	Fungi	345	False
P48240	Saccharomyces cerevisiae (strain ATCC 204508 / S288c)	Fungi	250	False
Q9C923	Arabidopsis thaliana	Plants	576	False
Q84TH9	Arabidopsis thaliana	Plants	959	False
Q9LSE1	Arabidopsis thaliana	Plants	432	False
Q9C0C7	Homo sapiens	Metazoa	1298	False
P19880	Saccharomyces cerevisiae (strain ATCC 204508 / S288c)	Fungi	650	False
Q7JJ13	Mus musculus	Metazoa	798	False
P97287	Mus musculus	Metazoa	331	False
P82192	Spinacia oleracea	Plants	258	False
O60266	Homo sapiens	Metazoa	1144	True
Q9GYS1	Caenorhabditis elegans	Metazoa	459	False
Q6P8W9	Mus musculus	Metazoa	181	False
Q5AJ71	Candida albicans (strain SC5314 / ATCC MYA-2876)	Fungi	281	False
Q96JH7	Homo sapiens	Metazoa	1222	False
Q8CFW1	Mus musculus	Metazoa	1002	False
Q8NDX5	Homo sapiens	Metazoa	983	False
Q6P2D8	Homo sapiens	Metazoa	792	False
Q9ZSZ8	Arabidopsis thaliana	Plants	330	False
O47027	Chlamydomonas reinhardtii	Plants	570	False
Q01292	Spinacia oleracea	Plants	595	False
Q8GS60	Arabidopsis thaliana	Plants	462	False
P83523	Lycium chinense	Plants	97	False
Q8IWZ6	Homo sapiens	Metazoa	715	False
Q9P7S7	Schizosaccharomyces pombe (strain 972 / ATCC 24843)	Fungi	508	False
Q9R1C7	Mus musculus	Metazoa	953	False
Q13277	Homo sapiens	Metazoa	289	False
Q94JZ8	Arabidopsis thaliana	Plants	468	False
Q62407	Mus musculus	Metazoa	3262	False
Q6NPF9	Arabidopsis thaliana	Plants	172	False
O82656	Arabidopsis thaliana	Plants	340	False
O24371	Solanum tuberosum	Plants	914	False
O35129	Mus musculus	Metazoa	299	False
Q3T0J3	Bos taurus	Metazoa	251	False
P40422	Saccharomyces cerevisiae (strain ATCC 204508 / S288c)	Fungi	70	False
P00018	Dromaius novaehollandiae	Metazoa	105	False
P50148	Homo sapiens	Metazoa	359	False
Q9SQI2	Arabidopsis thaliana	Plants	1173	False
Q9R1E0	Mus musculus	Metazoa	652	False
O49485	Arabidopsis thaliana	Plants	603	False
Q7SIB8	Dryopteris crassirhizoma	Plants	102	False
Q8WZM3	Candida tropicalis	Fungi	386	False
Q09725	Schizosaccharomyces pombe (strain 972 / ATCC 24843)	Fungi	1587	False
Q8IBN8	Plasmodium falciparum (isolate 3D7)	Other	899	False
P11915	Rattus norvegicus	Metazoa	547	False
Q9FJV5	Arabidopsis thaliana	Plants	276	False
P58391	Mus musculus	Metazoa	732	False
P23023	Drosophila melanogaster	Metazoa	549	False
Q8H1D9	Arabidopsis thaliana	Plants	605	False
Q9QUR7	Mus musculus	Metazoa	165	False
P07246	Saccharomyces cerevisiae (strain ATCC 204508 / S288c)	Fungi	375	False
E9RBG1	Aspergillus fumigatus (strain ATCC MYA-4609 / CBS 101355 / FGSC A1100 / Af293)	Fungi	1497	False
Q07335	Neurospora crassa (strain ATCC 24698 / 74-OR23-1A / CBS 708.71 / DSM 1257 / FGSC 987)	Fungi	154	True
P26718	Homo sapiens	Metazoa	216	True
Q69YH5	Homo sapiens	Metazoa	1023	False
Q9Y6X8	Homo sapiens	Metazoa	837	False
Q04996	Arabidopsis thaliana	Plants	723	False
P32910	Saccharomyces cerevisiae (strain ATCC 204508 / S288c)	Fungi	317	False
P49017	Saccharomyces cerevisiae (strain ATCC 204508 / S288c)	Fungi	307	False
P84874	Hyoscyamus niger	Plants	97	False
P70056	Xenopus laevis	Metazoa	518	False
Q8L8B8	Arabidopsis thaliana	Plants	215	False
O43889	Homo sapiens	Metazoa	371	False
Q9NPB1	Homo sapiens	Metazoa	228	False
Q45VK7	Mus musculus	Metazoa	4306	False
P16016	Spinacia oleracea	Plants	319	False
Q86UE8	Homo sapiens	Metazoa	772	False
Q12156	Saccharomyces cerevisiae (strain ATCC 204508 / S288c)	Fungi	149	False
Q9UHV8	Homo sapiens	Metazoa	139	False
P62306	Homo sapiens	Metazoa	86	False
Q7X8B5	Oryza sativa subsp. japonica	Plants	1088	False
P35568	Homo sapiens	Metazoa	1242	False
P52656	Drosophila melanogaster	Metazoa	106	False
Q64127	Mus musculus	Metazoa	1051	False
P47039	Saccharomyces cerevisiae (strain ATCC 204508 / S288c)	Fungi	444	False
Q920Q8	Mus musculus	Metazoa	642	False
P38289	Saccharomyces cerevisiae (strain ATCC 204508 / S288c)	Fungi	585	False
P51610	Homo sapiens	Metazoa	2035	False
Q14D04	Homo sapiens	Metazoa	833	False
P38637	Saccharomyces cerevisiae (strain ATCC 204508 / S288c)	Fungi	319	False
Q9H1U9	Homo sapiens	Metazoa	297	True
P62993	Homo sapiens	Metazoa	217	False
Q948U0	Solanum tuberosum	Plants	963	False
P59942	Homo sapiens	Metazoa	119	False
Q9I7U4	Drosophila melanogaster	Metazoa	18141	False
Q8L765	Arabidopsis thaliana	Plants	407	False
Q8RX78	Arabidopsis thaliana	Plants	684	False
Q8WUG5	Homo sapiens	Metazoa	649	False
Q99536	Homo sapiens	Metazoa	393	False
O60941	Homo sapiens	Metazoa	627	False
Q8GYN9	Arabidopsis thaliana	Plants	337	False
Q76N23	Nicotiana tabacum	Plants	136	False
Q9TY84	Crithidia fasciculata	Other	130	False
P13788	Spinacia oleracea	Plants	201	False
P52285	Dictyostelium discoideum	Other	162	False
Q9Y5B9	Homo sapiens	Metazoa	1047	False
P40848	Schizosaccharomyces pombe (strain 972 / ATCC 24843)	Fungi	991	False
W2SDE2	Cyphellophora europaea (strain CBS 101466)	Fungi	346	False
Q8H1S6	Arabidopsis thaliana	Plants	229	False
P14682	Saccharomyces cerevisiae (strain ATCC 204508 / S288c)	Fungi	295	False
P59169	Arabidopsis thaliana	Plants	136	False
Q6DBQ1	Arabidopsis thaliana	Plants	299	False
Q9HD42	Homo sapiens	Metazoa	196	False
P40631	Tetrahymena thermophila (strain SB210)	Other	633	False
Q96P16	Homo sapiens	Metazoa	312	False
Q9UBI1	Homo sapiens	Metazoa	195	False
P08708	Homo sapiens	Metazoa	135	False
Q86YP4	Homo sapiens	Metazoa	633	False
P09108	Tetronarce californica	Metazoa	412	False
P00973	Homo sapiens	Metazoa	400	False
Q9ESJ7	Mus musculus	Metazoa	259	False
Q61471	Mus musculus	Metazoa	362	False
O43272	Homo sapiens	Metazoa	600	False
O94225	Penicillium rubens (strain ATCC 28089 / DSM 1075 / NRRL 1951 / Wisconsin 54-1255)	Fungi	474	False
Q80ZI1	Mus musculus	Metazoa	223	False
P24329	Rattus norvegicus	Metazoa	297	False
P43356	Homo sapiens	Metazoa	314	False
Q93246	Caenorhabditis elegans	Metazoa	310	False
P32442	Mus musculus	Metazoa	253	False
B4DJY2	Homo sapiens	Metazoa	109	True
Q62463	Mus musculus	Metazoa	423	True
O95905	Homo sapiens	Metazoa	644	False
Q23405	Caenorhabditis elegans	Metazoa	842	False
Q8TEU7	Homo sapiens	Metazoa	1601	False
Q06450	Ipomoea batatas	Plants	70	False
Q9Y5Z7	Homo sapiens	Metazoa	792	False
Q9BZD2	Homo sapiens	Metazoa	475	True
P93664	Chlamydomonas reinhardtii	Plants	253	True
Q54JW0	Dictyostelium discoideum	Other	436	False
Q35915	Sus scrofa	Metazoa	226	True
Q15047	Homo sapiens	Metazoa	1291	False
P30291	Homo sapiens	Metazoa	646	False
P00848	Mus musculus	Metazoa	226	True
Q9QXZ7	Mus musculus	Metazoa	395	False
Q91821	Xenopus laevis	Metazoa	651	False
P25846	Saccharomyces cerevisiae (strain ATCC 204508 / S288c)	Fungi	959	False
Q14451	Homo sapiens	Metazoa	532	False
Q9SN86	Arabidopsis thaliana	Plants	403	False
Q93Z00	Arabidopsis thaliana	Plants	489	False
P91943	Drosophila melanogaster	Metazoa	751	False
Q96KQ4	Homo sapiens	Metazoa	1090	False
P12359	Spinacia oleracea	Plants	332	False
Q9NZ45	Homo sapiens	Metazoa	108	True
O46101	Drosophila melanogaster	Metazoa	244	True
O65499	Arabidopsis thaliana	Plants	284	False
P41220	Homo sapiens	Metazoa	211	False
Q9GS00	Caenorhabditis elegans	Metazoa	601	False
Q15058	Homo sapiens	Metazoa	1648	False
Q8R4E9	Mus musculus	Metazoa	557	False
P17861	Homo sapiens	Metazoa	261	False
O04983	Arabidopsis thaliana	Plants	537	False
P87174	Schizosaccharomyces pombe (strain 972 / ATCC 24843)	Fungi	210	False
Q01726	Homo sapiens	Metazoa	317	True
Q7Z4T9	Homo sapiens	Metazoa	767	False
P54705	Dictyostelium discoideum	Other	685	False
Q9VB46	Drosophila melanogaster	Metazoa	579	True
Q86UG4	Homo sapiens	Metazoa	719	False
Q923J1	Mus musculus	Metazoa	1863	False
Q94981	Drosophila melanogaster	Metazoa	503	False
Q9C8W9	Arabidopsis thaliana	Plants	324	False
P51509	Gallus gallus	Metazoa	549	False
Q12246	Saccharomyces cerevisiae (strain ATCC 204508 / S288c)	Fungi	624	False
B8BDQ4	Oryza sativa subsp. indica	Plants	696	False
P15348	Drosophila melanogaster	Metazoa	1447	False
O76064	Homo sapiens	Metazoa	485	False
P32314	Homo sapiens	Metazoa	431	False
Q75W17	Viburnum furcatum	Plants	538	False
Q93Z30	Arabidopsis thaliana	Plants	459	False
Q965H3	Caenorhabditis elegans	Metazoa	735	False
P32875	Saccharomyces cerevisiae (strain ATCC 204508 / S288c)	Fungi	414	False
Q9UJ98	Homo sapiens	Metazoa	1225	False
P82669	Bos taurus	Metazoa	173	False
Q9H9P5	Homo sapiens	Metazoa	680	False
Q9NPD5	Homo sapiens	Metazoa	702	True
O70576	Mus musculus	Metazoa	1240	False
Q9C666	Arabidopsis thaliana	Plants	197	False
P19387	Homo sapiens	Metazoa	275	False
P40475	Saccharomyces cerevisiae (strain ATCC 204508 / S288c)	Fungi	563	True
Q9SQ68	Papaver somniferum	Plants	321	False
Q9SJW9	Arabidopsis thaliana	Plants	571	False
Q5T3U5	Homo sapiens	Metazoa	1492	True
O14776	Homo sapiens	Metazoa	1098	False
Q9NX70	Homo sapiens	Metazoa	200	False
Q4G0J3	Homo sapiens	Metazoa	582	False
Q9SGH4	Arabidopsis thaliana	Plants	220	False
Q9LXG9	Arabidopsis thaliana	Plants	293	False
O75317	Homo sapiens	Metazoa	370	False
P35790	Homo sapiens	Metazoa	457	False
Q8VZE7	Arabidopsis thaliana	Plants	671	False
Q8N4H5	Homo sapiens	Metazoa	51	True
O04616	Arabidopsis thaliana	Plants	164	False
P26267	Ascaris suum	Metazoa	396	False
Q9LQ73	Arabidopsis thaliana	Plants	235	False
A9JRD8	Danio rerio	Metazoa	540	False
Q16526	Homo sapiens	Metazoa	586	False
Q9ZUY3	Arabidopsis thaliana	Plants	424	False
O55057	Mus musculus	Metazoa	150	False
Q96S94	Homo sapiens	Metazoa	520	False
P04370	Mus musculus	Metazoa	250	False
P32447	Saccharomyces cerevisiae (strain ATCC 204508 / S288c)	Fungi	279	False
P80667	Saccharomyces cerevisiae (strain ATCC 204508 / S288c)	Fungi	386	False
Q9P0M9	Homo sapiens	Metazoa	148	False
Q8N543	Homo sapiens	Metazoa	542	False
Q9ZST9	Pisum sativum	Plants	252	False
P01120	Saccharomyces cerevisiae (strain ATCC 204508 / S288c)	Fungi	322	False
Q640Z6	Xenopus laevis	Metazoa	1605	False
Q9V492	Drosophila melanogaster	Metazoa	168	True
Q9ZVJ3	Arabidopsis thaliana	Plants	550	False
Q63472	Rattus norvegicus	Metazoa	962	False
Q8N3F8	Homo sapiens	Metazoa	863	False
P22136	Saccharomyces cerevisiae (strain ATCC 204508 / S288c)	Fungi	580	False
Q8N1Q8	Homo sapiens	Metazoa	247	False
P53988	Mesocricetus auratus	Metazoa	484	True
Q8N1G2	Homo sapiens	Metazoa	835	False
P70563	Rattus norvegicus	Metazoa	313	False
Q5XVI1	Arabidopsis thaliana	Plants	560	False
Q9XEE2	Arabidopsis thaliana	Plants	317	False
Q925N4	Mus musculus	Metazoa	235	True
P0DH90	Arabidopsis thaliana	Plants	609	False
Q9VQ56	Drosophila melanogaster	Metazoa	611	False
Q8IWA4	Homo sapiens	Metazoa	741	False
P42117	Neurospora crassa (strain ATCC 24698 / 74-OR23-1A / CBS 708.71 / DSM 1257 / FGSC 987)	Fungi	82	True
P00068	Triticum aestivum	Plants	112	False
Q0WMY5	Arabidopsis thaliana	Plants	952	False
Q9M3C6	Arabidopsis thaliana	Plants	277	False
Q02983	Saccharomyces cerevisiae (strain ATCC 204508 / S288c)	Fungi	363	False
P35734	Saccharomyces cerevisiae (strain ATCC 204508 / S288c)	Fungi	292	False
Q99879	Homo sapiens	Metazoa	126	False
P13133	Ulva arasakii	Plants	98	False
Q93WE4	Arabidopsis thaliana	Plants	216	False
P15257	Rattus norvegicus	Metazoa	628	False
Q3SY69	Homo sapiens	Metazoa	923	False
P52569	Homo sapiens	Metazoa	658	True
Q9H4I9	Homo sapiens	Metazoa	107	True
Q63016	Rattus norvegicus	Metazoa	512	True
O43482	Homo sapiens	Metazoa	229	False
O43353	Homo sapiens	Metazoa	540	False
Q8C9X6	Mus musculus	Metazoa	813	False
P08482	Rattus norvegicus	Metazoa	460	True
P78780	Schizosaccharomyces pombe (strain 972 / ATCC 24843)	Fungi	357	False
Q8IZY2	Homo sapiens	Metazoa	2146	True
O94308	Schizosaccharomyces pombe (strain 972 / ATCC 24843)	Fungi	422	False
P97346	Mus musculus	Metazoa	435	False
Q9VJY9	Drosophila melanogaster	Metazoa	465	False
Q9VR17	Drosophila melanogaster	Metazoa	363	False
Q8TDN6	Homo sapiens	Metazoa	353	False
P00889	Sus scrofa	Metazoa	464	False
Q92624	Homo sapiens	Metazoa	585	False
Q80T69	Mus musculus	Metazoa	795	False
Q8TC05	Homo sapiens	Metazoa	714	False
Q9QZE5	Mus musculus	Metazoa	874	False
Q9FLB1	Arabidopsis thaliana	Plants	203	False
A1A5H8	Danio rerio	Metazoa	546	False
Q8LBP4	Arabidopsis thaliana	Plants	462	False
Q9Y6B6	Homo sapiens	Metazoa	198	False
A0A2Z5GDY5	Lotus japonicus	Plants	658	False
Q9VC45	Drosophila melanogaster	Metazoa	1954	False
Q4E657	Trypanosoma cruzi (strain CL Brener)	Other	485	False
Q9S758	Arabidopsis thaliana	Plants	181	False
O54851	Mus musculus	Metazoa	321	True
O81488	Arabidopsis thaliana	Plants	255	False
Q9FIE3	Arabidopsis thaliana	Plants	620	False
Q5DRK1	Rattus norvegicus	Metazoa	494	True
F4K2A1	Arabidopsis thaliana	Plants	571	False
Q6NQH4	Arabidopsis thaliana	Plants	126	False
P41181	Homo sapiens	Metazoa	271	True
P43274	Mus musculus	Metazoa	219	False
Q7Z4G1	Homo sapiens	Metazoa	85	False
Q38799	Arabidopsis thaliana	Plants	363	False
O95136	Homo sapiens	Metazoa	353	True
Q8WY91	Homo sapiens	Metazoa	577	False
P19024	Rattus norvegicus	Metazoa	602	False
Q12024	Saccharomyces cerevisiae (strain ATCC 204508 / S288c)	Fungi	460	False
P15330	Drosophila melanogaster	Metazoa	999	False
A6NHQ2	Homo sapiens	Metazoa	334	False
Q9FN42	Arabidopsis thaliana	Plants	241	False
A2IDD5	Homo sapiens	Metazoa	438	False
F4JP46	Arabidopsis thaliana	Plants	328	False
O00482	Homo sapiens	Metazoa	541	False
Q8VYZ5	Arabidopsis thaliana	Plants	900	False
O95229	Homo sapiens	Metazoa	277	False
Q62862	Rattus norvegicus	Metazoa	448	False
Q60948	Mus musculus	Metazoa	209	False
O00476	Homo sapiens	Metazoa	420	False
P00291	Sambucus nigra	Plants	99	False
O13329	Saccharomyces cerevisiae (strain ATCC 204508 / S288c)	Fungi	566	False
Q5U349	Rattus norvegicus	Metazoa	618	False
O35284	Mus musculus	Metazoa	125	False
Q9LPZ1	Arabidopsis thaliana	Plants	232	False
Q7YR75	Bos taurus	Metazoa	198	False
A8MTT3	Homo sapiens	Metazoa	80	True
Q9SN12	Arabidopsis thaliana	Plants	301	False
Q9WUW8	Rattus norvegicus	Metazoa	296	False
P15565	Saccharomyces cerevisiae (strain ATCC 204508 / S288c)	Fungi	570	False
Q9LQ02	Arabidopsis thaliana	Plants	1453	False
P39547	Saccharomyces cerevisiae (strain ATCC 204508 / S288c)	Fungi	235	True
P19075	Homo sapiens	Metazoa	237	True
Q9CWE6	Mus musculus	Metazoa	164	False
Q14CZ0	Homo sapiens	Metazoa	275	False
Q84P52	Solanum lycopersicum	Plants	520	False
Q41387	Spinacia oleracea	Plants	137	False
P13569	Homo sapiens	Metazoa	1480	True
P21452	Homo sapiens	Metazoa	398	True
P00076	Euglena gracilis	Other	102	False
P13382	Saccharomyces cerevisiae (strain ATCC 204508 / S288c)	Fungi	1468	False
Q5GH62	Mus musculus	Metazoa	373	True
P42056	Solanum tuberosum	Plants	276	False
P41563	Bos taurus	Metazoa	366	False
P17883	Saccharomyces cerevisiae (strain ATCC 204508 / S288c)	Fungi	1432	False
P13437	Rattus norvegicus	Metazoa	397	False
O70622	Mus musculus	Metazoa	471	False
Q6NPM8	Arabidopsis thaliana	Plants	346	False
Q8BQU6	Mus musculus	Metazoa	440	True
P46092	Homo sapiens	Metazoa	362	True
Q9ERV1	Mus musculus	Metazoa	416	False
D4A734	Rattus norvegicus	Metazoa	486	True
Q86UP8	Homo sapiens	Metazoa	949	False
P0C7P0	Homo sapiens	Metazoa	127	False
Q12094	Saccharomyces cerevisiae (strain ATCC 204508 / S288c)	Fungi	313	False
Q9XH48	Arabidopsis thaliana	Plants	87	False
P40997	Schizosaccharomyces pombe (strain 972 / ATCC 24843)	Fungi	402	False
O00505	Homo sapiens	Metazoa	521	False
Q8CGY6	Mus musculus	Metazoa	931	False
P19538	Drosophila melanogaster	Metazoa	1397	False
P53885	Saccharomyces cerevisiae (strain ATCC 204508 / S288c)	Fungi	366	False
Q8JIR0	Danio rerio	Metazoa	320	False
Q9UUI3	Schizosaccharomyces pombe (strain 972 / ATCC 24843)	Fungi	585	False
Q9ESQ4	Rattus norvegicus	Metazoa	395	True
Q7JVL3	Drosophila melanogaster	Metazoa	330	False
Q9SIV2	Arabidopsis thaliana	Plants	891	False
P15923	Homo sapiens	Metazoa	654	False
P45984	Homo sapiens	Metazoa	424	False
Q92698	Homo sapiens	Metazoa	747	False
Q9VE04	Drosophila melanogaster	Metazoa	107	False
Q99679	Homo sapiens	Metazoa	349	True
Q07684	Saccharomyces cerevisiae (strain ATCC 204508 / S288c)	Fungi	458	False
Q99797	Homo sapiens	Metazoa	713	False
A2ASQ1	Mus musculus	Metazoa	1950	True
Q9XUB3	Caenorhabditis elegans	Metazoa	781	False
P43686	Homo sapiens	Metazoa	418	False
Q6IPU0	Homo sapiens	Metazoa	288	False
Q8BZ97	Mus musculus	Metazoa	688	False
Q9ZU25	Arabidopsis thaliana	Plants	503	False
Q2TBI6	Bos taurus	Metazoa	188	False
Q32PI8	Bos taurus	Metazoa	415	False
Q8VZ87	Arabidopsis thaliana	Plants	267	False
O54833	Mus musculus	Metazoa	350	False
Q92688	Homo sapiens	Metazoa	251	False
C7A2A0	Antirrhinum majus	Plants	534	False
P00022	Chelydra serpentina	Metazoa	105	False
Q6ZU64	Homo sapiens	Metazoa	1925	False
Q04264	Saccharomyces cerevisiae (strain ATCC 204508 / S288c)	Fungi	1277	False
Q15025	Homo sapiens	Metazoa	636	False
O60164	Schizosaccharomyces pombe (strain 972 / ATCC 24843)	Fungi	607	False
Q7TQ40	Mus musculus	Metazoa	622	False
Q9FVQ1	Arabidopsis thaliana	Plants	557	False
P41410	Schizosaccharomyces pombe (strain 972 / ATCC 24843)	Fungi	852	False
P47167	Saccharomyces cerevisiae (strain ATCC 204508 / S288c)	Fungi	239	False
Q10S82	Oryza sativa subsp. japonica	Plants	492	False
Q80UP3	Mus musculus	Metazoa	929	False
Q5D1E7	Mus musculus	Metazoa	596	False
P17918	Mus musculus	Metazoa	261	False
A0A0K3AUE4	Caenorhabditis elegans	Metazoa	1968	False
O88621	Mus musculus	Metazoa	401	False
Q8TAM2	Homo sapiens	Metazoa	541	False
Q9NWS8	Homo sapiens	Metazoa	449	False
Q14004	Homo sapiens	Metazoa	1512	False
Q8N205	Homo sapiens	Metazoa	404	False
C4R5T1	Komagataella phaffii (strain GS115 / ATCC 20864)	Fungi	384	False
Q08J23	Homo sapiens	Metazoa	767	False
O75132	Homo sapiens	Metazoa	1171	False
Q557E7	Dictyostelium discoideum	Other	665	False
F4KHG6	Arabidopsis thaliana	Plants	489	False
Q02100	Saccharomyces cerevisiae (strain ATCC 204508 / S288c)	Fungi	647	False
P37261	Saccharomyces cerevisiae (strain ATCC 204508 / S288c)	Fungi	193	False
P24118	Tetrahymena thermophila	Other	462	False
Q9V5M3	Drosophila melanogaster	Metazoa	878	False
Q6UUV7	Homo sapiens	Metazoa	619	False
Q8LDV3	Arabidopsis thaliana	Plants	185	False
Q9LU44	Arabidopsis thaliana	Plants	804	False
P56205	Aspergillus niger	Fungi	111	False
Q27GK7	Arabidopsis thaliana	Plants	1135	False
Q9LFX9	Arabidopsis thaliana	Plants	576	True
Q9ULJ6	Homo sapiens	Metazoa	1067	False
Q0IMG9	Oryza sativa subsp. japonica	Plants	694	False
Q12675	Saccharomyces cerevisiae (strain ATCC 204508 / S288c)	Fungi	1612	False
O75323	Homo sapiens	Metazoa	286	False
Q9Y5N6	Homo sapiens	Metazoa	252	False
Q969V1	Homo sapiens	Metazoa	340	True
Q9LUJ3	Arabidopsis thaliana	Plants	163	False
O94374	Schizosaccharomyces pombe (strain 972 / ATCC 24843)	Fungi	539	False
Q86YV9	Homo sapiens	Metazoa	775	False
P00070	Helianthus annuus	Plants	112	False
Q9Y5Z9	Homo sapiens	Metazoa	338	True
Q9SSS9	Arabidopsis thaliana	Plants	234	False
Q8IYJ3	Homo sapiens	Metazoa	562	False
P00064	Allium porrum	Plants	111	False
P41226	Homo sapiens	Metazoa	1012	False
P38126	Saccharomyces cerevisiae (strain ATCC 204508 / S288c)	Fungi	564	False
P53846	Saccharomyces cerevisiae (strain ATCC 204508 / S288c)	Fungi	162	False
P0DPG3	Trypanosoma brucei brucei	Other	75	False
F4JTN2	Arabidopsis thaliana	Plants	485	True
O01789	Caenorhabditis elegans	Metazoa	1262	False
Q96BY6	Homo sapiens	Metazoa	2186	False
P81178	Mesocricetus auratus	Metazoa	500	False
P19338	Homo sapiens	Metazoa	710	False
P84090	Homo sapiens	Metazoa	104	False
Q9FZ89	Arabidopsis thaliana	Plants	123	False
Q12504	Saccharomyces cerevisiae (strain ATCC 204508 / S288c)	Fungi	494	False
Q9Y6G1	Homo sapiens	Metazoa	99	True
Q9ZRW8	Arabidopsis thaliana	Plants	219	False
Q03989	Homo sapiens	Metazoa	594	False
O60130	Schizosaccharomyces pombe (strain 972 / ATCC 24843)	Fungi	827	False
P10663	Saccharomyces cerevisiae (strain ATCC 204508 / S288c)	Fungi	115	False
Q9U1W1	Caenorhabditis elegans	Metazoa	486	False
Q8BWM0	Mus musculus	Metazoa	384	True
Q92466	Homo sapiens	Metazoa	427	False
P54252	Homo sapiens	Metazoa	361	False
O75920	Homo sapiens	Metazoa	110	False
P97440	Mus musculus	Metazoa	275	False
Q93VM9	Arabidopsis thaliana	Plants	599	False
Q9NYY8	Homo sapiens	Metazoa	710	False
Q96242	Arabidopsis thaliana	Plants	518	False
Q9QZB1	Mus musculus	Metazoa	239	False
Q8LA53	Arabidopsis thaliana	Plants	272	False
Q9SYK4	Arabidopsis thaliana	Plants	1136	False
O22043	Arabidopsis thaliana	Plants	336	False
Q9BW66	Homo sapiens	Metazoa	212	False
Q8BUE4	Mus musculus	Metazoa	373	True
Q8H0M1	Spinacia oleracea	Plants	329	False
P97564	Rattus norvegicus	Metazoa	828	False
P91928	Drosophila melanogaster	Metazoa	739	True
Q6DV79	Gallus gallus	Metazoa	771	False
O60306	Homo sapiens	Metazoa	1485	False
Q8IUQ4	Homo sapiens	Metazoa	282	False
O74184	Schizosaccharomyces pombe (strain 972 / ATCC 24843)	Fungi	314	False
Q9QXW9	Mus musculus	Metazoa	531	True
P55862	Xenopus laevis	Metazoa	735	False
P33778	Homo sapiens	Metazoa	126	False
P00003	Ateles sp.	Metazoa	105	False
P07591	Spinacia oleracea	Plants	181	False
Q9P1Z2	Homo sapiens	Metazoa	691	False
Q9UNI6	Homo sapiens	Metazoa	340	False
P23526	Homo sapiens	Metazoa	432	False
Q5XXA6	Homo sapiens	Metazoa	986	False
P51575	Homo sapiens	Metazoa	399	True
Q8GX78	Arabidopsis thaliana	Plants	541	False
O35425	Mus musculus	Metazoa	213	False
Q8RZ35	Oryza sativa subsp. japonica	Plants	388	False
O15374	Homo sapiens	Metazoa	487	True
Q8TCE9	Homo sapiens	Metazoa	139	False
Q80WK2	Mus musculus	Metazoa	128	True
M9MRD1	Drosophila melanogaster	Metazoa	12345	False
Q60817	Mus musculus	Metazoa	215	False
O94288	Schizosaccharomyces pombe (strain 972 / ATCC 24843)	Fungi	747	False
Q9Y6W3	Homo sapiens	Metazoa	813	False
Q96M32	Homo sapiens	Metazoa	723	False
Q13887	Homo sapiens	Metazoa	457	False
Q42599	Arabidopsis thaliana	Plants	222	False
P34233	Saccharomyces cerevisiae (strain ATCC 204508 / S288c)	Fungi	588	False
P0DP91	Homo sapiens	Metazoa	1061	False
Q1K8Y7	Neurospora crassa (strain ATCC 24698 / 74-OR23-1A / CBS 708.71 / DSM 1257 / FGSC 987)	Fungi	161	False
P50391	Homo sapiens	Metazoa	375	True
Q9LLC6	Chlamydomonas reinhardtii	Plants	198	False
Q80SU6	Mus musculus	Metazoa	601	True
P62263	Homo sapiens	Metazoa	151	False
P49619	Homo sapiens	Metazoa	791	False
Q7Z5Q5	Homo sapiens	Metazoa	900	False
Q9QY17	Rattus norvegicus	Metazoa	488	False
P47006	Saccharomyces cerevisiae (strain ATCC 204508 / S288c)	Fungi	233	False
A0A096MJY4	Rattus norvegicus	Metazoa	473	False
P36408	Dictyostelium discoideum	Other	347	False
Q9S7I8	Arabidopsis thaliana	Plants	447	False
Q13733	Homo sapiens	Metazoa	1029	False
Q9Z110	Mus musculus	Metazoa	795	False
Q9SJQ6	Arabidopsis thaliana	Plants	1393	False
Q5WRN1	Caenorhabditis elegans	Metazoa	301	True
Q91Y63	Mus musculus	Metazoa	600	True
P84229	Gallus gallus	Metazoa	136	False
O94326	Schizosaccharomyces pombe (strain 972 / ATCC 24843)	Fungi	609	False
P49761	Homo sapiens	Metazoa	490	False
Q9ES52	Mus musculus	Metazoa	1191	False
Q9JKA7	Rattus norvegicus	Metazoa	1198	False
P04201	Homo sapiens	Metazoa	325	True
P11608	Rattus norvegicus	Metazoa	67	True
Q8N1N2	Homo sapiens	Metazoa	210	False
P26770	Rattus norvegicus	Metazoa	1064	True
Q12180	Saccharomyces cerevisiae (strain ATCC 204508 / S288c)	Fungi	1030	False
Q9UT72	Schizosaccharomyces pombe (strain 972 / ATCC 24843)	Fungi	205	False
Q99314	Saccharomyces cerevisiae (strain ATCC 204508 / S288c)	Fungi	248	False
P35368	Homo sapiens	Metazoa	520	True
A1ZAW0	Drosophila melanogaster	Metazoa	1722	False
Q9BQA5	Homo sapiens	Metazoa	517	False
Q8L7K4	Arabidopsis thaliana	Plants	252	False
A2AG06	Mus musculus	Metazoa	965	False
P32944	Saccharomyces cerevisiae (strain ATCC 204508 / S288c)	Fungi	819	False
Q8RXD6	Arabidopsis thaliana	Plants	878	False
Q04005	Saccharomyces cerevisiae (strain ATCC 204508 / S288c)	Fungi	294	False
Q9SIH4	Arabidopsis thaliana	Plants	206	True
Q9VJJ7	Drosophila melanogaster	Metazoa	1128	False
P36146	Saccharomyces cerevisiae (strain ATCC 204508 / S288c)	Fungi	502	False
Q9LTJ6	Arabidopsis thaliana	Plants	385	False
Q9B6C8	Yarrowia lipolytica (strain CLIB 122 / E 150)	Fungi	469	True
Q54SM3	Dictyostelium discoideum	Other	179	False
Q5EGY4	Rattus norvegicus	Metazoa	198	False
Q8TDF6	Homo sapiens	Metazoa	673	False
P67881	Gallus gallus	Metazoa	105	False
Q9DED4	Xenopus laevis	Metazoa	166	False
P31949	Homo sapiens	Metazoa	105	False
P38860	Saccharomyces cerevisiae (strain ATCC 204508 / S288c)	Fungi	518	False
Q12802	Homo sapiens	Metazoa	2813	False
Q8LAM0	Arabidopsis thaliana	Plants	365	False
Q63120	Rattus norvegicus	Metazoa	1541	True
Q8WYH8	Homo sapiens	Metazoa	240	False
Q9Y3U8	Homo sapiens	Metazoa	105	False
P70191	Mus musculus	Metazoa	558	False
P42580	Mus musculus	Metazoa	305	False
Q9JKV2	Mus musculus	Metazoa	629	False
Q9D945	Mus musculus	Metazoa	130	False
Q9GZV8	Homo sapiens	Metazoa	571	False
P00558	Homo sapiens	Metazoa	417	False
Q9ZNT0	Arabidopsis thaliana	Plants	435	False
Q9SZ63	Arabidopsis thaliana	Plants	309	False
Q9H015	Homo sapiens	Metazoa	551	True
P34087	Saccharomyces cerevisiae (strain ATCC 204508 / S288c)	Fungi	171	False
P40023	Saccharomyces cerevisiae (strain ATCC 204508 / S288c)	Fungi	145	False
Q9QX60	Mus musculus	Metazoa	277	False
Q9D9D8	Mus musculus	Metazoa	189	False
P49773	Homo sapiens	Metazoa	126	False
Q99755	Homo sapiens	Metazoa	562	False
P15381	Oryctolagus cuniculus	Metazoa	2171	False
P54860	Saccharomyces cerevisiae (strain ATCC 204508 / S288c)	Fungi	961	False
P53692	Schizosaccharomyces pombe (strain 972 / ATCC 24843)	Fungi	1140	False
Q9Z270	Rattus norvegicus	Metazoa	249	False
Q9NS75	Homo sapiens	Metazoa	346	True
Q94920	Drosophila melanogaster	Metazoa	282	False
Q8TEV9	Homo sapiens	Metazoa	937	False
P09067	Homo sapiens	Metazoa	269	False
P51521	Drosophila melanogaster	Metazoa	1351	False
Q16630	Homo sapiens	Metazoa	551	False
Q32PC3	Bos taurus	Metazoa	148	False
B6HLT9	Penicillium rubens (strain ATCC 28089 / DSM 1075 / NRRL 1951 / Wisconsin 54-1255)	Fungi	357	False
O54943	Mus musculus	Metazoa	1257	False
Q9BYH8	Homo sapiens	Metazoa	718	False
Q682I1	Arabidopsis thaliana	Plants	160	False
Q8K3P1	Mus musculus	Metazoa	485	True
Q42523	Arabidopsis thaliana	Plants	734	False
D3ZGX1	Rattus norvegicus	Metazoa	1517	False
Q5SYB0	Homo sapiens	Metazoa	1578	False
Q06185	Mus musculus	Metazoa	71	False
Q9EPK5	Mus musculus	Metazoa	395	False
P53397	Saccharomyces cerevisiae (strain ATCC 204508 / S288c)	Fungi	376	False
Q12988	Homo sapiens	Metazoa	150	False
O23945	Fragaria vesca	Plants	556	False
P14736	Saccharomyces cerevisiae (strain ATCC 204508 / S288c)	Fungi	754	False
O96020	Homo sapiens	Metazoa	404	False
P00051	Cucurbita maxima	Plants	111	False
Q9P3A7	Schizosaccharomyces pombe (strain 972 / ATCC 24843)	Fungi	815	False
P86397	Homo sapiens	Metazoa	168	False
O35921	Rattus norvegicus	Metazoa	561	True
Q9HAS3	Homo sapiens	Metazoa	691	False
P46984	Saccharomyces cerevisiae (strain ATCC 204508 / S288c)	Fungi	123	False
Q09130	Schizosaccharomyces pombe (strain 972 / ATCC 24843)	Fungi	446	False
Q5H9F3	Homo sapiens	Metazoa	1785	False
Q12256	Saccharomyces cerevisiae (strain ATCC 204508 / S288c)	Fungi	659	False
P40941	Arabidopsis thaliana	Plants	385	True
O74418	Schizosaccharomyces pombe (strain 972 / ATCC 24843)	Fungi	244	False
Q9LTK0	Arabidopsis thaliana	Plants	191	False
P38874	Saccharomyces cerevisiae (strain ATCC 204508 / S288c)	Fungi	309	False
Q2T9J0	Homo sapiens	Metazoa	566	False
P24279	Saccharomyces cerevisiae (strain ATCC 204508 / S288c)	Fungi	971	False
Q22829	Caenorhabditis elegans	Metazoa	470	False
P22789	Rattus norvegicus	Metazoa	284	False
Q8N6F7	Homo sapiens	Metazoa	178	False
Q9BYE2	Homo sapiens	Metazoa	586	False
Q99623	Homo sapiens	Metazoa	299	False
Q96SZ6	Homo sapiens	Metazoa	601	False
P06511	Spinacia oleracea	Plants	750	True
Q60809	Mus musculus	Metazoa	285	False
Q9M2D2	Arabidopsis thaliana	Plants	410	False
Q9C8L2	Arabidopsis thaliana	Plants	287	False
Q9P0S2	Homo sapiens	Metazoa	106	True
D3YXJ0	Mus musculus	Metazoa	1211	False
Q6P823	Xenopus tropicalis	Metazoa	136	False
Q9U9Y8	Caenorhabditis elegans	Metazoa	634	False
Q9LXF3	Arabidopsis thaliana	Plants	187	True
P27351	Saccharomyces cerevisiae (strain ATCC 204508 / S288c)	Fungi	700	False
P51450	Mus musculus	Metazoa	516	False
Q12040	Saccharomyces cerevisiae (strain ATCC 204508 / S288c)	Fungi	230	False
Q8I1T1	Plasmodium falciparum (isolate 3D7)	Other	229	False
Q9V9W8	Drosophila melanogaster	Metazoa	815	False
P18296	Schizosaccharomyces pombe (strain 972 / ATCC 24843)	Fungi	1828	False
O35453	Mus musculus	Metazoa	436	True
Q9LEB3	Nicotiana plumbaginifolia	Plants	428	False
P21190	Saccharomyces cerevisiae (strain ATCC 204508 / S288c)	Fungi	360	False
Q3SZ86	Bos taurus	Metazoa	205	False
O75531	Homo sapiens	Metazoa	89	False
Q9M126	Arabidopsis thaliana	Plants	457	False
Q8GXA4	Arabidopsis thaliana	Plants	489	False
Q3E7D0	Arabidopsis thaliana	Plants	709	False
P36104	Saccharomyces cerevisiae (strain ATCC 204508 / S288c)	Fungi	329	False
Q8TF63	Homo sapiens	Metazoa	244	False
P15938	Saccharomyces cerevisiae (strain ATCC 204508 / S288c)	Fungi	1071	False
Q04401	Saccharomyces cerevisiae (strain ATCC 204508 / S288c)	Fungi	133	False
A8MQL1	Arabidopsis thaliana	Plants	1082	False
Q9SQR5	Arabidopsis thaliana	Plants	554	False
Q00288	Mus musculus	Metazoa	457	False
Q22495	Caenorhabditis elegans	Metazoa	308	True
Q86V97	Homo sapiens	Metazoa	674	False
Q14005	Homo sapiens	Metazoa	1332	False
P30605	Saccharomyces cerevisiae (strain ATCC 204508 / S288c)	Fungi	584	True
Q15910	Homo sapiens	Metazoa	746	False
Q8WZK3	Schizosaccharomyces pombe (strain 972 / ATCC 24843)	Fungi	138	False
P13231	Dictyostelium discoideum	Other	118	False
P37288	Homo sapiens	Metazoa	418	True
Q8C006	Mus musculus	Metazoa	501	False
P34152	Mus musculus	Metazoa	1052	False
Q6RI63	Mus musculus	Metazoa	786	False
P51582	Homo sapiens	Metazoa	365	True
Q96EA4	Homo sapiens	Metazoa	605	False
P10871	Spinacia oleracea	Plants	472	False
Q14694	Homo sapiens	Metazoa	798	False
Q86X51	Homo sapiens	Metazoa	503	False
O23210	Arabidopsis thaliana	Plants	486	False
O23661	Arabidopsis thaliana	Plants	608	False
Q06116	Saccharomyces cerevisiae (strain ATCC 204508 / S288c)	Fungi	2489	True
Q8R4T9	Mus musculus	Metazoa	930	False
Q9H5J8	Homo sapiens	Metazoa	278	False
C7AJA4	Trypanosoma brucei brucei	Other	406	False
P14373	Homo sapiens	Metazoa	513	False
P09938	Saccharomyces cerevisiae (strain ATCC 204508 / S288c)	Fungi	399	False
Q7TPS0	Mus musculus	Metazoa	764	False
O75446	Homo sapiens	Metazoa	220	False
Q01851	Homo sapiens	Metazoa	419	False
Q9VLP3	Drosophila melanogaster	Metazoa	122	False
P27064	Cucumis sativus	Plants	475	False
F6VAN0	Mus musculus	Metazoa	656	False
Q9FZ96	Arabidopsis thaliana	Plants	356	True
Q5VZV1	Homo sapiens	Metazoa	264	False
Q5SWY8	Mus musculus	Metazoa	596	True
P68164	Datura metel	Plants	97	False
C5H429	Artemisia annua	Plants	388	False
Q580X6	Trypanosoma brucei brucei (strain 927/4 GUTat10.1)	Other	928	False
O43294	Homo sapiens	Metazoa	461	False
Q9Y473	Homo sapiens	Metazoa	711	False
Q99PN0	Mus musculus	Metazoa	618	True
P51830	Mus musculus	Metazoa	1353	False
Q9R1T5	Rattus norvegicus	Metazoa	312	False
O54784	Mus musculus	Metazoa	448	False
Q3USZ2	Mus musculus	Metazoa	394	False
P14291	Saccharomyces cerevisiae (strain ATCC 204508 / S288c)	Fungi	827	False
P40069	Saccharomyces cerevisiae (strain ATCC 204508 / S288c)	Fungi	1113	False
P70255	Mus musculus	Metazoa	439	False
P17152	Homo sapiens	Metazoa	192	True
O35469	Mus musculus	Metazoa	373	False
Q2TBS2	Bos taurus	Metazoa	209	False
Q9WUB9	Mesocricetus auratus	Metazoa	483	True
Q6PI78	Homo sapiens	Metazoa	240	False
P34218	Saccharomyces cerevisiae (strain ATCC 204508 / S288c)	Fungi	831	False
Q2THW7	Rattus norvegicus	Metazoa	715	True
Q8H110	Arabidopsis thaliana	Plants	337	False
Q96RQ3	Homo sapiens	Metazoa	725	False
P08151	Homo sapiens	Metazoa	1106	False
Q6P4H8	Homo sapiens	Metazoa	233	True
Q9SJ50	Arabidopsis thaliana	Plants	333	False
P12154	Chlamydomonas reinhardtii	Plants	751	True
P22936	Saccharomyces cerevisiae (strain ATCC 204508 / S288c)	Fungi	367	False
P14868	Homo sapiens	Metazoa	501	False
Q5AP80	Candida albicans (strain SC5314 / ATCC MYA-2876)	Fungi	785	False
Q9ET77	Mus musculus	Metazoa	744	False
Q9M0Z3	Arabidopsis thaliana	Plants	776	False
O14097	Schizosaccharomyces pombe (strain 972 / ATCC 24843)	Fungi	331	False
P23249	Mus musculus	Metazoa	1004	False
P62942	Homo sapiens	Metazoa	108	False
P50617	Rattus norvegicus	Metazoa	707	False
P0DO12	Arabidopsis thaliana	Plants	126	False
Q6S5L9	Mus musculus	Metazoa	626	False
Q01062	Rattus norvegicus	Metazoa	928	False
P32660	Saccharomyces cerevisiae (strain ATCC 204508 / S288c)	Fungi	1571	False
P38159	Homo sapiens	Metazoa	391	False
Q6P5Z2	Homo sapiens	Metazoa	889	False
G5EDP2	Caenorhabditis elegans	Metazoa	412	False
Q5XIM7	Rattus norvegicus	Metazoa	626	False
Q96QF0	Homo sapiens	Metazoa	476	False
P36632	Schizosaccharomyces pombe (strain 972 / ATCC 24843)	Fungi	614	False
Q9R1C0	Mus musculus	Metazoa	341	False
P38985	Saccharomyces cerevisiae (strain ATCC 204508 / S288c)	Fungi	146	False
D3ZI76	Rattus norvegicus	Metazoa	801	False
Q7X7A4	Oryza sativa subsp. japonica	Plants	475	False
Q9R224	Mus musculus	Metazoa	128	False
P15385	Rattus norvegicus	Metazoa	655	False
Q93096	Homo sapiens	Metazoa	173	False
Q92621	Homo sapiens	Metazoa	2012	False
Q9SWI1	Arabidopsis thaliana	Plants	439	False
Q9FMY5	Arabidopsis thaliana	Plants	283	False
Q7XTE8	Oryza sativa subsp. japonica	Plants	262	False
Q99JB8	Mus musculus	Metazoa	424	False
P09088	Caenorhabditis elegans	Metazoa	321	False
P97275	Cavia porcellus	Metazoa	658	False
Q12046	Saccharomyces cerevisiae (strain ATCC 204508 / S288c)	Fungi	339	False
P39735	Saccharomyces cerevisiae (strain ATCC 204508 / S288c)	Fungi	261	False
Q3U6Q4	Mus musculus	Metazoa	756	False
O94410	Schizosaccharomyces pombe (strain 972 / ATCC 24843)	Fungi	186	False
O43526	Homo sapiens	Metazoa	872	False
Q14CX5	Homo sapiens	Metazoa	517	True
P22217	Saccharomyces cerevisiae (strain ATCC 204508 / S288c)	Fungi	103	False
O95832	Homo sapiens	Metazoa	211	True
Q7XJT7	Arabidopsis thaliana	Plants	465	False
A0A072VMJ3	Medicago truncatula	Plants	703	False
O65258	Arabidopsis thaliana	Plants	542	False
Q14397	Homo sapiens	Metazoa	625	False
P04637	Homo sapiens	Metazoa	393	False
Q24573	Drosophila melanogaster	Metazoa	911	False
Q8BWB6	Mus musculus	Metazoa	489	False
Q09761	Schizosaccharomyces pombe (strain 972 / ATCC 24843)	Fungi	699	False
Q2KIR7	Bos taurus	Metazoa	295	False
Q06124	Homo sapiens	Metazoa	593	False
Q93VT9	Arabidopsis thaliana	Plants	220	False
Q16695	Homo sapiens	Metazoa	136	False
P19619	Sus scrofa	Metazoa	346	False
O88944	Rattus norvegicus	Metazoa	873	False
O14503	Homo sapiens	Metazoa	412	False
Q92478	Homo sapiens	Metazoa	149	True
O60356	Homo sapiens	Metazoa	82	False
Q9UGQ2	Homo sapiens	Metazoa	172	True
Q54PN9	Dictyostelium discoideum	Other	324	False
Q03771	Saccharomyces cerevisiae (strain ATCC 204508 / S288c)	Fungi	387	False
P0DMV8	Homo sapiens	Metazoa	641	False
P04789	Trypanosoma brucei brucei	Other	250	False
Q60825	Mus musculus	Metazoa	637	False
Q12158	Saccharomyces cerevisiae (strain ATCC 204508 / S288c)	Fungi	566	False
Q04891	Mus musculus	Metazoa	613	False
Q9TSV5	Sus scrofa	Metazoa	360	False
Q6QHD1	Oryza sativa subsp. japonica	Plants	348	False
O95069	Homo sapiens	Metazoa	426	True
P0C219	Rattus norvegicus	Metazoa	858	False
P24604	Mus musculus	Metazoa	630	False
Q04491	Saccharomyces cerevisiae (strain ATCC 204508 / S288c)	Fungi	297	False
P14292	Candida boidinii	Fungi	167	False
P09012	Homo sapiens	Metazoa	282	False
Q9C000	Homo sapiens	Metazoa	1473	False
Q8K557	Mus musculus	Metazoa	490	False
P52654	Drosophila melanogaster	Metazoa	366	False
Q00566	Rattus norvegicus	Metazoa	492	False
P25693	Saccharomyces cerevisiae (strain ATCC 204508 / S288c)	Fungi	308	False
P47015	Saccharomyces cerevisiae (strain ATCC 204508 / S288c)	Fungi	356	False
P04083	Homo sapiens	Metazoa	346	False
Q96PV4	Homo sapiens	Metazoa	448	False
P49140	Gallus gallus	Metazoa	750	False
Q6PL18	Homo sapiens	Metazoa	1390	False
Q6EN42	Oryza sativa subsp. japonica	Plants	204	False
C0HLF1	Dictyostelium discoideum	Other	154	False
P34226	Saccharomyces cerevisiae (strain ATCC 204508 / S288c)	Fungi	696	False
Q5SY16	Homo sapiens	Metazoa	702	False
A0A2K8FQU5	Catharanthus roseus	Plants	436	False
P63272	Homo sapiens	Metazoa	117	False
Q4WF54	Aspergillus fumigatus (strain ATCC MYA-4609 / CBS 101355 / FGSC A1100 / Af293)	Fungi	270	False
Q68CJ6	Homo sapiens	Metazoa	796	False
Q96CX2	Homo sapiens	Metazoa	325	False
Q96J66	Homo sapiens	Metazoa	1382	False
Q8N983	Homo sapiens	Metazoa	215	False
P78362	Homo sapiens	Metazoa	688	False
P38879	Saccharomyces cerevisiae (strain ATCC 204508 / S288c)	Fungi	174	False
Q12020	Saccharomyces cerevisiae (strain ATCC 204508 / S288c)	Fungi	392	False
P15336	Homo sapiens	Metazoa	505	False
Q7TSY2	Rattus norvegicus	Metazoa	247	True
P22414	Candida tropicalis	Fungi	906	False
P15700	Saccharomyces cerevisiae (strain ATCC 204508 / S288c)	Fungi	204	False
Q96DG6	Homo sapiens	Metazoa	245	False
O64764	Arabidopsis thaliana	Plants	194	False
P53139	Saccharomyces cerevisiae (strain ATCC 204508 / S288c)	Fungi	140	False
D3KY99	Carapichea ipecacuanha	Plants	350	False
O82239	Arabidopsis thaliana	Plants	358	False
Q05930	Saccharomyces cerevisiae (strain ATCC 204508 / S288c)	Fungi	598	False
P22293	Drosophila melanogaster	Metazoa	1325	False
P39052	Rattus norvegicus	Metazoa	870	False
Q96T66	Homo sapiens	Metazoa	252	False
Q9NW08	Homo sapiens	Metazoa	1133	False
Q8VZI9	Arabidopsis thaliana	Plants	249	False
Q86W54	Homo sapiens	Metazoa	205	False
Q02825	Saccharomyces cerevisiae (strain ATCC 204508 / S288c)	Fungi	467	False
Q9Y4G8	Homo sapiens	Metazoa	1499	False
Q6S5L8	Homo sapiens	Metazoa	630	False
P40530	Saccharomyces cerevisiae (strain ATCC 204508 / S288c)	Fungi	394	False
Q9BXM7	Homo sapiens	Metazoa	581	False
P0C2B9	Rattus norvegicus	Metazoa	141	False
O08707	Mus musculus	Metazoa	378	True
P39988	Saccharomyces cerevisiae (strain ATCC 204508 / S288c)	Fungi	312	False
Q05776	Saccharomyces cerevisiae (strain ATCC 204508 / S288c)	Fungi	175	False
Q9BTC8	Homo sapiens	Metazoa	594	False
Q15554	Homo sapiens	Metazoa	542	False
P48598	Drosophila melanogaster	Metazoa	259	False
O43909	Homo sapiens	Metazoa	919	True
Q86US8	Homo sapiens	Metazoa	1419	False
Q75WB5	Bos taurus	Metazoa	1288	False
Q230X8	Tetrahymena thermophila (strain SB210)	Other	423	False
E9PYL2	Mus musculus	Metazoa	2035	False
Q2VLK6	Trypanosoma cruzi (strain CL Brener)	Other	358	False
Q60864	Mus musculus	Metazoa	543	False
Q14191	Homo sapiens	Metazoa	1432	False
Q99NF2	Mus musculus	Metazoa	532	False
P79171	Felis catus	Metazoa	967	True
Q9UBN7	Homo sapiens	Metazoa	1215	False
Q00577	Homo sapiens	Metazoa	322	False
B7FAL5	Oryza sativa subsp. japonica	Plants	204	False
Q9FJL0	Arabidopsis thaliana	Plants	1241	False
P40850	Saccharomyces cerevisiae (strain ATCC 204508 / S288c)	Fungi	830	False
Q9XI00	Arabidopsis thaliana	Plants	328	False
Q9SWG0	Arabidopsis thaliana	Plants	409	False
Q9VBX2	Drosophila melanogaster	Metazoa	367	False
Q99J39	Mus musculus	Metazoa	492	False
Q8LCA1	Arabidopsis thaliana	Plants	174	False
P56524	Homo sapiens	Metazoa	1084	False
Q09924	Schizosaccharomyces pombe (strain 972 / ATCC 24843)	Fungi	467	False
P40380	Schizosaccharomyces pombe (strain 972 / ATCC 24843)	Fungi	230	False
Q86VP1	Homo sapiens	Metazoa	789	False
Q9Y6M5	Homo sapiens	Metazoa	507	True
Q810W7	Rattus norvegicus	Metazoa	1570	False
O55197	Rattus norvegicus	Metazoa	473	True
Q08749	Saccharomyces cerevisiae (strain ATCC 204508 / S288c)	Fungi	192	True
Q19848	Caenorhabditis elegans	Metazoa	610	False
Q90941	Gallus gallus	Metazoa	1633	False
Q9H6Z4	Homo sapiens	Metazoa	567	False
O15514	Homo sapiens	Metazoa	142	False
Q10335	Schizosaccharomyces pombe (strain 972 / ATCC 24843)	Fungi	397	False
Q14207	Homo sapiens	Metazoa	1427	False
Q41651	Vicia faba	Plants	248	False
Q8NFM4	Homo sapiens	Metazoa	1077	True
P51787	Homo sapiens	Metazoa	676	False
Q96S55	Homo sapiens	Metazoa	665	False
P16554	Drosophila melanogaster	Metazoa	556	False
P62308	Homo sapiens	Metazoa	76	False
A7E3N7	Rattus norvegicus	Metazoa	446	False
O35261	Mus musculus	Metazoa	457	False
Q01802	Saccharomyces cerevisiae (strain ATCC 204508 / S288c)	Fungi	451	False
Q9VYQ0	Drosophila melanogaster	Metazoa	172	False
Q9SG11	Arabidopsis thaliana	Plants	352	False
Q9C0W0	Schizosaccharomyces pombe (strain 972 / ATCC 24843)	Fungi	409	False
Q04305	Saccharomyces cerevisiae (strain ATCC 204508 / S288c)	Fungi	513	False
Q9BG98	Oryctolagus cuniculus	Metazoa	1179	True
P51873	Amphidinium carterae	Other	369	False
Q8IZK6	Homo sapiens	Metazoa	566	True
Q92753	Homo sapiens	Metazoa	470	False
Q6ZQN7	Homo sapiens	Metazoa	724	False
P53671	Homo sapiens	Metazoa	638	False
Q6Q547	Saccharomyces cerevisiae (strain ATCC 204508 / S288c)	Fungi	58	False
Q96PM5	Homo sapiens	Metazoa	261	False
P36173	Saccharomyces cerevisiae (strain ATCC 204508 / S288c)	Fungi	615	True
Q689G9	Oryza sativa subsp. japonica	Plants	518	False
P40317	Saccharomyces cerevisiae (strain ATCC 204508 / S288c)	Fungi	901	False
P41145	Homo sapiens	Metazoa	380	True
Q9BUH6	Homo sapiens	Metazoa	204	False
Q42694	Chlamydomonas reinhardtii	Plants	580	False
P39707	Saccharomyces cerevisiae (strain ATCC 204508 / S288c)	Fungi	275	False
Q10423	Schizosaccharomyces pombe (strain 972 / ATCC 24843)	Fungi	258	False
Q9SSW0	Arabidopsis thaliana	Plants	193	False
Q5IBH7	Mus musculus	Metazoa	310	False
Q8NCT1	Homo sapiens	Metazoa	418	False
P48503	Neurospora crassa (strain ATCC 24698 / 74-OR23-1A / CBS 708.71 / DSM 1257 / FGSC 987)	Fungi	107	True
O13928	Schizosaccharomyces pombe (strain 972 / ATCC 24843)	Fungi	205	False
O74988	Schizosaccharomyces pombe (strain 972 / ATCC 24843)	Fungi	186	False
Q9S7R7	Arabidopsis thaliana	Plants	460	False
Q9UT24	Schizosaccharomyces pombe (strain 972 / ATCC 24843)	Fungi	2176	False
Q8H0U5	Arabidopsis thaliana	Plants	641	False
P27815	Homo sapiens	Metazoa	886	False
Q9XXH8	Caenorhabditis elegans	Metazoa	826	False
Q8IXI2	Homo sapiens	Metazoa	618	False
P08928	Drosophila melanogaster	Metazoa	622	False
P23786	Homo sapiens	Metazoa	658	False
Q96T37	Homo sapiens	Metazoa	977	False
Q9Y2W1	Homo sapiens	Metazoa	955	False
P46668	Arabidopsis thaliana	Plants	311	False
B9F1C0	Oryza sativa subsp. japonica	Plants	1709	False
Q96QU8	Homo sapiens	Metazoa	1125	False
P48382	Homo sapiens	Metazoa	616	False
Q9WVC7	Rattus norvegicus	Metazoa	2314	False
F4HXL0	Arabidopsis thaliana	Plants	713	False
Q02297	Homo sapiens	Metazoa	640	False
Q8LPS1	Arabidopsis thaliana	Plants	701	False
P0DO02	Oryza sativa subsp. japonica	Plants	447	False
P53204	Saccharomyces cerevisiae (strain ATCC 204508 / S288c)	Fungi	395	False
V9M2S5	Vitis rotundifolia	Plants	1398	False
Q03829	Saccharomyces cerevisiae (strain ATCC 204508 / S288c)	Fungi	368	True
E1B328	Arabidopsis thaliana	Plants	1378	False
Q5FWF4	Homo sapiens	Metazoa	1079	False
Q8NHU0	Homo sapiens	Metazoa	189	False
Q9DB60	Mus musculus	Metazoa	201	False
Q13227	Homo sapiens	Metazoa	327	False
P29461	Saccharomyces cerevisiae (strain ATCC 204508 / S288c)	Fungi	750	False
O14746	Homo sapiens	Metazoa	1132	False
Q02206	Saccharomyces cerevisiae (strain ATCC 204508 / S288c)	Fungi	625	False
Q9UL17	Homo sapiens	Metazoa	535	False
Q9NRY2	Homo sapiens	Metazoa	104	False
P10676	Drosophila melanogaster	Metazoa	1501	False
P11233	Homo sapiens	Metazoa	206	False
Q9NX18	Homo sapiens	Metazoa	166	False
Q9BU64	Homo sapiens	Metazoa	300	False
Q9C7F5	Arabidopsis thaliana	Plants	126	False
Q9UFN0	Homo sapiens	Metazoa	247	False
Q8LF89	Arabidopsis thaliana	Plants	140	False
Q7SCX7	Neurospora crassa (strain ATCC 24698 / 74-OR23-1A / CBS 708.71 / DSM 1257 / FGSC 987)	Fungi	383	False
P52910	Saccharomyces cerevisiae (strain ATCC 204508 / S288c)	Fungi	683	False
P26232	Homo sapiens	Metazoa	953	False
H2L056	Caenorhabditis elegans	Metazoa	613	False
Q8WXF1	Homo sapiens	Metazoa	523	False
Q75N62	Mus musculus	Metazoa	688	False
Q64321	Mus musculus	Metazoa	544	False
Q6ZN30	Homo sapiens	Metazoa	1099	False
Q2RAK2	Oryza sativa subsp. japonica	Plants	527	False
F1RAX4	Danio rerio	Metazoa	670	True
P50101	Saccharomyces cerevisiae (strain ATCC 204508 / S288c)	Fungi	1230	False
Q9H300	Homo sapiens	Metazoa	379	False
Q6P5F7	Mus musculus	Metazoa	524	True
O24454	Arabidopsis thaliana	Plants	371	False
Q9NRX1	Homo sapiens	Metazoa	252	False
O14561	Homo sapiens	Metazoa	156	False
Q09849	Schizosaccharomyces pombe (strain 972 / ATCC 24843)	Fungi	424	False
Q9UT53	Schizosaccharomyces pombe (strain 972 / ATCC 24843)	Fungi	368	False
Q9XFH9	Arabidopsis thaliana	Plants	185	False
Q95XQ1	Caenorhabditis elegans	Metazoa	578	False
P49367	Saccharomyces cerevisiae (strain ATCC 204508 / S288c)	Fungi	693	False
P41833	Saccharomyces cerevisiae (strain ATCC 204508 / S288c)	Fungi	600	False
D3Z649	Mus musculus	Metazoa	1135	True
P36382	Homo sapiens	Metazoa	358	True
Q925K9	Mus musculus	Metazoa	273	False
P45818	Saccharomyces cerevisiae (strain ATCC 204508 / S288c)	Fungi	564	False
O15151	Homo sapiens	Metazoa	490	False
Q8N9M5	Homo sapiens	Metazoa	508	False
P36052	Saccharomyces cerevisiae (strain ATCC 204508 / S288c)	Fungi	402	False
Q9H334	Homo sapiens	Metazoa	677	False
Q5H9I0	Homo sapiens	Metazoa	405	False
O43463	Homo sapiens	Metazoa	412	False
P19327	Rattus norvegicus	Metazoa	422	True
Q9UKL0	Homo sapiens	Metazoa	485	False
I0IUP3	Gallus gallus	Metazoa	830	False
O60683	Homo sapiens	Metazoa	326	True
Q9R237	Rattus norvegicus	Metazoa	708	False
Q9P013	Homo sapiens	Metazoa	229	False
Q2WG80	Danio rerio	Metazoa	140	False
Q6Z955	Oryza sativa subsp. japonica	Plants	518	False
O75388	Homo sapiens	Metazoa	356	True
Q40983	Pisum sativum	Plants	1257	False
Q8BW93	Mus musculus	Metazoa	344	True
Q08470	Drosophila pseudoobscura pseudoobscura	Metazoa	1166	False
P20271	Caenorhabditis elegans	Metazoa	351	False
Q8TDV2	Homo sapiens	Metazoa	347	True
Q6P9J9	Mus musculus	Metazoa	911	False
D3ZEY4	Rattus norvegicus	Metazoa	937	False
Q21832	Caenorhabditis elegans	Metazoa	142	False
Q8R139	Mus musculus	Metazoa	528	True
O70531	Rattus norvegicus	Metazoa	739	False
Q9HCC9	Homo sapiens	Metazoa	887	False
Q10PC5	Oryza sativa subsp. japonica	Plants	727	False
Q3E824	Saccharomyces cerevisiae (strain ATCC 204508 / S288c)	Fungi	90	True
O65272	Arabidopsis thaliana	Plants	1174	False
P40454	Saccharomyces cerevisiae (strain ATCC 204508 / S288c)	Fungi	393	False
P09798	Saccharomyces cerevisiae (strain ATCC 204508 / S288c)	Fungi	840	False
Q04226	Saccharomyces cerevisiae (strain ATCC 204508 / S288c)	Fungi	346	False
Q709R6	Drosophila melanogaster	Metazoa	399	False
Q921G6	Mus musculus	Metazoa	680	False
P46435	Schistosoma mansoni	Metazoa	259	False
A2A5K6	Mus musculus	Metazoa	1337	False
P58137	Mus musculus	Metazoa	320	False
A1Z6S7	Drosophila melanogaster	Metazoa	635	False
Q8WXW3	Homo sapiens	Metazoa	757	False
P04778	Arabidopsis thaliana	Plants	267	False
Q0WV90	Arabidopsis thaliana	Plants	1120	False
Q9NYV4	Homo sapiens	Metazoa	1490	False
Q84ST4	Oryza sativa subsp. japonica	Plants	343	False
Q08952	Saccharomyces cerevisiae (strain ATCC 204508 / S288c)	Fungi	273	False
Q9FGM1	Arabidopsis thaliana	Plants	188	False
Q9LV91	Arabidopsis thaliana	Plants	576	False
A8J637	Chlamydomonas reinhardtii	Plants	1013	False
Q9USU3	Schizosaccharomyces pombe (strain 972 / ATCC 24843)	Fungi	878	False
Q91XV3	Mus musculus	Metazoa	226	False
Q9LK40	Arabidopsis thaliana	Plants	1172	False
P17710	Mus musculus	Metazoa	974	False
Q93YW7	Arabidopsis thaliana	Plants	341	False
Q1K699	Neurospora crassa (strain ATCC 24698 / 74-OR23-1A / CBS 708.71 / DSM 1257 / FGSC 987)	Fungi	303	False
Q9USG8	Schizosaccharomyces pombe (strain 972 / ATCC 24843)	Fungi	1188	False
P53718	Saccharomyces cerevisiae (strain ATCC 204508 / S288c)	Fungi	249	False
Q99590	Homo sapiens	Metazoa	1463	False
Q56YJ8	Arabidopsis thaliana	Plants	414	False
P26715	Homo sapiens	Metazoa	233	True
Q8CGK7	Mus musculus	Metazoa	381	False
P50402	Homo sapiens	Metazoa	254	False
P51154	Canis lupus familiaris	Metazoa	194	False
P98198	Homo sapiens	Metazoa	1209	True
Q9H228	Homo sapiens	Metazoa	398	True
Q10295	Schizosaccharomyces pombe (strain 972 / ATCC 24843)	Fungi	566	False
Q8WV22	Homo sapiens	Metazoa	266	False
Q9HB14	Homo sapiens	Metazoa	408	True
P41224	Rattus norvegicus	Metazoa	301	False
Q5TB80	Homo sapiens	Metazoa	1403	False
P01584	Homo sapiens	Metazoa	269	False
Q86MV5	Trypanosoma brucei brucei	Other	487	False
P53251	Saccharomyces cerevisiae (strain ATCC 204508 / S288c)	Fungi	210	False
P21976	Neurospora crassa (strain ATCC 24698 / 74-OR23-1A / CBS 708.71 / DSM 1257 / FGSC 987)	Fungi	183	False
F7BWT7	Mus musculus	Metazoa	294	True
P07271	Saccharomyces cerevisiae (strain ATCC 204508 / S288c)	Fungi	859	False
P05129	Homo sapiens	Metazoa	697	False
Q8R5A3	Mus musculus	Metazoa	670	False
Q6ZN04	Homo sapiens	Metazoa	569	False
Q9S7B5	Arabidopsis thaliana	Plants	526	False
P42669	Mus musculus	Metazoa	321	False
Q66L44	Mus musculus	Metazoa	698	True
Q9JKF1	Mus musculus	Metazoa	1657	False
P53238	Saccharomyces cerevisiae (strain ATCC 204508 / S288c)	Fungi	335	False
P63126	Homo sapiens	Metazoa	666	False
Q84KJ5	Arabidopsis thaliana	Plants	569	False
E9QDC5	Danio rerio	Metazoa	294	True
Q8S3N1	Arabidopsis thaliana	Plants	309	False
Q06330	Homo sapiens	Metazoa	500	False
P0C5D6	Oryza sativa subsp. japonica	Plants	334	False
O13992	Schizosaccharomyces pombe (strain 972 / ATCC 24843)	Fungi	965	False
Q92985	Homo sapiens	Metazoa	503	False
Q01852	Saccharomyces cerevisiae (strain ATCC 204508 / S288c)	Fungi	431	False
Q9Z260	Mus musculus	Metazoa	225	True
Q9FFD8	Arabidopsis thaliana	Plants	104	False
Q9FXT6	Arabidopsis thaliana	Plants	507	False
A0A0G2KTI4	Danio rerio	Metazoa	1136	False
Q19S50	Sus scrofa	Metazoa	770	False
D3U715	Petunia hybrida	Plants	424	False
Q9BUT9	Homo sapiens	Metazoa	160	False
P83870	Mus musculus	Metazoa	110	False
Q9Y3Z3	Homo sapiens	Metazoa	626	False
P22697	Neurospora crassa (strain ATCC 24698 / 74-OR23-1A / CBS 708.71 / DSM 1257 / FGSC 987)	Fungi	236	False
P0C1S8	Homo sapiens	Metazoa	567	False
Q8NER1	Homo sapiens	Metazoa	839	False
P53068	Saccharomyces cerevisiae (strain ATCC 204508 / S288c)	Fungi	250	False
Q10341	Schizosaccharomyces pombe (strain 972 / ATCC 24843)	Fungi	504	False
Q9NPD8	Homo sapiens	Metazoa	197	False
P34556	Caenorhabditis elegans	Metazoa	332	False
P83524	Alkekengi officinarum var. franchetii	Plants	97	False
Q8WYA1	Homo sapiens	Metazoa	636	False
Q14BN4	Homo sapiens	Metazoa	828	False
Q9H8K7	Homo sapiens	Metazoa	445	False
Q9JM47	Rattus norvegicus	Metazoa	256	False
Q7TQJ8	Mus musculus	Metazoa	398	False
P10255	Neurospora crassa (strain ATCC 24698 / 74-OR23-1A / CBS 708.71 / DSM 1257 / FGSC 987)	Fungi	223	False
P00918	Homo sapiens	Metazoa	260	False
Q9M9L6	Arabidopsis thaliana	Plants	211	False
O44997	Caenorhabditis elegans	Metazoa	1425	False
Q9HDB9	Homo sapiens	Metazoa	667	False
Q64595	Rattus norvegicus	Metazoa	762	False
E9Q5G7	Mus musculus	Metazoa	496	False
Q925G0	Rattus norvegicus	Metazoa	155	False
Q8BMP6	Mus musculus	Metazoa	525	False
P53299	Saccharomyces cerevisiae (strain ATCC 204508 / S288c)	Fungi	105	False
P19544	Homo sapiens	Metazoa	449	False
P00297	Solanum crispum	Plants	99	False
Q99856	Homo sapiens	Metazoa	593	False
Q3EBC8	Arabidopsis thaliana	Plants	1388	False
Q9UBF9	Homo sapiens	Metazoa	498	False
P22418	Spinacia oleracea	Plants	415	False
Q86Y91	Homo sapiens	Metazoa	852	False
Q9BUR4	Homo sapiens	Metazoa	548	False
P49902	Homo sapiens	Metazoa	561	False
P51452	Homo sapiens	Metazoa	185	False
Q8CGB3	Mus musculus	Metazoa	1411	False
P03896	Drosophila melanogaster	Metazoa	341	True
P28070	Homo sapiens	Metazoa	264	False
Q8IXF0	Homo sapiens	Metazoa	933	False
P0C2B6	Bos taurus	Metazoa	128	False
Q6IQ20	Homo sapiens	Metazoa	393	False
P36162	Saccharomyces cerevisiae (strain ATCC 204508 / S288c)	Fungi	133	False
O94925	Homo sapiens	Metazoa	669	False
F4I3P9	Arabidopsis thaliana	Plants	772	False
Q01159	Saccharomyces cerevisiae (strain ATCC 204508 / S288c)	Fungi	459	False
Q5XF07	Arabidopsis thaliana	Plants	364	False
Q9CAN3	Arabidopsis thaliana	Plants	658	False
Q10296	Schizosaccharomyces pombe (strain 972 / ATCC 24843)	Fungi	138	False
P0DP99	Mus musculus	Metazoa	47	True
P63072	Mus musculus	Metazoa	162	False
P10711	Mus musculus	Metazoa	301	False
P20285	Neurospora crassa (strain ATCC 24698 / 74-OR23-1A / CBS 708.71 / DSM 1257 / FGSC 987)	Fungi	458	False
Q9M022	Arabidopsis thaliana	Plants	242	False
Q6DJT9	Homo sapiens	Metazoa	500	False
Q9Y3P9	Homo sapiens	Metazoa	1069	False
Q91XE4	Mus musculus	Metazoa	318	False
P18859	Homo sapiens	Metazoa	108	False
Q8NCN4	Homo sapiens	Metazoa	708	False
Q43117	Ricinus communis	Plants	583	False
B2RS91	Mus musculus	Metazoa	656	False
P14922	Saccharomyces cerevisiae (strain ATCC 204508 / S288c)	Fungi	966	False
Q9BWL3	Homo sapiens	Metazoa	253	True
Q96JY6	Homo sapiens	Metazoa	352	False
O43189	Homo sapiens	Metazoa	567	False
P12234	Bos taurus	Metazoa	362	True
Q9H2K2	Homo sapiens	Metazoa	1166	False
Q9C0E2	Homo sapiens	Metazoa	1151	False
Q8BVN3	Mus musculus	Metazoa	442	True
Q8NG31	Homo sapiens	Metazoa	2342	False
B2RQL2	Mus musculus	Metazoa	990	False
Q3SZC1	Bos taurus	Metazoa	217	False
O76932	Drosophila melanogaster	Metazoa	307	False
Q15306	Homo sapiens	Metazoa	451	False
Q7SCZ3	Neurospora crassa (strain ATCC 24698 / 74-OR23-1A / CBS 708.71 / DSM 1257 / FGSC 987)	Fungi	218	False
Q9WTW1	Rattus norvegicus	Metazoa	1043	False
P22953	Arabidopsis thaliana	Plants	651	False
Q0WPT7	Arabidopsis thaliana	Plants	352	False
P35550	Mus musculus	Metazoa	327	False
Q14807	Homo sapiens	Metazoa	665	False
Q13285	Homo sapiens	Metazoa	461	False
O96621	Dictyostelium discoideum	Other	392	False
Q39659	Cucumis sativus	Plants	725	False
Q96T21	Homo sapiens	Metazoa	854	False
Q12287	Saccharomyces cerevisiae (strain ATCC 204508 / S288c)	Fungi	69	False
P63167	Homo sapiens	Metazoa	89	False
Q9BTF0	Homo sapiens	Metazoa	503	False
O74518	Schizosaccharomyces pombe (strain 972 / ATCC 24843)	Fungi	336	False
Q8TD43	Homo sapiens	Metazoa	1214	False
Q02608	Saccharomyces cerevisiae (strain ATCC 204508 / S288c)	Fungi	121	False
P81062	Rattus norvegicus	Metazoa	302	False
Q9LD83	Arabidopsis thaliana	Plants	556	False
P51808	Homo sapiens	Metazoa	116	False
Q7K3D8	Drosophila melanogaster	Metazoa	433	False
Q9NY12	Homo sapiens	Metazoa	217	False
O97101	Dictyostelium discoideum	Other	1000	False
O94418	Schizosaccharomyces pombe (strain 972 / ATCC 24843)	Fungi	851	False
Q9Z0P4	Mus musculus	Metazoa	383	False
Q9SEU4	Arabidopsis thaliana	Plants	287	False
Q62264	Mus musculus	Metazoa	150	False
P84634	Arabidopsis thaliana	Plants	1702	False
P18581	Mus musculus	Metazoa	657	True
O15213	Homo sapiens	Metazoa	610	False
O74783	Schizosaccharomyces pombe (strain 972 / ATCC 24843)	Fungi	463	False
Q0J9Y2	Oryza sativa subsp. japonica	Plants	425	False
P62685	Homo sapiens	Metazoa	647	False
Q7TMD5	Rattus norvegicus	Metazoa	736	False
Q70G58	Oryza sativa subsp. japonica	Plants	515	False
Q8BKT7	Mus musculus	Metazoa	683	False
P42771	Homo sapiens	Metazoa	156	False
Q9UHB9	Homo sapiens	Metazoa	627	False
P05204	Homo sapiens	Metazoa	90	False
F4K410	Arabidopsis thaliana	Plants	675	False
Q9ZUU4	Arabidopsis thaliana	Plants	289	False
Q9UL54	Homo sapiens	Metazoa	1235	False
Q9UNQ0	Homo sapiens	Metazoa	655	False
P40008	Saccharomyces cerevisiae (strain ATCC 204508 / S288c)	Fungi	231	False
Q9JIP0	Rattus norvegicus	Metazoa	723	False
P83213	Bolinus brandaris	Metazoa	54	False
O13610	Schizosaccharomyces pombe (strain 972 / ATCC 24843)	Fungi	192	False
O74975	Schizosaccharomyces pombe (strain 972 / ATCC 24843)	Fungi	362	False
P97350	Mus musculus	Metazoa	728	False
Q8GZ87	Arabidopsis thaliana	Plants	664	False
P49720	Homo sapiens	Metazoa	205	False
Q03365	Sus scrofa	Metazoa	559	False
B2FDA8	Caenorhabditis elegans	Metazoa	1261	False
P47057	Saccharomyces cerevisiae (strain ATCC 204508 / S288c)	Fungi	423	False
Q9ASZ1	Arabidopsis thaliana	Plants	302	False
P54253	Homo sapiens	Metazoa	815	False
Q67UU9	Oryza sativa subsp. japonica	Plants	426	False
P38199	Saccharomyces cerevisiae (strain ATCC 204508 / S288c)	Fungi	381	False
Q9UJS0	Homo sapiens	Metazoa	675	False
Q9BRA0	Homo sapiens	Metazoa	125	False
Q0P5L8	Bos taurus	Metazoa	419	False
P90916	Caenorhabditis elegans	Metazoa	417	False
O81851	Arabidopsis thaliana	Plants	304	False
A0A161CFW5	Trypanosoma brucei brucei	Other	305	False
O74515	Schizosaccharomyces pombe (strain 972 / ATCC 24843)	Fungi	262	False
Q80Y84	Mus musculus	Metazoa	1544	False
Q99L02	Mus musculus	Metazoa	253	False
Q9GZX7	Homo sapiens	Metazoa	198	False
Q05816	Mus musculus	Metazoa	135	False
P22035	Saccharomyces cerevisiae (strain ATCC 204508 / S288c)	Fungi	811	False
P19975	Pisum sativum	Plants	253	False
P38797	Saccharomyces cerevisiae (strain ATCC 204508 / S288c)	Fungi	343	False
O77059	Drosophila melanogaster	Metazoa	542	False
P36523	Saccharomyces cerevisiae (strain ATCC 204508 / S288c)	Fungi	253	False
Q64536	Rattus norvegicus	Metazoa	407	False
O80845	Arabidopsis thaliana	Plants	236	False
P40818	Homo sapiens	Metazoa	1118	False
P93303	Arabidopsis thaliana	Plants	158	True
Q9SUA6	Arabidopsis thaliana	Plants	214	False
P11632	Saccharomyces cerevisiae (strain ATCC 204508 / S288c)	Fungi	93	False
Q60EX7	Oryza sativa subsp. japonica	Plants	1128	False
Q2QLV9	Oryza sativa subsp. japonica	Plants	398	False
O75521	Homo sapiens	Metazoa	394	False
Q9BRV3	Homo sapiens	Metazoa	221	True
Q9LTY1	Arabidopsis thaliana	Plants	726	False
Q8S9G8	Arabidopsis thaliana	Plants	801	False
Q9P1Z0	Homo sapiens	Metazoa	1013	False
Q9LES4	Arabidopsis thaliana	Plants	483	False
Q948J9	Arabidopsis thaliana	Plants	278	False
P17695	Saccharomyces cerevisiae (strain ATCC 204508 / S288c)	Fungi	143	False
O08674	Mus musculus	Metazoa	515	False
Q03188	Homo sapiens	Metazoa	943	False
Q9M0G9	Arabidopsis thaliana	Plants	680	False
Q5ZLR5	Gallus gallus	Metazoa	272	False
P53277	Saccharomyces cerevisiae (strain ATCC 204508 / S288c)	Fungi	215	False
P10415	Homo sapiens	Metazoa	239	False
P28877	Candida albicans	Fungi	895	False
Q12291	Saccharomyces cerevisiae (strain ATCC 204508 / S288c)	Fungi	365	False
Q13286	Homo sapiens	Metazoa	438	True
Q9SKK0	Arabidopsis thaliana	Plants	628	False
P09089	Drosophila melanogaster	Metazoa	353	False
Q99612	Homo sapiens	Metazoa	283	False
P56277	Homo sapiens	Metazoa	68	False
Q91WV7	Mus musculus	Metazoa	685	True
Q9NRM7	Homo sapiens	Metazoa	1088	False
Q8IVJ1	Homo sapiens	Metazoa	513	False
O88495	Mus musculus	Metazoa	591	True
D3ZJP6	Rattus norvegicus	Metazoa	2060	False
Q9LFN6	Arabidopsis thaliana	Plants	427	False
Q8I266	Plasmodium falciparum (isolate 3D7)	Other	1470	True
Q8BG36	Mus musculus	Metazoa	561	False
A3KMH1	Homo sapiens	Metazoa	1905	False
Q09838	Schizosaccharomyces pombe (strain 972 / ATCC 24843)	Fungi	681	False
Q9H307	Homo sapiens	Metazoa	717	False
O43255	Homo sapiens	Metazoa	324	False
D3ZNT6	Rattus norvegicus	Metazoa	361	False
Q8N7A1	Homo sapiens	Metazoa	406	False
Q9SJU4	Arabidopsis thaliana	Plants	399	False
O00841	Dictyostelium discoideum	Other	802	False
P30902	Saccharomyces cerevisiae (strain ATCC 204508 / S288c)	Fungi	174	False
Q925J9	Mus musculus	Metazoa	1575	False
P07255	Saccharomyces cerevisiae (strain ATCC 204508 / S288c)	Fungi	59	True
P01119	Saccharomyces cerevisiae (strain ATCC 204508 / S288c)	Fungi	309	False
Q9SZH4	Arabidopsis thaliana	Plants	495	False
Q15349	Homo sapiens	Metazoa	733	False
Q07139	Mus musculus	Metazoa	913	False
P00031	Macrobrachium malcolmsonii	Metazoa	105	False
Q15319	Homo sapiens	Metazoa	338	False
P56177	Homo sapiens	Metazoa	255	False
Q8BH52	Mus musculus	Metazoa	521	False
P51587	Homo sapiens	Metazoa	3418	False
P57088	Homo sapiens	Metazoa	247	True
Q80W99	Mus musculus	Metazoa	395	True
Q9SWG3	Arabidopsis thaliana	Plants	827	False
O23247	Arabidopsis thaliana	Plants	642	False
Q9SIW2	Arabidopsis thaliana	Plants	888	False
Q9SI37	Arabidopsis thaliana	Plants	487	False
Q9V3J4	Drosophila melanogaster	Metazoa	356	False
Q9Y7L8	Schizosaccharomyces pombe (strain 972 / ATCC 24843)	Fungi	292	False
P31321	Homo sapiens	Metazoa	381	False
Q14444	Homo sapiens	Metazoa	709	False
P47149	Saccharomyces cerevisiae (strain ATCC 204508 / S288c)	Fungi	201	False
Q63425	Rattus norvegicus	Metazoa	1383	False
Q9M0X9	Arabidopsis thaliana	Plants	544	False
O14842	Homo sapiens	Metazoa	300	True
Q7KU24	Drosophila melanogaster	Metazoa	1883	False
Q8IVL1	Homo sapiens	Metazoa	2488	False
P78963	Schizosaccharomyces pombe (strain 972 / ATCC 24843)	Fungi	625	False
Q07020	Homo sapiens	Metazoa	188	False
P38818	Saccharomyces cerevisiae (strain ATCC 204508 / S288c)	Fungi	585	False
Q9WVB3	Mus musculus	Metazoa	581	False
P33755	Saccharomyces cerevisiae (strain ATCC 204508 / S288c)	Fungi	580	False
P00289	Spinacia oleracea	Plants	168	False
Q969T4	Homo sapiens	Metazoa	207	False
P32874	Saccharomyces cerevisiae (strain ATCC 204508 / S288c)	Fungi	2273	False
Q6NXT2	Homo sapiens	Metazoa	135	False
P87052	Schizosaccharomyces pombe (strain 972 / ATCC 24843)	Fungi	344	False
Q9FEC1	Arabidopsis thaliana	Plants	172	False
P05504	Rattus norvegicus	Metazoa	226	True
Q16881	Homo sapiens	Metazoa	649	False
Q0VD83	Homo sapiens	Metazoa	1097	False
F4IZ80	Arabidopsis thaliana	Plants	124	False
P07484	Palmaria palmata	Other	97	False
Q95QD7	Caenorhabditis elegans	Metazoa	435	False
A0A125YQS6	Toxoplasma gondii (strain ATCC 50611 / Me49)	Other	566	True
Q14738	Homo sapiens	Metazoa	602	False
P02275	Triticum aestivum	Plants	146	False
Q8IXQ5	Homo sapiens	Metazoa	586	False
Q5SZA1	Mus musculus	Metazoa	478	False
Q07471	Saccharomyces cerevisiae (strain ATCC 204508 / S288c)	Fungi	609	False
P40467	Saccharomyces cerevisiae (strain ATCC 204508 / S288c)	Fungi	964	False
Q07688	Saccharomyces cerevisiae (strain ATCC 204508 / S288c)	Fungi	167	False
P0CT58	Schizosaccharomyces pombe (strain 972 / ATCC 24843)	Fungi	130	False
Q9ZPI5	Arabidopsis thaliana	Plants	725	False
Q9WVP6	Mus musculus	Metazoa	642	False
P43332	Drosophila melanogaster	Metazoa	216	False
Q9CQ54	Mus musculus	Metazoa	120	True
P03878	Saccharomyces cerevisiae (strain ATCC 204508 / S288c)	Fungi	556	False
F4IIM1	Arabidopsis thaliana	Plants	2150	False
Q7Z4V5	Homo sapiens	Metazoa	671	False
Q94C32	Arabidopsis thaliana	Plants	320	False
Q7SA60	Neurospora crassa (strain ATCC 24698 / 74-OR23-1A / CBS 708.71 / DSM 1257 / FGSC 987)	Fungi	228	False
P42283	Drosophila melanogaster	Metazoa	891	False
Q9LTR2	Arabidopsis thaliana	Plants	381	False
Q9SR62	Arabidopsis thaliana	Plants	309	False
Q80Z39	Rattus norvegicus	Metazoa	360	True
Q6UW78	Homo sapiens	Metazoa	93	True
O95425	Homo sapiens	Metazoa	2214	False
Q08274	Mus musculus	Metazoa	665	False
O15353	Homo sapiens	Metazoa	648	False
Q6IEY1	Homo sapiens	Metazoa	312	True
Q8SSG3	Encephalitozoon cuniculi (strain GB-M1)	Fungi	128	False
Q5JTH9	Homo sapiens	Metazoa	1297	False
O13722	Schizosaccharomyces pombe (strain 972 / ATCC 24843)	Fungi	450	False
P38691	Saccharomyces cerevisiae (strain ATCC 204508 / S288c)	Fungi	1029	False
P15056	Homo sapiens	Metazoa	766	False
Q10164	Schizosaccharomyces pombe (strain 972 / ATCC 24843)	Fungi	1275	False
P39749	Mus musculus	Metazoa	378	False
Q9DBU5	Mus musculus	Metazoa	667	False
P00415	Bos taurus	Metazoa	261	True
P63010	Homo sapiens	Metazoa	937	False
Q0D9C7	Oryza sativa subsp. japonica	Plants	419	False
O95847	Homo sapiens	Metazoa	323	True
Q06495	Homo sapiens	Metazoa	639	False
Q92355	Schizosaccharomyces pombe (strain 972 / ATCC 24843)	Fungi	1687	False
Q9D115	Mus musculus	Metazoa	76	False
P38856	Saccharomyces cerevisiae (strain ATCC 204508 / S288c)	Fungi	637	False
O35678	Mus musculus	Metazoa	303	False
Q3UCQ1	Mus musculus	Metazoa	651	False
Q7Z3Z4	Homo sapiens	Metazoa	852	False
P52960	Saccharomyces cerevisiae (strain ATCC 204508 / S288c)	Fungi	996	False
Q84JE8	Arabidopsis thaliana	Plants	694	False
P12344	Bos taurus	Metazoa	430	False
P52633	Mus musculus	Metazoa	837	False
Q9Y802	Schizosaccharomyces pombe (strain 972 / ATCC 24843)	Fungi	1000	False
Q5T6F0	Homo sapiens	Metazoa	453	False
Q9SYM2	Arabidopsis thaliana	Plants	299	False
Q9Y263	Homo sapiens	Metazoa	795	False
Q9ES74	Mus musculus	Metazoa	302	False
O60235	Homo sapiens	Metazoa	418	True
Q9URU2	Schizosaccharomyces pombe (strain 972 / ATCC 24843)	Fungi	1397	False
Q9H9T3	Homo sapiens	Metazoa	547	False
Q63959	Mus musculus	Metazoa	769	False
O14095	Schizosaccharomyces pombe (strain 972 / ATCC 24843)	Fungi	279	False
O75439	Homo sapiens	Metazoa	489	False
P13280	Oryctolagus cuniculus	Metazoa	333	False
Q9Y5T4	Homo sapiens	Metazoa	150	True
D4A2Y9	Rattus norvegicus	Metazoa	403	False
B9DHG0	Arabidopsis thaliana	Plants	301	True
Q3E747	Saccharomyces cerevisiae (strain ATCC 204508 / S288c)	Fungi	85	False
Q06AN9	Arabidopsis thaliana	Plants	717	False
O74942	Schizosaccharomyces pombe (strain 972 / ATCC 24843)	Fungi	610	False
Q9LES3	Arabidopsis thaliana	Plants	297	False
Q6Z6S1	Oryza sativa subsp. japonica	Plants	537	False
P63318	Mus musculus	Metazoa	697	False
P00014	Macropus giganteus	Metazoa	105	False
Q42525	Arabidopsis thaliana	Plants	496	True
Q9Z286	Rattus norvegicus	Metazoa	1608	False
Q5N712	Oryza sativa subsp. japonica	Plants	1286	False
Q9Y2D8	Homo sapiens	Metazoa	614	False
P55795	Homo sapiens	Metazoa	449	False
Q6NTS2	Xenopus laevis	Metazoa	90	False
O00411	Homo sapiens	Metazoa	1230	False
P15533	Mus musculus	Metazoa	496	False
P21665	Varanus varius	Metazoa	105	False
Q498T9	Rattus norvegicus	Metazoa	803	True
Q7YRU6	Oryctolagus cuniculus	Metazoa	1106	False
C0H4V6	Plasmodium falciparum (isolate 3D7)	Other	262	False
P40492	Saccharomyces cerevisiae (strain ATCC 204508 / S288c)	Fungi	516	False
Q96MP8	Homo sapiens	Metazoa	289	False
Q384Y1	Trypanosoma brucei brucei (strain 927/4 GUTat10.1)	Other	929	False
Q80VL3	Mus musculus	Metazoa	624	False
P47821	Saccharomyces cerevisiae (strain ATCC 204508 / S288c)	Fungi	323	False
Q9UIL1	Homo sapiens	Metazoa	159	False
Q8SAB7	Arabidopsis thaliana	Plants	1830	False
Q9XZS8	Drosophila melanogaster	Metazoa	613	False
Q9NTG7	Homo sapiens	Metazoa	399	False
Q9WUD2	Rattus norvegicus	Metazoa	761	False
Q8TED0	Homo sapiens	Metazoa	518	False
Q9ZW34	Arabidopsis thaliana	Plants	475	False
P09632	Mus musculus	Metazoa	243	False
Q9SCY5	Arabidopsis thaliana	Plants	289	False
Q8R1B8	Mus musculus	Metazoa	470	False
P32372	Schizosaccharomyces pombe (strain 972 / ATCC 24843)	Fungi	648	False
O75030	Homo sapiens	Metazoa	526	False
O42855	Schizosaccharomyces pombe (strain 972 / ATCC 24843)	Fungi	303	False
P61759	Mus musculus	Metazoa	196	False
P47035	Saccharomyces cerevisiae (strain ATCC 204508 / S288c)	Fungi	1189	False
P25621	Saccharomyces cerevisiae (strain ATCC 204508 / S288c)	Fungi	512	True
B2ZZS9	Oryzias latipes	Metazoa	400	False
Q8S4F6	Arabidopsis thaliana	Plants	510	False
Q8N6L0	Homo sapiens	Metazoa	562	False
Q0JHU5	Oryza sativa subsp. japonica	Plants	159	False
Q1EHW4	Mus musculus	Metazoa	186	False
Q63943	Mus musculus	Metazoa	514	False
P46681	Saccharomyces cerevisiae (strain ATCC 204508 / S288c)	Fungi	530	False
P07195	Homo sapiens	Metazoa	334	False
D3Z7P3	Mus musculus	Metazoa	674	False
P38751	Saccharomyces cerevisiae (strain ATCC 204508 / S288c)	Fungi	150	False
B9DFG3	Arabidopsis thaliana	Plants	1171	False
P81909	Drosophila melanogaster	Metazoa	397	True
O80528	Arabidopsis thaliana	Plants	599	False
Q6ZN18	Homo sapiens	Metazoa	517	False
P40047	Saccharomyces cerevisiae (strain ATCC 204508 / S288c)	Fungi	520	False
W5PSH7	Ovis aries	Metazoa	305	True
O96759	Dictyostelium discoideum	Other	611	False
O80988	Arabidopsis thaliana	Plants	1044	False
O59669	Schizosaccharomyces pombe (strain 972 / ATCC 24843)	Fungi	139	False
O00294	Homo sapiens	Metazoa	542	False
P53720	Saccharomyces cerevisiae (strain ATCC 204508 / S288c)	Fungi	384	False
P53264	Saccharomyces cerevisiae (strain ATCC 204508 / S288c)	Fungi	445	False
P10119	Oryctolagus cuniculus	Metazoa	50	False
Q32KD2	Drosophila melanogaster	Metazoa	1262	False
Q9UTR8	Schizosaccharomyces pombe (strain 972 / ATCC 24843)	Fungi	712	False
Q9FJW5	Arabidopsis thaliana	Plants	299	False
B0V1P1	Danio rerio	Metazoa	326	True
A0A0R0IHP4	Glycine max	Plants	248	False
Q13123	Homo sapiens	Metazoa	557	False
Q9ES40	Rattus norvegicus	Metazoa	188	True
Q6Z156	Oryza sativa subsp. japonica	Plants	426	False
O60783	Homo sapiens	Metazoa	128	False
Q8GZM7	Arabidopsis thaliana	Plants	478	False
Q7RTV3	Homo sapiens	Metazoa	350	False
Q9R155	Mus musculus	Metazoa	780	True
O82261	Arabidopsis thaliana	Plants	607	False
O97859	Bos taurus	Metazoa	428	False
Q9SYW8	Arabidopsis thaliana	Plants	257	False
Q60749	Mus musculus	Metazoa	443	False
Q8VC49	Mus musculus	Metazoa	283	False
Q9SFV2	Arabidopsis thaliana	Plants	320	False
P38140	Saccharomyces cerevisiae (strain ATCC 204508 / S288c)	Fungi	529	False
Q9EP97	Mus musculus	Metazoa	568	False
P07305	Homo sapiens	Metazoa	194	False
P06786	Saccharomyces cerevisiae (strain ATCC 204508 / S288c)	Fungi	1428	False
Q67ZB6	Arabidopsis thaliana	Plants	462	False
P22734	Rattus norvegicus	Metazoa	264	True
P31334	Saccharomyces cerevisiae (strain ATCC 204508 / S288c)	Fungi	269	False
P16522	Saccharomyces cerevisiae (strain ATCC 204508 / S288c)	Fungi	626	False
Q12509	Saccharomyces cerevisiae (strain ATCC 204508 / S288c)	Fungi	438	False
Q9I869	Xenopus laevis	Metazoa	651	False
Q9BSF8	Homo sapiens	Metazoa	475	False
Q5F4K8	Pinus pinaster	Plants	492	False
Q8VI64	Mus musculus	Metazoa	283	True
P33418	Saccharomyces cerevisiae (strain ATCC 204508 / S288c)	Fungi	1100	False
Q5KQI6	Oryza sativa subsp. japonica	Plants	254	False
Q923W1	Mus musculus	Metazoa	853	False
P16333	Homo sapiens	Metazoa	377	False
Q39055	Arabidopsis thaliana	Plants	390	False
A0A1S4FPC9	Aedes aegypti	Metazoa	3364	False
Q9NZI7	Homo sapiens	Metazoa	540	False
Q5NCM1	Mus musculus	Metazoa	492	False
Q9UQD0	Homo sapiens	Metazoa	1980	False
Q9VCC0	Drosophila melanogaster	Metazoa	354	False
O43812	Homo sapiens	Metazoa	170	False
Q14686	Homo sapiens	Metazoa	2063	False
Q9Y2T6	Homo sapiens	Metazoa	319	True
Q6WVG3	Mus musculus	Metazoa	327	False
Q7LDI9	Homo sapiens	Metazoa	666	False
Q6PGG6	Mus musculus	Metazoa	577	False
Q52KE7	Mus musculus	Metazoa	532	False
Q9H8H2	Homo sapiens	Metazoa	851	False
P40416	Saccharomyces cerevisiae (strain ATCC 204508 / S288c)	Fungi	690	False
Q9UA41	Dictyostelium discoideum	Other	174	False
A0A5F8MPU3	Mus musculus	Metazoa	2282	False
O08966	Mus musculus	Metazoa	556	True
Q8LEA8	Arabidopsis thaliana	Plants	336	False
P87889	Homo sapiens	Metazoa	666	False
P43558	Saccharomyces cerevisiae (strain ATCC 204508 / S288c)	Fungi	301	False
Q9LEF5	Zea mays	Plants	639	False
Q9UTR9	Schizosaccharomyces pombe (strain 972 / ATCC 24843)	Fungi	368	False
Q9Z0W5	Rattus norvegicus	Metazoa	441	False
Q9LW88	Arabidopsis thaliana	Plants	465	False
P61266	Homo sapiens	Metazoa	288	False
Q86UT6	Homo sapiens	Metazoa	975	False
Q9FNJ9	Arabidopsis thaliana	Plants	482	False
Q62924	Rattus norvegicus	Metazoa	1129	False
P70658	Mus musculus	Metazoa	359	True
P42226	Homo sapiens	Metazoa	847	False
Q8LFC0	Arabidopsis thaliana	Plants	367	False
P32354	Saccharomyces cerevisiae (strain ATCC 204508 / S288c)	Fungi	571	False
Q9NR21	Homo sapiens	Metazoa	338	False
Q9Y3F4	Homo sapiens	Metazoa	350	False
Q91VJ1	Mus musculus	Metazoa	354	False
Q13621	Homo sapiens	Metazoa	1099	False
P97473	Mus musculus	Metazoa	365	False
A0A509AQJ1	Plasmodium berghei (strain Anka)	Other	1340	False
Q99990	Homo sapiens	Metazoa	258	False
Q9LU10	Arabidopsis thaliana	Plants	448	False
Q8I1X7	Plasmodium falciparum (isolate 3D7)	Other	579	False
Q7X8R0	Oryza sativa subsp. japonica	Plants	464	False
O54781	Mus musculus	Metazoa	681	False
P05725	Chlamydomonas reinhardtii	Plants	163	False
Q96KK5	Homo sapiens	Metazoa	128	False
P30803	Canis lupus familiaris	Metazoa	1265	False
P0CC03	Mus musculus	Metazoa	303	False
Q9WV69	Mus musculus	Metazoa	405	False
Q9H0M0	Homo sapiens	Metazoa	922	False
P32626	Saccharomyces cerevisiae (strain ATCC 204508 / S288c)	Fungi	227	False
Q9CQ69	Mus musculus	Metazoa	82	True
P00072	Fagopyrum esculentum	Plants	111	False
Q8IUX1	Homo sapiens	Metazoa	230	True
F1QG30	Danio rerio	Metazoa	545	True
P00517	Bos taurus	Metazoa	351	False
Q86BY9	Drosophila melanogaster	Metazoa	1235	False
O74845	Schizosaccharomyces pombe (strain 972 / ATCC 24843)	Fungi	564	False
Q68CK6	Homo sapiens	Metazoa	577	False
Q6DFW0	Mus musculus	Metazoa	481	False
Q8WVC0	Homo sapiens	Metazoa	666	False
Q6NYC1	Homo sapiens	Metazoa	403	False
P42055	Solanum tuberosum	Plants	276	False
Q9LRB7	Oryza sativa subsp. japonica	Plants	325	True
P39108	Saccharomyces cerevisiae (strain ATCC 204508 / S288c)	Fungi	375	False
Q7SGE5	Neurospora crassa (strain ATCC 24698 / 74-OR23-1A / CBS 708.71 / DSM 1257 / FGSC 987)	Fungi	217	False
Q9V4P1	Drosophila melanogaster	Metazoa	1239	False
Q9NPI1	Homo sapiens	Metazoa	651	False
Q67XX3	Arabidopsis thaliana	Plants	502	False
H0YL14	Homo sapiens	Metazoa	139	True
Q9UM63	Homo sapiens	Metazoa	463	False
O75478	Homo sapiens	Metazoa	443	False
O60885	Homo sapiens	Metazoa	1362	False
Q9BUA3	Homo sapiens	Metazoa	381	False
P23965	Rattus norvegicus	Metazoa	289	False
P54841	Mus musculus	Metazoa	323	False
Q921C3	Mus musculus	Metazoa	2304	False
Q9UKY1	Homo sapiens	Metazoa	873	False
Q03220	Saccharomyces cerevisiae (strain ATCC 204508 / S288c)	Fungi	320	False
O13829	Schizosaccharomyces pombe (strain 972 / ATCC 24843)	Fungi	261	False
P97450	Mus musculus	Metazoa	108	False
Q96AP4	Homo sapiens	Metazoa	578	False
Q8K330	Mus musculus	Metazoa	649	False
Q99743	Homo sapiens	Metazoa	824	False
P12333	Spinacia oleracea	Plants	267	False
Q9M8S7	Arabidopsis thaliana	Plants	313	False
A0A2H1A5W4	Candidozyma auris	Fungi	679	False
Q9Z1P6	Mus musculus	Metazoa	113	False
Q94FZ9	Brassica campestris	Plants	327	False
Q50L36	Populus alba	Plants	595	False
Q0DRX6	Oryza sativa subsp. japonica	Plants	902	False
P21396	Rattus norvegicus	Metazoa	526	False
Q3MIE4	Rattus norvegicus	Metazoa	404	False
Q91VN1	Mus musculus	Metazoa	368	False
O49595	Arabidopsis thaliana	Plants	178	False
O14113	Schizosaccharomyces pombe (strain 972 / ATCC 24843)	Fungi	263	False
Q9LY99	Arabidopsis thaliana	Plants	249	True
O43058	Schizosaccharomyces pombe (strain 972 / ATCC 24843)	Fungi	663	False
Q7SD06	Neurospora crassa (strain ATCC 24698 / 74-OR23-1A / CBS 708.71 / DSM 1257 / FGSC 987)	Fungi	469	False
Q9ZR03	Arabidopsis thaliana	Plants	229	True
Q6P9B9	Homo sapiens	Metazoa	1019	False
Q05166	Saccharomyces cerevisiae (strain ATCC 204508 / S288c)	Fungi	528	False
O82734	Arabidopsis thaliana	Plants	324	False
Q05934	Saccharomyces cerevisiae (strain ATCC 204508 / S288c)	Fungi	901	False
Q9HBH1	Homo sapiens	Metazoa	243	False
O04951	Arabidopsis thaliana	Plants	307	False
Q09858	Schizosaccharomyces pombe (strain 972 / ATCC 24843)	Fungi	205	False
Q9Y6E7	Homo sapiens	Metazoa	314	False
Q9V6U9	Drosophila melanogaster	Metazoa	357	False
Q96B26	Homo sapiens	Metazoa	276	False
Q8VCX5	Mus musculus	Metazoa	477	False
G8B839	Candida parapsilosis (strain CDC 317 / ATCC MYA-4646)	Fungi	266	False
Q5QD04	Mus musculus	Metazoa	348	True
Q05648	Saccharomyces cerevisiae (strain ATCC 204508 / S288c)	Fungi	414	False
Q8C0X2	Mus musculus	Metazoa	565	False
Q96RG2	Homo sapiens	Metazoa	1323	False
P06509	Spinacia oleracea	Plants	272	False
Q8C624	Mus musculus	Metazoa	132	False
Q22100	Caenorhabditis elegans	Metazoa	407	False
P40079	Saccharomyces cerevisiae (strain ATCC 204508 / S288c)	Fungi	357	False
Q8JZU0	Mus musculus	Metazoa	352	False
Q15637	Homo sapiens	Metazoa	639	False
O43324	Homo sapiens	Metazoa	174	False
Q6P926	Mus musculus	Metazoa	205	False
Q06632	Saccharomyces cerevisiae (strain ATCC 204508 / S288c)	Fungi	1357	False
P46970	Saccharomyces cerevisiae (strain ATCC 204508 / S288c)	Fungi	1048	False
Q9DAQ9	Mus musculus	Metazoa	154	False
Q9NVU0	Homo sapiens	Metazoa	708	False
Q9N2I8	Bos taurus	Metazoa	511	False
Q8GY65	Arabidopsis thaliana	Plants	343	False
Q9QZL0	Mus musculus	Metazoa	486	False
P38705	Saccharomyces cerevisiae (strain ATCC 204508 / S288c)	Fungi	446	False
Q6A037	Mus musculus	Metazoa	893	False
O08878	Rattus norvegicus	Metazoa	375	True
Q7Z6G3	Homo sapiens	Metazoa	386	False
P62316	Homo sapiens	Metazoa	118	False
Q9M001	Arabidopsis thaliana	Plants	399	False
Q9WVC3	Mus musculus	Metazoa	162	False
Q9NZ71	Homo sapiens	Metazoa	1219	False
Q7ZTP2	Xenopus laevis	Metazoa	394	False
P36614	Schizosaccharomyces pombe (strain 972 / ATCC 24843)	Fungi	305	False
Q6K9N1	Oryza sativa subsp. japonica	Plants	463	False
P42866	Mus musculus	Metazoa	398	True
Q9BQ52	Homo sapiens	Metazoa	826	False
P54401	Entamoeba histolytica (strain ATCC 30459 / HM-1:IMSS / ABRM)	Other	452	False
P36525	Saccharomyces cerevisiae (strain ATCC 204508 / S288c)	Fungi	258	False
Q92207	Candida albicans (strain SC5314 / ATCC MYA-2876)	Fungi	377	False
Q8TD26	Homo sapiens	Metazoa	2715	False
P62304	Homo sapiens	Metazoa	92	False
O60755	Homo sapiens	Metazoa	368	True
Q8VDN2	Mus musculus	Metazoa	1023	False
A1Z9J4	Drosophila melanogaster	Metazoa	217	False
Q9Y5J3	Homo sapiens	Metazoa	304	False
O54697	Rattus norvegicus	Metazoa	745	True
Q9FNY0	Arabidopsis thaliana	Plants	485	False
P38193	Saccharomyces cerevisiae (strain ATCC 204508 / S288c)	Fungi	441	False
P00856	Saccharomyces cerevisiae (strain ATCC 204508 / S288c)	Fungi	48	True
Q12093	Saccharomyces cerevisiae (strain ATCC 204508 / S288c)	Fungi	417	False
Q13164	Homo sapiens	Metazoa	816	False
O74833	Schizosaccharomyces pombe (strain 972 / ATCC 24843)	Fungi	913	False
Q9HCU9	Homo sapiens	Metazoa	246	False
Q5XVF0	Arabidopsis thaliana	Plants	666	False
F4INA9	Arabidopsis thaliana	Plants	973	False
Q9LQI7	Arabidopsis thaliana	Plants	227	False
Q9I8A3	Xenopus laevis	Metazoa	294	False
Q9LHJ3	Arabidopsis thaliana	Plants	72	True
P36121	Saccharomyces cerevisiae (strain ATCC 204508 / S288c)	Fungi	282	False
Q9QZS8	Mus musculus	Metazoa	854	False
Q22227	Caenorhabditis elegans	Metazoa	672	False
Q922R5	Mus musculus	Metazoa	820	False
Q9UJX3	Homo sapiens	Metazoa	565	False
Q94ID3	Arabidopsis thaliana	Plants	357	False
Q10587	Homo sapiens	Metazoa	303	False
Q5VUA4	Homo sapiens	Metazoa	2279	False
Q804Q5	Danio rerio	Metazoa	430	False
Q8GSM3	Hordeum vulgare	Plants	932	False
O88667	Mus musculus	Metazoa	308	False
P52301	Xenopus laevis	Metazoa	216	False
Q15847	Homo sapiens	Metazoa	76	False
Q9HDW8	Schizosaccharomyces pombe (strain 972 / ATCC 24843)	Fungi	146	False
P51122	Bos taurus	Metazoa	249	False
P51140	Drosophila melanogaster	Metazoa	623	False
O59836	Schizosaccharomyces pombe (strain 972 / ATCC 24843)	Fungi	545	False
Q873E4	Neurospora crassa (strain ATCC 24698 / 74-OR23-1A / CBS 708.71 / DSM 1257 / FGSC 987)	Fungi	240	False
Q90Z72	Gallus gallus	Metazoa	458	False
Q12204	Saccharomyces cerevisiae (strain ATCC 204508 / S288c)	Fungi	715	False
P38210	Saccharomyces cerevisiae (strain ATCC 204508 / S288c)	Fungi	180	False
P02264	Oncorhynchus mykiss	Metazoa	128	False
Q949Q5	Arabidopsis thaliana	Plants	140	True
Q60636	Mus musculus	Metazoa	856	False
P54074	Saccharomyces cerevisiae (strain ATCC 204508 / S288c)	Fungi	624	True
Q7Z7C8	Homo sapiens	Metazoa	310	False
Q9SUP6	Arabidopsis thaliana	Plants	324	False
Q3KRC6	Rattus norvegicus	Metazoa	795	True
Q9JM15	Rattus norvegicus	Metazoa	485	True
Q9USZ6	Schizosaccharomyces pombe (strain 972 / ATCC 24843)	Fungi	241	False
Q9NRN9	Homo sapiens	Metazoa	209	False
P32335	Saccharomyces cerevisiae (strain ATCC 204508 / S288c)	Fungi	436	False
B8ARK7	Oryza sativa subsp. indica	Plants	483	False
Q0VG06	Homo sapiens	Metazoa	881	False
Q3E7Y6	Saccharomyces cerevisiae (strain ATCC 204508 / S288c)	Fungi	73	False
Q9M548	Arabidopsis thaliana	Plants	626	False
O43772	Homo sapiens	Metazoa	301	True
P00367	Homo sapiens	Metazoa	558	False
P47709	Rattus norvegicus	Metazoa	684	False
Q7TPV4	Mus musculus	Metazoa	1344	False
P07332	Homo sapiens	Metazoa	822	False
Q08357	Homo sapiens	Metazoa	652	True
Q80Z64	Mus musculus	Metazoa	305	False
O60313	Homo sapiens	Metazoa	960	False
P35062	Gallus gallus	Metazoa	129	False
Q96GN5	Homo sapiens	Metazoa	454	False
O13898	Schizosaccharomyces pombe (strain 972 / ATCC 24843)	Fungi	893	True
Q6IVV8	Danio rerio	Metazoa	904	False
Q39033	Arabidopsis thaliana	Plants	581	False
Q9FJN9	Arabidopsis thaliana	Plants	220	False
Q9ASS2	Arabidopsis thaliana	Plants	601	False
Q9USM4	Schizosaccharomyces pombe (strain 972 / ATCC 24843)	Fungi	264	False
Q15796	Homo sapiens	Metazoa	467	False
Q9SAF6	Arabidopsis thaliana	Plants	1128	False
Q8R4I4	Mus musculus	Metazoa	468	False
P09595	Spinacia oleracea	Plants	218	False
P47825	Drosophila melanogaster	Metazoa	921	False
P28776	Mus musculus	Metazoa	407	False
Q08421	Saccharomyces cerevisiae (strain ATCC 204508 / S288c)	Fungi	412	False
I1RC73	Gibberella zeae (strain ATCC MYA-4620 / CBS 123657 / FGSC 9075 / NRRL 31084 / PH-1)	Fungi	492	False
P35396	Mus musculus	Metazoa	440	False
P58295	Rattus norvegicus	Metazoa	799	False
P00300	Scenedesmus fuscus	Plants	98	False
Q9JJL3	Mus musculus	Metazoa	689	True
P02263	Gallus gallus	Metazoa	129	False
Q13177	Homo sapiens	Metazoa	524	False
Q9CZW6	Mus musculus	Metazoa	359	False
Q63707	Rattus norvegicus	Metazoa	395	True
P61092	Mus musculus	Metazoa	282	False
Q7RX40	Neurospora crassa (strain ATCC 24698 / 74-OR23-1A / CBS 708.71 / DSM 1257 / FGSC 987)	Fungi	158	False
P38782	Saccharomyces cerevisiae (strain ATCC 204508 / S288c)	Fungi	295	False
Q9LMN4	Arabidopsis thaliana	Plants	97	False
Q13418	Homo sapiens	Metazoa	452	False
P30757	Sipunculus nudus	Metazoa	123	False
P43286	Arabidopsis thaliana	Plants	287	True
Q91V14	Mus musculus	Metazoa	1138	False
P24343	Gallus gallus	Metazoa	266	False
Q9Y0B7	Dictyostelium discoideum	Other	305	False
Q57X81	Trypanosoma brucei brucei (strain 927/4 GUTat10.1)	Other	1077	False
Q60775	Mus musculus	Metazoa	612	False
Q717R9	Homo sapiens	Metazoa	158	False
Q6DE87	Xenopus laevis	Metazoa	474	False
Q9ES73	Rattus norvegicus	Metazoa	775	False
P24783	Saccharomyces cerevisiae (strain ATCC 204508 / S288c)	Fungi	546	False
P49207	Homo sapiens	Metazoa	117	False
Q5T9A4	Homo sapiens	Metazoa	648	False
P55263	Homo sapiens	Metazoa	362	False
P00257	Bos taurus	Metazoa	186	False
P46943	Saccharomyces cerevisiae (strain ATCC 204508 / S288c)	Fungi	645	False
Q06163	Saccharomyces cerevisiae (strain ATCC 204508 / S288c)	Fungi	884	False
Q5XK83	Xenopus laevis	Metazoa	858	False
P40090	Saccharomyces cerevisiae (strain ATCC 204508 / S288c)	Fungi	624	False
Q8IY37	Homo sapiens	Metazoa	1157	False
P28147	Arabidopsis thaliana	Plants	200	False
Q96C36	Homo sapiens	Metazoa	320	False
Q6NT76	Homo sapiens	Metazoa	420	False
P49334	Saccharomyces cerevisiae (strain ATCC 204508 / S288c)	Fungi	152	False
Q9BY77	Homo sapiens	Metazoa	421	False
P54657	Dictyostelium discoideum	Other	213	False
P25582	Saccharomyces cerevisiae (strain ATCC 204508 / S288c)	Fungi	841	False
O94956	Homo sapiens	Metazoa	709	True
P49454	Homo sapiens	Metazoa	3114	False
Q767K8	Sus scrofa	Metazoa	258	False
J9VF33	Cryptococcus neoformans var. grubii serotype A (strain H99 / ATCC 208821 / CBS 10515 / FGSC 9487)	Fungi	1408	False
Q9ULP9	Homo sapiens	Metazoa	559	False
P38482	Chlamydomonas reinhardtii	Plants	574	False
Q6IB77	Homo sapiens	Metazoa	296	False
P04143	Rattus norvegicus	Metazoa	150	False
Q99549	Homo sapiens	Metazoa	860	False
Q60953	Mus musculus	Metazoa	885	False
P38919	Homo sapiens	Metazoa	411	False
Q18616	Caenorhabditis elegans	Metazoa	537	False
Q9V460	Drosophila melanogaster	Metazoa	1078	False
P57744	Saccharomyces cerevisiae (strain ATCC 204508 / S288c)	Fungi	87	False
Q43386	Arabidopsis thaliana	Plants	204	False
Q14699	Homo sapiens	Metazoa	578	False
Q9NVI1	Homo sapiens	Metazoa	1328	False
Q09961	Caenorhabditis elegans	Metazoa	148	False
O14044	Schizosaccharomyces pombe (strain 972 / ATCC 24843)	Fungi	241	False
P42680	Homo sapiens	Metazoa	631	False
Q04863	Mus musculus	Metazoa	558	False
Q42512	Arabidopsis thaliana	Plants	139	False
Q69ZQ1	Mus musculus	Metazoa	716	True
Q96MG7	Homo sapiens	Metazoa	304	False
P42231	Ovis aries	Metazoa	794	False
Q9WTW5	Mus musculus	Metazoa	551	True
Q9STY4	Arabidopsis thaliana	Plants	599	False
Q9SF86	Arabidopsis thaliana	Plants	418	False
Q9Y6K1	Homo sapiens	Metazoa	912	False
Q9H221	Homo sapiens	Metazoa	673	False
Q6IPR1	Homo sapiens	Metazoa	90	False
Q9LVG4	Arabidopsis thaliana	Plants	495	False
Q09591	Caenorhabditis elegans	Metazoa	1244	False
Q9BZR9	Homo sapiens	Metazoa	551	False
P13574	Saccharomyces cerevisiae (strain ATCC 204508 / S288c)	Fungi	688	False
Q9M9V6	Arabidopsis thaliana	Plants	562	False
Q6T938	Danio rerio	Metazoa	355	False
G5EDE2	Caenorhabditis elegans	Metazoa	175	False
Q8R0N6	Mus musculus	Metazoa	465	False
P38777	Saccharomyces cerevisiae (strain ATCC 204508 / S288c)	Fungi	243	False
Q9UJ83	Homo sapiens	Metazoa	578	False
O75530	Homo sapiens	Metazoa	441	False
O13684	Schizosaccharomyces pombe (strain 972 / ATCC 24843)	Fungi	261	False
Q9NP98	Homo sapiens	Metazoa	299	False
Q8BG07	Mus musculus	Metazoa	503	True
Q9Z0J5	Rattus norvegicus	Metazoa	526	False
Q9T6H8	Arabidopsis thaliana	Plants	382	True
Q9XVS8	Caenorhabditis elegans	Metazoa	405	False
Q8IY57	Homo sapiens	Metazoa	180	False
Q9D074	Mus musculus	Metazoa	532	False
Q8WTT2	Homo sapiens	Metazoa	800	False
Q9NPG3	Homo sapiens	Metazoa	1134	False
Q5NCS9	Mus musculus	Metazoa	454	True
I3W9F7	Rhizophagus irregularis	Fungi	316	True
P35125	Homo sapiens	Metazoa	1406	False
Q04231	Saccharomyces cerevisiae (strain ATCC 204508 / S288c)	Fungi	177	False
P53920	Saccharomyces cerevisiae (strain ATCC 204508 / S288c)	Fungi	997	False
P62314	Homo sapiens	Metazoa	119	False
P00403	Homo sapiens	Metazoa	227	True
Q9CXW3	Mus musculus	Metazoa	229	False
Q8TD19	Homo sapiens	Metazoa	979	False
Q9H6R0	Homo sapiens	Metazoa	707	False
Q15477	Homo sapiens	Metazoa	1246	False
Q9XVS4	Caenorhabditis elegans	Metazoa	971	False
Q9ZQS5	Cyanidium caldarium	Other	154	False
P28159	Drosophila melanogaster	Metazoa	594	False
O49429	Arabidopsis thaliana	Plants	419	False
Q9Y530	Homo sapiens	Metazoa	152	False
Q8BJS4	Mus musculus	Metazoa	731	False
Q9UNN4	Homo sapiens	Metazoa	478	False
P08529	Zea mays	Plants	123	False
Q8R1S9	Mus musculus	Metazoa	547	False
P10771	Caenorhabditis elegans	Metazoa	208	False
P30302	Arabidopsis thaliana	Plants	285	True
Q08752	Homo sapiens	Metazoa	370	False
P02256	Parechinus angulosus	Metazoa	248	False
Q9FNI1	Arabidopsis thaliana	Plants	122	False
Q9LK29	Arabidopsis thaliana	Plants	307	False
P43252	Mus musculus	Metazoa	415	True
Q9XXK1	Caenorhabditis elegans	Metazoa	538	False
P32570	Saccharomyces cerevisiae (strain ATCC 204508 / S288c)	Fungi	121	False
Q940L4	Arabidopsis thaliana	Plants	649	False
P83526	Nicotiana tabacum	Plants	97	False
Q9UTQ8	Schizosaccharomyces pombe (strain 972 / ATCC 24843)	Fungi	339	False
O82796	Arabidopsis thaliana	Plants	295	False
Q9LPV5	Arabidopsis thaliana	Plants	502	True
P38816	Saccharomyces cerevisiae (strain ATCC 204508 / S288c)	Fungi	342	False
Q1W6H9	Homo sapiens	Metazoa	321	False
Q944G9	Arabidopsis thaliana	Plants	398	False
Q1K6P0	Neurospora crassa (strain ATCC 24698 / 74-OR23-1A / CBS 708.71 / DSM 1257 / FGSC 987)	Fungi	352	False
Q7SG49	Neurospora crassa (strain ATCC 24698 / 74-OR23-1A / CBS 708.71 / DSM 1257 / FGSC 987)	Fungi	414	False
O60094	Schizosaccharomyces pombe (strain 972 / ATCC 24843)	Fungi	959	False
O94621	Schizosaccharomyces pombe (strain 972 / ATCC 24843)	Fungi	365	False
Q6ATB4	Oryza sativa subsp. japonica	Plants	583	False
Q8BMD2	Mus musculus	Metazoa	852	False
Q05635	Saccharomyces cerevisiae (strain ATCC 204508 / S288c)	Fungi	350	False
Q8LB02	Arabidopsis thaliana	Plants	280	False
Q9QZ85	Mus musculus	Metazoa	413	False
O74808	Schizosaccharomyces pombe (strain 972 / ATCC 24843)	Fungi	1238	False
Q9BYC8	Homo sapiens	Metazoa	188	False
P09016	Homo sapiens	Metazoa	255	False
Q96G91	Homo sapiens	Metazoa	374	True
Q7RYL4	Neurospora crassa (strain ATCC 24698 / 74-OR23-1A / CBS 708.71 / DSM 1257 / FGSC 987)	Fungi	268	False
P92949	Arabidopsis thaliana	Plants	725	True
Q9C7A2	Arabidopsis thaliana	Plants	590	False
Q8NDX1	Homo sapiens	Metazoa	1056	False
P09086	Homo sapiens	Metazoa	479	False
P22216	Saccharomyces cerevisiae (strain ATCC 204508 / S288c)	Fungi	821	False
P70210	Mus musculus	Metazoa	439	False
C4M1E4	Entamoeba histolytica (strain ATCC 30459 / HM-1:IMSS / ABRM)	Other	1153	False
Q9D385	Mus musculus	Metazoa	163	False
P38812	Saccharomyces cerevisiae (strain ATCC 204508 / S288c)	Fungi	185	False
P14284	Saccharomyces cerevisiae (strain ATCC 204508 / S288c)	Fungi	1504	False
O64759	Arabidopsis thaliana	Plants	569	True
P06239	Homo sapiens	Metazoa	509	False
P37234	Xenopus laevis	Metazoa	477	False
Q93V85	Arabidopsis thaliana	Plants	417	False
Q00381	Saccharomyces cerevisiae (strain ATCC 204508 / S288c)	Fungi	147	False
Q8H1D6	Arabidopsis thaliana	Plants	467	False
Q9UKL3	Homo sapiens	Metazoa	1982	False
Q7Z403	Homo sapiens	Metazoa	805	False
Q91Y77	Rattus norvegicus	Metazoa	514	True
P78811	Schizosaccharomyces pombe (strain 972 / ATCC 24843)	Fungi	506	False
Q9NRY7	Homo sapiens	Metazoa	297	False
Q9LYE4	Arabidopsis thaliana	Plants	344	False
O35942	Mus musculus	Metazoa	443	False
Q96N77	Homo sapiens	Metazoa	438	False
P82715	Arabidopsis thaliana	Plants	297	False
O04294	Arabidopsis thaliana	Plants	531	False
Q0JA81	Oryza sativa subsp. japonica	Plants	819	False
P04117	Mus musculus	Metazoa	132	False
Q16774	Homo sapiens	Metazoa	197	False
P53294	Saccharomyces cerevisiae (strain ATCC 204508 / S288c)	Fungi	404	False
Q8NDL9	Homo sapiens	Metazoa	886	False
P10790	Bos taurus	Metazoa	133	False
Q5SWZ9	Mus musculus	Metazoa	221	True
Q13490	Homo sapiens	Metazoa	618	False
Q8WVM0	Homo sapiens	Metazoa	346	False
Q00899	Mus musculus	Metazoa	414	False
Q80XF7	Rattus norvegicus	Metazoa	440	True
Q96DY5	Mus musculus	Metazoa	654	False
Q8RWS4	Arabidopsis thaliana	Plants	444	False
Q8W117	Arabidopsis thaliana	Plants	511	False
Q8IMZ9	Drosophila melanogaster	Metazoa	853	False
Q98867	Danio rerio	Metazoa	427	False
H1AFJ5	Neoceratodus forsteri	Metazoa	655	True
Q6PI79	Xenopus laevis	Metazoa	136	False
Q84JU4	Arabidopsis thaliana	Plants	257	False
P93025	Arabidopsis thaliana	Plants	915	False
Q9P3B2	Schizosaccharomyces pombe (strain 972 / ATCC 24843)	Fungi	242	True
Q9Y825	Schizosaccharomyces pombe (strain 972 / ATCC 24843)	Fungi	408	False
Q95NM6	Caenorhabditis elegans	Metazoa	308	False
Q9Y091	Drosophila melanogaster	Metazoa	536	False
P0DW10	Neurospora crassa	Fungi	244	False
Q9NVD3	Homo sapiens	Metazoa	440	False
Q9Y692	Homo sapiens	Metazoa	573	False
P38937	Schizosaccharomyces pombe (strain 972 / ATCC 24843)	Fungi	262	False
P40417	Drosophila melanogaster	Metazoa	376	False
P38915	Saccharomyces cerevisiae (strain ATCC 204508 / S288c)	Fungi	602	False
Q6RX08	Oryctolagus cuniculus	Metazoa	842	False
P38292	Saccharomyces cerevisiae (strain ATCC 204508 / S288c)	Fungi	413	True
Q9JK95	Mus musculus	Metazoa	193	True
O22137	Arabidopsis thaliana	Plants	613	False
P38910	Saccharomyces cerevisiae (strain ATCC 204508 / S288c)	Fungi	106	False
Q22812	Caenorhabditis elegans	Metazoa	399	False
P19956	Saccharomyces cerevisiae (strain ATCC 204508 / S288c)	Fungi	98	False
Q9UHP7	Homo sapiens	Metazoa	191	True
P39023	Homo sapiens	Metazoa	403	False
P06267	Marchantia polymorpha	Plants	289	False
Q86SG2	Homo sapiens	Metazoa	305	False
Q10146	Schizosaccharomyces pombe (strain 972 / ATCC 24843)	Fungi	777	False
P40028	Saccharomyces cerevisiae (strain ATCC 204508 / S288c)	Fungi	759	False
B3EWF7	Homo sapiens	Metazoa	344	False
Q6ZMI3	Homo sapiens	Metazoa	551	True
Q28756	Ovis aries	Metazoa	391	True
Q13232	Homo sapiens	Metazoa	169	False
P22061	Homo sapiens	Metazoa	227	False
P50591	Homo sapiens	Metazoa	281	True
Q9HC36	Homo sapiens	Metazoa	420	False
Q9FJH5	Arabidopsis thaliana	Plants	283	False
Q8GSJ6	Arabidopsis thaliana	Plants	154	True
Q61502	Mus musculus	Metazoa	335	False
Q9M065	Arabidopsis thaliana	Plants	412	False
P41241	Mus musculus	Metazoa	450	False
O60516	Homo sapiens	Metazoa	100	False
P48547	Homo sapiens	Metazoa	511	False
P82129	Spinacia oleracea	Plants	155	False
P14206	Mus musculus	Metazoa	295	False
Q9QZA2	Rattus norvegicus	Metazoa	873	False
Q9FLY0	Arabidopsis thaliana	Plants	325	False
O94316	Schizosaccharomyces pombe (strain 972 / ATCC 24843)	Fungi	984	False
P38925	Saccharomyces cerevisiae (strain ATCC 204508 / S288c)	Fungi	575	True
P56559	Homo sapiens	Metazoa	192	False
Q9HCJ1	Homo sapiens	Metazoa	492	True
P42777	Arabidopsis thaliana	Plants	270	False
Q63623	Rattus norvegicus	Metazoa	1268	False
Q9D5T7	Mus musculus	Metazoa	392	False
Q03020	Saccharomyces cerevisiae (strain ATCC 204508 / S288c)	Fungi	165	False
Q8H0U8	Arabidopsis thaliana	Plants	1166	False
Q3KRE0	Rattus norvegicus	Metazoa	591	False
E2RTQ7	Giardia intestinalis (strain ATCC 50803 / WB clone C6)	Other	311	False
P29056	Saccharomyces cerevisiae (strain ATCC 204508 / S288c)	Fungi	596	False
Q23175	Caenorhabditis elegans	Metazoa	439	False
Q9USX4	Schizosaccharomyces pombe (strain 972 / ATCC 24843)	Fungi	108	False
Q02771	Saccharomyces cerevisiae (strain ATCC 204508 / S288c)	Fungi	107	False
Q9LNW3	Arabidopsis thaliana	Plants	442	False
Q84MC2	Arabidopsis thaliana	Plants	216	False
P42124	Drosophila melanogaster	Metazoa	760	False
P49687	Saccharomyces cerevisiae (strain ATCC 204508 / S288c)	Fungi	1317	False
Q8TBZ6	Homo sapiens	Metazoa	339	False
Q62826	Rattus norvegicus	Metazoa	690	False
Q5XJY4	Mus musculus	Metazoa	377	False
Q9Y5B8	Homo sapiens	Metazoa	376	False
F1PTE3	Canis lupus familiaris	Metazoa	203	False
P41227	Homo sapiens	Metazoa	235	False
P34802	Arabidopsis thaliana	Plants	371	False
Q9W1H4	Drosophila melanogaster	Metazoa	747	False
Q6NUA1	Xenopus laevis	Metazoa	633	False
P70281	Mus musculus	Metazoa	254	False
P48360	Saccharomyces cerevisiae (strain ATCC 204508 / S288c)	Fungi	493	False
Q9GZZ9	Homo sapiens	Metazoa	404	False
Q810S1	Mus musculus	Metazoa	345	False
P09024	Mus musculus	Metazoa	217	False
P52952	Homo sapiens	Metazoa	324	False
P0CG13	Homo sapiens	Metazoa	121	False
Q8GZB6	Arabidopsis thaliana	Plants	624	False
O75431	Homo sapiens	Metazoa	263	False
Q3E764	Saccharomyces cerevisiae (strain ATCC 204508 / S288c)	Fungi	64	False
O43822	Homo sapiens	Metazoa	256	False
Q01538	Homo sapiens	Metazoa	1121	False
P40099	Saccharomyces cerevisiae (strain ATCC 204508 / S288c)	Fungi	211	False
Q6ZRQ5	Homo sapiens	Metazoa	1243	False
O94812	Homo sapiens	Metazoa	1187	False
P17275	Homo sapiens	Metazoa	347	False
P31943	Homo sapiens	Metazoa	449	False
Q9NZM1	Homo sapiens	Metazoa	2061	False
P49364	Pisum sativum	Plants	408	False
Q9NV31	Homo sapiens	Metazoa	184	False
Q9FLI7	Arabidopsis thaliana	Plants	108	False
Q15382	Homo sapiens	Metazoa	184	False
P53203	Saccharomyces cerevisiae (strain ATCC 204508 / S288c)	Fungi	462	False
B3H615	Arabidopsis thaliana	Plants	262	False
Q9S9W2	Arabidopsis thaliana	Plants	254	False
Q93008	Homo sapiens	Metazoa	2554	False
Q8K211	Mus musculus	Metazoa	196	True
P32480	Saccharomyces cerevisiae (strain ATCC 204508 / S288c)	Fungi	875	False
P97438	Mus musculus	Metazoa	426	True
O13988	Schizosaccharomyces pombe (strain 972 / ATCC 24843)	Fungi	555	False
Q8NBV4	Homo sapiens	Metazoa	271	False
Q94131	Caenorhabditis elegans	Metazoa	335	False
P02831	Mus musculus	Metazoa	443	False
Q06510	Saccharomyces cerevisiae (strain ATCC 204508 / S288c)	Fungi	381	False
Q91X56	Mus musculus	Metazoa	400	True
Q62520	Mus musculus	Metazoa	530	False
P54136	Homo sapiens	Metazoa	660	False
Q9CQ70	Mus musculus	Metazoa	111	False
Q8AWF4	Xenopus laevis	Metazoa	462	False
Q04748	Saccharomyces cerevisiae (strain ATCC 204508 / S288c)	Fungi	898	False
P10175	Bos taurus	Metazoa	70	True
Q96QV6	Homo sapiens	Metazoa	131	False
Q12165	Saccharomyces cerevisiae (strain ATCC 204508 / S288c)	Fungi	160	False
O55035	Rattus norvegicus	Metazoa	752	False
Q8R500	Rattus norvegicus	Metazoa	757	False
P09922	Mus musculus	Metazoa	631	False
Q03413	Xenopus laevis	Metazoa	498	False
Q96E35	Homo sapiens	Metazoa	227	False
P0C0W9	Saccharomyces cerevisiae (strain ATCC 204508 / S288c)	Fungi	174	False
Q9R080	Rattus norvegicus	Metazoa	673	False
A4FUC0	Bos taurus	Metazoa	423	False
O82204	Arabidopsis thaliana	Plants	143	False
Q9H2Y9	Homo sapiens	Metazoa	848	False
P47041	Saccharomyces cerevisiae (strain ATCC 204508 / S288c)	Fungi	543	False
Q6VAK4	Oryza sativa subsp. japonica	Plants	149	False
Q9HCC8	Homo sapiens	Metazoa	539	True
Q7S2C2	Neurospora crassa (strain ATCC 24698 / 74-OR23-1A / CBS 708.71 / DSM 1257 / FGSC 987)	Fungi	119	False
P30657	Saccharomyces cerevisiae (strain ATCC 204508 / S288c)	Fungi	266	False
S0DQI7	Gibberella fujikuroi (strain CBS 195.34 / IMI 58289 / NRRL A-6831)	Fungi	316	False
Q96ST3	Homo sapiens	Metazoa	1273	False
Q9C0N3	Neurospora crassa (strain ATCC 24698 / 74-OR23-1A / CBS 708.71 / DSM 1257 / FGSC 987)	Fungi	90	False
Q9DC04	Mus musculus	Metazoa	966	False
Q6DID3	Mus musculus	Metazoa	1268	False
Q9H5P4	Homo sapiens	Metazoa	1033	False
P38859	Saccharomyces cerevisiae (strain ATCC 204508 / S288c)	Fungi	1522	False
O96006	Homo sapiens	Metazoa	694	False
Q62768	Rattus norvegicus	Metazoa	1735	False
Q80XL6	Mus musculus	Metazoa	779	False
O14246	Schizosaccharomyces pombe (strain 972 / ATCC 24843)	Fungi	508	False
Q9VJN5	Drosophila melanogaster	Metazoa	470	False
Q63276	Rattus norvegicus	Metazoa	420	False
O02351	Antheraea polyphemus	Metazoa	525	True
P40693	Saccharomyces cerevisiae (strain ATCC 204508 / S288c)	Fungi	322	False
P00390	Homo sapiens	Metazoa	522	False
O88904	Mus musculus	Metazoa	1210	False
Q9H1D0	Homo sapiens	Metazoa	765	False
Q15751	Homo sapiens	Metazoa	4861	False
O88597	Mus musculus	Metazoa	448	False
Q0VGM9	Mus musculus	Metazoa	1203	False
P17067	Pisum sativum	Plants	328	False
Q9Z130	Mus musculus	Metazoa	301	False
Q38874	Arabidopsis thaliana	Plants	382	False
Q9UP65	Homo sapiens	Metazoa	541	False
Q9M0A7	Arabidopsis thaliana	Plants	250	False
Q9USY8	Schizosaccharomyces pombe (strain 972 / ATCC 24843)	Fungi	166	False
P63000	Homo sapiens	Metazoa	192	False
O35491	Mus musculus	Metazoa	499	False
Q05045	Cucurbita maxima	Plants	575	False
Q6P7B7	Rattus norvegicus	Metazoa	404	True
Q16539	Homo sapiens	Metazoa	360	False
P48432	Mus musculus	Metazoa	319	False
Q9VPY0	Drosophila melanogaster	Metazoa	587	False
O55081	Rattus norvegicus	Metazoa	1135	False
Q8BZF8	Mus musculus	Metazoa	567	False
Q03555	Rattus norvegicus	Metazoa	768	False
O49929	Pisum sativum	Plants	213	True
Q9FFS4	Arabidopsis thaliana	Plants	101	False
P38983	Rattus norvegicus	Metazoa	295	False
O14227	Schizosaccharomyces pombe (strain 972 / ATCC 24843)	Fungi	1215	False
Q14137	Homo sapiens	Metazoa	746	False
P07910	Homo sapiens	Metazoa	306	False
P92507	Ascaris suum	Metazoa	156	True
P42792	Arabidopsis thaliana	Plants	393	True
O88561	Mus musculus	Metazoa	667	True
Q62296	Mus musculus	Metazoa	427	False
Q9LHE5	Arabidopsis thaliana	Plants	309	False
Q8C4V4	Mus musculus	Metazoa	428	False
Q23973	Drosophila melanogaster	Metazoa	217	False
Q2HJF1	Bos taurus	Metazoa	112	False
Q07418	Saccharomyces cerevisiae (strain ATCC 204508 / S288c)	Fungi	342	False
Q12374	Saccharomyces cerevisiae (strain ATCC 204508 / S288c)	Fungi	616	False
P04797	Rattus norvegicus	Metazoa	333	False
P06536	Rattus norvegicus	Metazoa	795	False
Q9HCI7	Homo sapiens	Metazoa	577	False
A0A2I0C2C6	Plasmodium falciparum (isolate NF54)	Other	3078	False
Q8WXI4	Homo sapiens	Metazoa	607	False
Q09013	Homo sapiens	Metazoa	629	False
C0HKE2	Mus musculus	Metazoa	130	False
P02292	Parechinus angulosus	Metazoa	149	False
O94864	Homo sapiens	Metazoa	414	False
Q02892	Saccharomyces cerevisiae (strain ATCC 204508 / S288c)	Fungi	647	False
Q6NVF4	Mus musculus	Metazoa	1074	False
Q91YT0	Mus musculus	Metazoa	464	False
P34077	Saccharomyces cerevisiae (strain ATCC 204508 / S288c)	Fungi	839	False
Q09228	Caenorhabditis elegans	Metazoa	1129	False
Q9NQ92	Homo sapiens	Metazoa	184	False
P28359	Mus musculus	Metazoa	340	False
Q08686	Saccharomyces cerevisiae (strain ATCC 204508 / S288c)	Fungi	304	False
Q9WUF3	Mus musculus	Metazoa	1962	False
Q9LFA3	Arabidopsis thaliana	Plants	434	False
Q9CQ86	Mus musculus	Metazoa	115	False
Q9UHB7	Homo sapiens	Metazoa	1163	False
Q6QN14	Homo sapiens	Metazoa	398	False
P24785	Drosophila melanogaster	Metazoa	1293	False
O24527	Arabidopsis thaliana	Plants	836	False
P40283	Arabidopsis thaliana	Plants	150	False
Q9FGS0	Arabidopsis thaliana	Plants	289	False
P47076	Saccharomyces cerevisiae (strain ATCC 204508 / S288c)	Fungi	161	False
Q7Z739	Homo sapiens	Metazoa	585	False
Q8L866	Arabidopsis thaliana	Plants	776	False
Q07837	Homo sapiens	Metazoa	685	True
P32489	Saccharomyces cerevisiae (strain ATCC 204508 / S288c)	Fungi	222	False
P07527	Schizosaccharomyces pombe (strain 972 / ATCC 24843)	Fungi	877	False
Q7Z7F0	Homo sapiens	Metazoa	614	False
Q9NXA8	Homo sapiens	Metazoa	310	False
Q95XZ5	Caenorhabditis elegans	Metazoa	2176	False
Q641G7	Xenopus laevis	Metazoa	168	False
A8MUP2	Homo sapiens	Metazoa	240	False
P37230	Rattus norvegicus	Metazoa	468	False
O76360	Caenorhabditis elegans	Metazoa	780	False
Q9JJP2	Mus musculus	Metazoa	631	False
A6H8H2	Mus musculus	Metazoa	1906	False
Q96CM3	Homo sapiens	Metazoa	377	False
I6PL68	Oryza sativa subsp. japonica	Plants	303	False
O35943	Mus musculus	Metazoa	207	False
Q03388	Saccharomyces cerevisiae (strain ATCC 204508 / S288c)	Fungi	795	False
P60323	Homo sapiens	Metazoa	173	False
P04177	Rattus norvegicus	Metazoa	498	False
Q62868	Rattus norvegicus	Metazoa	1388	False
Q63666	Rattus norvegicus	Metazoa	118	False
Q13535	Homo sapiens	Metazoa	2644	False
P06906	Pan troglodytes	Metazoa	171	False
Q0VD32	Bos taurus	Metazoa	120	False
P52488	Saccharomyces cerevisiae (strain ATCC 204508 / S288c)	Fungi	636	False
Q9NTK5	Homo sapiens	Metazoa	396	False
Q6UN15	Homo sapiens	Metazoa	594	False
Q9W2I4	Drosophila melanogaster	Metazoa	289	False
Q9FRV4	Arabidopsis thaliana	Plants	310	False
Q9ZVC2	Arabidopsis thaliana	Plants	491	False
Q9Y2S7	Homo sapiens	Metazoa	368	False
Q12099	Saccharomyces cerevisiae (strain ATCC 204508 / S288c)	Fungi	399	False
Q8N2F6	Homo sapiens	Metazoa	343	True
Q00788	Rattus norvegicus	Metazoa	371	True
P93024	Arabidopsis thaliana	Plants	902	False
P32771	Saccharomyces cerevisiae (strain ATCC 204508 / S288c)	Fungi	386	False
P51681	Homo sapiens	Metazoa	352	True
Q6AYR9	Rattus norvegicus	Metazoa	241	True
P49815	Homo sapiens	Metazoa	1807	False
Q9C598	Arabidopsis thaliana	Plants	283	False
Q20748	Caenorhabditis elegans	Metazoa	595	False
Q9VIW3	Drosophila melanogaster	Metazoa	596	False
P08510	Drosophila melanogaster	Metazoa	655	False
Q8I615	Plasmodium falciparum (isolate 3D7)	Other	1189	False
Q03750	Saccharomyces cerevisiae (strain ATCC 204508 / S288c)	Fungi	510	False
P30956	Nicotiana tabacum	Plants	151	False
Q9LG26	Arabidopsis thaliana	Plants	689	False
Q8H157	Arabidopsis thaliana	Plants	585	True
O22920	Arabidopsis thaliana	Plants	831	True
Q9BZL6	Homo sapiens	Metazoa	878	False
Q24169	Drosophila melanogaster	Metazoa	460	False
Q9NWT1	Homo sapiens	Metazoa	392	False
Q9NQZ2	Homo sapiens	Metazoa	479	False
Q9NR56	Homo sapiens	Metazoa	388	False
Q2PS26	Arabidopsis thaliana	Plants	584	False
Q19555	Caenorhabditis elegans	Metazoa	1096	False
P46422	Arabidopsis thaliana	Plants	212	False
P40528	Saccharomyces cerevisiae (strain ATCC 204508 / S288c)	Fungi	902	False
Q9UK76	Homo sapiens	Metazoa	154	False
Q1MTN3	Schizosaccharomyces pombe (strain 972 / ATCC 24843)	Fungi	1018	False
Q9UMR7	Homo sapiens	Metazoa	237	True
Q24174	Drosophila melanogaster	Metazoa	904	False
Q2HJJ1	Bos taurus	Metazoa	256	False
P38935	Homo sapiens	Metazoa	993	False
Q9Y388	Homo sapiens	Metazoa	322	False
Q8TCY5	Homo sapiens	Metazoa	172	True
Q68FY1	Rattus norvegicus	Metazoa	325	False
L7N1X6	Mus musculus	Metazoa	466	False
P47817	Xenopus laevis	Metazoa	555	False
Q9Y221	Homo sapiens	Metazoa	180	False
P90551	Leishmania mexicana	Other	366	False
P42230	Mus musculus	Metazoa	793	False
Q9W603	Xenopus laevis	Metazoa	1035	False
Q9Y5I7	Homo sapiens	Metazoa	235	True
P22813	Drosophila melanogaster	Metazoa	691	False
Q9Y6M1	Homo sapiens	Metazoa	599	False
P29692	Homo sapiens	Metazoa	281	False
P35632	Arabidopsis thaliana	Plants	232	False
Q8N5P1	Homo sapiens	Metazoa	291	False
Q8C0T9	Mus musculus	Metazoa	1614	False
Q9Z0D9	Mus musculus	Metazoa	354	True
O76324	Drosophila melanogaster	Metazoa	440	False
P32892	Saccharomyces cerevisiae (strain ATCC 204508 / S288c)	Fungi	752	False
Q04779	Saccharomyces cerevisiae (strain ATCC 204508 / S288c)	Fungi	684	False
A6NJ78	Homo sapiens	Metazoa	407	False
O74828	Schizosaccharomyces pombe (strain 972 / ATCC 24843)	Fungi	682	False
P62483	Rattus norvegicus	Metazoa	367	False
F4JS25	Arabidopsis thaliana	Plants	1052	False
Q147X3	Homo sapiens	Metazoa	362	False
P16455	Homo sapiens	Metazoa	207	False
O74966	Schizosaccharomyces pombe (strain 972 / ATCC 24843)	Fungi	77	False
Q9Y3D6	Homo sapiens	Metazoa	152	False
P34568	Caenorhabditis elegans	Metazoa	451	False
Q8GZU0	Catharanthus roseus	Plants	443	False
Q5T7W0	Homo sapiens	Metazoa	954	False
P30550	Homo sapiens	Metazoa	384	True
Q9JJD0	Mus musculus	Metazoa	305	False
Q9SR77	Arabidopsis thaliana	Plants	309	False
O17850	Caenorhabditis elegans	Metazoa	317	False
Q8IVI9	Homo sapiens	Metazoa	506	False
Q8I6Z7	Plasmodium falciparum (isolate 3D7)	Other	1139	False
P20609	Dictyostelium discoideum	Other	53	False
Q920Q3	Rattus norvegicus	Metazoa	154	False
P62979	Homo sapiens	Metazoa	156	False
Q01649	Saccharomyces cerevisiae (strain ATCC 204508 / S288c)	Fungi	594	False
O48533	Arabidopsis thaliana	Plants	259	False
Q9GZN2	Homo sapiens	Metazoa	237	False
O95721	Homo sapiens	Metazoa	258	False
Q9NRI5	Homo sapiens	Metazoa	854	False
Q9Y5A9	Homo sapiens	Metazoa	579	False
Q9HBU9	Homo sapiens	Metazoa	364	True
Q9VAB8	Drosophila melanogaster	Metazoa	457	False
Q53KW9	Oryza sativa subsp. japonica	Plants	803	False
Q9C0Z9	Schizosaccharomyces pombe (strain 972 / ATCC 24843)	Fungi	129	False
P18431	Drosophila melanogaster	Metazoa	514	False
P17481	Homo sapiens	Metazoa	243	False
O60381	Homo sapiens	Metazoa	514	False
Q9LEW0	Arabidopsis thaliana	Plants	557	False
Q04636	Saccharomyces cerevisiae (strain ATCC 204508 / S288c)	Fungi	552	False
Q8GWR1	Arabidopsis thaliana	Plants	447	False
Q8N9N8	Homo sapiens	Metazoa	165	False
Q02637	Drosophila melanogaster	Metazoa	449	False
P04670	Glycine max	Plants	309	False
Q99K23	Mus musculus	Metazoa	461	False
O09053	Mus musculus	Metazoa	1401	False
P52174	Bos taurus	Metazoa	152	False
Q63089	Rattus norvegicus	Metazoa	556	True
O43364	Homo sapiens	Metazoa	376	False
Q9WTN3	Mus musculus	Metazoa	1134	False
Q9SMS0	Arabidopsis thaliana	Plants	249	False
P46310	Arabidopsis thaliana	Plants	446	False
Q9FGM0	Arabidopsis thaliana	Plants	806	False
Q13242	Homo sapiens	Metazoa	221	False
O15091	Homo sapiens	Metazoa	583	False
Q92506	Homo sapiens	Metazoa	261	False
P59055	Mus musculus	Metazoa	597	False
Q9BV90	Homo sapiens	Metazoa	132	False
O94979	Homo sapiens	Metazoa	1220	False
O82775	Arabidopsis thaliana	Plants	256	False
O88909	Mus musculus	Metazoa	537	True
P42582	Mus musculus	Metazoa	318	False
Q06103	Saccharomyces cerevisiae (strain ATCC 204508 / S288c)	Fungi	429	False
Q5SRY7	Mus musculus	Metazoa	542	False
P97865	Mus musculus	Metazoa	318	False
Q3MKQ1	Rattus norvegicus	Metazoa	129	False
Q8VY77	Arabidopsis thaliana	Plants	91	True
P43120	Mus musculus	Metazoa	271	False
Q99880	Homo sapiens	Metazoa	126	False
Q84JK2	Arabidopsis thaliana	Plants	285	False
Q14244	Homo sapiens	Metazoa	749	False
Q6RI88	Rattus norvegicus	Metazoa	1112	False
G5EDW5	Caenorhabditis elegans	Metazoa	952	False
P10355	Saccharomyces cerevisiae (strain ATCC 204508 / S288c)	Fungi	254	False
Q8H124	Arabidopsis thaliana	Plants	280	False
Q9SVC4	Arabidopsis thaliana	Plants	64	True
Q9SVY1	Arabidopsis thaliana	Plants	383	False
P53563	Rattus norvegicus	Metazoa	233	False
O23160	Arabidopsis thaliana	Plants	320	False
P21926	Homo sapiens	Metazoa	228	True
P08458	Saccharomyces cerevisiae (strain ATCC 204508 / S288c)	Fungi	490	False
O23300	Arabidopsis thaliana	Plants	238	False
Q12405	Saccharomyces cerevisiae (strain ATCC 204508 / S288c)	Fungi	387	False
Q9BZJ8	Homo sapiens	Metazoa	451	True
Q6UVW9	Homo sapiens	Metazoa	174	True
O14350	Schizosaccharomyces pombe (strain 972 / ATCC 24843)	Fungi	181	False
Q94K75	Arabidopsis thaliana	Plants	401	False
Q99J79	Mus musculus	Metazoa	432	False
Q9ASX5	Arabidopsis thaliana	Plants	540	False
Q91YD4	Mus musculus	Metazoa	1506	False
P81766	Spinacia oleracea	Plants	153	False
P42892	Homo sapiens	Metazoa	770	True
Q96L08	Homo sapiens	Metazoa	255	False
O54788	Mus musculus	Metazoa	344	False
Q9JIX5	Rattus norvegicus	Metazoa	2581	False
O95243	Homo sapiens	Metazoa	580	False
Q9Y2Q3	Homo sapiens	Metazoa	226	False
Q96KK3	Homo sapiens	Metazoa	526	False
P53067	Saccharomyces cerevisiae (strain ATCC 204508 / S288c)	Fungi	1004	False
Q9D7K2	Mus musculus	Metazoa	161	False
Q9UBS8	Homo sapiens	Metazoa	474	False
Q00PI9	Mus musculus	Metazoa	745	False
P79005	Schizosaccharomyces pombe (strain 972 / ATCC 24843)	Fungi	663	False
Q14764	Homo sapiens	Metazoa	893	False
Q93VC7	Arabidopsis thaliana	Plants	416	False
Q9FX43	Arabidopsis thaliana	Plants	310	False
V9M398	Vitis rotundifolia	Plants	1331	False
Q9H6R3	Homo sapiens	Metazoa	686	False
Q42577	Arabidopsis thaliana	Plants	218	False
P29509	Saccharomyces cerevisiae (strain ATCC 204508 / S288c)	Fungi	319	False
A5LGM7	Polypedilum vanderplanki	Metazoa	504	True
O59746	Schizosaccharomyces pombe (strain 972 / ATCC 24843)	Fungi	819	False
Q9M1X2	Arabidopsis thaliana	Plants	279	False
P83484	Arabidopsis thaliana	Plants	556	False
O00567	Homo sapiens	Metazoa	594	False
Q5U5X0	Homo sapiens	Metazoa	104	False
Q10356	Schizosaccharomyces pombe (strain 972 / ATCC 24843)	Fungi	191	False
Q4V8K1	Rattus norvegicus	Metazoa	470	False
Q9V464	Drosophila melanogaster	Metazoa	218	False
O13601	Schizosaccharomyces pombe (strain 972 / ATCC 24843)	Fungi	494	False
P32249	Homo sapiens	Metazoa	361	True
Q9NV96	Homo sapiens	Metazoa	361	True
Q15007	Homo sapiens	Metazoa	396	False
A1L167	Homo sapiens	Metazoa	161	False
Q9QZB0	Mus musculus	Metazoa	210	False
Q9JI12	Rattus norvegicus	Metazoa	582	True
Q12080	Saccharomyces cerevisiae (strain ATCC 204508 / S288c)	Fungi	455	False
Q0JM17	Oryza sativa subsp. japonica	Plants	432	False
Q9LSC4	Arabidopsis thaliana	Plants	344	False
Q24491	Drosophila melanogaster	Metazoa	197	False
O94640	Schizosaccharomyces pombe (strain 972 / ATCC 24843)	Fungi	475	False
P40382	Schizosaccharomyces pombe (strain 972 / ATCC 24843)	Fungi	444	False
Q9LTT3	Arabidopsis thaliana	Plants	319	False
P81270	Mus musculus	Metazoa	486	False
Q8TCU6	Homo sapiens	Metazoa	1659	False
Q9NRY6	Homo sapiens	Metazoa	295	False
Q20024	Caenorhabditis elegans	Metazoa	306	False
P29147	Rattus norvegicus	Metazoa	343	False
Q62384	Mus musculus	Metazoa	459	False
Q0KHV6	Drosophila melanogaster	Metazoa	721	False
P46061	Mus musculus	Metazoa	589	False
Q9SSE9	Arabidopsis thaliana	Plants	1027	False
Q9NVP2	Homo sapiens	Metazoa	202	False
Q9FIG9	Arabidopsis thaliana	Plants	801	False
P56404	Mus musculus	Metazoa	261	True
Q16658	Homo sapiens	Metazoa	493	False
J9VXM5	Cryptococcus neoformans var. grubii serotype A (strain H99 / ATCC 208821 / CBS 10515 / FGSC 9487)	Fungi	1421	False
Q8L4Y5	Arabidopsis thaliana	Plants	363	False
O74387	Schizosaccharomyces pombe (strain 972 / ATCC 24843)	Fungi	287	False
K4CWS6	Solanum lycopersicum	Plants	470	False
P49407	Homo sapiens	Metazoa	418	False
Q969Q5	Homo sapiens	Metazoa	203	False
Q9ZNV9	Arabidopsis thaliana	Plants	154	False
O60508	Homo sapiens	Metazoa	579	False
Q94ID2	Arabidopsis thaliana	Plants	330	False
Q7TQN4	Rattus norvegicus	Metazoa	550	False
Q15327	Homo sapiens	Metazoa	319	False
O77334	Plasmodium falciparum (isolate 3D7)	Other	575	False
Q6WKZ7	Mus musculus	Metazoa	506	False
O74887	Schizosaccharomyces pombe (strain 972 / ATCC 24843)	Fungi	192	False
Q06835	Saccharomyces cerevisiae (strain ATCC 204508 / S288c)	Fungi	107	False
Q9WV68	Mus musculus	Metazoa	292	False
Q9NZJ0	Homo sapiens	Metazoa	730	False
P04001	Homo sapiens	Metazoa	364	True
Q96KQ7	Homo sapiens	Metazoa	1210	False
Q9UUK4	Schizosaccharomyces pombe (strain 972 / ATCC 24843)	Fungi	202	False
Q9NZI5	Homo sapiens	Metazoa	618	False
P21228	Emericella nidulans (strain FGSC A4 / ATCC 38163 / CBS 112.46 / NRRL 194 / M139)	Fungi	821	False
Q9LR91	Arabidopsis thaliana	Plants	319	False
A2YMU2	Oryza sativa subsp. indica	Plants	266	False
Q13243	Homo sapiens	Metazoa	272	False
Q569K4	Homo sapiens	Metazoa	471	False
Q84W92	Arabidopsis thaliana	Plants	535	False
O14901	Homo sapiens	Metazoa	512	False
Q9M297	Arabidopsis thaliana	Plants	1256	False
Q96Q15	Homo sapiens	Metazoa	3661	False
Q5SUE7	Mus musculus	Metazoa	619	False
P03893	Mus musculus	Metazoa	345	True
Q8IJH8	Plasmodium falciparum (isolate 3D7)	Other	275	False
Q86U42	Homo sapiens	Metazoa	306	False
P02269	Asterias rubens	Metazoa	125	False
Q8R2N1	Mus musculus	Metazoa	292	True
Q924C5	Mus musculus	Metazoa	1680	False
A0A1P8BH03	Arabidopsis thaliana	Plants	404	False
P53937	Saccharomyces cerevisiae (strain ATCC 204508 / S288c)	Fungi	143	False
Q8W4L3	Arabidopsis thaliana	Plants	489	False
O13834	Schizosaccharomyces pombe (strain 972 / ATCC 24843)	Fungi	3227	False
Q15427	Homo sapiens	Metazoa	424	False
P23708	Mus musculus	Metazoa	346	False
Q53F19	Homo sapiens	Metazoa	620	False
Q6YUS3	Oryza sativa subsp. japonica	Plants	552	False
Q18694	Caenorhabditis elegans	Metazoa	333	False
Q92900	Homo sapiens	Metazoa	1129	False
O01683	Caenorhabditis elegans	Metazoa	689	False
Q9U405	Drosophila melanogaster	Metazoa	570	False
Q7Z7F7	Homo sapiens	Metazoa	128	False
F1M386	Rattus norvegicus	Metazoa	1496	False
P37217	Mus musculus	Metazoa	199	True
Q384Y0	Trypanosoma brucei brucei (strain 927/4 GUTat10.1)	Other	1048	False
P80428	Saccharomyces cerevisiae (strain ATCC 204508 / S288c)	Fungi	489	False
Q9ULV5	Homo sapiens	Metazoa	492	False
P32189	Homo sapiens	Metazoa	559	False
Q05979	Saccharomyces cerevisiae (strain ATCC 204508 / S288c)	Fungi	453	False
P69070	Salmo trutta	Metazoa	124	False
O95907	Homo sapiens	Metazoa	504	True
P43554	Saccharomyces cerevisiae (strain ATCC 204508 / S288c)	Fungi	623	False
P31016	Rattus norvegicus	Metazoa	724	False
Q9Y7U4	Schizosaccharomyces pombe (strain 972 / ATCC 24843)	Fungi	328	False
Q9SIF2	Arabidopsis thaliana	Plants	780	False
Q9V3V7	Drosophila melanogaster	Metazoa	222	False
Q8GT74	Arabidopsis thaliana	Plants	241	True
P00299	Populus nigra	Plants	168	False
P43322	Rattus norvegicus	Metazoa	662	False
G5EEG9	Caenorhabditis elegans	Metazoa	399	False
Q9VT04	Drosophila melanogaster	Metazoa	471	True
Q960V3	Drosophila melanogaster	Metazoa	1122	False
P53159	Saccharomyces cerevisiae (strain ATCC 204508 / S288c)	Fungi	387	False
Q50L41	Mus musculus	Metazoa	855	False
O70161	Mus musculus	Metazoa	661	False
O43006	Schizosaccharomyces pombe (strain 972 / ATCC 24843)	Fungi	225	False
P38236	Saccharomyces cerevisiae (strain ATCC 204508 / S288c)	Fungi	366	False
O00330	Homo sapiens	Metazoa	501	False
Q8L960	Arabidopsis thaliana	Plants	410	False
Q9Y5L3	Homo sapiens	Metazoa	495	True
P12524	Homo sapiens	Metazoa	364	False
Q94JQ3	Arabidopsis thaliana	Plants	529	False
P18090	Rattus norvegicus	Metazoa	466	True
Q9BQ87	Homo sapiens	Metazoa	522	False
Q9UTC6	Schizosaccharomyces pombe (strain 972 / ATCC 24843)	Fungi	192	False
Q4U2R6	Homo sapiens	Metazoa	128	False
Q92552	Homo sapiens	Metazoa	414	False
O74700	Saccharomyces cerevisiae (strain ATCC 204508 / S288c)	Fungi	87	False
P62854	Homo sapiens	Metazoa	115	False
P40026	Saccharomyces cerevisiae (strain ATCC 204508 / S288c)	Fungi	464	False
Q9TW65	Caenorhabditis elegans	Metazoa	3674	False
Q13268	Homo sapiens	Metazoa	280	False
Q54T86	Dictyostelium discoideum	Other	568	False
P13528	Caenorhabditis elegans	Metazoa	357	False
O13927	Schizosaccharomyces pombe (strain 972 / ATCC 24843)	Fungi	201	False
A8MT69	Homo sapiens	Metazoa	81	False
Q9H6R4	Homo sapiens	Metazoa	1146	False
P43243	Homo sapiens	Metazoa	847	False
Q969K3	Homo sapiens	Metazoa	372	False
Q19325	Caenorhabditis elegans	Metazoa	645	False
A2ARP9	Mus musculus	Metazoa	588	False
Q21443	Caenorhabditis elegans	Metazoa	566	False
P35486	Mus musculus	Metazoa	390	False
Q18593	Caenorhabditis elegans	Metazoa	329	True
Q15003	Homo sapiens	Metazoa	741	False
Q23243	Caenorhabditis elegans	Metazoa	845	False
Q4G338	Haemonchus contortus	Metazoa	324	False
P28350	Neurospora crassa (strain ATCC 24698 / 74-OR23-1A / CBS 708.71 / DSM 1257 / FGSC 987)	Fungi	1093	False
O00757	Homo sapiens	Metazoa	339	False
O14141	Schizosaccharomyces pombe (strain 972 / ATCC 24843)	Fungi	241	False
P35169	Saccharomyces cerevisiae (strain ATCC 204508 / S288c)	Fungi	2470	False
O80883	Arabidopsis thaliana	Plants	490	False
P17677	Homo sapiens	Metazoa	238	False
P54132	Homo sapiens	Metazoa	1417	False
O94255	Schizosaccharomyces pombe (strain 972 / ATCC 24843)	Fungi	328	False
O75161	Homo sapiens	Metazoa	1426	False
M0R3Q7	Rattus norvegicus	Metazoa	905	False
P36520	Saccharomyces cerevisiae (strain ATCC 204508 / S288c)	Fungi	322	False
P70610	Rattus norvegicus	Metazoa	412	False
Q86TP1	Homo sapiens	Metazoa	453	False
P12657	Mus musculus	Metazoa	460	True
Q6ZWS8	Mus musculus	Metazoa	374	False
Q96I25	Homo sapiens	Metazoa	401	False
Q93015	Homo sapiens	Metazoa	286	False
D4A3U0	Rattus norvegicus	Metazoa	432	True
Q12382	Saccharomyces cerevisiae (strain ATCC 204508 / S288c)	Fungi	290	True
P0C512	Oryza sativa subsp. japonica	Plants	477	False
P26568	Arabidopsis thaliana	Plants	274	False
Q9HBL8	Homo sapiens	Metazoa	299	False
Q9P2K5	Homo sapiens	Metazoa	600	False
Q9BSJ8	Homo sapiens	Metazoa	1104	True
Q06148	Saccharomyces cerevisiae (strain ATCC 204508 / S288c)	Fungi	342	True
Q9Z2L0	Rattus norvegicus	Metazoa	283	True
Q6PCN7	Mus musculus	Metazoa	1003	False
F4IAX1	Arabidopsis thaliana	Plants	681	False
O75689	Homo sapiens	Metazoa	374	False
Q23500	Caenorhabditis elegans	Metazoa	887	False
O61715	Caenorhabditis elegans	Metazoa	454	True
Q9WU40	Mus musculus	Metazoa	921	False
Q13472	Homo sapiens	Metazoa	1001	False
P53396	Homo sapiens	Metazoa	1101	False
Q9Y2C4	Homo sapiens	Metazoa	368	False
Q9C950	Arabidopsis thaliana	Plants	643	False
Q01289	Pisum sativum	Plants	399	False
Q8IVU3	Homo sapiens	Metazoa	1022	False
Q20709	Caenorhabditis elegans	Metazoa	543	False
Q9UT31	Schizosaccharomyces pombe (strain 972 / ATCC 24843)	Fungi	241	False
Q9UPR3	Homo sapiens	Metazoa	1016	False
Q96SZ4	Homo sapiens	Metazoa	780	False
P60201	Homo sapiens	Metazoa	277	True
D7PF45	Sus scrofa	Metazoa	1260	False
Q9VRJ0	Drosophila melanogaster	Metazoa	726	False
P21127	Homo sapiens	Metazoa	795	False
O22666	Arabidopsis thaliana	Plants	362	False
Q9HD47	Homo sapiens	Metazoa	186	False
Q9SIN9	Arabidopsis thaliana	Plants	484	False
Q94JU3	Arabidopsis thaliana	Plants	260	False
Q9Y5Y0	Homo sapiens	Metazoa	555	False
Q9SKI4	Arabidopsis thaliana	Plants	640	False
Q24562	Drosophila melanogaster	Metazoa	416	False
Q80XX4	Rattus norvegicus	Metazoa	82	False
Q9I9E1	Danio rerio	Metazoa	472	False
Q10L91	Oryza sativa subsp. japonica	Plants	301	False
Q9NPB6	Homo sapiens	Metazoa	346	False
P23242	Mus musculus	Metazoa	382	True
Q9JKZ2	Mus musculus	Metazoa	718	True
Q02606	Saccharomyces cerevisiae (strain ATCC 204508 / S288c)	Fungi	381	False
Q08966	Saccharomyces cerevisiae (strain ATCC 204508 / S288c)	Fungi	492	False
O01798	Caenorhabditis elegans	Metazoa	512	False
P36527	Saccharomyces cerevisiae (strain ATCC 204508 / S288c)	Fungi	147	False
Q9UIF8	Homo sapiens	Metazoa	2168	False
P38250	Saccharomyces cerevisiae (strain ATCC 204508 / S288c)	Fungi	946	False
O89110	Mus musculus	Metazoa	480	False
P82970	Homo sapiens	Metazoa	282	False
Q9VJV8	Drosophila melanogaster	Metazoa	361	False
P23787	Xenopus laevis	Metazoa	805	False
Q9BUI4	Homo sapiens	Metazoa	534	False
P35680	Homo sapiens	Metazoa	557	False
Q8TC26	Homo sapiens	Metazoa	289	True
Q8K415	Rattus norvegicus	Metazoa	481	True
Q99500	Homo sapiens	Metazoa	378	True
P84030	Ceratitis capitata	Metazoa	108	False
Q5AFI4	Candida albicans (strain SC5314 / ATCC MYA-2876)	Fungi	337	True
Q9SRH5	Arabidopsis thaliana	Plants	276	False
P56403	Rattus norvegicus	Metazoa	269	True
Q99733	Homo sapiens	Metazoa	375	False
O82533	Arabidopsis thaliana	Plants	478	False
G7IBJ4	Medicago truncatula	Plants	710	True
Q8SWR3	Drosophila melanogaster	Metazoa	435	False
P46309	Arabidopsis thaliana	Plants	522	False
Q15059	Homo sapiens	Metazoa	726	False
A7Y7W2	Gallus gallus	Metazoa	389	False
Q9UM11	Homo sapiens	Metazoa	496	False
P56960	Mus musculus	Metazoa	887	False
A8MQN2	Arabidopsis thaliana	Plants	616	False
P07266	Saccharomyces cerevisiae (strain ATCC 204508 / S288c)	Fungi	363	False
Q90ZF9	Gallus gallus	Metazoa	235	False
Q03113	Homo sapiens	Metazoa	381	False
Q94BS2	Arabidopsis thaliana	Plants	335	False
Q9S7D8	Arabidopsis thaliana	Plants	469	False
Q63881	Rattus norvegicus	Metazoa	630	False
Q03014	Homo sapiens	Metazoa	270	False
P29357	Spinacia oleracea	Plants	653	False
Q8VYI3	Arabidopsis thaliana	Plants	309	False
Q9VGE2	Drosophila melanogaster	Metazoa	384	False
O15743	Dictyostelium discoideum	Other	975	False
Q8R4T1	Mus musculus	Metazoa	145	False
Q02591	Mus musculus	Metazoa	256	False
Q19872	Caenorhabditis elegans	Metazoa	268	False
Q9JHR7	Mus musculus	Metazoa	1019	False
O94818	Homo sapiens	Metazoa	638	False
O14907	Homo sapiens	Metazoa	124	False
P40958	Saccharomyces cerevisiae (strain ATCC 204508 / S288c)	Fungi	196	False
Q7L4E1	Homo sapiens	Metazoa	593	True
P27701	Homo sapiens	Metazoa	267	True
Q8NDZ0	Homo sapiens	Metazoa	799	False
O04308	Arabidopsis thaliana	Plants	499	False
P82278	Spinacia oleracea	Plants	208	False
Q05783	Drosophila melanogaster	Metazoa	112	False
Q92349	Schizosaccharomyces pombe (strain 972 / ATCC 24843)	Fungi	1318	False
Q1K6U7	Neurospora crassa (strain ATCC 24698 / 74-OR23-1A / CBS 708.71 / DSM 1257 / FGSC 987)	Fungi	225	False
P50531	Schizosaccharomyces pombe (strain 972 / ATCC 24843)	Fungi	606	False
B4FNK8	Zea mays	Plants	312	False
Q2Q5T5	Mus musculus	Metazoa	84	True
Q99567	Homo sapiens	Metazoa	741	False
P97460	Mus musculus	Metazoa	816	False
Q924K8	Mus musculus	Metazoa	591	False
Q75WF1	Vanrija humicola	Fungi	370	False
F4HRT5	Arabidopsis thaliana	Plants	1132	False
P53193	Saccharomyces cerevisiae (strain ATCC 204508 / S288c)	Fungi	184	False
Q06032	Saccharomyces cerevisiae (strain ATCC 204508 / S288c)	Fungi	482	False
P00396	Bos taurus	Metazoa	514	True
Q08176	Saccharomyces cerevisiae (strain ATCC 204508 / S288c)	Fungi	113	True
Q9BT43	Homo sapiens	Metazoa	218	False
Q01650	Homo sapiens	Metazoa	507	True
J9VPA2	Cryptococcus neoformans var. grubii serotype A (strain H99 / ATCC 208821 / CBS 10515 / FGSC 9487)	Fungi	1529	False
P40229	Arabidopsis thaliana	Plants	282	False
Q3ZBF3	Bos taurus	Metazoa	380	False
O94459	Schizosaccharomyces pombe (strain 972 / ATCC 24843)	Fungi	559	False
Q9UPN6	Homo sapiens	Metazoa	1271	False
P53187	Saccharomyces cerevisiae (strain ATCC 204508 / S288c)	Fungi	214	False
Q8NBN7	Homo sapiens	Metazoa	331	False
A2A8L1	Mus musculus	Metazoa	1946	False
P07261	Saccharomyces cerevisiae (strain ATCC 204508 / S288c)	Fungi	785	False
P49379	Kluyveromyces lactis (strain ATCC 8585 / CBS 2359 / DSM 70799 / NBRC 1267 / NRRL Y-1140 / WM37)	Fungi	359	False
Q9SPU7	Arabidopsis thaliana	Plants	1123	False
Q13422	Homo sapiens	Metazoa	519	False
Q802Y8	Danio rerio	Metazoa	671	False
Q3TWL2	Mus musculus	Metazoa	284	False
Q14994	Homo sapiens	Metazoa	352	False
P70459	Mus musculus	Metazoa	551	False
Q9XI84	Arabidopsis thaliana	Plants	482	False
Q9AT00	Arabidopsis thaliana	Plants	345	False
O23404	Arabidopsis thaliana	Plants	963	False
Q12499	Saccharomyces cerevisiae (strain ATCC 204508 / S288c)	Fungi	511	False
Q06152	Saccharomyces cerevisiae (strain ATCC 204508 / S288c)	Fungi	274	False
P87017	Aspergillus parasiticus (strain ATCC 56775 / NRRL 5862 / SRRC 143 / SU-1)	Fungi	278	False
Q03064	Cricetulus longicaudatus	Metazoa	494	True
P08525	Saccharomyces cerevisiae (strain ATCC 204508 / S288c)	Fungi	94	True
P40086	Saccharomyces cerevisiae (strain ATCC 204508 / S288c)	Fungi	486	True
O14493	Homo sapiens	Metazoa	209	True
Q6S591	Arabidopsis thaliana	Plants	253	False
A0A061AE05	Caenorhabditis elegans	Metazoa	654	False
Q8NBT2	Homo sapiens	Metazoa	197	False
Q9UIQ6	Homo sapiens	Metazoa	1025	False
Q8VZD4	Arabidopsis thaliana	Plants	709	False
Q9LEM8	Chlamydomonas reinhardtii	Plants	1385	False
Q9URV3	Schizosaccharomyces pombe (strain 972 / ATCC 24843)	Fungi	296	False
Q96KS0	Homo sapiens	Metazoa	407	False
Q03673	Saccharomyces cerevisiae (strain ATCC 204508 / S288c)	Fungi	198	False
Q9C9L2	Arabidopsis thaliana	Plants	325	False
Q9UKI8	Homo sapiens	Metazoa	766	False
P49448	Homo sapiens	Metazoa	558	False
Q8WVY7	Homo sapiens	Metazoa	318	False
Q6P2H8	Homo sapiens	Metazoa	277	False
P43619	Saccharomyces cerevisiae (strain ATCC 204508 / S288c)	Fungi	295	False
Q9D658	Mus musculus	Metazoa	173	False
P43003	Homo sapiens	Metazoa	542	True
P63281	Rattus norvegicus	Metazoa	158	False
O75582	Homo sapiens	Metazoa	802	False
Q12049	Saccharomyces cerevisiae (strain ATCC 204508 / S288c)	Fungi	470	False
P49736	Homo sapiens	Metazoa	904	False
Q7XA83	Arabidopsis thaliana	Plants	423	False
Q39161	Arabidopsis thaliana	Plants	586	False
O35260	Rattus norvegicus	Metazoa	514	False
P08286	Gallus gallus	Metazoa	220	False
P34969	Homo sapiens	Metazoa	479	True
Q9HDZ3	Schizosaccharomyces pombe (strain 972 / ATCC 24843)	Fungi	182	False
Q01147	Mus musculus	Metazoa	327	False
Q9VVV9	Drosophila melanogaster	Metazoa	928	False
F4IFD0	Arabidopsis thaliana	Plants	667	False
Q2Z1W2	Gallus gallus	Metazoa	345	False
Q9FGN7	Arabidopsis thaliana	Plants	726	False
Q969L2	Homo sapiens	Metazoa	176	True
P18074	Homo sapiens	Metazoa	760	False
P08580	Neurospora crassa (strain ATCC 24698 / 74-OR23-1A / CBS 708.71 / DSM 1257 / FGSC 987)	Fungi	107	False
Q9Z0E3	Mus musculus	Metazoa	552	False
Q9JMK2	Mus musculus	Metazoa	416	False
A2A432	Mus musculus	Metazoa	970	False
Q9QYH6	Mus musculus	Metazoa	775	False
P70365	Mus musculus	Metazoa	1447	False
A0A486WWJ9	Caenorhabditis elegans	Metazoa	582	False
Q8WW38	Homo sapiens	Metazoa	1151	False
Q61602	Mus musculus	Metazoa	1583	False
Q04049	Saccharomyces cerevisiae (strain ATCC 204508 / S288c)	Fungi	632	False
P55735	Homo sapiens	Metazoa	322	False
Q8SX83	Drosophila melanogaster	Metazoa	5560	False
Q13507	Homo sapiens	Metazoa	921	False
F4JV80	Arabidopsis thaliana	Plants	155	False
Q02446	Homo sapiens	Metazoa	784	False
Q6ZVD8	Homo sapiens	Metazoa	1323	False
D3ZDM7	Rattus norvegicus	Metazoa	341	False
P35189	Saccharomyces cerevisiae (strain ATCC 204508 / S288c)	Fungi	244	False
Q8CCI5	Mus musculus	Metazoa	228	False
Q9SJU5	Arabidopsis thaliana	Plants	172	False
P62273	Homo sapiens	Metazoa	56	False
G5EED4	Caenorhabditis elegans	Metazoa	655	False
Q9WVS6	Mus musculus	Metazoa	464	False
Q91W40	Mus musculus	Metazoa	508	False
P38217	Saccharomyces cerevisiae (strain ATCC 204508 / S288c)	Fungi	918	False
E9QAG8	Mus musculus	Metazoa	526	False
P38991	Saccharomyces cerevisiae (strain ATCC 204508 / S288c)	Fungi	367	False
P32914	Saccharomyces cerevisiae (strain ATCC 204508 / S288c)	Fungi	102	False
A4FVP2	Arabidopsis thaliana	Plants	565	False
Q9LXC9	Arabidopsis thaliana	Plants	300	False
Q9W0S7	Drosophila melanogaster	Metazoa	926	False
Q9LER7	Arabidopsis thaliana	Plants	148	False
Q9FFH5	Arabidopsis thaliana	Plants	278	True
Q9Z2Y1	Rattus norvegicus	Metazoa	1205	False
O43513	Homo sapiens	Metazoa	233	False
P45890	Drosophila melanogaster	Metazoa	398	False
Q99N89	Mus musculus	Metazoa	183	False
Q9H825	Homo sapiens	Metazoa	291	False
O14368	Schizosaccharomyces pombe (strain 972 / ATCC 24843)	Fungi	143	False
Q6PJG6	Homo sapiens	Metazoa	821	False
Q9NQG6	Homo sapiens	Metazoa	463	True
A4L691	Rattus norvegicus	Metazoa	331	False
Q5XVG3	Arabidopsis thaliana	Plants	287	False
P15690	Bos taurus	Metazoa	727	False
Q8R502	Mus musculus	Metazoa	803	True
P09083	Drosophila melanogaster	Metazoa	449	False
O64894	Cucurbita maxima	Plants	690	False
O88942	Mus musculus	Metazoa	717	False
P83211	Bolinus brandaris	Metazoa	107	False
P42937	Saccharomyces cerevisiae (strain ATCC 204508 / S288c)	Fungi	148	False
F4IV66	Arabidopsis thaliana	Plants	1001	False
O42648	Schizosaccharomyces pombe (strain 972 / ATCC 24843)	Fungi	341	False
Q8IXP5	Homo sapiens	Metazoa	288	False
C4LY96	Entamoeba histolytica (strain ATCC 30459 / HM-1:IMSS / ABRM)	Other	1151	False
Q96RE7	Homo sapiens	Metazoa	527	False
Q4PIR3	Schizosaccharomyces pombe (strain 972 / ATCC 24843)	Fungi	250	False
P53538	Saccharomyces cerevisiae (strain ATCC 204508 / S288c)	Fungi	206	False
Q63008	Rattus norvegicus	Metazoa	618	True
F4HXU3	Arabidopsis thaliana	Plants	142	False
Q8R1N0	Mus musculus	Metazoa	363	False
Q6W5P4	Homo sapiens	Metazoa	371	True
Q7L9L4	Homo sapiens	Metazoa	216	False
P18263	Chlamydomonas reinhardtii	Plants	46	True
Q9FNB0	Arabidopsis thaliana	Plants	1381	False
P31641	Homo sapiens	Metazoa	620	True
Q92564	Homo sapiens	Metazoa	292	False
Q9BTE7	Homo sapiens	Metazoa	237	False
Q92945	Homo sapiens	Metazoa	711	False
Q03503	Saccharomyces cerevisiae (strain ATCC 204508 / S288c)	Fungi	176	False
Q3LHL9	Drosophila melanogaster	Metazoa	1658	False
Q8IV53	Homo sapiens	Metazoa	801	False
Q04660	Saccharomyces cerevisiae (strain ATCC 204508 / S288c)	Fungi	807	False
Q40687	Oryza sativa subsp. japonica	Plants	380	False
P07814	Homo sapiens	Metazoa	1512	False
Q9FJI2	Arabidopsis thaliana	Plants	166	False
P40493	Saccharomyces cerevisiae (strain ATCC 204508 / S288c)	Fungi	336	False
P00227	Brassica napus	Plants	96	False
Q12033	Saccharomyces cerevisiae (strain ATCC 204508 / S288c)	Fungi	661	False
P53903	Saccharomyces cerevisiae (strain ATCC 204508 / S288c)	Fungi	129	True
O88457	Rattus norvegicus	Metazoa	1765	False
Q9USP8	Schizosaccharomyces pombe (strain 972 / ATCC 24843)	Fungi	379	False
O60220	Homo sapiens	Metazoa	97	False
Q9VH48	Drosophila melanogaster	Metazoa	530	False
Q9W2R3	Drosophila melanogaster	Metazoa	792	False
Q9Y2V0	Homo sapiens	Metazoa	281	False
Q9UK61	Homo sapiens	Metazoa	1670	False
P53061	Saccharomyces cerevisiae (strain ATCC 204508 / S288c)	Fungi	704	False
P25372	Saccharomyces cerevisiae (strain ATCC 204508 / S288c)	Fungi	127	False
P16622	Saccharomyces cerevisiae (strain ATCC 204508 / S288c)	Fungi	393	False
A4GSN8	Arabidopsis thaliana	Plants	2093	False
Q9UBW5	Homo sapiens	Metazoa	565	False
Q9JJZ1	Rattus norvegicus	Metazoa	478	True
Q9XQR3	Pisum sativum	Plants	73	True
O76083	Homo sapiens	Metazoa	593	False
Q15633	Homo sapiens	Metazoa	366	False
Q9UTA6	Schizosaccharomyces pombe (strain 972 / ATCC 24843)	Fungi	303	False
Q9P7L2	Schizosaccharomyces pombe (strain 972 / ATCC 24843)	Fungi	425	False
Q9W0M7	Drosophila melanogaster	Metazoa	1227	False
P42644	Arabidopsis thaliana	Plants	255	False
E9Q784	Mus musculus	Metazoa	1729	False
Q7S910	Neurospora crassa (strain ATCC 24698 / 74-OR23-1A / CBS 708.71 / DSM 1257 / FGSC 987)	Fungi	263	False
P25398	Homo sapiens	Metazoa	132	False
Q78EG7	Rattus norvegicus	Metazoa	173	False
P47085	Saccharomyces cerevisiae (strain ATCC 204508 / S288c)	Fungi	338	False
Q06616	Saccharomyces cerevisiae (strain ATCC 204508 / S288c)	Fungi	221	False
Q10223	Schizosaccharomyces pombe (strain 972 / ATCC 24843)	Fungi	431	False
Q86W42	Homo sapiens	Metazoa	341	False
Q8R0S1	Mus musculus	Metazoa	413	False
A0A0R0H9T5	Glycine max	Plants	172	False
P42801	Arabidopsis thaliana	Plants	511	False
Q9FUT3	Arabidopsis thaliana	Plants	678	False
Q792I0	Rattus norvegicus	Metazoa	197	False
P53101	Saccharomyces cerevisiae (strain ATCC 204508 / S288c)	Fungi	465	False
Q9HAJ7	Homo sapiens	Metazoa	183	False
Q93VB2	Arabidopsis thaliana	Plants	425	False
Q75WU1	Oryza sativa subsp. japonica	Plants	93	False
O42637	Neurospora crassa (strain ATCC 24698 / 74-OR23-1A / CBS 708.71 / DSM 1257 / FGSC 987)	Fungi	797	False
Q4FZC9	Mus musculus	Metazoa	975	False
P35435	Rattus norvegicus	Metazoa	273	False
Q6PRD7	Homo sapiens	Metazoa	247	False
P27864	Drosophila melanogaster	Metazoa	679	False
P42345	Homo sapiens	Metazoa	2549	False
G5EC89	Caenorhabditis elegans	Metazoa	237	False
Q64705	Mus musculus	Metazoa	346	False
Q8TBE0	Homo sapiens	Metazoa	780	False
P05091	Homo sapiens	Metazoa	517	False
P14066	Saccharomyces cerevisiae (strain ATCC 204508 / S288c)	Fungi	229	False
Q96IZ2	Homo sapiens	Metazoa	230	True
P0CU09	Schizosaccharomyces pombe (strain 972 / ATCC 24843)	Fungi	235	False
O02696	Sus scrofa	Metazoa	877	False
Q24368	Drosophila melanogaster	Metazoa	1027	False
Q39083	Arabidopsis thaliana	Plants	206	False
P93830	Arabidopsis thaliana	Plants	229	False
Q8GXL3	Arabidopsis thaliana	Plants	333	False
Q02360	Drosophila melanogaster	Metazoa	365	False
Q9XIP2	Arabidopsis thaliana	Plants	505	False
Q92750	Homo sapiens	Metazoa	862	False
Q9UJW9	Homo sapiens	Metazoa	196	False
F1P065	Gallus gallus	Metazoa	1046	False
P35372	Homo sapiens	Metazoa	400	True
Q93YQ3	Arabidopsis thaliana	Plants	323	False
O70274	Mus musculus	Metazoa	167	False
P07665	Drosophila melanogaster	Metazoa	356	False
Q5FBB7	Homo sapiens	Metazoa	561	False
C4R4G9	Komagataella phaffii (strain GS115 / ATCC 20864)	Fungi	344	False
Q9FE20	Arabidopsis thaliana	Plants	456	False
P78753	Schizosaccharomyces pombe (strain 972 / ATCC 24843)	Fungi	557	False
O15439	Homo sapiens	Metazoa	1325	False
Q9C0B1	Homo sapiens	Metazoa	505	False
Q09184	Schizosaccharomyces pombe (strain 972 / ATCC 24843)	Fungi	381	False
Q9BRD0	Homo sapiens	Metazoa	619	False
B6HU70	Penicillium rubens (strain ATCC 28089 / DSM 1075 / NRRL 1951 / Wisconsin 54-1255)	Fungi	361	False
Q22618	Caenorhabditis elegans	Metazoa	495	False
Q42690	Chlamydomonas reinhardtii	Plants	377	False
Q9H7D0	Homo sapiens	Metazoa	1870	False
O14196	Schizosaccharomyces pombe (strain 972 / ATCC 24843)	Fungi	300	False
Q3E793	Saccharomyces cerevisiae (strain ATCC 204508 / S288c)	Fungi	110	False
Q9VEX9	Drosophila melanogaster	Metazoa	150	False
P38532	Mus musculus	Metazoa	525	False
P83391	Cladophora glomerata	Plants	91	False
Q9Z207	Mus musculus	Metazoa	1171	False
P07854	Spinacia oleracea	Plants	138	False
P28236	Mus musculus	Metazoa	440	True
P36088	Saccharomyces cerevisiae (strain ATCC 204508 / S288c)	Fungi	180	False
O17072	Caenorhabditis elegans	Metazoa	232	False
Q3ZBX6	Bos taurus	Metazoa	348	False
Q0V8E7	Bos taurus	Metazoa	668	True
P10854	Mus musculus	Metazoa	126	False
Q9Y3C1	Homo sapiens	Metazoa	178	False
P33307	Saccharomyces cerevisiae (strain ATCC 204508 / S288c)	Fungi	960	False
P70318	Mus musculus	Metazoa	392	False
O17670	Caenorhabditis elegans	Metazoa	503	False
Q9SKX1	Arabidopsis thaliana	Plants	156	False
Q05518	Saccharomyces cerevisiae (strain ATCC 204508 / S288c)	Fungi	499	False
Q9I8K8	Danio rerio	Metazoa	370	True
Q9FFB6	Arabidopsis thaliana	Plants	291	False
Q9BZE4	Homo sapiens	Metazoa	634	False
O60292	Homo sapiens	Metazoa	1781	False
P21374	Saccharomyces cerevisiae (strain ATCC 204508 / S288c)	Fungi	235	False
Q9QXX8	Mus musculus	Metazoa	484	False
P63041	Rattus norvegicus	Metazoa	134	False
O75923	Homo sapiens	Metazoa	2080	False
Q07021	Homo sapiens	Metazoa	282	False
O94647	Schizosaccharomyces pombe (strain 972 / ATCC 24843)	Fungi	461	False
Q9BXC9	Homo sapiens	Metazoa	721	False
P21731	Homo sapiens	Metazoa	343	True
Q61146	Mus musculus	Metazoa	521	True
Q9FY93	Arabidopsis thaliana	Plants	252	False
Q6AVA8	Oryza sativa subsp. japonica	Plants	947	False
Q94AX5	Arabidopsis thaliana	Plants	370	False
Q14197	Homo sapiens	Metazoa	206	False
Q04006	Saccharomyces cerevisiae (strain ATCC 204508 / S288c)	Fungi	179	False
P39009	Saccharomyces cerevisiae (strain ATCC 204508 / S288c)	Fungi	513	False
Q9EST6	Rattus norvegicus	Metazoa	272	False
P17629	Saccharomyces cerevisiae (strain ATCC 204508 / S288c)	Fungi	752	False
O81439	Arabidopsis thaliana	Plants	318	False
Q6IUP1	Mus musculus	Metazoa	357	False
P32773	Saccharomyces cerevisiae (strain ATCC 204508 / S288c)	Fungi	286	False
Q9DA32	Mus musculus	Metazoa	373	False
P30943	Rhodomonas sp. (strain CS 24)	Other	104	False
O15014	Homo sapiens	Metazoa	1411	False
B1B534	Oryza sativa subsp. japonica	Plants	475	False
P41225	Homo sapiens	Metazoa	446	False
Q9C865	Arabidopsis thaliana	Plants	439	False
P27929	Saccharomyces cerevisiae (strain ATCC 204508 / S288c)	Fungi	486	False
O22607	Arabidopsis thaliana	Plants	507	False
P52893	Saccharomyces cerevisiae (strain ATCC 204508 / S288c)	Fungi	592	False
P0DO11	Arabidopsis thaliana	Plants	126	False
Q9PT60	Xenopus laevis	Metazoa	655	False
Q9M658	Arabidopsis thaliana	Plants	2001	False
Q96EK4	Homo sapiens	Metazoa	314	False
P31750	Mus musculus	Metazoa	480	False
P60842	Homo sapiens	Metazoa	406	False
P10085	Mus musculus	Metazoa	318	False
Q9W1R5	Drosophila melanogaster	Metazoa	1854	False
Q02060	Spinacia oleracea	Plants	274	False
Q9R1L5	Mus musculus	Metazoa	1570	False
Q9CPR8	Mus musculus	Metazoa	279	False
Q8N6T7	Homo sapiens	Metazoa	355	False
Q6EJ97	Pueraria montana var. lobata	Plants	608	False
Q6DKK2	Homo sapiens	Metazoa	380	False
P04039	Saccharomyces cerevisiae (strain ATCC 204508 / S288c)	Fungi	78	True
P53687	Saccharomyces cerevisiae (strain ATCC 204508 / S288c)	Fungi	447	False
P87320	Schizosaccharomyces pombe (strain 972 / ATCC 24843)	Fungi	903	True
Q9BLB6	Caenorhabditis elegans	Metazoa	253	False
P23758	Drosophila melanogaster	Metazoa	425	False
Q969F1	Homo sapiens	Metazoa	213	False
Q6UFS5	Danio rerio	Metazoa	563	False
Q0JNB6	Oryza sativa subsp. japonica	Plants	554	True
O13768	Schizosaccharomyces pombe (strain 972 / ATCC 24843)	Fungi	804	False
P87233	Schizosaccharomyces pombe (strain 972 / ATCC 24843)	Fungi	461	False
Q9LFP7	Arabidopsis thaliana	Plants	493	False
P17558	Saccharomyces cerevisiae (strain ATCC 204508 / S288c)	Fungi	318	False
Q0DUR2	Oryza sativa subsp. japonica	Plants	92	False
P31311	Mus musculus	Metazoa	313	False
Q9WTK7	Mus musculus	Metazoa	436	False
P93032	Arabidopsis thaliana	Plants	367	False
F4JP52	Arabidopsis thaliana	Plants	826	False
Q9H3Z4	Homo sapiens	Metazoa	198	False
Q9QZR8	Rattus norvegicus	Metazoa	2766	False
Q9FNJ8	Arabidopsis thaliana	Plants	425	False
P32240	Mus musculus	Metazoa	513	True
Q5XIQ3	Rattus norvegicus	Metazoa	316	False
Q5JWF2	Homo sapiens	Metazoa	1037	False
O95500	Homo sapiens	Metazoa	239	True
Q7X7S8	Oryza sativa subsp. japonica	Plants	468	True
P31166	Arabidopsis thaliana	Plants	243	False
Q9NVU7	Homo sapiens	Metazoa	687	False
Q7TMK9	Mus musculus	Metazoa	623	False
S8EZA7	Toxoplasma gondii (strain ATCC 50611 / Me49)	Other	534	True
Q62187	Mus musculus	Metazoa	859	False
O16299	Caenorhabditis elegans	Metazoa	594	False
Q9D3P8	Mus musculus	Metazoa	147	True
Q8C5D8	Mus musculus	Metazoa	621	False
Q91V10	Mus musculus	Metazoa	363	False
P56282	Homo sapiens	Metazoa	527	False
Q7L8L6	Homo sapiens	Metazoa	764	False
O94468	Schizosaccharomyces pombe (strain 972 / ATCC 24843)	Fungi	213	False
P00002	Macaca mulatta	Metazoa	105	False
Q21921	Caenorhabditis elegans	Metazoa	607	False
Q9C7G0	Arabidopsis thaliana	Plants	562	False
Q12041	Saccharomyces cerevisiae (strain ATCC 204508 / S288c)	Fungi	191	False
Q40460	Nicotiana tabacum	Plants	442	False
P00032	Cornu aspersum	Metazoa	104	False
Q8TBF4	Homo sapiens	Metazoa	217	False
Q9NRA0	Homo sapiens	Metazoa	654	False
Q9BZR8	Homo sapiens	Metazoa	327	False
Q9BQA1	Homo sapiens	Metazoa	342	False
Q9SQR3	Arabidopsis thaliana	Plants	267	False
Q13698	Homo sapiens	Metazoa	1873	True
Q8IVH4	Homo sapiens	Metazoa	418	False
P69682	Rattus norvegicus	Metazoa	277	False
Q9M591	Arabidopsis thaliana	Plants	409	False
G3V6S8	Rattus norvegicus	Metazoa	339	False
P25686	Homo sapiens	Metazoa	324	False
P0CB42	Mus musculus	Metazoa	389	False
Q99278	Saccharomyces cerevisiae (strain ATCC 204508 / S288c)	Fungi	115	False
Q92374	Schizosaccharomyces pombe (strain 972 / ATCC 24843)	Fungi	104	False
Q27539	Caenorhabditis elegans	Metazoa	221	False
Q15126	Homo sapiens	Metazoa	192	False
Q08215	Saccharomyces cerevisiae (strain ATCC 204508 / S288c)	Fungi	383	False
Q9C9T3	Arabidopsis thaliana	Plants	67	False
P02721	Bos taurus	Metazoa	108	False
F4K2R6	Arabidopsis thaliana	Plants	563	False
Q8WTX7	Homo sapiens	Metazoa	329	False
Q9QZQ8	Mus musculus	Metazoa	369	False
Q12524	Saccharomyces cerevisiae (strain ATCC 204508 / S288c)	Fungi	340	False
Q9SYU4	Arabidopsis thaliana	Plants	381	True
E4NKF8	Medicago truncatula	Plants	694	False
P35244	Homo sapiens	Metazoa	121	False
Q8IQ70	Drosophila melanogaster	Metazoa	366	False
Q9NQT4	Homo sapiens	Metazoa	235	False
Q9U226	Caenorhabditis elegans	Metazoa	342	False
Q9Y4A5	Homo sapiens	Metazoa	3859	False
Q8RY71	Arabidopsis thaliana	Plants	341	False
Q96LI5	Homo sapiens	Metazoa	555	False
P55273	Homo sapiens	Metazoa	166	False
Q6Q5X2	Saccharomyces cerevisiae (strain ATCC 204508 / S288c)	Fungi	51	False
P46655	Saccharomyces cerevisiae (strain ATCC 204508 / S288c)	Fungi	708	False
Q06265	Homo sapiens	Metazoa	439	False
Q8VZS9	Arabidopsis thaliana	Plants	475	False
Q12598	Candida tropicalis	Fungi	403	False
P82887	Olisthodiscus luteus	Other	114	False
Q62747	Rattus norvegicus	Metazoa	403	True
P18489	Drosophila melanogaster	Metazoa	152	False
Q02950	Saccharomyces cerevisiae (strain ATCC 204508 / S288c)	Fungi	344	False
Q9VX31	Drosophila melanogaster	Metazoa	1105	False
O74842	Schizosaccharomyces pombe (strain 972 / ATCC 24843)	Fungi	1284	False
Q8IFW4	Drosophila melanogaster	Metazoa	157	False
Q92905	Homo sapiens	Metazoa	334	False
P25367	Saccharomyces cerevisiae (strain ATCC 204508 / S288c)	Fungi	405	False
P25359	Saccharomyces cerevisiae (strain ATCC 204508 / S288c)	Fungi	394	False
O42868	Schizosaccharomyces pombe (strain 972 / ATCC 24843)	Fungi	197	False
Q9Y3I1	Homo sapiens	Metazoa	522	False
P42940	Saccharomyces cerevisiae (strain ATCC 204508 / S288c)	Fungi	261	False
P30837	Homo sapiens	Metazoa	517	False
Q4WF31	Aspergillus fumigatus (strain ATCC MYA-4609 / CBS 101355 / FGSC A1100 / Af293)	Fungi	612	True
Q7JXA8	Drosophila melanogaster	Metazoa	418	False
P22413	Homo sapiens	Metazoa	925	True
Q9FUY2	Arabidopsis thaliana	Plants	931	False
Q9LDI3	Arabidopsis thaliana	Plants	446	False
Q9H3J6	Homo sapiens	Metazoa	166	False
P39720	Saccharomyces cerevisiae (strain ATCC 204508 / S288c)	Fungi	1047	False
P98177	Homo sapiens	Metazoa	505	False
Q6A028	Mus musculus	Metazoa	585	False
Q9NXF1	Homo sapiens	Metazoa	929	False
P19407	Spinacia oleracea	Plants	62	True
O35253	Mus musculus	Metazoa	426	False
O14975	Homo sapiens	Metazoa	620	True
Q9BYG3	Homo sapiens	Metazoa	293	False
O23813	Zea mays	Plants	635	False
P16603	Saccharomyces cerevisiae (strain ATCC 204508 / S288c)	Fungi	691	True
O22340	Abies grandis	Plants	637	False
Q8RWH9	Arabidopsis thaliana	Plants	513	False
O24367	Spirodela polyrhiza	Plants	1441	False
O95267	Homo sapiens	Metazoa	797	False
Q9UNS1	Homo sapiens	Metazoa	1208	False
P03920	Bos taurus	Metazoa	606	True
Q42850	Hordeum vulgare	Plants	395	False
Q6DYE8	Mus musculus	Metazoa	874	True
Q99704	Homo sapiens	Metazoa	481	False
P83487	Equus caballus	Metazoa	172	False
Q38942	Arabidopsis thaliana	Plants	349	False
G7JND3	Medicago truncatula	Plants	620	True
Q9FG00	Arabidopsis thaliana	Plants	491	True
P40571	Saccharomyces cerevisiae (strain ATCC 204508 / S288c)	Fungi	144	False
Q12837	Homo sapiens	Metazoa	409	False
Q8VDB9	Mus musculus	Metazoa	592	True
Q9HC52	Homo sapiens	Metazoa	389	False
Q9WU12	Mus musculus	Metazoa	71	False
Q570R7	Arabidopsis thaliana	Plants	366	False
Q9VCE6	Drosophila melanogaster	Metazoa	608	False
Q7G7J6	Oryza sativa subsp. japonica	Plants	625	False
Q8BGL3	Mus musculus	Metazoa	282	False
P20192	Sus scrofa	Metazoa	734	False
Q86YS7	Homo sapiens	Metazoa	1000	False
Q8IW03	Homo sapiens	Metazoa	269	False
A6NFQ2	Homo sapiens	Metazoa	919	False
P28817	Saccharomyces cerevisiae (strain ATCC 204508 / S288c)	Fungi	500	False
Q04048	Saccharomyces cerevisiae (strain ATCC 204508 / S288c)	Fungi	859	False
O00410	Homo sapiens	Metazoa	1097	False
Q64478	Mus musculus	Metazoa	126	False
O81275	Arabidopsis thaliana	Plants	276	False
P53226	Saccharomyces cerevisiae (strain ATCC 204508 / S288c)	Fungi	547	False
Q9VGE3	Drosophila melanogaster	Metazoa	459	False
Q9XIK0	Arabidopsis thaliana	Plants	179	False
Q8IU80	Homo sapiens	Metazoa	811	True
Q7Z418	Homo sapiens	Metazoa	384	True
P83916	Homo sapiens	Metazoa	185	False
Q25423	Leishmania tarentolae	Other	187	False
P81128	Rattus norvegicus	Metazoa	1499	False
Q96D46	Homo sapiens	Metazoa	503	False
P57093	Rattus norvegicus	Metazoa	338	False
P70079	Gallus gallus	Metazoa	417	False
Q84P24	Arabidopsis thaliana	Plants	566	False
P53972	Saccharomyces cerevisiae (strain ATCC 204508 / S288c)	Fungi	490	False
G5EGF8	Caenorhabditis elegans	Metazoa	354	False
Q8L9T7	Arabidopsis thaliana	Plants	157	False
Q9HAP6	Homo sapiens	Metazoa	207	False
Q99543	Homo sapiens	Metazoa	621	False
Q9VEN1	Drosophila melanogaster	Metazoa	2210	False
P32780	Homo sapiens	Metazoa	548	False
Q9NYG5	Homo sapiens	Metazoa	84	False
Q62674	Rattus norvegicus	Metazoa	648	True
Q01338	Mus musculus	Metazoa	465	True
Q92748	Homo sapiens	Metazoa	146	False
P32455	Homo sapiens	Metazoa	592	False
Q05A80	Mus musculus	Metazoa	1031	False
Q07864	Homo sapiens	Metazoa	2286	False
P0DOW4	Ramazzottius varieornatus	Metazoa	445	False
Q8TDB4	Homo sapiens	Metazoa	240	True
Q9UBF1	Homo sapiens	Metazoa	373	False
Q9S720	Arabidopsis thaliana	Plants	247	False
Q7XR88	Oryza sativa subsp. japonica	Plants	361	False
O95259	Homo sapiens	Metazoa	989	False
P12753	Saccharomyces cerevisiae (strain ATCC 204508 / S288c)	Fungi	1312	False
Q02516	Saccharomyces cerevisiae (strain ATCC 204508 / S288c)	Fungi	242	False
Q9ULR0	Homo sapiens	Metazoa	285	False
Q8CJ67	Mus musculus	Metazoa	570	False
P70377	Mus musculus	Metazoa	245	False
Q24210	Drosophila melanogaster	Metazoa	898	False
Q8MQ70	Caenorhabditis elegans	Metazoa	846	False
Q9MA75	Arabidopsis thaliana	Plants	341	False
Q9UHL9	Homo sapiens	Metazoa	959	False
C6TCZ5	Glycine max	Plants	232	False
Q09847	Schizosaccharomyces pombe (strain 972 / ATCC 24843)	Fungi	1325	False
Q41932	Arabidopsis thaliana	Plants	230	False
P23791	Oryctolagus cuniculus	Metazoa	816	False
Q1K7P9	Neurospora crassa (strain ATCC 24698 / 74-OR23-1A / CBS 708.71 / DSM 1257 / FGSC 987)	Fungi	140	False
P23509	Solanum tuberosum	Plants	521	False
Q9NLA3	Patiria pectinifera	Metazoa	346	False
P10505	Schizosaccharomyces pombe (strain 972 / ATCC 24843)	Fungi	665	False
P82927	Bos taurus	Metazoa	142	False
B6TVL4	Zea mays	Plants	395	False
P28223	Homo sapiens	Metazoa	471	True
Q8LPQ9	Arabidopsis thaliana	Plants	901	False
P39943	Saccharomyces cerevisiae (strain ATCC 204508 / S288c)	Fungi	394	False
P25439	Drosophila melanogaster	Metazoa	1638	False
O55103	Mus musculus	Metazoa	1391	False
Q9HBE1	Homo sapiens	Metazoa	687	False
O60016	Schizosaccharomyces pombe (strain 972 / ATCC 24843)	Fungi	490	False
Q93092	Mus musculus	Metazoa	337	False
O35927	Mus musculus	Metazoa	1247	False
G2XKQ0	Homo sapiens	Metazoa	101	False
Q9H845	Homo sapiens	Metazoa	621	False
Q867X0	Caenorhabditis elegans	Metazoa	781	False
P80404	Homo sapiens	Metazoa	500	False
P57741	Arabidopsis thaliana	Plants	195	False
P56962	Homo sapiens	Metazoa	302	False
P15920	Mus musculus	Metazoa	856	False
Q9LTJ1	Arabidopsis thaliana	Plants	225	False
Q27894	Caenorhabditis elegans	Metazoa	123	False
Q9FPF0	Arabidopsis thaliana	Plants	392	False
P53733	Saccharomyces cerevisiae (strain ATCC 204508 / S288c)	Fungi	91	False
Q05923	Homo sapiens	Metazoa	314	False
P19824	Chlamydomonas reinhardtii	Plants	375	False
F4IW10	Arabidopsis thaliana	Plants	754	False
Q9ER74	Mus musculus	Metazoa	1322	False
P53899	Saccharomyces cerevisiae (strain ATCC 204508 / S288c)	Fungi	274	False
O94921	Homo sapiens	Metazoa	469	False
Q29122	Sus scrofa	Metazoa	1254	False
Q8C838	Mus musculus	Metazoa	173	False
P09110	Homo sapiens	Metazoa	424	False
Q8WT44	Caenorhabditis elegans	Metazoa	1178	False
E9PVX6	Mus musculus	Metazoa	3177	False
O82645	Arabidopsis thaliana	Plants	488	False
Q8W4I7	Arabidopsis thaliana	Plants	528	False
Q01105	Homo sapiens	Metazoa	290	False
Q0DDE3	Oryza sativa subsp. japonica	Plants	810	False
Q14192	Homo sapiens	Metazoa	279	False
P87314	Schizosaccharomyces pombe (strain 972 / ATCC 24843)	Fungi	932	False
Q4WJ81	Aspergillus fumigatus (strain ATCC MYA-4609 / CBS 101355 / FGSC A1100 / Af293)	Fungi	754	False
Q5FWP4	Xenopus laevis	Metazoa	625	False
Q08365	Chlamydomonas reinhardtii	Plants	712	False
J7M799	Ramazzottius varieornatus	Metazoa	237	False
P42285	Homo sapiens	Metazoa	1042	False
Q9M0V0	Arabidopsis thaliana	Plants	197	False
Q6IQX8	Mus musculus	Metazoa	726	False
O09171	Rattus norvegicus	Metazoa	407	False
Q9QYR9	Mus musculus	Metazoa	453	False
Q07555	Saccharomyces cerevisiae (strain ATCC 204508 / S288c)	Fungi	291	False
Q9Z0V7	Mus musculus	Metazoa	172	True
Q9P000	Homo sapiens	Metazoa	198	False
Q9UUG9	Schizosaccharomyces pombe (strain 972 / ATCC 24843)	Fungi	1339	False
Q15004	Homo sapiens	Metazoa	111	False
Q96PN6	Homo sapiens	Metazoa	1610	False
Q9LQ55	Arabidopsis thaliana	Plants	920	False
Q9LU63	Arabidopsis thaliana	Plants	220	False
O14862	Homo sapiens	Metazoa	343	False
Q8BZA9	Mus musculus	Metazoa	269	False
P15308	Xenopus laevis	Metazoa	273	False
Q9Y3T9	Homo sapiens	Metazoa	749	False
Q8IWU4	Homo sapiens	Metazoa	369	True
P08539	Saccharomyces cerevisiae (strain ATCC 204508 / S288c)	Fungi	472	False
Q02878	Homo sapiens	Metazoa	288	False
Q8IZ07	Homo sapiens	Metazoa	590	False
Q9NVH1	Homo sapiens	Metazoa	559	False
P48201	Homo sapiens	Metazoa	142	True
P80723	Homo sapiens	Metazoa	227	False
Q9NR90	Homo sapiens	Metazoa	486	False
Q1G3I2	Arabidopsis thaliana	Plants	117	False
P78953	Schizosaccharomyces pombe (strain 972 / ATCC 24843)	Fungi	920	False
Q8RY95	Arabidopsis thaliana	Plants	1035	False
O48737	Arabidopsis thaliana	Plants	179	False
Q12251	Saccharomyces cerevisiae (strain ATCC 204508 / S288c)	Fungi	326	True
P41920	Saccharomyces cerevisiae (strain ATCC 204508 / S288c)	Fungi	201	False
O42913	Schizosaccharomyces pombe (strain 972 / ATCC 24843)	Fungi	342	False
Q27487	Caenorhabditis elegans	Metazoa	500	False
P32761	Chlamydomonas moewusii	Plants	218	False
Q9BS16	Homo sapiens	Metazoa	269	False
Q8IWV1	Homo sapiens	Metazoa	398	True
Q9NYP3	Homo sapiens	Metazoa	566	False
Q02201	Saccharomyces cerevisiae (strain ATCC 204508 / S288c)	Fungi	448	False
Q9FYG2	Arabidopsis thaliana	Plants	1016	False
Q12262	Saccharomyces cerevisiae (strain ATCC 204508 / S288c)	Fungi	181	False
Q9CQE1	Mus musculus	Metazoa	247	False
Q9WVF7	Mus musculus	Metazoa	2283	False
P16402	Homo sapiens	Metazoa	221	False
Q9NTX7	Homo sapiens	Metazoa	359	False
P25298	Saccharomyces cerevisiae (strain ATCC 204508 / S288c)	Fungi	677	False
Q9ULZ3	Homo sapiens	Metazoa	195	False
P26717	Homo sapiens	Metazoa	231	True
P19447	Homo sapiens	Metazoa	782	False
P39925	Saccharomyces cerevisiae (strain ATCC 204508 / S288c)	Fungi	761	False
Q05568	Saccharomyces cerevisiae (strain ATCC 204508 / S288c)	Fungi	337	True
P31652	Rattus norvegicus	Metazoa	630	True
P53197	Saccharomyces cerevisiae (strain ATCC 204508 / S288c)	Fungi	566	False
Q7L592	Homo sapiens	Metazoa	441	False
O01737	Caenorhabditis elegans	Metazoa	1866	False
P47977	Saccharomyces cerevisiae (strain ATCC 204508 / S288c)	Fungi	285	False
P11169	Homo sapiens	Metazoa	496	True
Q8WYQ3	Homo sapiens	Metazoa	142	False
Q9NSG2	Homo sapiens	Metazoa	853	False
Q7XEY9	Oryza sativa subsp. japonica	Plants	277	False
P13192	Hordeum vulgare	Plants	235	False
P18248	Xenopus laevis	Metazoa	261	False
Q08032	Saccharomyces cerevisiae (strain ATCC 204508 / S288c)	Fungi	650	False
P82911	Bos taurus	Metazoa	197	False
Q9M9L3	Arabidopsis thaliana	Plants	336	False
Q05481	Homo sapiens	Metazoa	1191	False
Q9NY26	Homo sapiens	Metazoa	324	True
Q96A35	Homo sapiens	Metazoa	216	False
Q9ESE1	Mus musculus	Metazoa	2856	False
Q9Z2X8	Mus musculus	Metazoa	624	False
Q99NB7	Rattus norvegicus	Metazoa	556	False
Q9H9Q4	Homo sapiens	Metazoa	299	False
Q9EPA0	Rattus norvegicus	Metazoa	957	False
Q9BT92	Homo sapiens	Metazoa	498	False
P35269	Homo sapiens	Metazoa	517	False
P36094	Saccharomyces cerevisiae (strain ATCC 204508 / S288c)	Fungi	363	False
Q8CGS4	Rattus norvegicus	Metazoa	223	False
Q9D1E5	Mus musculus	Metazoa	489	True
P35712	Homo sapiens	Metazoa	828	False
O43293	Homo sapiens	Metazoa	454	False
A8MW92	Homo sapiens	Metazoa	1017	False
Q9R0L4	Rattus norvegicus	Metazoa	1273	False
Q9M1J1	Arabidopsis thaliana	Plants	170	False
O43665	Homo sapiens	Metazoa	181	False
P00505	Homo sapiens	Metazoa	430	False
Q9XQN8	Sinapis alba	Plants	327	False
O54949	Mus musculus	Metazoa	527	False
P00375	Mus musculus	Metazoa	187	False
Q9BWX1	Homo sapiens	Metazoa	381	False
O74317	Schizosaccharomyces pombe (strain 972 / ATCC 24843)	Fungi	113	False
Q61550	Mus musculus	Metazoa	635	False
P36776	Homo sapiens	Metazoa	959	False
Q9R085	Rattus norvegicus	Metazoa	952	False
Q9Y5J7	Homo sapiens	Metazoa	89	False
Q00597	Homo sapiens	Metazoa	558	False
Q91Y80	Rattus norvegicus	Metazoa	457	False
Q4LDG0	Mus musculus	Metazoa	689	True
Q8TDC3	Homo sapiens	Metazoa	778	False
P59540	Homo sapiens	Metazoa	309	True
Q8VZS3	Arabidopsis thaliana	Plants	354	False
Q04735	Mus musculus	Metazoa	496	False
P13712	Saccharomyces cerevisiae (strain ATCC 204508 / S288c)	Fungi	422	False
P50463	Rattus norvegicus	Metazoa	194	False
P25208	Homo sapiens	Metazoa	207	False
P53350	Homo sapiens	Metazoa	603	False
Q8R3H9	Mus musculus	Metazoa	386	False
Q8GYF7	Arabidopsis thaliana	Plants	377	False
P97767	Mus musculus	Metazoa	591	False
P18872	Mus musculus	Metazoa	354	False
Q9V466	Drosophila melanogaster	Metazoa	845	False
Q92889	Homo sapiens	Metazoa	916	False
I4DST8	Tulipa gesneriana	Plants	385	False
P08103	Mus musculus	Metazoa	524	False
P29033	Homo sapiens	Metazoa	226	True
Q9VK33	Drosophila melanogaster	Metazoa	1220	False
Q02354	Saccharomyces cerevisiae (strain ATCC 204508 / S288c)	Fungi	440	False
Q8IRG6	Drosophila melanogaster	Metazoa	1083	False
P08503	Rattus norvegicus	Metazoa	421	False
P00426	Bos taurus	Metazoa	152	False
O76902	Drosophila melanogaster	Metazoa	316	False
A0FGR9	Homo sapiens	Metazoa	886	True
Q16581	Homo sapiens	Metazoa	482	True
P92792	Solanum tuberosum	Plants	204	False
P08993	Tetrahymena thermophila (strain SB210)	Other	122	False
F4ISV6	Arabidopsis thaliana	Plants	537	False
Q9FIJ4	Arabidopsis thaliana	Plants	199	False
O65680	Arabidopsis thaliana	Plants	279	False
Q8R2K4	Mus musculus	Metazoa	616	False
P53437	Saccharomyces cerevisiae (strain ATCC 204508 / S288c)	Fungi	365	False
Q95QA6	Caenorhabditis elegans	Metazoa	663	False
Q5EAF2	Arabidopsis thaliana	Plants	334	False
Q8LEG1	Arabidopsis thaliana	Plants	258	False
P29468	Saccharomyces cerevisiae (strain ATCC 204508 / S288c)	Fungi	568	False
P84103	Homo sapiens	Metazoa	164	False
Q9LK88	Arabidopsis thaliana	Plants	196	False
Q91WS0	Mus musculus	Metazoa	108	True
Q5DW34	Mus musculus	Metazoa	1296	False
P38855	Saccharomyces cerevisiae (strain ATCC 204508 / S288c)	Fungi	283	False
Q6J9Q2	Arabidopsis thaliana	Plants	348	False
Q8QZY3	Mus musculus	Metazoa	150	False
Q91876	Xenopus laevis	Metazoa	720	False
Q969Y2	Homo sapiens	Metazoa	492	False
P53839	Saccharomyces cerevisiae (strain ATCC 204508 / S288c)	Fungi	350	False
Q8CC88	Mus musculus	Metazoa	1905	False
Q94517	Drosophila melanogaster	Metazoa	521	False
P08817	Hordeum vulgare	Plants	129	False
Q8T5C6	Biomphalaria glabrata	Metazoa	436	False
F4JYE9	Arabidopsis thaliana	Plants	530	False
P38365	Spinacia oleracea	Plants	174	False
P20648	Homo sapiens	Metazoa	1035	False
Q9SGZ8	Arabidopsis thaliana	Plants	162	False
Q8R216	Mus musculus	Metazoa	333	False
A0A0J9UVG7	Fusarium oxysporum f. sp. lycopersici (strain 4287 / CBS 123668 / FGSC 9935 / NRRL 34936)	Fungi	326	False
Q9HB15	Homo sapiens	Metazoa	430	True
Q9SPG2	Arabidopsis thaliana	Plants	366	False
P23610	Homo sapiens	Metazoa	371	False
P55917	Ovis aries	Metazoa	440	True
Q96TL7	Schizosaccharomyces pombe (strain 972 / ATCC 24843)	Fungi	693	False
Q9CAF5	Arabidopsis thaliana	Plants	338	False
Q8C5Y2	Mus musculus	Metazoa	53	True
A9YTQ3	Homo sapiens	Metazoa	701	False
Q38847	Arabidopsis thaliana	Plants	268	False
Q9SCQ6	Arabidopsis thaliana	Plants	452	False
P06242	Saccharomyces cerevisiae (strain ATCC 204508 / S288c)	Fungi	306	False
P36114	Saccharomyces cerevisiae (strain ATCC 204508 / S288c)	Fungi	725	False
P61289	Homo sapiens	Metazoa	254	False
P51874	Symbiodinium sp.	Other	365	False
Q64337	Mus musculus	Metazoa	442	False
Q9Y255	Homo sapiens	Metazoa	219	False
P39715	Saccharomyces cerevisiae (strain ATCC 204508 / S288c)	Fungi	212	False
Q9UI36	Homo sapiens	Metazoa	758	False
P34537	Caenorhabditis elegans	Metazoa	837	False
A2AMM0	Mus musculus	Metazoa	362	False
Q7XYS8	Artemisia spiciformis	Plants	394	False
Q9Y7J2	Schizosaccharomyces pombe (strain 972 / ATCC 24843)	Fungi	160	False
A2AU37	Mus musculus	Metazoa	552	False
P0CG12	Homo sapiens	Metazoa	524	False
Q61152	Mus musculus	Metazoa	453	False
A0A0R4IY06	Danio rerio	Metazoa	179	False
Q922J9	Mus musculus	Metazoa	515	False
Q86Y97	Homo sapiens	Metazoa	462	False
P19360	Rattus norvegicus	Metazoa	260	False
P53171	Saccharomyces cerevisiae (strain ATCC 204508 / S288c)	Fungi	287	False
Q09668	Schizosaccharomyces pombe (strain 972 / ATCC 24843)	Fungi	117	False
Q7KML2	Drosophila melanogaster	Metazoa	669	False
O94972	Homo sapiens	Metazoa	964	False
Q8GYD2	Arabidopsis thaliana	Plants	230	False
P53011	Saccharomyces cerevisiae (strain ATCC 204508 / S288c)	Fungi	349	False
Q0PF16	Macaca mulatta	Metazoa	497	False
Q8GWS0	Arabidopsis thaliana	Plants	174	False
P15802	Penicillium chrysogenum	Fungi	357	False
P39019	Homo sapiens	Metazoa	145	False
P11177	Homo sapiens	Metazoa	359	False
Q10178	Schizosaccharomyces pombe (strain 972 / ATCC 24843)	Fungi	1205	False
P42573	Caenorhabditis elegans	Metazoa	503	False
Q8BH86	Mus musculus	Metazoa	617	False
P51123	Drosophila melanogaster	Metazoa	2129	False
P48165	Homo sapiens	Metazoa	433	True
P53968	Saccharomyces cerevisiae (strain ATCC 204508 / S288c)	Fungi	678	False
Q9HE02	Schizosaccharomyces pombe (strain 972 / ATCC 24843)	Fungi	1225	False
P82403	Spinacia oleracea	Plants	211	False
F4JMV6	Arabidopsis thaliana	Plants	399	False
A0PJY2	Homo sapiens	Metazoa	475	False
P32862	Saccharomyces cerevisiae (strain ATCC 204508 / S288c)	Fungi	1170	False
Q9H8W5	Homo sapiens	Metazoa	580	False
P51810	Homo sapiens	Metazoa	404	True
O74435	Schizosaccharomyces pombe (strain 972 / ATCC 24843)	Fungi	176	False
P29414	Rattus norvegicus	Metazoa	416	True
Q02078	Homo sapiens	Metazoa	507	False
Q3U507	Mus musculus	Metazoa	335	True
P62491	Homo sapiens	Metazoa	216	False
Q8K3J1	Mus musculus	Metazoa	212	False
P37089	Rattus norvegicus	Metazoa	698	False
Q9Y6F8	Homo sapiens	Metazoa	540	False
P40993	Saccharomyces cerevisiae (strain ATCC 204508 / S288c)	Fungi	198	False
O55022	Mus musculus	Metazoa	195	True
O63075	Chlamydomonas reinhardtii	Plants	238	True
Q7TPH6	Mus musculus	Metazoa	4749	False
O77389	Plasmodium falciparum (isolate 3D7)	Other	309	True
Q8VWK0	Arabidopsis thaliana	Plants	442	False
Q84JF0	Arabidopsis thaliana	Plants	310	False
Q12259	Saccharomyces cerevisiae (strain ATCC 204508 / S288c)	Fungi	485	False
Q05949	Saccharomyces cerevisiae (strain ATCC 204508 / S288c)	Fungi	395	False
Q9NYA1	Homo sapiens	Metazoa	384	False
O48528	Arabidopsis thaliana	Plants	159	True
Q9VH36	Drosophila melanogaster	Metazoa	585	False
P68306	Gallus gallus	Metazoa	369	False
Q99653	Homo sapiens	Metazoa	195	False
Q9V6L9	Drosophila melanogaster	Metazoa	255	False
Q9UK45	Homo sapiens	Metazoa	103	False
P21306	Saccharomyces cerevisiae (strain ATCC 204508 / S288c)	Fungi	62	False
Q8TC84	Homo sapiens	Metazoa	345	False
Q96375	Capsicum annuum	Plants	660	False
Q14498	Homo sapiens	Metazoa	530	False
Q4WXF4	Aspergillus fumigatus (strain ATCC MYA-4609 / CBS 101355 / FGSC A1100 / Af293)	Fungi	471	False
Q18PE0	Mus musculus	Metazoa	504	False
Q09476	Caenorhabditis elegans	Metazoa	413	False
Q8WWR8	Homo sapiens	Metazoa	484	False
O13648	Schizosaccharomyces pombe (strain 972 / ATCC 24843)	Fungi	543	False
P00017	Aptenodytes patagonicus	Metazoa	105	False
O74791	Schizosaccharomyces pombe (strain 972 / ATCC 24843)	Fungi	470	False
Q92630	Homo sapiens	Metazoa	601	False
Q9C8J6	Arabidopsis thaliana	Plants	527	False
P40359	Saccharomyces cerevisiae (strain ATCC 204508 / S288c)	Fungi	213	False
Q80VL0	Rattus norvegicus	Metazoa	406	False
P53667	Homo sapiens	Metazoa	647	False
P17564	Mus musculus	Metazoa	657	False
P51843	Homo sapiens	Metazoa	470	False
P40645	Mus musculus	Metazoa	827	False
F4IGZ2	Arabidopsis thaliana	Plants	910	False
Q9ER97	Mus musculus	Metazoa	151	False
P20967	Saccharomyces cerevisiae (strain ATCC 204508 / S288c)	Fungi	1014	False
Q9ZVU5	Arabidopsis thaliana	Plants	411	False
Q04500	Saccharomyces cerevisiae (strain ATCC 204508 / S288c)	Fungi	899	False
Q3UIU2	Mus musculus	Metazoa	128	True
Q9XGS0	Brassica napus	Plants	177	False
P06391	Nicotiana tabacum	Plants	93	False
Q9NPJ8	Homo sapiens	Metazoa	142	False
P34111	Saccharomyces cerevisiae (strain ATCC 204508 / S288c)	Fungi	1160	False
Q9SD80	Arabidopsis thaliana	Plants	54	True
Q04828	Homo sapiens	Metazoa	323	False
O74935	Yarrowia lipolytica (strain CLIB 122 / E 150)	Fungi	700	False
O78751	Ovis aries	Metazoa	66	True
C0HLU5	Prasiola crispa	Plants	307	False
P62834	Homo sapiens	Metazoa	184	False
P08679	Saccharomyces cerevisiae (strain ATCC 204508 / S288c)	Fungi	460	False
Q7Z589	Homo sapiens	Metazoa	1322	False
P35710	Mus musculus	Metazoa	763	False
