accession	organism	kingdom	length	sp_cleavage_site	label	tm_helix_start_leq_90	fold
P56611	Tityus bahiensis	Metazoa	84	20.0	1		3
A0A7E5WUT2	Trichoplusia ni	Metazoa	231	19.0	1		3
Q9JMI7	Mus musculus	Metazoa	250	25.0	1		3
Q9NII7	Olivierus martensii	Metazoa	60	22.0	1		3
Q9H3T3	Homo sapiens	Metazoa	888	25.0	1		3
Q765P3	Holotrichia diomphalia	Metazoa	187	19.0	1		3
P84298	Chironomus thummi thummi	Metazoa	161	16.0	1		3
Q9UNE0	Homo sapiens	Metazoa	448	26.0	1		3
A0A7J6K7Y0	Toxoplasma gondii	Other	640	70.0	1		3
Q4W1I8	Zinnia elegans	Plants	321	30.0	1		3
B0KZK1	Acarus siro	Metazoa	517	21.0	1		3
P83326	Actinidia deliciosa	Plants	185	32.0	1		3
P91627	Drosophila miranda	Metazoa	138	16.0	1		3
P13598	Homo sapiens	Metazoa	275	24.0	1		3
Q84V39	Olea europaea	Plants	123	21.0	1		3
P09230	Yarrowia lipolytica (strain CLIB 122 / E 150)	Fungi	454	15.0	1		3
P0DPZ2	Scolopendra dehaani	Metazoa	101	23.0	1		3
P13205	Rattus norvegicus	Metazoa	121	26.0	1		3
Q09022	Xenopus laevis	Metazoa	84	18.0	1		3
O02853	Bos taurus	Metazoa	191	28.0	1		3
P06911	Rattus norvegicus	Metazoa	188	19.0	1		3
P50694	Prunus avium	Plants	245	23.0	1		3
O60609	Homo sapiens	Metazoa	400	31.0	1		3
P15522	Camelus dromedarius	Metazoa	155	18.0	1		3
P02659	Gallus gallus	Metazoa	106	24.0	1		3
Q78CF9	Notechis ater	Metazoa	200	19.0	1		3
Q9R1T7	Rattus norvegicus	Metazoa	200	20.0	1		3
P01479	Androctonus australis	Metazoa	83	19.0	1		3
Q90WA1	Pseudonaja textilis textilis	Metazoa	83	24.0	1		3
P26006	Homo sapiens	Metazoa	1051	32.0	1		3
Q5G8A6	Tityus costatus	Metazoa	87	19.0	1		3
P18329	Dendroaspis angusticeps	Metazoa	80	21.0	1		3
P86872	Margaritifera margaritifera	Metazoa	260	19.0	1		3
P24258	Chlamydomonas reinhardtii	Plants	380	20.0	1		3
P02774	Homo sapiens	Metazoa	474	16.0	1		3
P81761	Hottentotta tamulus	Metazoa	62	24.0	1		3
P61769	Homo sapiens	Metazoa	119	20.0	1		3
O55232	Rattus norvegicus	Metazoa	130	32.0	1		3
P21919	Gadus morhua	Metazoa	235	26.0	1		3
P10631	Rattus norvegicus	Metazoa	98	28.0	1		3
O80327	Pyrus pyrifolia	Plants	244	22.0	1		3
P0DL37	Urodacus yaschenkoi	Metazoa	62	24.0	1		3
O04004	Ambrosia artemisiifolia	Plants	118	25.0	1		3
P32881	Homo sapiens	Metazoa	189	23.0	1		3
C0HL63	Drosophila melanogaster	Metazoa	104	18.0	1		3
Q2KJF1	Bos taurus	Metazoa	503	21.0	1		3
P01633	Mus musculus	Metazoa	149	29.0	1		3
P02782	Rattus norvegicus	Metazoa	111	23.0	1		3
P04430	Homo sapiens	Metazoa	117	22.0	1		3
P12724	Homo sapiens	Metazoa	160	27.0	1		3
P07439	Megabalanus rosa	Metazoa	162	24.0	1		3
Q9Y258	Homo sapiens	Metazoa	94	23.0	1		3
P02883	Thaumatococcus daniellii	Plants	235	22.0	1		3
P62931	Pisum sativum	Plants	130	26.0	1		3
P25116	Homo sapiens	Metazoa	425	21.0	1		3
P15226	Tityus serrulatus	Metazoa	84	20.0	1		3
P60215	Tityus obscurus	Metazoa	86	20.0	1		3
Q3UN54	Mus musculus	Metazoa	99	21.0	1		3
P02761	Rattus norvegicus	Metazoa	181	19.0	1		3
Q8WP90	Solenopsis invicta	Metazoa	153	19.0	1		3
P22864	Aspergillus niger	Fungi	373	19.0	1		3
Q71QE8	Crotalus viridis viridis	Metazoa	138	16.0	1		3
P34746	Oreochromis mossambicus	Metazoa	204	17.0	1		3
Q55U20	Cryptococcus neoformans var. neoformans serotype D (strain B-3501A)	Fungi	458	51.0	1		3
Q27083	Tachypleus tridentatus	Metazoa	309	31.0	1		3
Q40772	Phytolacca americana	Plants	310	25.0	1		3
Q9NSA1	Homo sapiens	Metazoa	209	28.0	1		3
Q09131	Glycine max	Plants	464	30.0	1		3
P01567	Homo sapiens	Metazoa	189	23.0	1		3
P05113	Homo sapiens	Metazoa	134	19.0	1		3
P67875	Aspergillus fumigatus (strain ATCC MYA-4609 / CBS 101355 / FGSC A1100 / Af293)	Fungi	176	27.0	1		3
A0A3N2PQC3	Sodiomyces alkalinus (strain CBS 110278 / VKM F-3762 / F11)	Fungi	99	26.0	1		3
Q8BHP7	Mus musculus	Metazoa	681	32.0	1		3
P08514	Homo sapiens	Metazoa	1039	31.0	1		3
P01224	Sus scrofa	Metazoa	138	20.0	1		3
O09165	Mus musculus	Metazoa	405	34.0	1		3
B0XRV0	Aspergillus fumigatus (strain CBS 144.89 / FGSC A1163 / CEA10)	Fungi	721	18.0	1		3
A8CG89	Daboia russelii	Metazoa	138	16.0	1		3
P01323	Rattus norvegicus	Metazoa	110	24.0	1		3
P02810	Homo sapiens	Metazoa	166	16.0	1		3
P00995	Homo sapiens	Metazoa	79	23.0	1		3
P16094	Momordica charantia	Plants	286	23.0	1		3
Q62005	Mus musculus	Metazoa	623	20.0	1		3
P14214	Tachypleus tridentatus	Metazoa	77	23.0	1		3
O00175	Homo sapiens	Metazoa	119	26.0	1		3
Q1ZY03	Deinagkistrodon acutus	Metazoa	138	16.0	1		3
P26730	Bombyx mori	Metazoa	92	19.0	1		3
P07602	Homo sapiens	Metazoa	524	16.0	1		3
Q9NII5	Olivierus martensii	Metazoa	58	21.0	1		3
P81417	Aedes albopictus	Metazoa	59	23.0	1		3
P01768	Homo sapiens	Metazoa	117	19.0	1		3
Q9JI59	Mus musculus	Metazoa	298	28.0	1		3
P56637	Hottentotta judaicus	Metazoa	94	18.0	1		3
G1CWH6	Clitoria ternatea	Plants	122	25.0	1		3
P28665	Mus musculus	Metazoa	1476	27.0	1		3
P06306	Felis catus	Metazoa	110	24.0	1		3
Q8MI01	Bos taurus	Metazoa	330	23.0	1		3
Q9QXX3	Mus musculus	Metazoa	151	17.0	1		3
Q14392	Homo sapiens	Metazoa	662	19.0	1		3
P04148	Bombyx mori	Metazoa	220	16.0	1		3
Q14112	Homo sapiens	Metazoa	1375	30.0	1		3
P33487	Arabidopsis thaliana	Plants	198	33.0	1		3
Q60557	Mesocricetus auratus	Metazoa	671	21.0	1		3
P01325	Mus musculus	Metazoa	108	24.0	1		3
Q01172	Aspergillus niger	Fungi	379	20.0	1		3
Q9NQ25	Homo sapiens	Metazoa	335	22.0	1		3
Q60736	Mus musculus	Metazoa	579	32.0	1		3
P86870	Vespa magnifica	Metazoa	225	23.0	1		3
P0CZ17	Saccharomyces cerevisiae (strain ATCC 204508 / S288c)	Fungi	362	25.0	1		3
P13087	Synsepalum dulcificum	Plants	220	29.0	1		3
P31722	Rattus norvegicus	Metazoa	245	28.0	1		3
Q8WXF3	Homo sapiens	Metazoa	142	25.0	1		3
P29026	Rhizopus oligosporus	Fungi	540	22.0	1		3
P04421	Bos taurus	Metazoa	147	18.0	1		3
Q9EQX0	Mus musculus	Metazoa	117	23.0	1		3
P00450	Homo sapiens	Metazoa	1065	19.0	1		3
Q5FZI5	Protobothrops mucrosquamatus	Metazoa	144	23.0	1		3
Q9YGG9	Gloydius blomhoffii	Metazoa	157	21.0	1		3
Q8NBK3	Homo sapiens	Metazoa	374	33.0	1		3
P15737	Hordeum vulgare	Plants	334	28.0	1		3
Q25154	Homarus americanus	Metazoa	134	24.0	1		3
P28906	Homo sapiens	Metazoa	385	31.0	1		3
P10493	Mus musculus	Metazoa	1245	28.0	1		3
O75556	Homo sapiens	Metazoa	95	18.0	1		3
Q90Y77	Protobothrops flavoviridis	Metazoa	138	16.0	1		3
Q64550	Rattus norvegicus	Metazoa	535	29.0	1		3
P12346	Rattus norvegicus	Metazoa	698	19.0	1		3
F8S0Z5	Crotalus adamanteus	Metazoa	516	18.0	1		3
P00683	Mus musculus	Metazoa	149	25.0	1		3
Q9H4G1	Homo sapiens	Metazoa	147	28.0	1		3
P30040	Homo sapiens	Metazoa	261	32.0	1		3
Q9U8D1	Olivierus martensii	Metazoa	56	28.0	1		3
P84296	Chironomus thummi thummi	Metazoa	161	16.0	1		3
Q9U572	Penaeus monodon	Metazoa	1670	14.0	1		3
Q86QT3	Centruroides noxius	Metazoa	62	20.0	1		3
Q8UUG2	Morone chrysops	Metazoa	79	22.0	1		3
P17454	Oryctolagus cuniculus	Metazoa	482	26.0	1		3
P10968	Triticum aestivum	Plants	212	26.0	1		3
Q9FRV1	Secale cereale	Plants	321	19.0	1		3
P24807	Mus musculus	Metazoa	76	26.0	1		3
Q9NAX4	Dictyostelium discoideum	Other	464	17.0	1		3
P02775	Homo sapiens	Metazoa	128	34.0	1		3
P22455	Homo sapiens	Metazoa	802	21.0	1		3
Q6EER4	Bothriechis schlegelii	Metazoa	138	16.0	1		3
P02662	Bos taurus	Metazoa	214	15.0	1		3
Q9VMD9	Drosophila melanogaster	Metazoa	2188	18.0	1		3
G4ZHR2	Phytophthora sojae (strain P6497)	Other	241	19.0	1		3
K9MCH1	Micrurus laticollaris	Metazoa	81	21.0	1		3
P01236	Homo sapiens	Metazoa	227	28.0	1		3
Q9DF69	Gallus gallus	Metazoa	594	18.0	1		3
P36222	Homo sapiens	Metazoa	383	21.0	1		3
Q9NZ53	Homo sapiens	Metazoa	605	32.0	1		3
O00092	Aspergillus fumigatus (strain ATCC MYA-4609 / CBS 101355 / FGSC A1100 / Af293)	Fungi	465	26.0	1		3
Q9U8W7	Tachypleus tridentatus	Metazoa	316	27.0	1		3
Q63376	Rattus norvegicus	Metazoa	662	46.0	1		3
Q4PRD1	Daboia siamensis	Metazoa	146	23.0	1		3
P08887	Homo sapiens	Metazoa	468	19.0	1		3
Q9YGP1	Trimeresurus stejnegeri	Metazoa	158	23.0	1		3
P01076	Solanum lycopersicum	Plants	77	32.0	1		3
Q8X150	Gaeumannomyces tritici	Fungi	618	16.0	1		3
P01189	Homo sapiens	Metazoa	267	26.0	1		3
Q8H6Q0	Petunia hybrida	Plants	101	25.0	1		3
Q15465	Homo sapiens	Metazoa	462	23.0	1		3
Q9XIV8	Nicotiana tabacum	Plants	330	29.0	1		3
Q9XY87	Olivierus martensii	Metazoa	85	21.0	1		3
C1IC48	Walterinnesia aegyptia	Metazoa	83	21.0	1		3
O64392	Triticum aestivum	Plants	146	21.0	1		3
Q9Z0L3	Mus musculus	Metazoa	485	17.0	1		3
P13487	Leiurus hebraeus	Metazoa	59	22.0	1		3
Q9VYX7	Drosophila melanogaster	Metazoa	203	26.0	1		3
Q8T0W4	Pimpla hypochondriaca	Metazoa	77	23.0	1		3
Q7ZZN9	Protobothrops jerdonii	Metazoa	240	19.0	1		3
Q6DWK3	Colletotrichum lindemuthianum	Fungi	248	26.0	1		3
Q8J0K5	Talaromyces funiculosus	Fungi	282	39.0	1		3
O46167	Eratigena agrestis	Metazoa	68	17.0	1		3
O94907	Homo sapiens	Metazoa	266	31.0	1		3
O18330	Apis mellifera	Metazoa	432	19.0	1		3
P25796	Cavia porcellus	Metazoa	391	19.0	1		3
Q8JFX7	Bungarus multicinctus	Metazoa	103	21.0	1		3
Q27081	Tachypleus tridentatus	Metazoa	400	23.0	1		3
Q99467	Homo sapiens	Metazoa	661	23.0	1		3
P01268	Bos taurus	Metazoa	115	25.0	1		3
P15467	Bos taurus	Metazoa	147	28.0	1		3
P0DPV1	Scolopendra dehaani	Metazoa	97	23.0	1		3
P19594	Glycine max	Plants	158	21.0	1		3
P31723	Penicillium citrinum	Fungi	511	35.0	1		3
P02742	Oryctolagus cuniculus	Metazoa	225	20.0	1		3
P0C908	Buthus israelis	Metazoa	59	22.0	1		3
O95994	Homo sapiens	Metazoa	175	20.0	1		3
P20333	Homo sapiens	Metazoa	461	22.0	1		3
P14944	Carcinus maenas	Metazoa	142	26.0	1		3
Q27972	Bos taurus	Metazoa	361	24.0	1		3
Q3HLQ4	Protobothrops mucrosquamatus	Metazoa	138	16.0	1		3
P22922	Bombyx mori	Metazoa	392	16.0	1		3
Q6H3C7	Trimeresurus stejnegeri	Metazoa	139	16.0	1		3
P29392	Bos taurus	Metazoa	134	20.0	1		3
Q8JI40	Gloydius blomhoffii	Metazoa	240	19.0	1		3
P25331	Bombyx mori	Metazoa	88	26.0	1		3
P81294	Juniperus ashei	Plants	367	21.0	1		3
P01131	Bos taurus	Metazoa	845	21.0	1		3
O00300	Homo sapiens	Metazoa	401	21.0	1		3
A0A2I6QB00	Trametes coccinea (strain BRFM310)	Fungi	418	18.0	1		3
Q5D231	Illawarra wisharti	Metazoa	84	18.0	1		3
X2JCV5	Cerastes cerastes	Metazoa	516	18.0	1		3
Q8JIW1	Deinagkistrodon acutus	Metazoa	146	23.0	1		3
P42705	Canis lupus familiaris	Metazoa	352	23.0	1		3
P09056	Mus musculus	Metazoa	203	23.0	1		3
P55000	Homo sapiens	Metazoa	103	22.0	1		3
P40967	Homo sapiens	Metazoa	661	24.0	1		3
P81025	Oreochromis niloticus	Metazoa	113	24.0	1		3
P05543	Homo sapiens	Metazoa	415	20.0	1		3
P07380	Equus caballus	Metazoa	181	18.0	1		3
P69241	Raphanus sativus	Plants	80	29.0	1		3
E0XKJ8	Tabanus yao	Metazoa	256	16.0	1		3
P51918	Haplochromis burtoni	Metazoa	94	22.0	1		3
Q15084	Homo sapiens	Metazoa	440	19.0	1		3
P68416	Hydrophis hardwickii	Metazoa	81	21.0	1		3
P14765	Ovis aries	Metazoa	97	28.0	1		3
I6RU32	Scolopendra mutilans	Metazoa	74	23.0	1		3
Q9V496	Drosophila melanogaster	Metazoa	3351	25.0	1		3
P10298	Cyprinus carpio	Metazoa	210	23.0	1		3
O42446	Oreochromis mossambicus	Metazoa	284	26.0	1		3
P20757	Ovis aries	Metazoa	476	24.0	1		3
P45561	Sus scrofa	Metazoa	189	16.0	1		3
Q8LD43	Arabidopsis thaliana	Plants	62	22.0	1		3
P07529	Naganishia albida	Fungi	332	21.0	1		3
Q8J0D2	Geotrichum sp. (strain M128)	Fungi	812	23.0	1		3
P31720	Rattus norvegicus	Metazoa	245	22.0	1		3
P80109	Bos taurus	Metazoa	839	23.0	1		3
Q8H8C7	Oryza sativa subsp. japonica	Plants	356	28.0	1		3
P0C2F4	Heterometrus laoticus	Metazoa	95	19.0	1		3
P00751	Homo sapiens	Metazoa	764	25.0	1		3
O77801	Bos taurus	Metazoa	132	21.0	1		3
P30120	Rattus norvegicus	Metazoa	217	23.0	1		3
P56595	Canis lupus familiaris	Metazoa	88	26.0	1		3
P01303	Homo sapiens	Metazoa	97	28.0	1		3
P45658	Androctonus australis	Metazoa	84	19.0	1		3
P01780	Homo sapiens	Metazoa	117	19.0	1		3
Q43418	Colocasia esculenta	Plants	229	23.0	1		3
P02770	Rattus norvegicus	Metazoa	608	18.0	1		3
Q7T3J2	Bungarus candidus	Metazoa	95	21.0	1		3
P01238	Sus scrofa	Metazoa	229	30.0	1		3
Q6UWN8	Homo sapiens	Metazoa	80	23.0	1		3
Q5ZPR3	Homo sapiens	Metazoa	534	28.0	1		3
Q96FE7	Homo sapiens	Metazoa	263	21.0	1		3
Q00193	Oryctolagus cuniculus	Metazoa	540	24.0	1		3
P10281	Aspergillus oryzae (strain ATCC 42149 / RIB 40)	Fungi	276	17.0	1		3
Q8I0L5	Olivierus martensii	Metazoa	59	22.0	1		3
P81827	Rattus norvegicus	Metazoa	101	21.0	1		3
P01023	Homo sapiens	Metazoa	1474	23.0	1		3
Q7ZZN8	Naja atra	Metazoa	238	19.0	1		3
Q9YGJ0	Bungarus multicinctus	Metazoa	89	21.0	1		3
P31358	Homo sapiens	Metazoa	61	24.0	1		3
Q9P2K2	Homo sapiens	Metazoa	825	27.0	1		3
P28053	Bos taurus	Metazoa	469	18.0	1		3
P07151	Rattus norvegicus	Metazoa	119	20.0	1		3
P35590	Homo sapiens	Metazoa	1138	21.0	1		3
Q5UCC4	Homo sapiens	Metazoa	262	25.0	1		3
P50895	Homo sapiens	Metazoa	628	31.0	1		3
P01764	Homo sapiens	Metazoa	117	19.0	1		3
Q6PSU2	Arachis hypogaea	Plants	172	21.0	1		3
Q7YT16	Musca domestica	Metazoa	141	19.0	1		3
Q8TCT7	Homo sapiens	Metazoa	592	25.0	1		3
P41822	Aedes aegypti	Metazoa	209	27.0	1		3
P43174	Ambrosia psilostachya	Plants	77	22.0	1		3
P01782	Homo sapiens	Metazoa	118	19.0	1		3
P20058	Oryctolagus cuniculus	Metazoa	460	25.0	1		3
P0CC12	Odontobuthus doriae	Metazoa	57	28.0	1		3
P0C194	Opisthacanthus madagascariensis	Metazoa	63	21.0	1		3
F8S0Y4	Crotalus adamanteus	Metazoa	240	19.0	1		3
P11279	Homo sapiens	Metazoa	417	28.0	1		3
Q91055	Heloderma horridum horridum	Metazoa	242	19.0	1		3
P12820	Bos taurus	Metazoa	1306	28.0	1		3
P00772	Sus scrofa	Metazoa	266	16.0	1		3
P52193	Bos taurus	Metazoa	417	17.0	1		3
O57690	Protobothrops flavoviridis	Metazoa	200	19.0	1		3
P05452	Homo sapiens	Metazoa	202	21.0	1		3
P52706	Prunus serotina	Plants	563	27.0	1		3
Q6H3D7	Trimeresurus stejnegeri	Metazoa	137	16.0	1		3
C0HKC3	Agkistrodon piscivorus leucostoma	Metazoa	139	16.0	1		3
Q9N2D3	Callithrix jacchus	Metazoa	388	16.0	1		3
P97710	Rattus norvegicus	Metazoa	509	31.0	1		3
P01715	Homo sapiens	Metazoa	115	20.0	1		3
C0HKM3	Conus purpurascens	Metazoa	458	18.0	1		3
Q29486	Felis catus	Metazoa	524	17.0	1		3
Q07081	Aquarana catesbeiana	Metazoa	464	16.0	1		3
P22458	Oryctolagus cuniculus	Metazoa	475	19.0	1		3
Q9QXU1	Mesocricetus auratus	Metazoa	172	15.0	1		3
O95967	Homo sapiens	Metazoa	443	23.0	1		3
P00749	Homo sapiens	Metazoa	431	20.0	1		3
P01588	Homo sapiens	Metazoa	193	27.0	1		3
P43497	Saccharomyces cerevisiae (strain ATCC 204508 / S288c)	Fungi	92	20.0	1		3
P13595	Mus musculus	Metazoa	1115	19.0	1		3
P22146	Saccharomyces cerevisiae (strain ATCC 204508 / S288c)	Fungi	559	22.0	1		3
Q7Z5A7	Homo sapiens	Metazoa	132	43.0	1		3
P02872	Arachis hypogaea	Plants	273	23.0	1		3
P07267	Saccharomyces cerevisiae (strain ATCC 204508 / S288c)	Fungi	405	22.0	1		3
Q17058	Apis mellifera	Metazoa	567	17.0	1		3
P98184	Bryonia dioica	Plants	282	21.0	1		3
P85197	Lonomia obliqua	Metazoa	180	16.0	1		3
P22362	Homo sapiens	Metazoa	96	23.0	1		3
Q01774	Drosophila miranda	Metazoa	112	16.0	1		3
L7VIN3	Hermetia illucens	Metazoa	69	23.0	1		3
P26011	Mus musculus	Metazoa	806	19.0	1		3
B5U6Y4	Echis ocellatus	Metazoa	138	16.0	1		3
Q9Y0X9	Aedes albopictus	Metazoa	59	23.0	1		3
P01038	Gallus gallus	Metazoa	139	23.0	1		3
Q14520	Homo sapiens	Metazoa	560	23.0	1		3
Q62192	Mus musculus	Metazoa	661	20.0	1		3
D3JXM1	Mesobuthus eupeus	Metazoa	59	22.0	1		3
P27275	Amaranthus caudatus	Plants	86	25.0	1		3
Q9XTN0	Bombyx mori	Metazoa	196	23.0	1		3
Q12396	Saccharomyces cerevisiae (strain ATCC 204508 / S288c)	Fungi	444	46.0	1		3
Q9PWF3	Crotalus durissus terrificus	Metazoa	65	22.0	1		3
P97430	Mus musculus	Metazoa	131	25.0	1		3
Q9UAC9	Olivierus martensii	Metazoa	85	19.0	1		3
P58294	Homo sapiens	Metazoa	105	19.0	1		3
P01566	Homo sapiens	Metazoa	189	23.0	1		3
P11215	Homo sapiens	Metazoa	1152	16.0	1		3
P86404	Mesobuthus eupeus	Metazoa	86	19.0	1		3
P06028	Homo sapiens	Metazoa	91	19.0	1		3
Q8MJV4	Bos taurus	Metazoa	122	24.0	1		3
P05099	Gallus gallus	Metazoa	493	23.0	1		3
P00625	Ovophis okinavensis	Metazoa	139	16.0	1		3
Q6UXB8	Homo sapiens	Metazoa	463	27.0	1		3
P01591	Homo sapiens	Metazoa	159	22.0	1		3
Q9NS68	Homo sapiens	Metazoa	423	29.0	1		3
P01083	Triticum aestivum	Plants	153	30.0	1		3
Q9SW93	Lilium longiflorum	Plants	113	22.0	1		3
P49125	Latrodectus tredecimguttatus	Metazoa	88	18.0	1		3
P79208	Ovis aries	Metazoa	603	16.0	1		3
P02221	Chironomus thummi thummi	Metazoa	158	15.0	1		3
P01484	Androctonus australis	Metazoa	85	19.0	1		3
P19656	Zea mays	Plants	120	27.0	1		3
P00750	Homo sapiens	Metazoa	562	22.0	1		3
Q9TTE1	Bos taurus	Metazoa	411	24.0	1		3
P20959	Bos taurus	Metazoa	291	27.0	1		3
Q03180	Saccharomyces cerevisiae (strain ATCC 204508 / S288c)	Fungi	325	18.0	1		3
P38570	Homo sapiens	Metazoa	1179	18.0	1		3
Q16602	Homo sapiens	Metazoa	461	22.0	1		3
Q9VA83	Drosophila melanogaster	Metazoa	227	19.0	1		3
B7FDP2	Centruroides suffusus	Metazoa	87	19.0	1		3
O75711	Homo sapiens	Metazoa	98	20.0	1		3
Q8GTM0	Nicotiana alata	Plants	105	25.0	1		3
P13727	Homo sapiens	Metazoa	222	16.0	1		3
P41361	Bos taurus	Metazoa	465	32.0	1		3
Q867F4	Androctonus australis	Metazoa	59	22.0	1		3
P56972	Pandinus imperator	Metazoa	94	19.0	1		3
Q8MUP7	Ixodes scapularis	Metazoa	102	21.0	1		3
P28797	Cavia porcellus	Metazoa	605	17.0	1		3
Q5KQS1	Gloydius blomhoffii	Metazoa	324	19.0	1		3
P86408	Mesobuthus eupeus	Metazoa	85	19.0	1		3
Q9NJP7	Olivierus martensii	Metazoa	56	28.0	1		3
P00690	Sus scrofa	Metazoa	511	15.0	1		3
Q86YL7	Homo sapiens	Metazoa	162	22.0	1		3
P35053	Rattus norvegicus	Metazoa	558	23.0	1		3
Q2YHJ2	Craspedocephalus borneensis	Metazoa	138	16.0	1		3
P04004	Homo sapiens	Metazoa	478	19.0	1		3
P48439	Saccharomyces cerevisiae (strain ATCC 204508 / S288c)	Fungi	350	22.0	1		3
P22412	Sus scrofa	Metazoa	409	16.0	1		3
Q00657	Rattus norvegicus	Metazoa	2326	29.0	1		3
Q63617	Rattus norvegicus	Metazoa	999	32.0	1		3
P83958	Actinidia chinensis var. chinensis	Plants	225	24.0	1		3
Q9UAH3	Pinctada fucata	Metazoa	129	23.0	1		3
P06859	Protobothrops flavoviridis	Metazoa	138	16.0	1		3
Q9GSA4	Galleria mellonella	Metazoa	113	19.0	1		3
Q9ERQ6	Rattus norvegicus	Metazoa	571	30.0	1		3
P01492	Centruroides sculpturatus	Metazoa	87	19.0	1		3
Q9BZR6	Homo sapiens	Metazoa	473	26.0	1		3
P21744	Rattus norvegicus	Metazoa	254	21.0	1		3
Q6ASY2	Oryza sativa subsp. japonica	Plants	178	26.0	1		3
P18626	Capra hircus	Metazoa	214	15.0	1		3
P12799	Bos taurus	Metazoa	444	24.0	1		3
B9A8D7	Crassostrea virginica	Metazoa	85	18.0	1		3
P01326	Mus musculus	Metazoa	110	24.0	1		3
P24627	Bos taurus	Metazoa	708	19.0	1		3
O93426	Crotalus durissus terrificus	Metazoa	158	23.0	1		3
P00652	Aspergillus clavatus (strain ATCC 1007 / CBS 513.65 / DSM 816 / NCTC 3887 / NRRL 1 / QM 1276 / 107)	Fungi	132	26.0	1		3
Q15762	Homo sapiens	Metazoa	336	18.0	1		3
P02663	Bos taurus	Metazoa	222	15.0	1		3
Q60477	Cavia porcellus	Metazoa	244	21.0	1		3
O95750	Homo sapiens	Metazoa	216	24.0	1		3
Q40975	Papaver rhoeas	Plants	139	19.0	1		3
P35496	Sus scrofa	Metazoa	137	21.0	1		3
P05307	Bos taurus	Metazoa	510	20.0	1		3
Q8T1G4	Dictyostelium discoideum	Other	181	19.0	1		3
Q04756	Homo sapiens	Metazoa	655	35.0	1		3
P01335	Cyprinus carpio	Metazoa	108	21.0	1		3
P13224	Homo sapiens	Metazoa	206	25.0	1		3
Q76CA2	Monoplex parthenopeus	Metazoa	275	23.0	1		3
B8JLQ9	Danio rerio	Metazoa	363	24.0	1		3
Q15399	Homo sapiens	Metazoa	786	24.0	1		3
P12763	Bos taurus	Metazoa	359	18.0	1		3
P01139	Mus musculus	Metazoa	241	18.0	1		3
P19876	Homo sapiens	Metazoa	107	34.0	1		3
O13547	Saccharomyces cerevisiae (strain ATCC 204508 / S288c)	Fungi	238	22.0	1		3
P02746	Homo sapiens	Metazoa	253	27.0	1		3
P12420	Equus caballus	Metazoa	229	30.0	1		3
Q02988	Pleurodeles waltl	Metazoa	172	20.0	1		3
B8M9H9	Talaromyces stipitatus (strain ATCC 10500 / CBS 375.48 / QM 6759 / NRRL 1006)	Fungi	358	18.0	1		3
Q9PTC3	Notechis ater	Metazoa	201	19.0	1		3
P02669	Ovis aries	Metazoa	192	21.0	1		3
G1CWH8	Clitoria ternatea	Plants	123	28.0	1		3
P02760	Homo sapiens	Metazoa	352	19.0	1		3
Q9UAC8	Olivierus martensii	Metazoa	85	19.0	1		3
P81534	Homo sapiens	Metazoa	67	22.0	1		3
C1IC53	Walterinnesia aegyptia	Metazoa	83	24.0	1		3
P82290	Anopheles gambiae	Metazoa	58	23.0	1		3
P52013	Caenorhabditis elegans	Metazoa	204	22.0	1		3
Q9DGI0	Bothrops jararaca	Metazoa	341	19.0	1		3
P00987	Bungarus multicinctus	Metazoa	85	24.0	1		3
P67977	Semnopithecus entellus	Metazoa	148	18.0	1		3
P01714	Homo sapiens	Metazoa	112	20.0	1		3
P08905	Mus musculus	Metazoa	148	18.0	1		3
P10762	Locusta migratoria	Metazoa	179	16.0	1		3
Q9Y6C2	Homo sapiens	Metazoa	1016	21.0	1		3
Q96HE7	Homo sapiens	Metazoa	468	23.0	1		3
P01721	Homo sapiens	Metazoa	117	19.0	1		3
Q86YD3	Homo sapiens	Metazoa	366	26.0	1		3
P04405	Glycine max	Plants	485	18.0	1		3
Q8NBI3	Homo sapiens	Metazoa	349	25.0	1		3
Q9NBW2	Olivierus martensii	Metazoa	83	19.0	1		3
P37173	Homo sapiens	Metazoa	567	22.0	1		3
O43827	Homo sapiens	Metazoa	346	26.0	1		3
Q96DU3	Homo sapiens	Metazoa	332	21.0	1		3
Q90935	Gallus gallus	Metazoa	410	16.0	1		3
P59899	Centruroides limpidus	Metazoa	87	19.0	1		3
P0C8G6	Pomacea canaliculata	Metazoa	565	26.0	1		3
O93427	Crotalus durissus terrificus	Metazoa	148	23.0	1		3
P10909	Homo sapiens	Metazoa	449	22.0	1		3
P0DUQ6	Conus planorbis	Metazoa	70	21.0	1		3
P86406	Mesobuthus eupeus	Metazoa	86	20.0	1		3
Q02747	Homo sapiens	Metazoa	115	21.0	1		3
P28798	Mus musculus	Metazoa	589	17.0	1		3
P83472	Lumbricus terrestris	Metazoa	86	22.0	1		3
P60301	Naja atra	Metazoa	81	21.0	1		3
P26842	Homo sapiens	Metazoa	260	19.0	1		3
P18650	Sus scrofa	Metazoa	317	18.0	1		3
Q945U0	Phytophthora sojae	Other	257	28.0	1		3
P06868	Bos taurus	Metazoa	812	26.0	1		3
O95968	Homo sapiens	Metazoa	90	21.0	1		3
I2G9B4	Macrovipera lebetina transmediterranea	Metazoa	95	24.0	1		3
P01480	Androctonus australis	Metazoa	84	19.0	1		3
P13744	Cucurbita maxima	Plants	480	21.0	1		3
Q38L02	Daboia siamensis	Metazoa	154	23.0	1		3
Q9NII6	Olivierus martensii	Metazoa	57	20.0	1		3
O55038	Mus musculus	Metazoa	109	21.0	1		3
P01442	Naja atra	Metazoa	81	21.0	1		3
P84688	Tityus obscurus	Metazoa	84	20.0	1		3
P07221	Oryctolagus cuniculus	Metazoa	395	28.0	1		3
D7UQ40	Alternaria solani	Fungi	515	25.0	1		3
P01569	Homo sapiens	Metazoa	189	21.0	1		3
O42807	Aspergillus niger	Fungi	281	21.0	1		3
P16150	Homo sapiens	Metazoa	400	19.0	1		3
P07712	Aplysia californica	Metazoa	112	23.0	1		3
P0C553	Bungarus fasciatus	Metazoa	79	21.0	1		3
Q867W1	Procambarus clarkii	Metazoa	76	27.0	1		3
W8E7D1	Macrovipera lebetinus	Metazoa	851	23.0	1		3
P84809	Buthus occitanus tunetanus	Metazoa	95	22.0	1		3
P80463	Phaseolus lunatus	Plants	428	24.0	1		3
P81370	Actinidia deliciosa	Plants	225	24.0	1		3
Q9UIK5	Homo sapiens	Metazoa	374	40.0	1		3
P02668	Bos taurus	Metazoa	190	21.0	1		3
P02703	Sus scrofa	Metazoa	112	17.0	1		3
Q8T0W8	Gastrophysa atrocyanea	Metazoa	65	24.0	1		3
P11941	Oncorhynchus mykiss	Metazoa	144	15.0	1		3
P17164	Rattus norvegicus	Metazoa	462	28.0	1		3
Q9U3Z3	Conus betulinus	Metazoa	70	26.0	1		3
Q9UK23	Homo sapiens	Metazoa	515	25.0	1		3
P01269	Sus scrofa	Metazoa	115	25.0	1		3
P49591	Homo sapiens	Metazoa	514		0	False	3
Q500U8	Arabidopsis thaliana	Plants	326		0	False	3
P53780	Arabidopsis thaliana	Plants	464		0	False	3
Q5QNW6	Homo sapiens	Metazoa	126		0	False	3
Q93WC9	Arabidopsis thaliana	Plants	336		0	False	3
O95487	Homo sapiens	Metazoa	1268		0	False	3
P78545	Homo sapiens	Metazoa	371		0	False	3
Q02199	Saccharomyces cerevisiae (strain ATCC 204508 / S288c)	Fungi	472		0	False	3
Q06178	Saccharomyces cerevisiae (strain ATCC 204508 / S288c)	Fungi	401		0	False	3
P62913	Homo sapiens	Metazoa	178		0	False	3
Q07799	Saccharomyces cerevisiae (strain ATCC 204508 / S288c)	Fungi	665		0	False	3
P02281	Xenopus laevis	Metazoa	126		0	False	3
P22570	Homo sapiens	Metazoa	491		0	False	3
Q84XU2	Arabidopsis thaliana	Plants	538		0	False	3
O42649	Schizosaccharomyces pombe (strain 972 / ATCC 24843)	Fungi	1194		0	False	3
P15865	Rattus norvegicus	Metazoa	219		0	False	3
Q00IB6	Arabidopsis thaliana	Plants	440		0	False	3
Q93WJ9	Arabidopsis thaliana	Plants	403		0	False	3
O14924	Homo sapiens	Metazoa	1447		0	False	3
Q08213	Saccharomyces cerevisiae (strain ATCC 204508 / S288c)	Fungi	363		0	False	3
Q8R3P9	Mus musculus	Metazoa	1054		0	False	3
Q9C7Y2	Arabidopsis thaliana	Plants	229		0	False	3
P33299	Saccharomyces cerevisiae (strain ATCC 204508 / S288c)	Fungi	467		0	False	3
Q80VR2	Mus musculus	Metazoa	395		0	False	3
Q25321	Locusta migratoria	Metazoa	484		0	True	3
Q9SQH9	Arabidopsis thaliana	Plants	498		0	True	3
Q9NWT8	Homo sapiens	Metazoa	199		0	False	3
Q6SKR5	Xenopus laevis	Metazoa	228		0	False	3
Q03246	Saccharomyces cerevisiae (strain ATCC 204508 / S288c)	Fungi	237		0	False	3
Q8NB78	Homo sapiens	Metazoa	822		0	False	3
Q9ZWA6	Arabidopsis thaliana	Plants	506		0	False	3
Q9UIA9	Homo sapiens	Metazoa	1087		0	False	3
Q9VX12	Drosophila melanogaster	Metazoa	359		0	False	3
P21138	Entamoeba histolytica (strain ATCC 30459 / HM-1:IMSS / ABRM)	Other	233		0	False	3
Q08913	Saccharomyces cerevisiae (strain ATCC 204508 / S288c)	Fungi	375		0	True	3
Q9LIH6	Arabidopsis thaliana	Plants	330		0	False	3
Q8GUL2	Arabidopsis thaliana	Plants	958		0	False	3
Q9Z2T2	Rattus norvegicus	Metazoa	336		0	True	3
Q02759	Rattus norvegicus	Metazoa	663		0	False	3
Q9Y572	Homo sapiens	Metazoa	518		0	False	3
P28778	Saccharomyces cerevisiae (strain ATCC 204508 / S288c)	Fungi	131		0	False	3
Q9UPN3	Homo sapiens	Metazoa	7388		0	False	3
Q8BK84	Mus musculus	Metazoa	215		0	False	3
Q8GY84	Arabidopsis thaliana	Plants	456		0	False	3
Q96CB8	Homo sapiens	Metazoa	462		0	False	3
P35803	Mus musculus	Metazoa	328		0	True	3
P16671	Homo sapiens	Metazoa	472		0	True	3
Q9FI53	Arabidopsis thaliana	Plants	499		0	False	3
Q8TF45	Homo sapiens	Metazoa	676		0	False	3
P50093	Caenorhabditis elegans	Metazoa	294		0	True	3
Q9Z2M4	Rattus norvegicus	Metazoa	292		0	False	3
Q9NW13	Homo sapiens	Metazoa	759		0	False	3
Q9NXE4	Homo sapiens	Metazoa	866		0	False	3
P32785	Saccharomyces cerevisiae (strain ATCC 204508 / S288c)	Fungi	401		0	False	3
Q84V18	Chlamydomonas reinhardtii	Plants	754		0	False	3
Q4V7C6	Rattus norvegicus	Metazoa	693		0	False	3
O54825	Mus musculus	Metazoa	436		0	False	3
P35735	Saccharomyces cerevisiae (strain ATCC 204508 / S288c)	Fungi	353		0	True	3
Q9FQ09	Arabidopsis thaliana	Plants	680		0	False	3
Q94527	Drosophila melanogaster	Metazoa	971		0	False	3
Q8WUX9	Homo sapiens	Metazoa	453		0	False	3
Q86YD1	Homo sapiens	Metazoa	416		0	False	3
P52701	Homo sapiens	Metazoa	1360		0	False	3
P09884	Homo sapiens	Metazoa	1462		0	False	3
Q9SZD4	Arabidopsis thaliana	Plants	443		0	False	3
Q9P7N2	Schizosaccharomyces pombe (strain 972 / ATCC 24843)	Fungi	162		0	False	3
Q9D855	Mus musculus	Metazoa	111		0	False	3
Q07802	Mus musculus	Metazoa	591		0	False	3
Q581T1	Trypanosoma brucei brucei (strain 927/4 GUTat10.1)	Other	2167		0	False	3
P47988	Saccharomyces cerevisiae (strain ATCC 204508 / S288c)	Fungi	759		0	False	3
Q9HAC7	Homo sapiens	Metazoa	438		0	False	3
Q92959	Homo sapiens	Metazoa	643		0	True	3
Q14765	Homo sapiens	Metazoa	748		0	False	3
P35499	Homo sapiens	Metazoa	1836		0	False	3
O00308	Homo sapiens	Metazoa	870		0	False	3
Q9W485	Drosophila melanogaster	Metazoa	1284		0	False	3
Q92366	Schizosaccharomyces pombe (strain 972 / ATCC 24843)	Fungi	61		0	False	3
Q12055	Saccharomyces cerevisiae (strain ATCC 204508 / S288c)	Fungi	197		0	False	3
Q9CUU3	Mus musculus	Metazoa	1500		0	False	3
Q9LQ98	Arabidopsis thaliana	Plants	345		0	False	3
P19682	Nicotiana sylvestris	Plants	276		0	False	3
Q96329	Arabidopsis thaliana	Plants	436		0	False	3
Q54QR9	Dictyostelium discoideum	Other	584		0	False	3
Q92664	Homo sapiens	Metazoa	365		0	False	3
Q96FF9	Homo sapiens	Metazoa	252		0	False	3
F4JZY1	Arabidopsis thaliana	Plants	1586		0	False	3
P00430	Bos taurus	Metazoa	63		0	True	3
P04909	Schizosaccharomyces pombe (strain 972 / ATCC 24843)	Fungi	132		0	False	3
Q10953	Caenorhabditis elegans	Metazoa	796		0	False	3
Q6KAU8	Mus musculus	Metazoa	623		0	False	3
Q9FMG4	Arabidopsis thaliana	Plants	303		0	False	3
Q04364	Saccharomyces cerevisiae (strain ATCC 204508 / S288c)	Fungi	514		0	False	3
Q9VRV7	Drosophila melanogaster	Metazoa	121		0	False	3
P92983	Arabidopsis thaliana	Plants	499		0	False	3
P53835	Saccharomyces cerevisiae (strain ATCC 204508 / S288c)	Fungi	661		0	True	3
P54345	Chlamydomonas reinhardtii	Plants	156		0	False	3
P17809	Mus musculus	Metazoa	492		0	True	3
P38889	Saccharomyces cerevisiae (strain ATCC 204508 / S288c)	Fungi	622		0	False	3
P43165	Rattus norvegicus	Metazoa	304		0	False	3
Q8W4D8	Arabidopsis thaliana	Plants	314		0	False	3
P0CB49	Rattus norvegicus	Metazoa	1376		0	False	3
Q86LG1	Drosophila melanogaster	Metazoa	606		0	True	3
P51784	Homo sapiens	Metazoa	963		0	False	3
P11829	Arabidopsis thaliana	Plants	137		0	False	3
Q9MAC8	Arabidopsis thaliana	Plants	792		0	False	3
P86981	Podarcis siculus	Metazoa	81		0	False	3
Q3E7A4	Saccharomyces cerevisiae (strain ATCC 204508 / S288c)	Fungi	109		0	False	3
P06701	Saccharomyces cerevisiae (strain ATCC 204508 / S288c)	Fungi	978		0	False	3
C4R8D7	Komagataella phaffii (strain GS115 / ATCC 20864)	Fungi	409		0	False	3
O13799	Schizosaccharomyces pombe (strain 972 / ATCC 24843)	Fungi	1030		0	False	3
Q9N5A8	Caenorhabditis elegans	Metazoa	228		0	False	3
P30153	Homo sapiens	Metazoa	589		0	False	3
P38333	Saccharomyces cerevisiae (strain ATCC 204508 / S288c)	Fungi	483		0	False	3
P55853	Caenorhabditis elegans	Metazoa	91		0	False	3
Q60641	Mus musculus	Metazoa	488		0	False	3
Q9Y2Q0	Homo sapiens	Metazoa	1164		0	True	3
Q28838	Bos taurus	Metazoa	468		0	True	3
P14410	Homo sapiens	Metazoa	1827		0	True	3
Q8NFA2	Homo sapiens	Metazoa	376		0	False	3
Q92540	Homo sapiens	Metazoa	1137		0	False	3
Q75Q39	Rattus norvegicus	Metazoa	610		0	True	3
P06100	Saccharomyces cerevisiae (strain ATCC 204508 / S288c)	Fungi	191		0	False	3
P69149	Tetrahymena pyriformis	Other	136		0	False	3
Q9LZX6	Arabidopsis thaliana	Plants	365		0	False	3
Q13206	Homo sapiens	Metazoa	875		0	False	3
O35864	Mus musculus	Metazoa	334		0	False	3
P62875	Homo sapiens	Metazoa	67		0	False	3
Q9CA89	Arabidopsis thaliana	Plants	515		0	False	3
Q5AL36	Candida albicans (strain SC5314 / ATCC MYA-2876)	Fungi	269		0	False	3
P15390	Rattus norvegicus	Metazoa	1840		0	False	3
O74511	Schizosaccharomyces pombe (strain 972 / ATCC 24843)	Fungi	838		0	False	3
P53535	Solanum tuberosum	Plants	974		0	False	3
P30706	Pisum sativum	Plants	457		0	False	3
Q04373	Saccharomyces cerevisiae (strain ATCC 204508 / S288c)	Fungi	656		0	False	3
Q8T0D4	Drosophila melanogaster	Metazoa	299		0	False	3
P51556	Rattus norvegicus	Metazoa	727		0	False	3
Q28021	Bos taurus	Metazoa	1388		0	False	3
H2KZH5	Caenorhabditis elegans	Metazoa	621		0	False	3
G5EDU6	Caenorhabditis elegans	Metazoa	280		0	False	3
Q9CPN8	Mus musculus	Metazoa	579		0	False	3
Q8R5G7	Mus musculus	Metazoa	1538		0	False	3
G3UVW3	Mus musculus	Metazoa	457		0	True	3
P54144	Arabidopsis thaliana	Plants	501		0	True	3
Q9UU84	Schizosaccharomyces pombe (strain 972 / ATCC 24843)	Fungi	426		0	False	3
Q24207	Drosophila melanogaster	Metazoa	228		0	False	3
Q9Z0S6	Mus musculus	Metazoa	231		0	True	3
P25451	Saccharomyces cerevisiae (strain ATCC 204508 / S288c)	Fungi	205		0	False	3
Q9SZF7	Arabidopsis thaliana	Plants	531		0	False	3
P36093	Saccharomyces cerevisiae (strain ATCC 204508 / S288c)	Fungi	366		0	False	3
Q94K66	Arabidopsis thaliana	Plants	193		0	False	3
P38969	Saccharomyces cerevisiae (strain ATCC 204508 / S288c)	Fungi	423		0	False	3
Q70KY4	Mus musculus	Metazoa	559		0	False	3
P29539	Saccharomyces cerevisiae (strain ATCC 204508 / S288c)	Fungi	1916		0	False	3
Q9P7M1	Schizosaccharomyces pombe (strain 972 / ATCC 24843)	Fungi	491		0	False	3
Q8BLY2	Mus musculus	Metazoa	790		0	False	3
O74804	Schizosaccharomyces pombe (strain 972 / ATCC 24843)	Fungi	490		0	False	3
Q6PH85	Homo sapiens	Metazoa	259		0	False	3
Q941D3	Arabidopsis thaliana	Plants	239		0	False	3
Q05201	Drosophila melanogaster	Metazoa	766		0	False	3
Q99884	Homo sapiens	Metazoa	636		0	True	3
Q62167	Mus musculus	Metazoa	662		0	False	3
Q18425	Caenorhabditis elegans	Metazoa	473		0	False	3
Q6PIV2	Homo sapiens	Metazoa	292		0	False	3
P35465	Rattus norvegicus	Metazoa	544		0	False	3
P62894	Bos taurus	Metazoa	105		0	False	3
P53694	Schizosaccharomyces pombe (strain 972 / ATCC 24843)	Fungi	308		0	False	3
Q9BRQ8	Homo sapiens	Metazoa	373		0	True	3
Q9VGZ5	Drosophila melanogaster	Metazoa	698		0	False	3
P68432	Bos taurus	Metazoa	136		0	False	3
Q8IWD4	Homo sapiens	Metazoa	279		0	False	3
P28347	Homo sapiens	Metazoa	426		0	False	3
P53077	Saccharomyces cerevisiae (strain ATCC 204508 / S288c)	Fungi	123		0	False	3
Q9NVS2	Homo sapiens	Metazoa	196		0	False	3
Q8IWZ4	Homo sapiens	Metazoa	224		0	False	3
P33244	Drosophila melanogaster	Metazoa	1027		0	False	3
P60510	Homo sapiens	Metazoa	307		0	False	3
Q6LA53	Schizosaccharomyces pombe (strain 972 / ATCC 24843)	Fungi	346		0	False	3
Q6NZ36	Homo sapiens	Metazoa	180		0	False	3
Q9BVI4	Homo sapiens	Metazoa	516		0	False	3
Q9NRN7	Homo sapiens	Metazoa	309		0	False	3
Q99436	Homo sapiens	Metazoa	277		0	False	3
Q8BH07	Mus musculus	Metazoa	226		0	False	3
Q9VGA4	Drosophila melanogaster	Metazoa	1169		0	False	3
Q05062	Caenorhabditis elegans	Metazoa	191		0	False	3
Q00987	Homo sapiens	Metazoa	491		0	False	3
O42254	Gallus gallus	Metazoa	576		0	False	3
Q8LPS2	Arabidopsis thaliana	Plants	670		0	False	3
O75603	Homo sapiens	Metazoa	506		0	False	3
P09079	Mus musculus	Metazoa	269		0	False	3
P32379	Saccharomyces cerevisiae (strain ATCC 204508 / S288c)	Fungi	260		0	False	3
Q922Q1	Mus musculus	Metazoa	338		0	False	3
Q10569	Bos taurus	Metazoa	1444		0	False	3
C4QY68	Komagataella phaffii (strain GS115 / ATCC 20864)	Fungi	713		0	False	3
Q336R3	Oryza sativa subsp. japonica	Plants	844		0	False	3
O43593	Homo sapiens	Metazoa	1189		0	False	3
Q3E757	Saccharomyces cerevisiae (strain ATCC 204508 / S288c)	Fungi	174		0	False	3
Q7Z434	Homo sapiens	Metazoa	540		0	False	3
Q9NQC3	Homo sapiens	Metazoa	1192		0	False	3
Q9VFG8	Drosophila melanogaster	Metazoa	1288		0	False	3
Q8LDF9	Arabidopsis thaliana	Plants	241		0	False	3
Q9FVC8	Arabidopsis thaliana	Plants	365		0	False	3
Q8WUI4	Homo sapiens	Metazoa	952		0	False	3
Q8L3Z8	Arabidopsis thaliana	Plants	483		0	False	3
Q7X809	Oryza sativa subsp. japonica	Plants	484		0	False	3
P52196	Mus musculus	Metazoa	297		0	False	3
P41932	Caenorhabditis elegans	Metazoa	248		0	False	3
Q58FA4	Mus musculus	Metazoa	860		0	False	3
Q9JLZ3	Mus musculus	Metazoa	314		0	False	3
Q04739	Saccharomyces cerevisiae (strain ATCC 204508 / S288c)	Fungi	417		0	False	3
A0A145P7T2	Lotus japonicus	Plants	693		0	False	3
Q3SXM5	Homo sapiens	Metazoa	330		0	False	3
O13838	Schizosaccharomyces pombe (strain 972 / ATCC 24843)	Fungi	371		0	False	3
P53940	Saccharomyces cerevisiae (strain ATCC 204508 / S288c)	Fungi	528		0	False	3
Q2MHN3	Mus musculus	Metazoa	2562		0	False	3
Q9P7G6	Schizosaccharomyces pombe (strain 972 / ATCC 24843)	Fungi	566		0	False	3
P57752	Arabidopsis thaliana	Plants	92		0	False	3
Q9Y448	Homo sapiens	Metazoa	316		0	False	3
Q8VDY4	Mus musculus	Metazoa	628		0	False	3
P11802	Homo sapiens	Metazoa	303		0	False	3
Q04603	Saccharomyces cerevisiae (strain ATCC 204508 / S288c)	Fungi	196		0	False	3
Q8CFN5	Mus musculus	Metazoa	474		0	False	3
Q9ZWT1	Arabidopsis thaliana	Plants	374		0	False	3
P41277	Saccharomyces cerevisiae (strain ATCC 204508 / S288c)	Fungi	250		0	False	3
Q05CL8	Mus musculus	Metazoa	570		0	False	3
Q8LPL2	Arabidopsis thaliana	Plants	591		0	True	3
P51158	Rattus norvegicus	Metazoa	221		0	False	3
P07926	Bos taurus	Metazoa	143		0	True	3
Q21973	Caenorhabditis elegans	Metazoa	525		0	True	3
Q94BT6	Arabidopsis thaliana	Plants	609		0	False	3
Q7RYV0	Neurospora crassa (strain ATCC 24698 / 74-OR23-1A / CBS 708.71 / DSM 1257 / FGSC 987)	Fungi	176		0	False	3
O74553	Schizosaccharomyces pombe (strain 972 / ATCC 24843)	Fungi	326		0	False	3
Q53GD3	Homo sapiens	Metazoa	710		0	True	3
P02687	Bos taurus	Metazoa	169		0	False	3
P68098	Lama guanicoe	Metazoa	105		0	False	3
Q9UNH5	Homo sapiens	Metazoa	594		0	False	3
O13710	Schizosaccharomyces pombe (strain 972 / ATCC 24843)	Fungi	1076		0	False	3
A0A140LIF8	Mus musculus	Metazoa	395		0	False	3
Q9V4C8	Drosophila melanogaster	Metazoa	1500		0	False	3
Q923E4	Mus musculus	Metazoa	737		0	False	3
P92549	Arabidopsis thaliana	Plants	507		0	False	3
P78540	Homo sapiens	Metazoa	354		0	False	3
O43623	Homo sapiens	Metazoa	268		0	False	3
Q15811	Homo sapiens	Metazoa	1721		0	False	3
F8VPJ6	Mus musculus	Metazoa	1459		0	False	3
Q8BG67	Mus musculus	Metazoa	819		0	False	3
O70491	Mus musculus	Metazoa	670		0	True	3
Q9H255	Homo sapiens	Metazoa	320		0	True	3
P17095	Mus musculus	Metazoa	107		0	False	3
Q04964	Saccharomyces cerevisiae (strain ATCC 204508 / S288c)	Fungi	104		0	False	3
Q96LD4	Homo sapiens	Metazoa	638		0	False	3
O00746	Homo sapiens	Metazoa	187		0	False	3
O18158	Caenorhabditis elegans	Metazoa	1151		0	False	3
Q84T94	Oryza sativa subsp. japonica	Plants	639		0	False	3
Q9UUG2	Schizosaccharomyces pombe (strain 972 / ATCC 24843)	Fungi	621		0	False	3
Q9V444	Drosophila melanogaster	Metazoa	128		0	False	3
Q78J03	Mus musculus	Metazoa	175		0	False	3
Q9LS26	Arabidopsis thaliana	Plants	489		0	False	3
P07436	Physarum polycephalum	Other	467		0	False	3
Q3UXZ9	Mus musculus	Metazoa	1690		0	False	3
Q9NR31	Homo sapiens	Metazoa	198		0	False	3
Q94545	Drosophila melanogaster	Metazoa	556		0	False	3
P09987	Gallus gallus	Metazoa	218		0	False	3
Q9ZQH0	Arabidopsis thaliana	Plants	232		0	False	3
Q9H832	Homo sapiens	Metazoa	354		0	False	3
P00223	Arctium lappa	Plants	97		0	False	3
O15357	Homo sapiens	Metazoa	1258		0	False	3
P59044	Homo sapiens	Metazoa	892		0	False	3
Q12981	Homo sapiens	Metazoa	228		0	False	3
Q96MB7	Homo sapiens	Metazoa	349		0	False	3
Q8NHC4	Homo sapiens	Metazoa	309		0	True	3
Q9H7S9	Homo sapiens	Metazoa	590		0	False	3
Q99PQ2	Mus musculus	Metazoa	467		0	False	3
Q96SQ7	Homo sapiens	Metazoa	321		0	False	3
Q9LPL4	Arabidopsis thaliana	Plants	360		0	False	3
Q9Y2X3	Homo sapiens	Metazoa	529		0	False	3
Q8BH64	Mus musculus	Metazoa	543		0	False	3
P43115	Homo sapiens	Metazoa	390		0	True	3
Q9JHE5	Rattus norvegicus	Metazoa	504		0	True	3
Q28177	Bos taurus	Metazoa	415		0	False	3
P89105	Saccharomyces cerevisiae (strain ATCC 204508 / S288c)	Fungi	1077		0	False	3
P82670	Bos taurus	Metazoa	201		0	False	3
Q801P7	Xenopus laevis	Metazoa	418		0	False	3
Q26263	Drosophila melanogaster	Metazoa	435		0	False	3
P24539	Homo sapiens	Metazoa	256		0	False	3
Q8RXD4	Arabidopsis thaliana	Plants	941		0	False	3
O14512	Homo sapiens	Metazoa	581		0	False	3
O15427	Homo sapiens	Metazoa	465		0	True	3
Q9NS25	Homo sapiens	Metazoa	103		0	False	3
P31380	Saccharomyces cerevisiae (strain ATCC 204508 / S288c)	Fungi	1131		0	False	3
P54861	Saccharomyces cerevisiae (strain ATCC 204508 / S288c)	Fungi	757		0	False	3
Q9SY66	Arabidopsis thaliana	Plants	680		0	False	3
O95602	Homo sapiens	Metazoa	1720		0	False	3
Q03214	Saccharomyces cerevisiae (strain ATCC 204508 / S288c)	Fungi	1411		0	False	3
O81796	Arabidopsis thaliana	Plants	368		0	False	3
P35064	Tetrahymena thermophila (strain SB210)	Other	138		0	False	3
Q9S752	Arabidopsis thaliana	Plants	388		0	False	3
P69571	Pseudotsuga menziesii	Plants	475		0	False	3
P43135	Mus musculus	Metazoa	414		0	False	3
P62070	Homo sapiens	Metazoa	204		0	False	3
Q9WVR8	Rattus norvegicus	Metazoa	610		0	False	3
P41182	Homo sapiens	Metazoa	706		0	False	3
Q99728	Homo sapiens	Metazoa	777		0	False	3
O61125	Dictyostelium discoideum	Other	461		0	False	3
O70191	Mus musculus	Metazoa	283		0	False	3
Q9Y3M8	Homo sapiens	Metazoa	1113		0	False	3
Q9UDW3	Homo sapiens	Metazoa	170		0	False	3
Q13541	Homo sapiens	Metazoa	118		0	False	3
Q9CA83	Arabidopsis thaliana	Plants	646		0	False	3
P05414	Spinacia oleracea	Plants	369		0	False	3
Q9NVI7	Homo sapiens	Metazoa	586		0	False	3
O22785	Arabidopsis thaliana	Plants	525		0	False	3
O16102	Drosophila melanogaster	Metazoa	892		0	False	3
Q9NWY4	Homo sapiens	Metazoa	346		0	False	3
Q14203	Homo sapiens	Metazoa	1278		0	False	3
Q8IBI5	Plasmodium falciparum (isolate 3D7)	Other	553		0	False	3
P40546	Saccharomyces cerevisiae (strain ATCC 204508 / S288c)	Fungi	346		0	False	3
P00422	Neurospora crassa (strain ATCC 24698 / 74-OR23-1A / CBS 708.71 / DSM 1257 / FGSC 987)	Fungi	269		0	True	3
P12904	Saccharomyces cerevisiae (strain ATCC 204508 / S288c)	Fungi	322		0	False	3
Q6ZPR5	Mus musculus	Metazoa	823		0	False	3
Q8VIE6	Mus musculus	Metazoa	465		0	True	3
Q8N2H3	Homo sapiens	Metazoa	581		0	False	3
Q9H0H5	Homo sapiens	Metazoa	632		0	False	3
Q9VIT0	Drosophila melanogaster	Metazoa	255		0	False	3
Q9NZ09	Homo sapiens	Metazoa	502		0	False	3
P38137	Saccharomyces cerevisiae (strain ATCC 204508 / S288c)	Fungi	543		0	False	3
Q9FZ47	Arabidopsis thaliana	Plants	290		0	False	3
P40465	Saccharomyces cerevisiae (strain ATCC 204508 / S288c)	Fungi	213		0	False	3
Q05498	Saccharomyces cerevisiae (strain ATCC 204508 / S288c)	Fungi	189		0	False	3
P82231	Spinacia oleracea	Plants	271		0	False	3
P32302	Homo sapiens	Metazoa	372		0	True	3
Q06675	Saccharomyces cerevisiae (strain ATCC 204508 / S288c)	Fungi	368		0	False	3
P32499	Saccharomyces cerevisiae (strain ATCC 204508 / S288c)	Fungi	720		0	False	3
Q9JJI5	Rattus norvegicus	Metazoa	425		0	True	3
Q63ZV0	Mus musculus	Metazoa	521		0	False	3
Q6F5E8	Homo sapiens	Metazoa	1435		0	False	3
P70392	Mus musculus	Metazoa	1189		0	False	3
Q08921	Saccharomyces cerevisiae (strain ATCC 204508 / S288c)	Fungi	799		0	False	3
O74954	Schizosaccharomyces pombe (strain 972 / ATCC 24843)	Fungi	613		0	False	3
Q63099	Rattus norvegicus	Metazoa	907		0	False	3
Q9ZV24	Arabidopsis thaliana	Plants	148		0	True	3
P10734	Drosophila melanogaster	Metazoa	429		0	False	3
Q8NFJ9	Homo sapiens	Metazoa	593		0	False	3
Q9NS23	Homo sapiens	Metazoa	344		0	False	3
Q8L785	Arabidopsis thaliana	Plants	1067		0	False	3
O35346	Rattus norvegicus	Metazoa	1055		0	False	3
Q6L545	Oryza sativa subsp. japonica	Plants	354		0	False	3
Q96E11	Homo sapiens	Metazoa	262		0	False	3
P10606	Homo sapiens	Metazoa	129		0	False	3
Q8NEZ2	Homo sapiens	Metazoa	397		0	False	3
P09597	Spinacia oleracea	Plants	134		0	False	3
Q6NXK7	Mus musculus	Metazoa	797		0	True	3
Q96301	Arabidopsis thaliana	Plants	914		0	False	3
Q8BFZ4	Mus musculus	Metazoa	434		0	False	3
P04897	Rattus norvegicus	Metazoa	355		0	False	3
P50518	Mus musculus	Metazoa	226		0	False	3
F6ZDS4	Mus musculus	Metazoa	2431		0	False	3
Q27297	Drosophila melanogaster	Metazoa	336		0	False	3
Q9Y8G3	Schizosaccharomyces pombe (strain 972 / ATCC 24843)	Fungi	596		0	False	3
Q9BXF3	Homo sapiens	Metazoa	1484		0	False	3
Q9SKX9	Arabidopsis thaliana	Plants	71		0	True	3
O75001	Schizosaccharomyces pombe (strain 972 / ATCC 24843)	Fungi	760		0	False	3
P60824	Mus musculus	Metazoa	172		0	False	3
Q8N8Q3	Homo sapiens	Metazoa	282		0	False	3
Q9Y5L0	Homo sapiens	Metazoa	923		0	False	3
P36617	Schizosaccharomyces pombe (strain 972 / ATCC 24843)	Fungi	877		0	False	3
P48727	Caenorhabditis elegans	Metazoa	333		0	False	3
O64903	Arabidopsis thaliana	Plants	231		0	False	3
Q6R0A6	Arabidopsis thaliana	Plants	294		0	False	3
Q03195	Saccharomyces cerevisiae (strain ATCC 204508 / S288c)	Fungi	608		0	False	3
O15084	Homo sapiens	Metazoa	1053		0	False	3
O94829	Homo sapiens	Metazoa	963		0	False	3
P56501	Mus musculus	Metazoa	308		0	True	3
P13446	Euglena gracilis	Other	480		0	False	3
P38084	Saccharomyces cerevisiae (strain ATCC 204508 / S288c)	Fungi	609		0	False	3
Q03338	Saccharomyces cerevisiae (strain ATCC 204508 / S288c)	Fungi	469		0	False	3
Q5H8A6	Lotus japonicus	Plants	853		0	False	3
Q9FVU9	Arabidopsis thaliana	Plants	358		0	False	3
P00241	Cyanidium caldarium	Other	98		0	False	3
P40169	Saccharomyces cerevisiae (strain ATCC 204508 / S288c)	Fungi	301		0	True	3
O64645	Arabidopsis thaliana	Plants	214		0	False	3
Q07075	Homo sapiens	Metazoa	957		0	True	3
P85125	Rattus norvegicus	Metazoa	392		0	False	3
Q1H5E9	Arabidopsis thaliana	Plants	397		0	False	3
Q9LY00	Arabidopsis thaliana	Plants	294		0	False	3
Q8WSR3	Ascaris suum	Metazoa	645		0	False	3
Q22037	Caenorhabditis elegans	Metazoa	346		0	False	3
P20428	Rattus norvegicus	Metazoa	287		0	False	3
Q5M876	Rattus norvegicus	Metazoa	319		0	False	3
Q9JKN6	Mus musculus	Metazoa	507		0	False	3
O00148	Homo sapiens	Metazoa	427		0	False	3
Q10428	Schizosaccharomyces pombe (strain 972 / ATCC 24843)	Fungi	548		0	False	3
Q12343	Saccharomyces cerevisiae (strain ATCC 204508 / S288c)	Fungi	284		0	False	3
Q23917	Dictyostelium discoideum	Other	793		0	False	3
O13965	Schizosaccharomyces pombe (strain 972 / ATCC 24843)	Fungi	730		0	False	3
Q3MHL3	Bos taurus	Metazoa	425		0	False	3
O89019	Mus musculus	Metazoa	1062		0	False	3
Q75H77	Oryza sativa subsp. japonica	Plants	362		0	False	3
P41135	Rattus norvegicus	Metazoa	164		0	False	3
Q64524	Mus musculus	Metazoa	126		0	False	3
Q9SHJ6	Arabidopsis thaliana	Plants	323		0	False	3
O43511	Homo sapiens	Metazoa	780		0	True	3
P12629	Spinacia oleracea	Plants	250		0	False	3
Q7Z3B3	Homo sapiens	Metazoa	1105		0	False	3
P29595	Mus musculus	Metazoa	81		0	False	3
P26583	Homo sapiens	Metazoa	209		0	False	3
Q9UNX4	Homo sapiens	Metazoa	943		0	False	3
Q93ZN9	Arabidopsis thaliana	Plants	461		0	False	3
Q5Y5T5	Mus musculus	Metazoa	762		0	True	3
P98197	Mus musculus	Metazoa	1187		0	True	3
Q9Z2N6	Rattus norvegicus	Metazoa	79		0	False	3
Q6I9Y2	Homo sapiens	Metazoa	204		0	False	3
P51662	Oryctolagus cuniculus	Metazoa	346		0	False	3
Q84M97	Arabidopsis thaliana	Plants	742		0	False	3
P08425	Saccharomyces cerevisiae (strain ATCC 204508 / S288c)	Fungi	469		0	False	3
Q8N371	Homo sapiens	Metazoa	416		0	False	3
Q14330	Homo sapiens	Metazoa	331		0	True	3
Q9ERI5	Mus musculus	Metazoa	403		0	False	3
Q9UBC0	Homo sapiens	Metazoa	465		0	False	3
Q945P1	Arabidopsis thaliana	Plants	317		0	False	3
P20484	Saccharomyces cerevisiae (strain ATCC 204508 / S288c)	Fungi	414		0	False	3
Q9NZZ3	Homo sapiens	Metazoa	219		0	False	3
Q01560	Saccharomyces cerevisiae (strain ATCC 204508 / S288c)	Fungi	414		0	False	3
Q8BMF8	Mus musculus	Metazoa	549		0	True	3
Q9VW47	Drosophila melanogaster	Metazoa	2531		0	False	3
P0DKB7	Arabidopsis thaliana	Plants	326		0	False	3
P38809	Saccharomyces cerevisiae (strain ATCC 204508 / S288c)	Fungi	366		0	False	3
F4J264	Arabidopsis thaliana	Plants	406		0	False	3
Q09715	Schizosaccharomyces pombe (strain 972 / ATCC 24843)	Fungi	614		0	False	3
Q9BY41	Homo sapiens	Metazoa	377		0	False	3
Q07821	Saccharomyces cerevisiae (strain ATCC 204508 / S288c)	Fungi	250		0	False	3
P34791	Arabidopsis thaliana	Plants	260		0	False	3
Q15562	Homo sapiens	Metazoa	447		0	False	3
O04425	Arabidopsis thaliana	Plants	747		0	False	3
Q9H7T9	Homo sapiens	Metazoa	357		0	False	3
Q94521	Drosophila melanogaster	Metazoa	275		0	False	3
Q1LZ24	Drosophila melanogaster	Metazoa	586		0	False	3
P06785	Saccharomyces cerevisiae (strain ATCC 204508 / S288c)	Fungi	304		0	False	3
Q91Y55	Rattus norvegicus	Metazoa	235		0	True	3
P38903	Saccharomyces cerevisiae (strain ATCC 204508 / S288c)	Fungi	757		0	False	3
Q84WW2	Arabidopsis thaliana	Plants	325		0	False	3
Q8NI51	Homo sapiens	Metazoa	663		0	False	3
P38793	Saccharomyces cerevisiae (strain ATCC 204508 / S288c)	Fungi	499		0	False	3
O08839	Rattus norvegicus	Metazoa	588		0	False	3
Q9LPS1	Arabidopsis thaliana	Plants	498		0	True	3
Q9H1K0	Homo sapiens	Metazoa	784		0	False	3
P32063	Coriandrum sativum	Plants	385		0	False	3
Q7KSD8	Drosophila melanogaster	Metazoa	562		0	False	3
P30664	Xenopus laevis	Metazoa	863		0	False	3
Q4H4B6	Danio rerio	Metazoa	1724		0	False	3
Q96EH3	Homo sapiens	Metazoa	234		0	False	3
E9Q4F7	Mus musculus	Metazoa	2643		0	False	3
P40547	Saccharomyces cerevisiae (strain ATCC 204508 / S288c)	Fungi	921		0	False	3
Q9WVS4	Mus musculus	Metazoa	420		0	False	3
P18068	Chlamydomonas reinhardtii	Plants	145		0	False	3
Q9NVR2	Homo sapiens	Metazoa	710		0	False	3
Q8NEG4	Homo sapiens	Metazoa	500		0	False	3
Q05153	Arabidopsis thaliana	Plants	646		0	False	3
O70433	Mus musculus	Metazoa	279		0	False	3
O95210	Homo sapiens	Metazoa	358		0	True	3
P59858	Polysiphonia urceolata	Other	162		0	False	3
Q96AY2	Homo sapiens	Metazoa	570		0	False	3
P06895	Platynereis dumerilii	Metazoa	119		0	False	3
Q07065	Homo sapiens	Metazoa	602		0	False	3
P08740	Chlamydomonas reinhardtii	Plants	382		0	True	3
Q9NS56	Homo sapiens	Metazoa	1045		0	False	3
Q8VE42	Mus musculus	Metazoa	238		0	False	3
P08898	Caenorhabditis elegans	Metazoa	136		0	False	3
F4JF14	Arabidopsis thaliana	Plants	953		0	False	3
P02511	Homo sapiens	Metazoa	175		0	False	3
P09450	Mus musculus	Metazoa	344		0	False	3
O74365	Schizosaccharomyces pombe (strain 972 / ATCC 24843)	Fungi	865		0	False	3
A0A5S9MMK5	Caenorhabditis elegans	Metazoa	443		0	False	3
Q3TSG4	Mus musculus	Metazoa	395		0	False	3
P05388	Homo sapiens	Metazoa	317		0	False	3
O80462	Arabidopsis thaliana	Plants	888		0	False	3
P59108	Mus musculus	Metazoa	548		0	False	3
P09661	Homo sapiens	Metazoa	255		0	False	3
Q9UBC1	Homo sapiens	Metazoa	381		0	False	3
Q96N64	Homo sapiens	Metazoa	755		0	False	3
P39006	Saccharomyces cerevisiae (strain ATCC 204508 / S288c)	Fungi	500		0	True	3
P10964	Saccharomyces cerevisiae (strain ATCC 204508 / S288c)	Fungi	1664		0	False	3
P53332	Saccharomyces cerevisiae (strain ATCC 204508 / S288c)	Fungi	305		0	False	3
Q9VA38	Drosophila melanogaster	Metazoa	1105		0	False	3
P00058	Gossypium barbadense	Plants	111		0	False	3
Q86UR1	Homo sapiens	Metazoa	476		0	False	3
Q6NS65	Mus musculus	Metazoa	339		0	True	3
Q8IZA0	Homo sapiens	Metazoa	1049		0	True	3
Q9Y3E5	Homo sapiens	Metazoa	179		0	True	3
Q9UUG1	Schizosaccharomyces pombe (strain 972 / ATCC 24843)	Fungi	317		0	False	3
Q9SII8	Arabidopsis thaliana	Plants	551		0	False	3
P0C7R2	Arabidopsis thaliana	Plants	280		0	False	3
Q8HYL8	Phascolarctos cinereus	Metazoa	661		0	False	3
Q9FYT6	Zea mays	Plants	715		0	False	3
P39994	Saccharomyces cerevisiae (strain ATCC 204508 / S288c)	Fungi	560		0	False	3
Q9BYV1	Homo sapiens	Metazoa	514		0	False	3
F4HZD1	Arabidopsis thaliana	Plants	944		0	False	3
Q8K4K6	Mus musculus	Metazoa	548		0	False	3
P53987	Rattus norvegicus	Metazoa	494		0	True	3
P49654	Rattus norvegicus	Metazoa	397		0	True	3
O15819	Dictyostelium discoideum	Other	139		0	False	3
Q9UBN4	Homo sapiens	Metazoa	977		0	False	3
O77932	Homo sapiens	Metazoa	396		0	False	3
Q9VFI9	Drosophila melanogaster	Metazoa	1118		0	False	3
Q8LDD3	Arabidopsis thaliana	Plants	193		0	False	3
Q9ERQ3	Mus musculus	Metazoa	566		0	False	3
P34427	Caenorhabditis elegans	Metazoa	962		0	False	3
P26686	Drosophila melanogaster	Metazoa	376		0	False	3
Q9VN60	Drosophila melanogaster	Metazoa	278		0	False	3
P04166	Rattus norvegicus	Metazoa	146		0	False	3
Q9M815	Arabidopsis thaliana	Plants	190		0	False	3
Q9FMZ0	Arabidopsis thaliana	Plants	337		0	False	3
Q08245	Saccharomyces cerevisiae (strain ATCC 204508 / S288c)	Fungi	113		0	False	3
Q8NHZ7	Homo sapiens	Metazoa	208		0	False	3
P09077	Drosophila melanogaster	Metazoa	417		0	False	3
P06271	Nicotiana tabacum	Plants	1070		0	False	3
P61218	Homo sapiens	Metazoa	127		0	False	3
Q15915	Homo sapiens	Metazoa	447		0	False	3
P50105	Saccharomyces cerevisiae (strain ATCC 204508 / S288c)	Fungi	388		0	False	3
Q90257	Danio rerio	Metazoa	270		0	False	3
Q6PGP7	Homo sapiens	Metazoa	1564		0	False	3
Q9H910	Homo sapiens	Metazoa	190		0	False	3
Q27368	Drosophila melanogaster	Metazoa	805		0	False	3
O14370	Schizosaccharomyces pombe (strain 972 / ATCC 24843)	Fungi	427		0	False	3
Q9UQ49	Homo sapiens	Metazoa	428		0	False	3
Q12298	Saccharomyces cerevisiae (strain ATCC 204508 / S288c)	Fungi	539		0	False	3
Q08553	Saccharomyces cerevisiae (strain ATCC 204508 / S288c)	Fungi	188		0	False	3
Q9TUP7	Canis lupus familiaris	Metazoa	444		0	True	3
O75608	Homo sapiens	Metazoa	230		0	False	3
O74443	Schizosaccharomyces pombe (strain 972 / ATCC 24843)	Fungi	272		0	False	3
A0A6P3HVI0	Bison bison bison	Metazoa	535		0	True	3
Q5VV67	Homo sapiens	Metazoa	1664		0	False	3
O00750	Homo sapiens	Metazoa	1634		0	False	3
O75116	Homo sapiens	Metazoa	1388		0	False	3
P53986	Mus musculus	Metazoa	493		0	True	3
P06505	Spinacia oleracea	Plants	335		0	False	3
Q9SHG6	Arabidopsis thaliana	Plants	849		0	False	3
Q04013	Saccharomyces cerevisiae (strain ATCC 204508 / S288c)	Fungi	314		0	True	3
Q9Y606	Homo sapiens	Metazoa	427		0	False	3
Q9BSJ5	Homo sapiens	Metazoa	609		0	False	3
O95801	Homo sapiens	Metazoa	387		0	False	3
Q6JAN1	Canis lupus familiaris	Metazoa	1081		0	False	3
P50536	Drosophila melanogaster	Metazoa	512		0	False	3
Q6IEG0	Homo sapiens	Metazoa	339		0	False	3
P23396	Homo sapiens	Metazoa	243		0	False	3
Q86X55	Homo sapiens	Metazoa	608		0	False	3
Q9NWS1	Homo sapiens	Metazoa	579		0	False	3
O80786	Arabidopsis thaliana	Plants	727		0	False	3
O35638	Mus musculus	Metazoa	1231		0	False	3
P27807	Triticum aestivum	Plants	152		0	False	3
Q93560	Caenorhabditis elegans	Metazoa	817		0	False	3
P23760	Homo sapiens	Metazoa	479		0	False	3
Q12321	Saccharomyces cerevisiae (strain ATCC 204508 / S288c)	Fungi	566		0	False	3
Q7TSH3	Mus musculus	Metazoa	1157		0	False	3
Q9NVH6	Homo sapiens	Metazoa	421		0	False	3
Q6WN19	Rattus norvegicus	Metazoa	469		0	False	3
O74485	Schizosaccharomyces pombe (strain 972 / ATCC 24843)	Fungi	581		0	False	3
P42736	Arabidopsis thaliana	Plants	248		0	False	3
P10749	Mus musculus	Metazoa	269		0	False	3
P63098	Homo sapiens	Metazoa	170		0	False	3
Q0VD86	Homo sapiens	Metazoa	236		0	False	3
P29677	Solanum tuberosum	Plants	504		0	False	3
Q12235	Saccharomyces cerevisiae (strain ATCC 204508 / S288c)	Fungi	531		0	True	3
Q13415	Homo sapiens	Metazoa	861		0	False	3
Q8K3P4	Rattus norvegicus	Metazoa	362		0	False	3
Q12178	Saccharomyces cerevisiae (strain ATCC 204508 / S288c)	Fungi	158		0	False	3
P62136	Homo sapiens	Metazoa	330		0	False	3
Q9C7I5	Arabidopsis thaliana	Plants	189		0	False	3
P22361	Mus musculus	Metazoa	628		0	False	3
P25815	Homo sapiens	Metazoa	95		0	False	3
O94259	Schizosaccharomyces pombe (strain 972 / ATCC 24843)	Fungi	327		0	False	3
O75348	Homo sapiens	Metazoa	118		0	False	3
Q8IYR2	Homo sapiens	Metazoa	804		0	False	3
Q71BG9	Solanum lycopersicum	Plants	861		0	False	3
P69150	Tetrahymena thermophila	Other	136		0	False	3
P36626	Schizosaccharomyces pombe (strain 972 / ATCC 24843)	Fungi	561		0	False	3
Q09309	Caenorhabditis elegans	Metazoa	454		0	False	3
Q9CQ20	Mus musculus	Metazoa	182		0	False	3
P31167	Arabidopsis thaliana	Plants	381		0	True	3
Q5EBM0	Homo sapiens	Metazoa	449		0	False	3
P19156	Sus scrofa	Metazoa	1034		0	False	3
P53810	Mus musculus	Metazoa	271		0	False	3
P31384	Saccharomyces cerevisiae (strain ATCC 204508 / S288c)	Fungi	837		0	False	3
Q9GZR1	Homo sapiens	Metazoa	1112		0	False	3
O43447	Homo sapiens	Metazoa	177		0	False	3
Q9M7T0	Arabidopsis thaliana	Plants	201		0	False	3
Q9USW9	Schizosaccharomyces pombe (strain 972 / ATCC 24843)	Fungi	244		0	False	3
Q91V08	Mus musculus	Metazoa	207		0	True	3
O96033	Homo sapiens	Metazoa	88		0	False	3
P51531	Homo sapiens	Metazoa	1590		0	False	3
Q6NN03	Arabidopsis thaliana	Plants	63		0	True	3
Q9D489	Mus musculus	Metazoa	467		0	False	3
Q12285	Saccharomyces cerevisiae (strain ATCC 204508 / S288c)	Fungi	212		0	False	3
P48268	Chlamydomonas reinhardtii	Plants	82		0	True	3
Q68G58	Mus musculus	Metazoa	516		0	False	3
O74957	Schizosaccharomyces pombe (strain 972 / ATCC 24843)	Fungi	834		0	False	3
Q93Z18	Arabidopsis thaliana	Plants	415		0	False	3
P35728	Saccharomyces cerevisiae (strain ATCC 204508 / S288c)	Fungi	441		0	False	3
Q9NUK0	Homo sapiens	Metazoa	354		0	False	3
P13866	Homo sapiens	Metazoa	664		0	True	3
Q12948	Homo sapiens	Metazoa	553		0	False	3
Q3UQS8	Mus musculus	Metazoa	1199		0	False	3
O55135	Mus musculus	Metazoa	245		0	False	3
Q9Y7Y6	Schizosaccharomyces pombe (strain 972 / ATCC 24843)	Fungi	291		0	False	3
P16972	Arabidopsis thaliana	Plants	148		0	False	3
Q6PEY1	Homo sapiens	Metazoa	159		0	True	3
P04625	Gallus gallus	Metazoa	408		0	False	3
P35434	Rattus norvegicus	Metazoa	168		0	False	3
Q8BGD7	Mus musculus	Metazoa	802		0	False	3
D7UQM5	Patiria pectinifera	Metazoa	407		0	False	3
P36402	Homo sapiens	Metazoa	384		0	False	3
Q9GZQ3	Homo sapiens	Metazoa	224		0	False	3
Q8R4P5	Mus musculus	Metazoa	757		0	False	3
Q01329	Saccharomyces cerevisiae (strain ATCC 204508 / S288c)	Fungi	785		0	False	3
P63163	Mus musculus	Metazoa	240		0	False	3
P55018	Rattus norvegicus	Metazoa	1002		0	False	3
A0A0S2UWC9	Petunia hybrida	Plants	249		0	False	3
P28829	Schizosaccharomyces pombe (strain 972 / ATCC 24843)	Fungi	659		0	False	3
Q8BTW8	Mus musculus	Metazoa	588		0	False	3
Q9JJF3	Mus musculus	Metazoa	603		0	False	3
Q39024	Arabidopsis thaliana	Plants	376		0	False	3
P40470	Saccharomyces cerevisiae (strain ATCC 204508 / S288c)	Fungi	206		0	False	3
Q9URX9	Schizosaccharomyces pombe (strain 972 / ATCC 24843)	Fungi	284		0	False	3
P02835	Drosophila melanogaster	Metazoa	410		0	False	3
Q9UIS9	Homo sapiens	Metazoa	605		0	False	3
Q93WG3	Arabidopsis thaliana	Plants	294		0	False	3
Q9UJA3	Homo sapiens	Metazoa	840		0	False	3
A0A3Q2IDB4	Equus caballus	Metazoa	552		0	True	3
Q60756	Mus musculus	Metazoa	195		0	False	3
B6VQ60	Caenorhabditis elegans	Metazoa	612		0	False	3
Q8NFT6	Homo sapiens	Metazoa	615		0	False	3
Q9XZ06	Drosophila melanogaster	Metazoa	823		0	False	3
O14388	Schizosaccharomyces pombe (strain 972 / ATCC 24843)	Fungi	136		0	False	3
O43900	Homo sapiens	Metazoa	615		0	False	3
P35290	Mus musculus	Metazoa	203		0	False	3
Q9Z2A5	Mus musculus	Metazoa	516		0	False	3
Q5RI15	Homo sapiens	Metazoa	118		0	True	3
P32388	Saccharomyces cerevisiae (strain ATCC 204508 / S288c)	Fungi	137		0	False	3
Q96LA8	Homo sapiens	Metazoa	375		0	False	3
Q9UKK6	Homo sapiens	Metazoa	140		0	False	3
P28566	Homo sapiens	Metazoa	365		0	True	3
P22460	Homo sapiens	Metazoa	613		0	False	3
Q5I7G2	Lymnaea stagnalis	Metazoa	436		0	False	3
Q7M2P1	Sus scrofa	Metazoa	76		0	False	3
Q91WN3	Mus musculus	Metazoa	478		0	True	3
Q9I8D1	Gallus gallus	Metazoa	1276		0	False	3
P27469	Homo sapiens	Metazoa	103		0	False	3
Q08687	Saccharomyces cerevisiae (strain ATCC 204508 / S288c)	Fungi	178		0	False	3
Q9BSU3	Homo sapiens	Metazoa	229		0	False	3
P62312	Homo sapiens	Metazoa	80		0	False	3
Q9UQN3	Homo sapiens	Metazoa	213		0	False	3
C6ZJZ3	Glycine max	Plants	237		0	False	3
Q9ZVC9	Arabidopsis thaliana	Plants	851		0	False	3
P39113	Saccharomyces cerevisiae (strain ATCC 204508 / S288c)	Fungi	1433		0	False	3
Q9C9F5	Arabidopsis thaliana	Plants	308		0	False	3
P38114	Saccharomyces cerevisiae (strain ATCC 204508 / S288c)	Fungi	1094		0	False	3
O35445	Mus musculus	Metazoa	180		0	False	3
Q9XUS7	Caenorhabditis elegans	Metazoa	610		0	False	3
Q9FX64	Arabidopsis thaliana	Plants	226		0	False	3
Q8WWC4	Homo sapiens	Metazoa	291		0	False	3
Q61694	Mus musculus	Metazoa	373		0	False	3
Q8L3W1	Arabidopsis thaliana	Plants	341		0	False	3
Q18909	Caenorhabditis elegans	Metazoa	319		0	False	3
P22579	Saccharomyces cerevisiae (strain ATCC 204508 / S288c)	Fungi	1536		0	False	3
Q6NTE8	Homo sapiens	Metazoa	343		0	False	3
Q8IVE3	Homo sapiens	Metazoa	1493		0	False	3
O48538	Arabidopsis thaliana	Plants	944		0	False	3
P42858	Homo sapiens	Metazoa	3142		0	False	3
Q9UBY9	Homo sapiens	Metazoa	170		0	False	3
Q9C0C9	Homo sapiens	Metazoa	1292		0	False	3
Q9HC97	Homo sapiens	Metazoa	309		0	True	3
Q8WQX6	Leishmania tarentolae	Other	1120		0	False	3
Q5GH77	Homo sapiens	Metazoa	459		0	True	3
Q9WTS6	Mus musculus	Metazoa	2715		0	False	3
P31941	Homo sapiens	Metazoa	199		0	False	3
Q9UG56	Homo sapiens	Metazoa	409		0	True	3
Q9LU05	Arabidopsis thaliana	Plants	168		0	False	3
Q9Y2I8	Homo sapiens	Metazoa	494		0	False	3
Q13523	Homo sapiens	Metazoa	1007		0	False	3
P70600	Rattus norvegicus	Metazoa	1009		0	False	3
P07038	Neurospora crassa (strain ATCC 24698 / 74-OR23-1A / CBS 708.71 / DSM 1257 / FGSC 987)	Fungi	920		0	False	3
P11596	Drosophila melanogaster	Metazoa	197		0	False	3
Q9LVQ7	Arabidopsis thaliana	Plants	500		0	False	3
O14006	Schizosaccharomyces pombe (strain 972 / ATCC 24843)	Fungi	271		0	False	3
P29674	Xenopus laevis	Metazoa	403		0	False	3
P62773	Brassica oleracea	Plants	111		0	False	3
P35001	Gallus gallus	Metazoa	246		0	False	3
P36056	Saccharomyces cerevisiae (strain ATCC 204508 / S288c)	Fungi	628		0	False	3
Q3U5F4	Mus musculus	Metazoa	280		0	False	3
Q94BU1	Arabidopsis thaliana	Plants	692		0	False	3
Q9EQ31	Mus musculus	Metazoa	354		0	True	3
Q92247	Neurospora crassa (strain ATCC 24698 / 74-OR23-1A / CBS 708.71 / DSM 1257 / FGSC 987)	Fungi	412		0	False	3
P84338	Ginkgo biloba	Plants	99		0	False	3
P38398	Homo sapiens	Metazoa	1863		0	False	3
Q9CAP8	Arabidopsis thaliana	Plants	691		0	False	3
P54791	Saccharomyces cerevisiae (strain ATCC 204508 / S288c)	Fungi	529		0	False	3
Q67YG7	Arabidopsis thaliana	Plants	148		0	False	3
Q9TTY5	Bos taurus	Metazoa	342		0	True	3
Q9R109	Mus musculus	Metazoa	243		0	False	3
O94632	Schizosaccharomyces pombe (strain 972 / ATCC 24843)	Fungi	773		0	False	3
Q10424	Schizosaccharomyces pombe (strain 972 / ATCC 24843)	Fungi	330		0	False	3
O81098	Arabidopsis thaliana	Plants	205		0	False	3
Q9ES56	Mus musculus	Metazoa	219		0	False	3
O60779	Homo sapiens	Metazoa	497		0	True	3
P55088	Mus musculus	Metazoa	323		0	True	3
Q55GJ6	Dictyostelium discoideum	Other	214		0	False	3
P43124	Saccharomyces cerevisiae (strain ATCC 204508 / S288c)	Fungi	402		0	False	3
P93004	Arabidopsis thaliana	Plants	280		0	True	3
Q8L844	Arabidopsis thaliana	Plants	709		0	False	3
P87054	Schizosaccharomyces pombe (strain 972 / ATCC 24843)	Fungi	133		0	False	3
Q9HDD0	Homo sapiens	Metazoa	168		0	False	3
P51577	Rattus norvegicus	Metazoa	388		0	True	3
P32792	Saccharomyces cerevisiae (strain ATCC 204508 / S288c)	Fungi	385		0	False	3
P06843	Saccharomyces cerevisiae (strain ATCC 204508 / S288c)	Fungi	333		0	False	3
Q8N163	Homo sapiens	Metazoa	923		0	False	3
Q86SG3	Homo sapiens	Metazoa	579		0	False	3
P18492	Hordeum vulgare	Plants	469		0	False	3
Q8N100	Homo sapiens	Metazoa	152		0	False	3
P56391	Mus musculus	Metazoa	86		0	False	3
Q9USX3	Schizosaccharomyces pombe (strain 972 / ATCC 24843)	Fungi	406		0	False	3
Q9FG73	Arabidopsis thaliana	Plants	682		0	False	3
Q6VWJ6	Hordeum vulgare	Plants	573		0	False	3
O42848	Schizosaccharomyces pombe (strain 972 / ATCC 24843)	Fungi	197		0	False	3
Q07794	Saccharomyces cerevisiae (strain ATCC 204508 / S288c)	Fungi	436		0	False	3
Q6TA49	Sus scrofa	Metazoa	289		0	True	3
Q9NQ40	Homo sapiens	Metazoa	469		0	True	3
P39965	Saccharomyces cerevisiae (strain ATCC 204508 / S288c)	Fungi	576		0	False	3
Q9CWR0	Mus musculus	Metazoa	618		0	False	3
Q9P2R6	Homo sapiens	Metazoa	1566		0	False	3
Q6K498	Oryza sativa subsp. japonica	Plants	277		0	False	3
Q9UKU7	Homo sapiens	Metazoa	415		0	False	3
Q9JKD8	Mus musculus	Metazoa	530		0	False	3
Q06568	Saccharomyces cerevisiae (strain ATCC 204508 / S288c)	Fungi	189		0	False	3
P30047	Homo sapiens	Metazoa	84		0	False	3
A0A2P1GIW3	Catharanthus roseus	Plants	320		0	False	3
Q8NDV2	Homo sapiens	Metazoa	337		0	True	3
Q06682	Saccharomyces cerevisiae (strain ATCC 204508 / S288c)	Fungi	500		0	False	3
O80506	Arabidopsis thaliana	Plants	93		0	False	3
P49435	Saccharomyces cerevisiae (strain ATCC 204508 / S288c)	Fungi	187		0	False	3
P61581	Homo sapiens	Metazoa	75		0	False	3
O96693	Plasmodium falciparum (isolate HB3)	Other	488		0	False	3
Q12523	Saccharomyces cerevisiae (strain ATCC 204508 / S288c)	Fungi	523		0	False	3
P32830	Saccharomyces cerevisiae (strain ATCC 204508 / S288c)	Fungi	109		0	False	3
P07812	Gallus gallus	Metazoa	786		0	False	3
P31399	Rattus norvegicus	Metazoa	161		0	False	3
Q13868	Homo sapiens	Metazoa	293		0	False	3
P43572	Saccharomyces cerevisiae (strain ATCC 204508 / S288c)	Fungi	832		0	False	3
P62937	Homo sapiens	Metazoa	165		0	False	3
Q2MHE4	Arabidopsis thaliana	Plants	390		0	False	3
B4FUP5	Zea mays	Plants	253		0	False	3
P36494	Spinacia oleracea	Plants	261		0	False	3
Q9SDW0	Arabidopsis thaliana	Plants	323		0	False	3
Q2KI49	Bos taurus	Metazoa	159		0	False	3
Q9Y5X4	Homo sapiens	Metazoa	410		0	False	3
P82249	Spinacia oleracea	Plants	130		0	False	3
P40066	Saccharomyces cerevisiae (strain ATCC 204508 / S288c)	Fungi	365		0	False	3
Q99NH7	Mus musculus	Metazoa	744		0	True	3
P06738	Saccharomyces cerevisiae (strain ATCC 204508 / S288c)	Fungi	902		0	False	3
Q3V0Q6	Mus musculus	Metazoa	470		0	False	3
P82194	Spinacia oleracea	Plants	126		0	False	3
Q6Q560	Saccharomyces cerevisiae (strain ATCC 204508 / S288c)	Fungi	94		0	False	3
P35462	Homo sapiens	Metazoa	400		0	True	3
Q9NUP9	Homo sapiens	Metazoa	197		0	False	3
Q9Z1B3	Mus musculus	Metazoa	1216		0	False	3
P38710	Saccharomyces cerevisiae (strain ATCC 204508 / S288c)	Fungi	295		0	False	3
Q2WGK3	Trichoderma harzianum	Fungi	356		0	False	3
O08755	Mus musculus	Metazoa	465		0	False	3
O08901	Mus musculus	Metazoa	1058		0	False	3
A0A1D8PN96	Candida albicans (strain SC5314 / ATCC MYA-2876)	Fungi	981		0	False	3
Q94AI4	Arabidopsis thaliana	Plants	775		0	False	3
Q08157	Saccharomyces cerevisiae (strain ATCC 204508 / S288c)	Fungi	551		0	True	3
Q9JKM5	Rattus norvegicus	Metazoa	400		0	True	3
Q13017	Homo sapiens	Metazoa	1502		0	False	3
Q39023	Arabidopsis thaliana	Plants	370		0	False	3
O23166	Arabidopsis thaliana	Plants	261		0	False	3
O14063	Schizosaccharomyces pombe (strain 972 / ATCC 24843)	Fungi	542		0	False	3
Q8BLA8	Mus musculus	Metazoa	1125		0	False	3
Q9P6R0	Schizosaccharomyces pombe (strain 972 / ATCC 24843)	Fungi	492		0	False	3
Q13882	Homo sapiens	Metazoa	451		0	False	3
A0A0F7G352	Vanilla planifolia	Plants	356		0	False	3
Q02783	Saccharomyces cerevisiae (strain ATCC 204508 / S288c)	Fungi	413		0	False	3
Q8NFQ8	Homo sapiens	Metazoa	470		0	False	3
D3ZUA0	Rattus norvegicus	Metazoa	338		0	False	3
O94941	Homo sapiens	Metazoa	541		0	False	3
O77264	Drosophila melanogaster	Metazoa	361		0	False	3
Q13765	Homo sapiens	Metazoa	215		0	False	3
Q8TEH3	Homo sapiens	Metazoa	1009		0	False	3
Q94A41	Arabidopsis thaliana	Plants	887		0	False	3
Q96GC5	Homo sapiens	Metazoa	212		0	False	3
P56182	Homo sapiens	Metazoa	461		0	False	3
O14284	Schizosaccharomyces pombe (strain 972 / ATCC 24843)	Fungi	188		0	False	3
Q8N165	Homo sapiens	Metazoa	341		0	False	3
P11181	Bos taurus	Metazoa	482		0	False	3
P53155	Saccharomyces cerevisiae (strain ATCC 204508 / S288c)	Fungi	381		0	False	3
P03877	Saccharomyces cerevisiae (strain ATCC 204508 / S288c)	Fungi	415		0	True	3
Q5LJZ2	Drosophila melanogaster	Metazoa	1641		0	False	3
P86173	Rattus norvegicus	Metazoa	426		0	False	3
P42566	Homo sapiens	Metazoa	896		0	False	3
Q96CA5	Homo sapiens	Metazoa	298		0	False	3
Q96VH5	Saccharomyces cerevisiae (strain ATCC 204508 / S288c)	Fungi	97		0	True	3
Q9SLH3	Arabidopsis thaliana	Plants	587		0	False	3
Q9M879	Arabidopsis thaliana	Plants	396		0	False	3
P25270	Saccharomyces cerevisiae (strain ATCC 204508 / S288c)	Fungi	412		0	False	3
P11474	Homo sapiens	Metazoa	423		0	False	3
O13294	Candida tropicalis	Fungi	411		0	False	3
Q9NYD6	Homo sapiens	Metazoa	342		0	False	3
Q03694	Saccharomyces cerevisiae (strain ATCC 204508 / S288c)	Fungi	420		0	False	3
P34619	Caenorhabditis elegans	Metazoa	1000		0	False	3
Q1EHB4	Homo sapiens	Metazoa	618		0	True	3
Q5SZT7	Mus musculus	Metazoa	395		0	False	3
Q9U1N0	Chironomus tentans	Metazoa	535		0	False	3
Q06089	Saccharomyces cerevisiae (strain ATCC 204508 / S288c)	Fungi	161		0	True	3
Q9FKA7	Arabidopsis thaliana	Plants	617		0	False	3
P40424	Homo sapiens	Metazoa	430		0	False	3
P56382	Mus musculus	Metazoa	52		0	False	3
Q38SD2	Homo sapiens	Metazoa	2015		0	False	3
Q08236	Saccharomyces cerevisiae (strain ATCC 204508 / S288c)	Fungi	1176		0	False	3
Q9VM71	Drosophila melanogaster	Metazoa	908		0	False	3
Q9C5J3	Arabidopsis thaliana	Plants	946		0	False	3
Q80X41	Mus musculus	Metazoa	440		0	False	3
Q9SXP7	Arabidopsis thaliana	Plants	235		0	False	3
Q9NZL3	Homo sapiens	Metazoa	707		0	False	3
Q9JJ48	Mus musculus	Metazoa	305		0	False	3
P36639	Homo sapiens	Metazoa	156		0	False	3
Q9WUR2	Mus musculus	Metazoa	391		0	False	3
Q6PJF5	Homo sapiens	Metazoa	856		0	False	3
Q07955	Homo sapiens	Metazoa	248		0	False	3
Q08202	Saccharomyces cerevisiae (strain ATCC 204508 / S288c)	Fungi	246		0	False	3
Q9UBF6	Homo sapiens	Metazoa	113		0	False	3
Q95XA8	Caenorhabditis elegans	Metazoa	486		0	False	3
Q9DBA6	Mus musculus	Metazoa	568		0	False	3
P24389	Rattus norvegicus	Metazoa	257		0	True	3
Q8LPI7	Arabidopsis thaliana	Plants	414		0	False	3
P17302	Homo sapiens	Metazoa	382		0	True	3
Q96EU6	Homo sapiens	Metazoa	259		0	False	3
Q3MIT2	Homo sapiens	Metazoa	529		0	False	3
P27683	Spinacia oleracea	Plants	192		0	False	3
Q8WTT0	Homo sapiens	Metazoa	213		0	True	3
P50613	Homo sapiens	Metazoa	346		0	False	3
Q8N488	Homo sapiens	Metazoa	228		0	False	3
P38241	Saccharomyces cerevisiae (strain ATCC 204508 / S288c)	Fungi	364		0	False	3
P17014	Homo sapiens	Metazoa	697		0	False	3
Q6DVA0	Mus musculus	Metazoa	511		0	False	3
Q7S1Z3	Neurospora crassa (strain ATCC 24698 / 74-OR23-1A / CBS 708.71 / DSM 1257 / FGSC 987)	Fungi	368		0	False	3
P00079	Tetrahymena pyriformis	Other	109		0	False	3
O24456	Arabidopsis thaliana	Plants	327		0	False	3
P36069	Saccharomyces cerevisiae (strain ATCC 204508 / S288c)	Fungi	295		0	False	3
U4PAZ9	Caenorhabditis elegans	Metazoa	1112		0	False	3
O74824	Schizosaccharomyces pombe (strain 972 / ATCC 24843)	Fungi	308		0	False	3
Q9UQ84	Homo sapiens	Metazoa	846		0	False	3
Q96H96	Homo sapiens	Metazoa	371		0	True	3
Q69WS3	Oryza sativa subsp. japonica	Plants	256		0	False	3
A0A1C3NSL9	Caenorhabditis elegans	Metazoa	1644		0	False	3
G5ECD6	Caenorhabditis elegans	Metazoa	1322		0	True	3
F4KCE9	Arabidopsis thaliana	Plants	598		0	False	3
P70343	Mus musculus	Metazoa	373		0	False	3
Q6NL34	Drosophila melanogaster	Metazoa	543		0	False	3
P27198	Rhodomonas sp. (strain CS 24)	Other	177		0	False	3
O15527	Homo sapiens	Metazoa	345		0	False	3
Q5VZF2	Homo sapiens	Metazoa	373		0	False	3
Q09675	Schizosaccharomyces pombe (strain 972 / ATCC 24843)	Fungi	240		0	False	3
Q95216	Oryctolagus cuniculus	Metazoa	1005		0	False	3
Q8L999	Arabidopsis thaliana	Plants	342		0	False	3
Q8VEC4	Mus musculus	Metazoa	323		0	True	3
P61290	Mus musculus	Metazoa	254		0	False	3
P25379	Saccharomyces cerevisiae (strain ATCC 204508 / S288c)	Fungi	360		0	False	3
Q9Z2V6	Mus musculus	Metazoa	1113		0	False	3
P26350	Mus musculus	Metazoa	111		0	False	3
Q9N2L7	Caenorhabditis elegans	Metazoa	632		0	False	3
Q9FNC9	Arabidopsis thaliana	Plants	99		0	True	3
P70033	Xenopus laevis	Metazoa	435		0	False	3
P82913	Bos taurus	Metazoa	256		0	False	3
P34056	Mus musculus	Metazoa	437		0	False	3
P10803	Secale cereale	Plants	353		0	True	3
O81787	Arabidopsis thaliana	Plants	527		0	False	3
Q9FLP0	Arabidopsis thaliana	Plants	587		0	False	3
Q8CF89	Mus musculus	Metazoa	502		0	False	3
P00056	Zea mays	Plants	111		0	False	3
P19262	Saccharomyces cerevisiae (strain ATCC 204508 / S288c)	Fungi	463		0	False	3
Q9V3J8	Drosophila melanogaster	Metazoa	361		0	False	3
Q9UTT1	Schizosaccharomyces pombe (strain 972 / ATCC 24843)	Fungi	1129		0	False	3
Q63538	Rattus norvegicus	Metazoa	367		0	False	3
O43613	Homo sapiens	Metazoa	425		0	True	3
P26793	Saccharomyces cerevisiae (strain ATCC 204508 / S288c)	Fungi	382		0	False	3
Q9BQ70	Homo sapiens	Metazoa	676		0	False	3
P25642	Saccharomyces cerevisiae (strain ATCC 204508 / S288c)	Fungi	146		0	False	3
Q944A7	Arabidopsis thaliana	Plants	512		0	False	3
Q8TDW0	Homo sapiens	Metazoa	803		0	True	3
O60563	Homo sapiens	Metazoa	726		0	False	3
Q99JB2	Mus musculus	Metazoa	353		0	False	3
Q4WSF6	Aspergillus fumigatus (strain ATCC MYA-4609 / CBS 101355 / FGSC A1100 / Af293)	Fungi	366		0	False	3
Q12219	Saccharomyces cerevisiae (strain ATCC 204508 / S288c)	Fungi	294		0	False	3
Q9V463	Drosophila melanogaster	Metazoa	1365		0	False	3
P06704	Saccharomyces cerevisiae (strain ATCC 204508 / S288c)	Fungi	161		0	False	3
P18480	Saccharomyces cerevisiae (strain ATCC 204508 / S288c)	Fungi	905		0	False	3
O43070	Schizosaccharomyces pombe (strain 972 / ATCC 24843)	Fungi	613		0	False	3
P60324	Mus musculus	Metazoa	178		0	False	3
P30084	Homo sapiens	Metazoa	290		0	False	3
O89091	Mus musculus	Metazoa	479		0	False	3
Q92794	Homo sapiens	Metazoa	2004		0	False	3
P22732	Homo sapiens	Metazoa	501		0	True	3
Q21502	Caenorhabditis elegans	Metazoa	870		0	False	3
Q63803	Rattus norvegicus	Metazoa	1144		0	False	3
P38432	Homo sapiens	Metazoa	576		0	False	3
P51679	Homo sapiens	Metazoa	360		0	True	3
Q9WVM1	Mus musculus	Metazoa	628		0	False	3
Q8NI77	Homo sapiens	Metazoa	898		0	False	3
P41838	Schizosaccharomyces pombe (strain 972 / ATCC 24843)	Fungi	352		0	False	3
E9AGH7	Leishmania infantum	Other	365		0	False	3
Q9UHI5	Homo sapiens	Metazoa	535		0	True	3
Q91WU2	Mus musculus	Metazoa	540		0	True	3
O88708	Mus musculus	Metazoa	433		0	False	3
Q13563	Homo sapiens	Metazoa	968		0	False	3
Q56XE8	Arabidopsis thaliana	Plants	502		0	True	3
Q8C8C1	Mus musculus	Metazoa	263		0	False	3
O43068	Schizosaccharomyces pombe (strain 972 / ATCC 24843)	Fungi	421		0	False	3
Q96HE9	Homo sapiens	Metazoa	360		0	False	3
O61967	Caenorhabditis elegans	Metazoa	699		0	False	3
Q6DYE4	Arabidopsis thaliana	Plants	455		0	False	3
P11020	Scyliorhinus canicula	Metazoa	80		0	False	3
Q9EPB5	Mus musculus	Metazoa	311		0	False	3
P97478	Mus musculus	Metazoa	217		0	False	3
Q9CQT2	Mus musculus	Metazoa	265		0	False	3
Q14289	Homo sapiens	Metazoa	1009		0	False	3
P25858	Arabidopsis thaliana	Plants	338		0	False	3
P36381	Gallus gallus	Metazoa	400		0	True	3
P38890	Saccharomyces cerevisiae (strain ATCC 204508 / S288c)	Fungi	526		0	False	3
Q8WV41	Homo sapiens	Metazoa	574		0	False	3
P31483	Homo sapiens	Metazoa	386		0	False	3
Q8BGY7	Mus musculus	Metazoa	273		0	False	3
P16591	Homo sapiens	Metazoa	822		0	False	3
Q92730	Homo sapiens	Metazoa	232		0	False	3
P62129	Nicotiana tabacum	Plants	123		0	False	3
Q9SG79	Arabidopsis thaliana	Plants	455		0	False	3
O60008	Paracoccidioides lutzii (strain ATCC MYA-826 / Pb01)	Fungi	592		0	False	3
O95997	Homo sapiens	Metazoa	202		0	False	3
Q9WU00	Mus musculus	Metazoa	503		0	False	3
Q9SJZ6	Arabidopsis thaliana	Plants	219		0	False	3
P82245	Spinacia oleracea	Plants	148		0	False	3
P42677	Homo sapiens	Metazoa	84		0	False	3
Q61083	Mus musculus	Metazoa	619		0	False	3
Q2PFD7	Mus musculus	Metazoa	1037		0	False	3
P20789	Rattus norvegicus	Metazoa	424		0	True	3
O08816	Rattus norvegicus	Metazoa	501		0	False	3
Q96GD4	Homo sapiens	Metazoa	344		0	False	3
Q9R1X5	Mus musculus	Metazoa	1436		0	False	3
Q13188	Homo sapiens	Metazoa	491		0	False	3
Q7TS55	Mus musculus	Metazoa	173		0	True	3
Q9LF68	Arabidopsis thaliana	Plants	177		0	False	3
Q95PZ0	Caenorhabditis elegans	Metazoa	426		0	False	3
Q03532	Saccharomyces cerevisiae (strain ATCC 204508 / S288c)	Fungi	505		0	False	3
A7M7C7	Mus musculus	Metazoa	1008		0	False	3
P30560	Rattus norvegicus	Metazoa	424		0	True	3
P51636	Homo sapiens	Metazoa	162		0	False	3
Q78YY6	Mus musculus	Metazoa	149		0	True	3
P43589	Saccharomyces cerevisiae (strain ATCC 204508 / S288c)	Fungi	448		0	False	3
P37091	Rattus norvegicus	Metazoa	650		0	True	3
Q9VKY1	Drosophila melanogaster	Metazoa	268		0	False	3
P32617	Saccharomyces cerevisiae (strain ATCC 204508 / S288c)	Fungi	166		0	False	3
Q99594	Homo sapiens	Metazoa	435		0	False	3
Q8K0U4	Mus musculus	Metazoa	675		0	False	3
Q7YU29	Drosophila melanogaster	Metazoa	1051		0	False	3
Q96QC0	Homo sapiens	Metazoa	940		0	False	3
P52912	Mus musculus	Metazoa	386		0	False	3
O15169	Homo sapiens	Metazoa	862		0	False	3
O80386	Arabidopsis thaliana	Plants	1058		0	False	3
Q8GZA8	Arabidopsis thaliana	Plants	237		0	False	3
Q86UD5	Homo sapiens	Metazoa	537		0	True	3
Q92597	Homo sapiens	Metazoa	394		0	False	3
P15531	Homo sapiens	Metazoa	152		0	False	3
P70399	Mus musculus	Metazoa	1969		0	False	3
Q9UMQ3	Homo sapiens	Metazoa	279		0	False	3
Q70CQ3	Homo sapiens	Metazoa	517		0	True	3
P19643	Rattus norvegicus	Metazoa	520		0	False	3
Q9ER34	Rattus norvegicus	Metazoa	780		0	False	3
P46099	Mus musculus	Metazoa	358		0	False	3
Q9BQS6	Homo sapiens	Metazoa	159		0	False	3
Q8NCU7	Homo sapiens	Metazoa	369		0	False	3
P30429	Caenorhabditis elegans	Metazoa	549		0	False	3
P13587	Saccharomyces cerevisiae (strain ATCC 204508 / S288c)	Fungi	1091		0	True	3
P93313	Arabidopsis thaliana	Plants	495		0	True	3
O43561	Homo sapiens	Metazoa	262		0	True	3
Q04477	Saccharomyces cerevisiae (strain ATCC 204508 / S288c)	Fungi	213		0	False	3
Q96RN5	Homo sapiens	Metazoa	788		0	False	3
A6NHX0	Homo sapiens	Metazoa	329		0	False	3
Q921N8	Mus musculus	Metazoa	327		0	False	3
P93047	Arabidopsis thaliana	Plants	141		0	False	3
Q9SH14	Arabidopsis thaliana	Plants	120		0	False	3
P93758	Arabidopsis thaliana	Plants	274		0	False	3
P11505	Rattus norvegicus	Metazoa	1220		0	False	3
O44411	Caenorhabditis elegans	Metazoa	681		0	False	3
Q8LAP6	Arabidopsis thaliana	Plants	409		0	False	3
Q6RFZ7	Rattus norvegicus	Metazoa	1039		0	False	3
Q8K0H1	Mus musculus	Metazoa	567		0	True	3
O24164	Nicotiana tabacum	Plants	504		0	False	3
P56385	Homo sapiens	Metazoa	69		0	False	3
P10109	Homo sapiens	Metazoa	184		0	False	3
Q9FXA8	Arabidopsis thaliana	Plants	616		0	False	3
Q61532	Mus musculus	Metazoa	720		0	False	3
Q920Q0	Rattus norvegicus	Metazoa	383		0	False	3
Q9Y6K9	Homo sapiens	Metazoa	419		0	False	3
P12305	Tetrahymena pyriformis	Other	165		0	False	3
E5RP65	Humulus lupulus	Plants	411		0	False	3
Q584D1	Trypanosoma brucei brucei (strain 927/4 GUTat10.1)	Other	639		0	False	3
O97593	Bos taurus	Metazoa	1233		0	False	3
Q3UHA3	Mus musculus	Metazoa	2430		0	False	3
Q9BUB5	Homo sapiens	Metazoa	465		0	False	3
P32796	Saccharomyces cerevisiae (strain ATCC 204508 / S288c)	Fungi	670		0	False	3
P28340	Homo sapiens	Metazoa	1107		0	False	3
Q92317	Saccharomyces cerevisiae (strain ATCC 204508 / S288c)	Fungi	146		0	False	3
Q9DCX2	Mus musculus	Metazoa	161		0	False	3
O94519	Schizosaccharomyces pombe (strain 972 / ATCC 24843)	Fungi	311		0	False	3
A2YH60	Oryza sativa subsp. indica	Plants	419		0	False	3
Q93Z17	Arabidopsis thaliana	Plants	173		0	False	3
A0A7G5KLV3	Cananga odorata	Plants	586		0	False	3
Q9Y709	Schizosaccharomyces pombe (strain 972 / ATCC 24843)	Fungi	161		0	False	3
P02730	Homo sapiens	Metazoa	911		0	False	3
Q9DC28	Mus musculus	Metazoa	415		0	False	3
Q14526	Homo sapiens	Metazoa	733		0	False	3
Q9SNB8	Arabidopsis thaliana	Plants	583		0	False	3
P46777	Homo sapiens	Metazoa	297		0	False	3
Q9H2W2	Homo sapiens	Metazoa	232		0	False	3
O60671	Homo sapiens	Metazoa	282		0	False	3
Q2TA37	Bos taurus	Metazoa	184		0	False	3
Q94CK3	Arabidopsis thaliana	Plants	167		0	False	3
Q6P1X5	Homo sapiens	Metazoa	1199		0	False	3
Q9FE22	Arabidopsis thaliana	Plants	292		0	False	3
P07663	Drosophila melanogaster	Metazoa	1224		0	False	3
Q96LW4	Homo sapiens	Metazoa	560		0	False	3
Q8NFU5	Homo sapiens	Metazoa	416		0	False	3
Q9FFH3	Arabidopsis thaliana	Plants	466		0	False	3
Q9ZU51	Arabidopsis thaliana	Plants	147		0	False	3
P0C7T6	Mus musculus	Metazoa	687		0	False	3
Q8IW19	Homo sapiens	Metazoa	511		0	False	3
Q6PI98	Homo sapiens	Metazoa	192		0	False	3
P93831	Arabidopsis thaliana	Plants	902		0	False	3
P82352	Oryctolagus cuniculus	Metazoa	238		0	True	3
O74778	Schizosaccharomyces pombe (strain 972 / ATCC 24843)	Fungi	284		0	False	3
E9P974	Saccharomyces cerevisiae	Fungi	234		0	False	3
Q8RY16	Arabidopsis thaliana	Plants	941		0	False	3
O54693	Mus musculus	Metazoa	391		0	True	3
O23342	Arabidopsis thaliana	Plants	177		0	False	3
P24642	Bufo japonicus	Metazoa	40		0	False	3
O13998	Schizosaccharomyces pombe (strain 972 / ATCC 24843)	Fungi	392		0	False	3
P32790	Saccharomyces cerevisiae (strain ATCC 204508 / S288c)	Fungi	1244		0	False	3
P87176	Schizosaccharomyces pombe (strain 972 / ATCC 24843)	Fungi	269		0	False	3
Q8VZS0	Arabidopsis thaliana	Plants	321		0	True	3
Q9DBR0	Mus musculus	Metazoa	687		0	False	3
P37272	Capsicum annuum	Plants	419		0	False	3
Q09357	Caenorhabditis elegans	Metazoa	479		0	False	3
Q96IU4	Homo sapiens	Metazoa	210		0	False	3
Q96EQ9	Mus musculus	Metazoa	843		0	False	3
Q8N3J3	Homo sapiens	Metazoa	647		0	False	3
Q00422	Mus musculus	Metazoa	454		0	False	3
Q9NPC7	Homo sapiens	Metazoa	610		0	False	3
Q9UUD1	Schizosaccharomyces pombe (strain 972 / ATCC 24843)	Fungi	900		0	False	3
Q86WV5	Homo sapiens	Metazoa	123		0	False	3
Q05027	Saccharomyces cerevisiae (strain ATCC 204508 / S288c)	Fungi	157		0	False	3
Q8C854	Mus musculus	Metazoa	591		0	False	3
Q41188	Arabidopsis thaliana	Plants	203		0	False	3
Q8CC21	Mus musculus	Metazoa	365		0	False	3
Q61074	Mus musculus	Metazoa	542		0	False	3
Q9FML2	Arabidopsis thaliana	Plants	471		0	False	3
P15619	Drosophila melanogaster	Metazoa	869		0	False	3
Q9JMH7	Mus musculus	Metazoa	418		0	False	3
Q9UKG1	Homo sapiens	Metazoa	709		0	False	3
P09932	Saccharomyces cerevisiae (strain ATCC 204508 / S288c)	Fungi	586		0	False	3
Q06266	Saccharomyces cerevisiae (strain ATCC 204508 / S288c)	Fungi	489		0	False	3
Q9FLT2	Arabidopsis thaliana	Plants	300		0	False	3
Q5T4T1	Homo sapiens	Metazoa	132		0	True	3
Q12308	Saccharomyces cerevisiae (strain ATCC 204508 / S288c)	Fungi	588		0	False	3
O13816	Schizosaccharomyces pombe (strain 972 / ATCC 24843)	Fungi	962		0	False	3
O45797	Caenorhabditis elegans	Metazoa	908		0	False	3
P19736	Saccharomyces cerevisiae (strain ATCC 204508 / S288c)	Fungi	530		0	False	3
Q8C8R3	Mus musculus	Metazoa	3898		0	False	3
F7VNF8	Sordaria macrospora (strain ATCC MYA-333 / DSM 997 / K(L3346) / K-hell)	Fungi	909		0	False	3
Q8LGI2	Arabidopsis thaliana	Plants	454		0	False	3
A0A3B3IS91	Homo sapiens	Metazoa	260		0	False	3
Q9Y232	Homo sapiens	Metazoa	598		0	False	3
P32115	Mus musculus	Metazoa	349		0	False	3
Q7L0Y3	Homo sapiens	Metazoa	403		0	False	3
Q9VWE6	Drosophila melanogaster	Metazoa	2111		0	False	3
P07703	Saccharomyces cerevisiae (strain ATCC 204508 / S288c)	Fungi	335		0	False	3
P49721	Homo sapiens	Metazoa	201		0	False	3
A6HD62	Rattus norvegicus	Metazoa	304		0	False	3
Q8VXV7	Arabidopsis thaliana	Plants	844		0	False	3
Q10163	Schizosaccharomyces pombe (strain 972 / ATCC 24843)	Fungi	147		0	False	3
Q9LWB5	Spinacia oleracea	Plants	198		0	False	3
Q94AU9	Arabidopsis thaliana	Plants	174		0	False	3
Q9SL95	Arabidopsis thaliana	Plants	456		0	True	3
P08172	Homo sapiens	Metazoa	466		0	True	3
Q9M812	Arabidopsis thaliana	Plants	156		0	True	3
Q8NGU9	Homo sapiens	Metazoa	434		0	True	3
Q5DT37	Rattus norvegicus	Metazoa	247		0	True	3
P42730	Arabidopsis thaliana	Plants	911		0	False	3
O70405	Mus musculus	Metazoa	1051		0	False	3
O13935	Schizosaccharomyces pombe (strain 972 / ATCC 24843)	Fungi	685		0	False	3
Q95Y80	Caenorhabditis elegans	Metazoa	853		0	False	3
Q8K2X8	Mus musculus	Metazoa	71		0	False	3
P56558	Rattus norvegicus	Metazoa	1036		0	False	3
Q9PSW9	Gallus gallus	Metazoa	126		0	False	3
P49683	Homo sapiens	Metazoa	370		0	True	3
O09106	Mus musculus	Metazoa	482		0	False	3
Q09747	Schizosaccharomyces pombe (strain 972 / ATCC 24843)	Fungi	503		0	False	3
P05755	Saccharomyces cerevisiae (strain ATCC 204508 / S288c)	Fungi	195		0	False	3
P22139	Saccharomyces cerevisiae (strain ATCC 204508 / S288c)	Fungi	70		0	False	3
P41229	Homo sapiens	Metazoa	1560		0	False	3
Q7L2E3	Homo sapiens	Metazoa	1194		0	False	3
P16276	Sus scrofa	Metazoa	781		0	False	3
Q9Z218	Mus musculus	Metazoa	804		0	True	3
Q9BW27	Homo sapiens	Metazoa	656		0	False	3
Q03713	Saccharomyces cerevisiae (strain ATCC 204508 / S288c)	Fungi	159		0	True	3
Q85FY6	Cyanidioschyzon merolae (strain NIES-3377 / 10D)	Other	732		0	True	3
Q96S44	Homo sapiens	Metazoa	253		0	False	3
Q9Y3B7	Homo sapiens	Metazoa	192		0	False	3
Q9Y605	Homo sapiens	Metazoa	127		0	False	3
Q60EN8	Oryza sativa subsp. japonica	Plants	151		0	True	3
Q5ANA3	Candida albicans (strain SC5314 / ATCC MYA-2876)	Fungi	1501		0	False	3
Q53TN4	Homo sapiens	Metazoa	286		0	True	3
F4I9G2	Arabidopsis thaliana	Plants	426		0	False	3
O48721	Arabidopsis thaliana	Plants	321		0	False	3
Q9UPV9	Homo sapiens	Metazoa	953		0	False	3
Q9SCY3	Arabidopsis thaliana	Plants	217		0	False	3
Q9Y3Y2	Homo sapiens	Metazoa	248		0	False	3
Q9NTJ3	Homo sapiens	Metazoa	1288		0	False	3
P46094	Homo sapiens	Metazoa	333		0	True	3
Q9UUA2	Schizosaccharomyces pombe (strain 972 / ATCC 24843)	Fungi	805		0	False	3
A9D2P7	Caenorhabditis elegans	Metazoa	672		0	False	3
Q9N4A7	Caenorhabditis elegans	Metazoa	313		0	False	3
P39678	Saccharomyces cerevisiae (strain ATCC 204508 / S288c)	Fungi	833		0	False	3
O76099	Homo sapiens	Metazoa	320		0	True	3
P00287	Phaseolus vulgaris	Plants	99		0	False	3
P38283	Saccharomyces cerevisiae (strain ATCC 204508 / S288c)	Fungi	698		0	False	3
Q9ERA6	Mus musculus	Metazoa	838		0	False	3
Q9LR30	Arabidopsis thaliana	Plants	481		0	False	3
A2AP18	Mus musculus	Metazoa	1501		0	False	3
Q587E3	Trypanosoma brucei brucei (strain 927/4 GUTat10.1)	Other	735		0	False	3
P43596	Saccharomyces cerevisiae (strain ATCC 204508 / S288c)	Fungi	787		0	False	3
P14232	Nicotiana tabacum	Plants	359		0	False	3
Q9W252	Drosophila melanogaster	Metazoa	1318		0	False	3
Q96E93	Homo sapiens	Metazoa	195		0	True	3
Q9SB92	Arabidopsis thaliana	Plants	292		0	False	3
P05783	Homo sapiens	Metazoa	430		0	False	3
O15245	Homo sapiens	Metazoa	554		0	True	3
Q8TC90	Homo sapiens	Metazoa	406		0	False	3
Q6K271	Oryza sativa subsp. japonica	Plants	738		0	False	3
Q8CJ27	Mus musculus	Metazoa	3122		0	False	3
Q13889	Homo sapiens	Metazoa	308		0	False	3
G4LTX4	Castanea sativa	Plants	375		0	False	3
P42676	Rattus norvegicus	Metazoa	704		0	False	3
Q12389	Saccharomyces cerevisiae (strain ATCC 204508 / S288c)	Fungi	995		0	False	3
Q86Y26	Homo sapiens	Metazoa	1132		0	False	3
Q3ZBF9	Bos taurus	Metazoa	296		0	False	3
Q9UT49	Schizosaccharomyces pombe (strain 972 / ATCC 24843)	Fungi	578		0	False	3
B2D6M2	Caenorhabditis elegans	Metazoa	612		0	False	3
Q3YBR2	Homo sapiens	Metazoa	411		0	False	3
O74329	Schizosaccharomyces pombe (strain 972 / ATCC 24843)	Fungi	56		0	False	3
Q16762	Homo sapiens	Metazoa	297		0	False	3
Q9Y6L6	Homo sapiens	Metazoa	691		0	True	3
Q3U5Q7	Mus musculus	Metazoa	447		0	False	3
Q12305	Saccharomyces cerevisiae (strain ATCC 204508 / S288c)	Fungi	139		0	False	3
P61841	Arabidopsis thaliana	Plants	155		0	False	3
O15534	Homo sapiens	Metazoa	1290		0	False	3
Q09690	Schizosaccharomyces pombe (strain 972 / ATCC 24843)	Fungi	1087		0	False	3
O59676	Schizosaccharomyces pombe (strain 972 / ATCC 24843)	Fungi	359		0	False	3
Q15139	Homo sapiens	Metazoa	912		0	False	3
Q4VC33	Mus musculus	Metazoa	396		0	False	3
P15314	Mus musculus	Metazoa	329		0	False	3
Q8BGV5	Mus musculus	Metazoa	572		0	False	3
Q99PD6	Rattus norvegicus	Metazoa	461		0	False	3
Q9EQR2	Rattus norvegicus	Metazoa	644		0	False	3
Q61313	Mus musculus	Metazoa	459		0	False	3
P16888	Strongylocentrotus purpuratus	Metazoa	123		0	False	3
P38169	Saccharomyces cerevisiae (strain ATCC 204508 / S288c)	Fungi	460		0	False	3
P82933	Homo sapiens	Metazoa	396		0	False	3
Q9FNZ4	Arabidopsis thaliana	Plants	112		0	False	3
P15388	Mus musculus	Metazoa	511		0	False	3
Q9LVH4	Arabidopsis thaliana	Plants	177		0	False	3
Q3TZX8	Mus musculus	Metazoa	714		0	False	3
P82649	Bos taurus	Metazoa	359		0	False	3
Q0IIM8	Homo sapiens	Metazoa	1120		0	False	3
Q99848	Homo sapiens	Metazoa	306		0	False	3
Q7K4Y6	Drosophila melanogaster	Metazoa	631		0	True	3
P02489	Homo sapiens	Metazoa	173		0	False	3
Q9FKS0	Arabidopsis thaliana	Plants	486		0	False	3
Q9BSC4	Homo sapiens	Metazoa	688		0	False	3
Q9D011	Mus musculus	Metazoa	178		0	False	3
O74905	Schizosaccharomyces pombe (strain 972 / ATCC 24843)	Fungi	189		0	False	3
O75354	Homo sapiens	Metazoa	484		0	True	3
O74399	Schizosaccharomyces pombe (strain 972 / ATCC 24843)	Fungi	740		0	False	3
Q9NZN9	Homo sapiens	Metazoa	384		0	False	3
Q9SWW6	Arabidopsis thaliana	Plants	1026		0	False	3
Q6P2E9	Homo sapiens	Metazoa	1401		0	False	3
O60678	Homo sapiens	Metazoa	531		0	False	3
M0R7Z9	Rattus norvegicus	Metazoa	475		0	False	3
Q10M74	Oryza sativa subsp. japonica	Plants	285		0	False	3
O60346	Homo sapiens	Metazoa	1717		0	False	3
O23365	Arabidopsis thaliana	Plants	580		0	False	3
Q69YN4	Homo sapiens	Metazoa	1812		0	False	3
P70279	Mus musculus	Metazoa	355		0	False	3
F4IMQ0	Arabidopsis thaliana	Plants	288		0	False	3
P48995	Homo sapiens	Metazoa	793		0	False	3
Q9SIY3	Arabidopsis thaliana	Plants	210		0	False	3
Q9LN09	Arabidopsis thaliana	Plants	206		0	False	3
P09956	Drosophila melanogaster	Metazoa	575		0	False	3
O95471	Homo sapiens	Metazoa	211		0	True	3
Q9GYU8	Drosophila melanogaster	Metazoa	702		0	False	3
P38907	Saccharomyces cerevisiae (strain ATCC 204508 / S288c)	Fungi	458		0	False	3
O14329	Schizosaccharomyces pombe (strain 972 / ATCC 24843)	Fungi	386		0	False	3
G1X9E2	Arthrobotrys oligospora (strain ATCC 24927 / CBS 115.81 / DSM 1491)	Fungi	406		0	True	3
Q0J954	Oryza sativa subsp. japonica	Plants	492		0	False	3
Q8VZA0	Arabidopsis thaliana	Plants	936		0	False	3
P48526	Saccharomyces cerevisiae (strain ATCC 204508 / S288c)	Fungi	1002		0	False	3
P53958	Saccharomyces cerevisiae (strain ATCC 204508 / S288c)	Fungi	396		0	False	3
Q3MHJ5	Bos taurus	Metazoa	138		0	False	3
Q96GM8	Homo sapiens	Metazoa	510		0	False	3
Q6NXG1	Homo sapiens	Metazoa	681		0	False	3
P14618	Homo sapiens	Metazoa	531		0	False	3
Q03565	Caenorhabditis elegans	Metazoa	89		0	False	3
Q0DFC9	Oryza sativa subsp. japonica	Plants	154		0	False	3
Q9P7N4	Schizosaccharomyces pombe (strain 972 / ATCC 24843)	Fungi	315		0	False	3
O81016	Arabidopsis thaliana	Plants	1420		0	False	3
Q9SG02	Arabidopsis thaliana	Plants	1196		0	False	3
Q00444	Homo sapiens	Metazoa	222		0	False	3
Q03265	Mus musculus	Metazoa	553		0	False	3
Q9WTJ4	Mus musculus	Metazoa	500		0	False	3
O15205	Homo sapiens	Metazoa	165		0	False	3
P39677	Saccharomyces cerevisiae (strain ATCC 204508 / S288c)	Fungi	819		0	False	3
P40498	Saccharomyces cerevisiae (strain ATCC 204508 / S288c)	Fungi	721		0	False	3
Q9Z2D0	Mus musculus	Metazoa	545		0	False	3
Q14587	Homo sapiens	Metazoa	947		0	False	3
Q09750	Schizosaccharomyces pombe (strain 972 / ATCC 24843)	Fungi	1522		0	False	3
P06454	Homo sapiens	Metazoa	111		0	False	3
P0DW81	Homo sapiens	Metazoa	44		0	False	3
Q9FYC2	Arabidopsis thaliana	Plants	537		0	False	3
O88873	Rattus norvegicus	Metazoa	529		0	False	3
P70338	Mus musculus	Metazoa	423		0	False	3
P06104	Saccharomyces cerevisiae (strain ATCC 204508 / S288c)	Fungi	172		0	False	3
P40566	Saccharomyces cerevisiae (strain ATCC 204508 / S288c)	Fungi	764		0	False	3
Q9CWV6	Mus musculus	Metazoa	186		0	False	3
Q94AU7	Arabidopsis thaliana	Plants	258		0	False	3
Q1ZXQ0	Dictyostelium discoideum	Other	1019		0	False	3
P49281	Homo sapiens	Metazoa	568		0	True	3
P22666	Chlamydomonas reinhardtii	Plants	88		0	True	3
Q9UNP9	Homo sapiens	Metazoa	301		0	False	3
F4IED2	Arabidopsis thaliana	Plants	528		0	False	3
Q15464	Homo sapiens	Metazoa	509		0	False	3
P31385	Saccharomyces cerevisiae (strain ATCC 204508 / S288c)	Fungi	405		0	False	3
P00427	Saccharomyces cerevisiae (strain ATCC 204508 / S288c)	Fungi	148		0	False	3
Q8L7U4	Arabidopsis thaliana	Plants	241		0	False	3
G5EEM0	Caenorhabditis elegans	Metazoa	418		0	False	3
Q92800	Homo sapiens	Metazoa	747		0	False	3
O35160	Mus musculus	Metazoa	302		0	False	3
Q9NZA1	Homo sapiens	Metazoa	410		0	False	3
P32473	Saccharomyces cerevisiae (strain ATCC 204508 / S288c)	Fungi	366		0	False	3
Q948R9	Arabidopsis thaliana	Plants	314		0	False	3
P00037	Samia cynthia	Metazoa	108		0	False	3
P42658	Homo sapiens	Metazoa	865		0	False	3
Q9H0E3	Homo sapiens	Metazoa	1048		0	False	3
Q9WV38	Mus musculus	Metazoa	501		0	True	3
Q94535	Drosophila melanogaster	Metazoa	264		0	False	3
A1YKT1	Arabidopsis thaliana	Plants	433		0	False	3
Q15415	Homo sapiens	Metazoa	496		0	False	3
Q62433	Mus musculus	Metazoa	394		0	False	3
Q38931	Arabidopsis thaliana	Plants	551		0	False	3
Q9BT17	Homo sapiens	Metazoa	334		0	False	3
Q9CYF5	Mus musculus	Metazoa	461		0	False	3
Q4ZGE1	Schizosaccharomyces pombe (strain 972 / ATCC 24843)	Fungi	61		0	True	3
P28005	Saccharomyces cerevisiae (strain ATCC 204508 / S288c)	Fungi	173		0	False	3
P41338	Saccharomyces cerevisiae (strain ATCC 204508 / S288c)	Fungi	398		0	False	3
P07806	Saccharomyces cerevisiae (strain ATCC 204508 / S288c)	Fungi	1104		0	False	3
Q5T2R2	Homo sapiens	Metazoa	415		0	False	3
P23198	Mus musculus	Metazoa	183		0	False	3
Q9SAR1	Oryza sativa subsp. japonica	Plants	248		0	False	3
Q91XC0	Mus musculus	Metazoa	547		0	False	3
Q9D992	Mus musculus	Metazoa	256		0	False	3
Q92878	Homo sapiens	Metazoa	1312		0	False	3
P10664	Saccharomyces cerevisiae (strain ATCC 204508 / S288c)	Fungi	362		0	False	3
P82190	Spinacia oleracea	Plants	194		0	False	3
P19657	Saccharomyces cerevisiae (strain ATCC 204508 / S288c)	Fungi	947		0	False	3
Q1LX78	Danio rerio	Metazoa	1485		0	True	3
Q9HFR0	Schizosaccharomyces pombe (strain 972 / ATCC 24843)	Fungi	437		0	False	3
Q08058	Saccharomyces cerevisiae (strain ATCC 204508 / S288c)	Fungi	207		0	False	3
O08583	Mus musculus	Metazoa	255		0	False	3
Q9U308	Caenorhabditis elegans	Metazoa	1254		0	False	3
P62320	Mus musculus	Metazoa	126		0	False	3
Q9HAI6	Homo sapiens	Metazoa	301		0	False	3
P55060	Homo sapiens	Metazoa	971		0	False	3
O13298	Schizosaccharomyces pombe (strain 972 / ATCC 24843)	Fungi	434		0	False	3
Q5HYI7	Homo sapiens	Metazoa	312		0	False	3
P40554	Saccharomyces cerevisiae (strain ATCC 204508 / S288c)	Fungi	99		0	False	3
V5IMN1	Neurospora crassa (strain ATCC 24698 / 74-OR23-1A / CBS 708.71 / DSM 1257 / FGSC 987)	Fungi	325		0	False	3
Q9H9E3	Homo sapiens	Metazoa	785		0	False	3
Q5TGZ0	Homo sapiens	Metazoa	78		0	True	3
Q3URQ0	Mus musculus	Metazoa	928		0	False	3
Q6DGH9	Danio rerio	Metazoa	315		0	False	3
Q23794	Chironomus tentans	Metazoa	99		0	False	3
P38626	Saccharomyces cerevisiae (strain ATCC 204508 / S288c)	Fungi	284		0	True	3
Q14678	Homo sapiens	Metazoa	1352		0	False	3
Q64GA5	Mus musculus	Metazoa	597		0	False	3
Q86Y01	Homo sapiens	Metazoa	620		0	False	3
P15512	Tetrahymena pyriformis	Other	136		0	False	3
C8VTV4	Emericella nidulans (strain FGSC A4 / ATCC 38163 / CBS 112.46 / NRRL 194 / M139)	Fungi	573		0	False	3
Q96MI9	Homo sapiens	Metazoa	1112		0	False	3
Q9Y6X0	Homo sapiens	Metazoa	1596		0	False	3
Q99JI1	Mus musculus	Metazoa	82		0	False	3
P0C2B8	Bos taurus	Metazoa	126		0	False	3
Q06512	Saccharomyces cerevisiae (strain ATCC 204508 / S288c)	Fungi	552		0	False	3
A0A2I0BUK1	Plasmodium falciparum (isolate NF54)	Other	893		0	False	3
Q17963	Caenorhabditis elegans	Metazoa	376		0	False	3
Q6RFH8	Homo sapiens	Metazoa	374		0	False	3
P47148	Saccharomyces cerevisiae (strain ATCC 204508 / S288c)	Fungi	283		0	False	3
Q9VW27	Drosophila melanogaster	Metazoa	717		0	False	3
O14966	Homo sapiens	Metazoa	203		0	False	3
P23706	Antirrhinum majus	Plants	227		0	False	3
Q9M1I7	Arabidopsis thaliana	Plants	467		0	False	3
P36013	Saccharomyces cerevisiae (strain ATCC 204508 / S288c)	Fungi	669		0	False	3
Q9NTW7	Homo sapiens	Metazoa	645		0	False	3
Q9TZC4	Caenorhabditis elegans	Metazoa	466		0	False	3
P15863	Homo sapiens	Metazoa	534		0	False	3
O22265	Arabidopsis thaliana	Plants	373		0	False	3
Q0WVX5	Arabidopsis thaliana	Plants	1040		0	False	3
P31649	Mus musculus	Metazoa	602		0	True	3
Q9LK76	Arabidopsis thaliana	Plants	389		0	False	3
P17540	Homo sapiens	Metazoa	419		0	False	3
Q923A2	Mus musculus	Metazoa	608		0	False	3
Q8GUM2	Arabidopsis thaliana	Plants	682		0	False	3
J9VT33	Cryptococcus neoformans var. grubii serotype A (strain H99 / ATCC 208821 / CBS 10515 / FGSC 9487)	Fungi	1048		0	False	3
P21440	Mus musculus	Metazoa	1276		0	True	3
Q8AYS7	Gallus gallus	Metazoa	753		0	False	3
Q8MIR0	Sus scrofa	Metazoa	373		0	False	3
Q9ES70	Mus musculus	Metazoa	313		0	False	3
E9Q3G8	Mus musculus	Metazoa	1462		0	False	3
Q9SW18	Arabidopsis thaliana	Plants	312		0	False	3
Q9SZC9	Arabidopsis thaliana	Plants	949		0	False	3
Q96K58	Homo sapiens	Metazoa	619		0	False	3
P19532	Homo sapiens	Metazoa	575		0	False	3
Q10210	Schizosaccharomyces pombe (strain 972 / ATCC 24843)	Fungi	391		0	False	3
A0A7G5KET3	Aspergillus flavus (strain ATCC 200026 / FGSC A1120 / IAM 13836 / NRRL 3357 / JCM 12722 / SRRC 167)	Fungi	417		0	False	3
P27124	Oryctolagus cuniculus	Metazoa	458		0	False	3
Q09428	Homo sapiens	Metazoa	1581		0	True	3
P51398	Homo sapiens	Metazoa	398		0	False	3
Q86TX2	Homo sapiens	Metazoa	421		0	False	3
Q7XJJ7	Arabidopsis thaliana	Plants	607		0	False	3
O49447	Arabidopsis thaliana	Plants	379		0	True	3
P17070	Oryza sativa subsp. japonica	Plants	263		0	False	3
P67999	Rattus norvegicus	Metazoa	525		0	False	3
Q8CJ78	Mus musculus	Metazoa	1038		0	False	3
Q9BVJ7	Homo sapiens	Metazoa	150		0	False	3
Q9JHR9	Mus musculus	Metazoa	270		0	False	3
P38827	Saccharomyces cerevisiae (strain ATCC 204508 / S288c)	Fungi	1080		0	False	3
O14311	Schizosaccharomyces pombe (strain 972 / ATCC 24843)	Fungi	307		0	False	3
Q8WYA6	Homo sapiens	Metazoa	563		0	False	3
Q7M3M8	Drosophila melanogaster	Metazoa	793		0	False	3
P33751	Saccharomyces cerevisiae (strain ATCC 204508 / S288c)	Fungi	242		0	False	3
Q8W4J9	Arabidopsis thaliana	Plants	908		0	False	3
Q811A2	Rattus norvegicus	Metazoa	172		0	True	3
P53877	Saccharomyces cerevisiae (strain ATCC 204508 / S288c)	Fungi	555		0	False	3
Q9HB89	Homo sapiens	Metazoa	426		0	True	3
Q5U249	Xenopus laevis	Metazoa	2408		0	False	3
P49919	Mus musculus	Metazoa	348		0	False	3
P24350	Drosophila melanogaster	Metazoa	396		0	False	3
Q6PDM1	Mus musculus	Metazoa	616		0	False	3
Q12300	Saccharomyces cerevisiae (strain ATCC 204508 / S288c)	Fungi	763		0	False	3
Q9UGR2	Homo sapiens	Metazoa	977		0	False	3
Q15543	Homo sapiens	Metazoa	124		0	False	3
Q9UGP4	Homo sapiens	Metazoa	676		0	False	3
P51692	Homo sapiens	Metazoa	787		0	False	3
Q1G3K8	Arabidopsis thaliana	Plants	216		0	False	3
Q12467	Saccharomyces cerevisiae (strain ATCC 204508 / S288c)	Fungi	430		0	False	3
Q7YZH1	Drosophila melanogaster	Metazoa	3241		0	False	3
P35476	Nicotiana tabacum	Plants	99		0	False	3
A6NK58	Homo sapiens	Metazoa	231		0	False	3
G5EEQ5	Caenorhabditis elegans	Metazoa	367		0	False	3
F4KFT7	Arabidopsis thaliana	Plants	617		0	False	3
Q7M753	Mus musculus	Metazoa	456		0	False	3
P08433	Scyliorhinus canicula	Metazoa	51		0	False	3
O75151	Homo sapiens	Metazoa	1096		0	False	3
P56880	Homo sapiens	Metazoa	219		0	True	3
Q9SYM5	Arabidopsis thaliana	Plants	669		0	False	3
Q9FF75	Arabidopsis thaliana	Plants	471		0	False	3
P38873	Saccharomyces cerevisiae (strain ATCC 204508 / S288c)	Fungi	1557		0	False	3
Q498E2	Rattus norvegicus	Metazoa	182		0	False	3
P22221	Flaveria trinervia	Plants	953		0	False	3
Q86TB9	Homo sapiens	Metazoa	770		0	False	3
P32903	Saccharomyces cerevisiae (strain ATCC 204508 / S288c)	Fungi	40		0	True	3
P63059	Rattus norvegicus	Metazoa	492		0	False	3
P21146	Bos taurus	Metazoa	689		0	False	3
P31268	Homo sapiens	Metazoa	230		0	False	3
Q9VPQ6	Drosophila melanogaster	Metazoa	1191		0	False	3
Q9V3I5	Drosophila melanogaster	Metazoa	1207		0	False	3
P19882	Saccharomyces cerevisiae (strain ATCC 204508 / S288c)	Fungi	572		0	False	3
Q07913	Saccharomyces cerevisiae (strain ATCC 204508 / S288c)	Fungi	336		0	False	3
O54794	Mus musculus	Metazoa	303		0	True	3
P21964	Homo sapiens	Metazoa	271		0	True	3
P20095	Saccharomyces cerevisiae (strain ATCC 204508 / S288c)	Fungi	876		0	False	3
Q94BV2	Arabidopsis thaliana	Plants	181		0	False	3
Q9VYN8	Drosophila melanogaster	Metazoa	3004		0	False	3
P24699	Mus musculus	Metazoa	255		0	False	3
P50091	Saccharomyces cerevisiae (strain ATCC 204508 / S288c)	Fungi	288		0	False	3
P63002	Mus musculus	Metazoa	197		0	False	3
P40085	Saccharomyces cerevisiae (strain ATCC 204508 / S288c)	Fungi	556		0	True	3
P48003	Schizosaccharomyces pombe (strain 972 / ATCC 24843)	Fungi	139		0	False	3
G5EEK9	Caenorhabditis elegans	Metazoa	873		0	False	3
Q03615	Caenorhabditis elegans	Metazoa	305		0	False	3
P33303	Saccharomyces cerevisiae (strain ATCC 204508 / S288c)	Fungi	322		0	True	3
Q86XP3	Homo sapiens	Metazoa	938		0	False	3
Q63035	Rattus norvegicus	Metazoa	881		0	False	3
P40999	Schizosaccharomyces pombe (strain 972 / ATCC 24843)	Fungi	330		0	False	3
P00359	Saccharomyces cerevisiae (strain ATCC 204508 / S288c)	Fungi	332		0	False	3
P30551	Rattus norvegicus	Metazoa	444		0	True	3
Q8TB92	Homo sapiens	Metazoa	370		0	False	3
G5EEV2	Caenorhabditis elegans	Metazoa	4062		0	False	3
Q9WVE8	Mus musculus	Metazoa	486		0	False	3
P41250	Homo sapiens	Metazoa	739		0	False	3
Q9ES19	Rattus norvegicus	Metazoa	347		0	False	3
Q9V461	Drosophila melanogaster	Metazoa	817		0	False	3
Q9Z1B8	Mus musculus	Metazoa	559		0	False	3
D0Q0Y7	Rattus norvegicus	Metazoa	160		0	True	3
Q682U6	Arabidopsis thaliana	Plants	316		0	False	3
P51683	Mus musculus	Metazoa	373		0	True	3
Q9NZC4	Homo sapiens	Metazoa	300		0	False	3
Q9HD23	Homo sapiens	Metazoa	443		0	False	3
P39104	Saccharomyces cerevisiae (strain ATCC 204508 / S288c)	Fungi	1066		0	False	3
Q9NZC7	Homo sapiens	Metazoa	414		0	False	3
Q21952	Caenorhabditis elegans	Metazoa	490		0	False	3
O22224	Arabidopsis thaliana	Plants	861		0	False	3
P46673	Saccharomyces cerevisiae (strain ATCC 204508 / S288c)	Fungi	744		0	False	3
P32357	Saccharomyces cerevisiae (strain ATCC 204508 / S288c)	Fungi	355		0	False	3
P39951	Rattus norvegicus	Metazoa	297		0	False	3
P36533	Saccharomyces cerevisiae (strain ATCC 204508 / S288c)	Fungi	70		0	False	3
Q9FNR1	Arabidopsis thaliana	Plants	309		0	False	3
Q9SLK0	Arabidopsis thaliana	Plants	416		0	False	3
P28320	Saccharomyces cerevisiae (strain ATCC 204508 / S288c)	Fungi	278		0	False	3
O94411	Schizosaccharomyces pombe (strain 972 / ATCC 24843)	Fungi	509		0	False	3
O35078	Rattus norvegicus	Metazoa	346		0	False	3
Q04598	Saccharomyces cerevisiae (strain ATCC 204508 / S288c)	Fungi	105		0	False	3
P23351	Neurospora crassa (strain ATCC 24698 / 74-OR23-1A / CBS 708.71 / DSM 1257 / FGSC 987)	Fungi	508		0	False	3
O00566	Homo sapiens	Metazoa	681		0	False	3
Q94CF0	Arabidopsis thaliana	Plants	545		0	False	3
Q92565	Homo sapiens	Metazoa	580		0	False	3
Q8TCG2	Homo sapiens	Metazoa	481		0	False	3
Q8IP99	Drosophila melanogaster	Metazoa	308		0	False	3
Q9FKS5	Arabidopsis thaliana	Plants	307		0	False	3
P52189	Mus musculus	Metazoa	445		0	True	3
O00337	Homo sapiens	Metazoa	649		0	True	3
Q06205	Saccharomyces cerevisiae (strain ATCC 204508 / S288c)	Fungi	392		0	False	3
Q9HB21	Homo sapiens	Metazoa	404		0	False	3
Q92499	Homo sapiens	Metazoa	740		0	False	3
P32843	Saccharomyces cerevisiae (strain ATCC 204508 / S288c)	Fungi	850		0	False	3
C0HLU2	Homo sapiens	Metazoa	46		0	False	3
P30416	Mus musculus	Metazoa	458		0	False	3
Q80VQ0	Mus musculus	Metazoa	468		0	False	3
Q94251	Caenorhabditis elegans	Metazoa	936		0	False	3
D3ZKB9	Rattus norvegicus	Metazoa	1072		0	False	3
Q8CG46	Mus musculus	Metazoa	1101		0	False	3
Q8WU10	Homo sapiens	Metazoa	500		0	False	3
Q6VMQ6	Homo sapiens	Metazoa	1270		0	False	3
Q9BQP7	Homo sapiens	Metazoa	344		0	False	3
Q9BYG8	Homo sapiens	Metazoa	508		0	False	3
P30085	Homo sapiens	Metazoa	196		0	False	3
P63096	Homo sapiens	Metazoa	354		0	False	3
Q5TD97	Homo sapiens	Metazoa	284		0	False	3
Q9QZX8	Rattus norvegicus	Metazoa	687		0	True	3
Q8BUX5	Mus musculus	Metazoa	455		0	True	3
Q9BTU6	Homo sapiens	Metazoa	479		0	False	3
P86452	Homo sapiens	Metazoa	979		0	False	3
Q7KRY6	Drosophila melanogaster	Metazoa	599		0	False	3
Q8CHK4	Mus musculus	Metazoa	513		0	False	3
Q9Y5X5	Homo sapiens	Metazoa	522		0	False	3
C8VSZ2	Emericella nidulans (strain FGSC A4 / ATCC 38163 / CBS 112.46 / NRRL 194 / M139)	Fungi	370		0	False	3
Q8S4Q6	Arabidopsis thaliana	Plants	202		0	False	3
P38351	Saccharomyces cerevisiae (strain ATCC 204508 / S288c)	Fungi	445		0	False	3
P47114	Saccharomyces cerevisiae (strain ATCC 204508 / S288c)	Fungi	497		0	True	3
Q6EWH2	Danio rerio	Metazoa	537		0	False	3
P18066	Canis lupus familiaris	Metazoa	215		0	False	3
P36017	Saccharomyces cerevisiae (strain ATCC 204508 / S288c)	Fungi	210		0	False	3
P19955	Saccharomyces cerevisiae (strain ATCC 204508 / S288c)	Fungi	123		0	False	3
P36112	Saccharomyces cerevisiae (strain ATCC 204508 / S288c)	Fungi	540		0	True	3
Q96KN3	Homo sapiens	Metazoa	472		0	False	3
Q9H9L4	Homo sapiens	Metazoa	492		0	False	3
P33207	Arabidopsis thaliana	Plants	319		0	False	3
Q64096	Mus musculus	Metazoa	1149		0	False	3
Q8L7G0	Arabidopsis thaliana	Plants	665		0	False	3
O70422	Mus musculus	Metazoa	463		0	False	3
Q91WE2	Mus musculus	Metazoa	254		0	False	3
Q8N4Q1	Homo sapiens	Metazoa	142		0	False	3
P33749	Saccharomyces cerevisiae (strain ATCC 204508 / S288c)	Fungi	630		0	False	3
Q9NQV6	Homo sapiens	Metazoa	1147		0	False	3
P82251	Homo sapiens	Metazoa	487		0	True	3
Q9NZ81	Homo sapiens	Metazoa	148		0	False	3
P28069	Homo sapiens	Metazoa	291		0	False	3
Q9VXE6	Drosophila melanogaster	Metazoa	1883		0	False	3
Q9P7C8	Schizosaccharomyces pombe (strain 972 / ATCC 24843)	Fungi	214		0	False	3
P53552	Saccharomyces cerevisiae (strain ATCC 204508 / S288c)	Fungi	1597		0	False	3
Q501B2	Arabidopsis thaliana	Plants	409		0	False	3
Q93YU8	Arabidopsis thaliana	Plants	796		0	False	3
Q969I6	Homo sapiens	Metazoa	547		0	False	3
P24468	Homo sapiens	Metazoa	414		0	False	3
Q0P3K2	Ostreococcus tauri	Plants	733		0	True	3
Q9NS18	Homo sapiens	Metazoa	164		0	False	3
Q9NPI6	Homo sapiens	Metazoa	582		0	False	3
O35857	Mus musculus	Metazoa	452		0	False	3
P30997	Gallus gallus	Metazoa	906		0	False	3
P53166	Saccharomyces cerevisiae (strain ATCC 204508 / S288c)	Fungi	561		0	False	3
Q13574	Homo sapiens	Metazoa	928		0	False	3
B1ASB6	Mus musculus	Metazoa	1015		0	False	3
Q02773	Saccharomyces cerevisiae (strain ATCC 204508 / S288c)	Fungi	1202		0	False	3
Q8WVE7	Homo sapiens	Metazoa	144		0	True	3
Q92793	Homo sapiens	Metazoa	2442		0	False	3
Q9VS05	Drosophila melanogaster	Metazoa	676		0	False	3
Q6ZT62	Homo sapiens	Metazoa	677		0	False	3
O43044	Schizosaccharomyces pombe (strain 972 / ATCC 24843)	Fungi	1136		0	False	3
Q03267	Mus musculus	Metazoa	517		0	False	3
Q9H3D4	Homo sapiens	Metazoa	680		0	False	3
P0CJ48	Arabidopsis thaliana	Plants	267		0	False	3
Q56WM6	Arabidopsis thaliana	Plants	576		0	False	3
A6NEQ0	Homo sapiens	Metazoa	496		0	False	3
Q9Z2Q2	Mus musculus	Metazoa	478		0	False	3
P46198	Bos taurus	Metazoa	727		0	False	3
Q9LIN3	Arabidopsis thaliana	Plants	245		0	False	3
Q9FFH0	Arabidopsis thaliana	Plants	386		0	False	3
O02219	Caenorhabditis elegans	Metazoa	453		0	False	3
Q01842	Drosophila melanogaster	Metazoa	732		0	False	3
Q9DEN4	Xenopus laevis	Metazoa	371		0	False	3
P17890	Saccharomyces cerevisiae (strain ATCC 204508 / S288c)	Fungi	251		0	False	3
P10071	Homo sapiens	Metazoa	1580		0	False	3
Q6Z6M4	Oryza sativa subsp. japonica	Plants	572		0	False	3
A6ND36	Homo sapiens	Metazoa	823		0	False	3
Q9M315	Arabidopsis thaliana	Plants	354		0	False	3
Q9JHX4	Rattus norvegicus	Metazoa	482		0	False	3
Q04213	Saccharomyces cerevisiae (strain ATCC 204508 / S288c)	Fungi	475		0	False	3
P12302	Spinacia oleracea	Plants	267		0	False	3
F4JRB0	Arabidopsis thaliana	Plants	363		0	False	3
Q9LZP8	Arabidopsis thaliana	Plants	146		0	False	3
Q6K0P9	Homo sapiens	Metazoa	492		0	False	3
Q86WV6	Homo sapiens	Metazoa	379		0	True	3
Q9LSD8	Arabidopsis thaliana	Plants	120		0	False	3
Q20929	Caenorhabditis elegans	Metazoa	510		0	True	3
P82139	Spinacia oleracea	Plants	232		0	False	3
D3YZI9	Mus musculus	Metazoa	523		0	False	3
P40992	Saccharomyces cerevisiae (strain ATCC 204508 / S288c)	Fungi	514		0	False	3
P49640	Homo sapiens	Metazoa	407		0	False	3
Q96GG9	Homo sapiens	Metazoa	259		0	False	3
Q8NFG4	Homo sapiens	Metazoa	579		0	False	3
P34893	Arabidopsis thaliana	Plants	98		0	False	3
P45448	Mus musculus	Metazoa	560		0	False	3
Q9LXT3	Arabidopsis thaliana	Plants	142		0	False	3
Q8CG72	Mus musculus	Metazoa	370		0	False	3
Q9P7W8	Schizosaccharomyces pombe (strain 972 / ATCC 24843)	Fungi	780		0	False	3
Q0JNI9	Oryza sativa subsp. japonica	Plants	637		0	False	3
P27489	Solanum lycopersicum	Plants	265		0	False	3
Q21738	Caenorhabditis elegans	Metazoa	335		0	False	3
Q8LPJ5	Arabidopsis thaliana	Plants	485		0	False	3
Q6KCD5	Mus musculus	Metazoa	2798		0	False	3
Q16676	Homo sapiens	Metazoa	465		0	False	3
H2L0G5	Caenorhabditis elegans	Metazoa	1367		0	False	3
P38207	Saccharomyces cerevisiae (strain ATCC 204508 / S288c)	Fungi	520		0	False	3
P0C606	Rattus norvegicus	Metazoa	293		0	False	3
Q9FX54	Arabidopsis thaliana	Plants	338		0	False	3
P11009	Gallus gallus	Metazoa	419		0	False	3
O18017	Caenorhabditis elegans	Metazoa	988		0	False	3
Q4FZB7	Homo sapiens	Metazoa	885		0	False	3
Q9S7B2	Zea mays	Plants	370		0	False	3
Q53WJ1	Oryza sativa subsp. japonica	Plants	1238		0	False	3
Q38919	Arabidopsis thaliana	Plants	195		0	False	3
Q05123	Saccharomyces cerevisiae (strain ATCC 204508 / S288c)	Fungi	467		0	False	3
P49754	Homo sapiens	Metazoa	854		0	False	3
P21912	Homo sapiens	Metazoa	280		0	False	3
Q76B40	Cricetulus griseus	Metazoa	513		0	False	3
A0A5K1K8H0	Plasmodium falciparum (isolate 3D7)	Other	568		0	False	3
Q80WT4	Mus musculus	Metazoa	515		0	True	3
P87053	Schizosaccharomyces pombe (strain 972 / ATCC 24843)	Fungi	605		0	False	3
P56135	Mus musculus	Metazoa	88		0	True	3
Q32MZ4	Homo sapiens	Metazoa	808		0	False	3
Q12068	Saccharomyces cerevisiae (strain ATCC 204508 / S288c)	Fungi	342		0	False	3
P53184	Saccharomyces cerevisiae (strain ATCC 204508 / S288c)	Fungi	216		0	False	3
Q63553	Rattus norvegicus	Metazoa	746		0	False	3
O95149	Homo sapiens	Metazoa	360		0	False	3
Q9Y2L1	Homo sapiens	Metazoa	958		0	False	3
P28231	Mus musculus	Metazoa	270		0	True	3
Q5VTT2	Homo sapiens	Metazoa	229		0	False	3
Q96RA2	Homo sapiens	Metazoa	312		0	True	3
Q6Z1Z3	Oryza sativa subsp. japonica	Plants	362		0	False	3
P19735	Saccharomyces cerevisiae (strain ATCC 204508 / S288c)	Fungi	899		0	False	3
P12931	Homo sapiens	Metazoa	536		0	False	3
Q8C3R1	Mus musculus	Metazoa	822		0	False	3
Q23229	Caenorhabditis elegans	Metazoa	417		0	False	3
Q9FQ03	Arabidopsis thaliana	Plants	1020		0	False	3
P36516	Saccharomyces cerevisiae (strain ATCC 204508 / S288c)	Fungi	390		0	False	3
Q9V629	Drosophila melanogaster	Metazoa	384		0	False	3
Q8SRA2	Encephalitozoon cuniculi (strain GB-M1)	Fungi	559		0	True	3
P38313	Saccharomyces cerevisiae (strain ATCC 204508 / S288c)	Fungi	324		0	False	3
A2SWM2	Danio rerio	Metazoa	504		0	True	3
Q9H7Z3	Homo sapiens	Metazoa	1164		0	False	3
Q9NI62	Dictyostelium discoideum	Other	156		0	False	3
Q80SY4	Mus musculus	Metazoa	1006		0	False	3
P05230	Homo sapiens	Metazoa	155		0	False	3
Q8BXK9	Mus musculus	Metazoa	251		0	True	3
P32600	Saccharomyces cerevisiae (strain ATCC 204508 / S288c)	Fungi	2474		0	False	3
Q9U6M1	Leishmania tarentolae	Other	827		0	False	3
Q1ACB3	Arabidopsis thaliana	Plants	386		0	False	3
Q9SS48	Arabidopsis thaliana	Plants	629		0	False	3
P80483	Amphidinium carterae	Other	323		0	False	3
Q94CE4	Arabidopsis thaliana	Plants	280		0	False	3
P04394	Bos taurus	Metazoa	249		0	False	3
Q42510	Arabidopsis thaliana	Plants	1451		0	False	3
Q08818	Saccharomyces cerevisiae (strain ATCC 204508 / S288c)	Fungi	692		0	False	3
O75398	Homo sapiens	Metazoa	565		0	False	3
Q70EL3	Homo sapiens	Metazoa	339		0	False	3
Q924L1	Mus musculus	Metazoa	360		0	False	3
P05435	Spinacia oleracea	Plants	364		0	False	3
Q96N95	Homo sapiens	Metazoa	335		0	False	3
Q9JL19	Mus musculus	Metazoa	2067		0	False	3
Q9NVM9	Homo sapiens	Metazoa	706		0	False	3
Q2V2P4	Saccharomyces cerevisiae (strain ATCC 204508 / S288c)	Fungi	73		0	False	3
A0A075TMP0	Penicillium expansum	Fungi	340		0	False	3
P37275	Homo sapiens	Metazoa	1124		0	False	3
O74354	Schizosaccharomyces pombe (strain 972 / ATCC 24843)	Fungi	599		0	False	3
P80021	Sus scrofa	Metazoa	553		0	False	3
Q9SRX9	Arabidopsis thaliana	Plants	335		0	False	3
Q9Y2W7	Homo sapiens	Metazoa	256		0	False	3
P46892	Rattus norvegicus	Metazoa	436		0	False	3
Q86WB7	Homo sapiens	Metazoa	457		0	True	3
P28700	Mus musculus	Metazoa	467		0	False	3
P38265	Saccharomyces cerevisiae (strain ATCC 204508 / S288c)	Fungi	245		0	False	3
P48730	Homo sapiens	Metazoa	415		0	False	3
P35612	Homo sapiens	Metazoa	726		0	False	3
Q6Q0C0	Homo sapiens	Metazoa	670		0	False	3
P25420	Heliothis virescens	Metazoa	569		0	False	3
Q9VC56	Drosophila melanogaster	Metazoa	3912		0	False	3
Q8TCJ0	Homo sapiens	Metazoa	367		0	False	3
P55081	Homo sapiens	Metazoa	439		0	False	3
Q8IZL8	Homo sapiens	Metazoa	1130		0	False	3
O60682	Homo sapiens	Metazoa	206		0	False	3
O94888	Homo sapiens	Metazoa	489		0	False	3
Q04341	Saccharomyces cerevisiae (strain ATCC 204508 / S288c)	Fungi	121		0	False	3
Q9NX08	Homo sapiens	Metazoa	183		0	False	3
Q9JII1	Mus musculus	Metazoa	647		0	False	3
Q08923	Saccharomyces cerevisiae (strain ATCC 204508 / S288c)	Fungi	506		0	False	3
Q2TBE6	Mus musculus	Metazoa	479		0	False	3
Q9Y619	Homo sapiens	Metazoa	301		0	True	3
Q16644	Homo sapiens	Metazoa	382		0	False	3
Q9UQF2	Homo sapiens	Metazoa	711		0	False	3
Q8IZD2	Homo sapiens	Metazoa	1858		0	False	3
P55230	Arabidopsis thaliana	Plants	518		0	False	3
Q9Y4L5	Homo sapiens	Metazoa	304		0	False	3
Q39709	Isochrysis galbana	Other	208		0	False	3
Q9FEW9	Solanum lycopersicum	Plants	396		0	False	3
Q9BV79	Homo sapiens	Metazoa	373		0	False	3
Q16236	Homo sapiens	Metazoa	605		0	False	3
O75312	Homo sapiens	Metazoa	459		0	False	3
Q9M8Z5	Arabidopsis thaliana	Plants	582		0	False	3
F5H094	Homo sapiens	Metazoa	687		0	True	3
Q3SZX5	Bos taurus	Metazoa	204		0	False	3
F1R5H6	Danio rerio	Metazoa	1444		0	False	3
Q9Y4K3	Homo sapiens	Metazoa	522		0	False	3
Q9M2X3	Arabidopsis thaliana	Plants	295		0	False	3
P63033	Rattus norvegicus	Metazoa	266		0	False	3
P11147	Drosophila melanogaster	Metazoa	651		0	False	3
Q9D0M3	Mus musculus	Metazoa	325		0	False	3
O35084	Mus musculus	Metazoa	507		0	False	3
O04375	Arabidopsis thaliana	Plants	495		0	False	3
Q9H790	Homo sapiens	Metazoa	373		0	False	3
Q99177	Saccharomyces cerevisiae (strain ATCC 204508 / S288c)	Fungi	341		0	False	3
Q7Z699	Homo sapiens	Metazoa	444		0	False	3
Q91X52	Mus musculus	Metazoa	244		0	False	3
P08473	Homo sapiens	Metazoa	750		0	True	3
P17924	Gallus gallus	Metazoa	560		0	False	3
Q9SL67	Arabidopsis thaliana	Plants	443		0	False	3
O13326	Schizosaccharomyces pombe (strain 972 / ATCC 24843)	Fungi	429		0	False	3
O14134	Schizosaccharomyces pombe (strain 972 / ATCC 24843)	Fungi	1057		0	False	3
Q9UTN6	Schizosaccharomyces pombe (strain 972 / ATCC 24843)	Fungi	1199		0	False	3
P22071	Rattus norvegicus	Metazoa	373		0	False	3
P41136	Mus musculus	Metazoa	134		0	False	3
P62318	Homo sapiens	Metazoa	126		0	False	3
Q24478	Drosophila melanogaster	Metazoa	1096		0	False	3
P61006	Homo sapiens	Metazoa	207		0	False	3
Q680B9	Arabidopsis thaliana	Plants	528		0	False	3
Q9LSB9	Arabidopsis thaliana	Plants	755		0	False	3
O94782	Homo sapiens	Metazoa	785		0	False	3
Q708S4	Danio rerio	Metazoa	539		0	True	3
P38418	Arabidopsis thaliana	Plants	896		0	False	3
Q6NXK8	Mus musculus	Metazoa	526		0	True	3
A9C3R9	Danio rerio	Metazoa	532		0	False	3
Q8I299	Plasmodium falciparum (isolate 3D7)	Other	791		0	False	3
Q06106	Saccharomyces cerevisiae (strain ATCC 204508 / S288c)	Fungi	887		0	False	3
P02273	Tetrahymena pyriformis	Other	138		0	False	3
Q9SP32	Arabidopsis thaliana	Plants	1909		0	False	3
Q9CX97	Mus musculus	Metazoa	388		0	False	3
P35559	Rattus norvegicus	Metazoa	1019		0	False	3
Q5S006	Mus musculus	Metazoa	2527		0	False	3
Q06455	Homo sapiens	Metazoa	604		0	False	3
Q9JHL4	Rattus norvegicus	Metazoa	436		0	False	3
Q8TDR2	Homo sapiens	Metazoa	534		0	False	3
Q9BSF4	Homo sapiens	Metazoa	260		0	True	3
Q8NC51	Homo sapiens	Metazoa	408		0	False	3
Q9UIJ7	Homo sapiens	Metazoa	227		0	False	3
O04921	Arabidopsis thaliana	Plants	512		0	False	3
P35348	Homo sapiens	Metazoa	466		0	True	3
Q6NTF7	Homo sapiens	Metazoa	200		0	False	3
Q9SA73	Arabidopsis thaliana	Plants	394		0	False	3
P32250	Gallus gallus	Metazoa	308		0	True	3
P79943	Xenopus laevis	Metazoa	254		0	False	3
O96017	Homo sapiens	Metazoa	543		0	False	3
Q9VE86	Drosophila melanogaster	Metazoa	353		0	False	3
Q84P23	Arabidopsis thaliana	Plants	562		0	False	3
P15340	Gallus gallus	Metazoa	62		0	False	3
P38345	Saccharomyces cerevisiae (strain ATCC 204508 / S288c)	Fungi	138		0	False	3
Q4QZZ9	Emericella nidulans	Fungi	370		0	False	3
D3Z291	Mus musculus	Metazoa	348		0	True	3
O74958	Schizosaccharomyces pombe (strain 972 / ATCC 24843)	Fungi	488		0	False	3
Q9Y6V7	Homo sapiens	Metazoa	483		0	False	3
Q0E671	Danio rerio	Metazoa	430		0	False	3
O35738	Mus musculus	Metazoa	402		0	False	3
P40072	Saccharomyces cerevisiae (strain ATCC 204508 / S288c)	Fungi	274		0	False	3
P82804	Drosophila melanogaster	Metazoa	207		0	False	3
Q5JPI9	Homo sapiens	Metazoa	236		0	False	3
Q86B87	Drosophila melanogaster	Metazoa	610		0	False	3
Q8NF99	Homo sapiens	Metazoa	534		0	False	3
F4I700	Arabidopsis thaliana	Plants	717		0	False	3
Q05AA6	Mus musculus	Metazoa	957		0	False	3
P28745	Schizosaccharomyces pombe (strain 972 / ATCC 24843)	Fungi	539		0	False	3
P11101	Rattus norvegicus	Metazoa	114		0	False	3
Q10758	Rattus norvegicus	Metazoa	483		0	False	3
Q5BPS0	Arabidopsis thaliana	Plants	213		0	False	3
P35583	Mus musculus	Metazoa	459		0	False	3
Q9GL77	Bos taurus	Metazoa	1079		0	False	3
P12853	Chlamydomonas reinhardtii	Plants	291		0	False	3
P10809	Homo sapiens	Metazoa	573		0	False	3
A8MR65	Arabidopsis thaliana	Plants	201		0	False	3
P06507	Spinacia oleracea	Plants	100		0	False	3
Q86BP6	Drosophila melanogaster	Metazoa	1162		0	False	3
P26659	Schizosaccharomyces pombe (strain 972 / ATCC 24843)	Fungi	772		0	False	3
Q8NB49	Homo sapiens	Metazoa	1132		0	True	3
P12762	Equus caballus	Metazoa	500		0	False	3
Q9NTK1	Homo sapiens	Metazoa	212		0	False	3
Q9FVW4	Arabidopsis thaliana	Plants	482		0	False	3
Q7S9I4	Neurospora crassa (strain ATCC 24698 / 74-OR23-1A / CBS 708.71 / DSM 1257 / FGSC 987)	Fungi	174		0	False	3
O94606	Schizosaccharomyces pombe (strain 972 / ATCC 24843)	Fungi	473		0	False	3
Q16773	Homo sapiens	Metazoa	422		0	False	3
Q9VEC3	Drosophila melanogaster	Metazoa	648		0	False	3
Q56WD9	Arabidopsis thaliana	Plants	462		0	False	3
P17789	Drosophila melanogaster	Metazoa	643		0	False	3
Q10109	Schizosaccharomyces pombe (strain 972 / ATCC 24843)	Fungi	688		0	False	3
O96625	Dictyostelium discoideum	Other	169		0	False	3
Q9BYN7	Homo sapiens	Metazoa	854		0	False	3
O23193	Arabidopsis thaliana	Plants	236		0	False	3
P35558	Homo sapiens	Metazoa	622		0	False	3
Q08209	Homo sapiens	Metazoa	521		0	False	3
P18616	Arabidopsis thaliana	Plants	1839		0	False	3
Q3KNS1	Homo sapiens	Metazoa	954		0	False	3
Q8GYH7	Arabidopsis thaliana	Plants	249		0	False	3
P56522	Rattus norvegicus	Metazoa	494		0	False	3
P0C2C4	Rattus norvegicus	Metazoa	263		0	False	3
A1CWT6	Neosartorya fischeri (strain ATCC 1020 / DSM 3700 / CBS 544.65 / FGSC A1164 / JCM 1740 / NRRL 181 / WB 181)	Fungi	488		0	False	3
Q9M8M7	Arabidopsis thaliana	Plants	457		0	False	3
Q8CEG0	Mus musculus	Metazoa	392		0	True	3
Q04659	Saccharomyces cerevisiae (strain ATCC 204508 / S288c)	Fungi	317		0	False	3
Q9Y265	Homo sapiens	Metazoa	456		0	False	3
Q91VB2	Mus musculus	Metazoa	477		0	False	3
P92504	Ascaris suum	Metazoa	112		0	False	3
P49005	Homo sapiens	Metazoa	469		0	False	3
Q9H172	Homo sapiens	Metazoa	646		0	False	3
Q05050	Saccharomyces cerevisiae (strain ATCC 204508 / S288c)	Fungi	843		0	False	3
Q8VZB2	Arabidopsis thaliana	Plants	221		0	True	3
Q920F5	Rattus norvegicus	Metazoa	492		0	False	3
Q86VP6	Homo sapiens	Metazoa	1230		0	False	3
Q9UKT9	Homo sapiens	Metazoa	509		0	False	3
P53990	Homo sapiens	Metazoa	364		0	False	3
Q05753	Arabidopsis thaliana	Plants	435		0	False	3
P26038	Homo sapiens	Metazoa	577		0	False	3
P40879	Homo sapiens	Metazoa	764		0	True	3
O22763	Arabidopsis thaliana	Plants	411		0	False	3
Q67UR2	Oryza sativa subsp. japonica	Plants	419		0	False	3
P69244	Medicago sativa	Plants	136		0	False	3
Q9UQ88	Homo sapiens	Metazoa	783		0	False	3
P11940	Homo sapiens	Metazoa	636		0	False	3
P83565	Rattus norvegicus	Metazoa	206		0	False	3
P0CY10	Saccharomyces cerevisiae	Fungi	126		0	False	3
P38074	Saccharomyces cerevisiae (strain ATCC 204508 / S288c)	Fungi	348		0	False	3
Q16778	Homo sapiens	Metazoa	126		0	False	3
Q8L7C9	Arabidopsis thaliana	Plants	217		0	False	3
Q9ERB5	Mus musculus	Metazoa	715		0	True	3
P35413	Mus musculus	Metazoa	330		0	True	3
Q15560	Homo sapiens	Metazoa	299		0	False	3
Q8LBZ7	Arabidopsis thaliana	Plants	279		0	False	3
Q8R3K3	Mus musculus	Metazoa	381		0	False	3
Q9UJQ4	Homo sapiens	Metazoa	1053		0	False	3
P23913	Gallus gallus	Metazoa	637		0	False	3
Q0GA42	Mus musculus	Metazoa	951		0	True	3
O82804	Arabidopsis thaliana	Plants	695		0	False	3
Q5TM49	Macaca mulatta	Metazoa	360		0	False	3
Q9DC69	Mus musculus	Metazoa	377		0	False	3
P81372	Alocasia macrorrhizos	Plants	97		0	False	3
Q93ZM7	Arabidopsis thaliana	Plants	572		0	False	3
O74936	Yarrowia lipolytica (strain CLIB 122 / E 150)	Fungi	700		0	False	3
O88492	Mus musculus	Metazoa	1403		0	False	3
P38633	Saccharomyces cerevisiae (strain ATCC 204508 / S288c)	Fungi	127		0	False	3
Q0D9C4	Oryza sativa subsp. japonica	Plants	492		0	False	3
P24549	Mus musculus	Metazoa	501		0	False	3
O74544	Schizosaccharomyces pombe (strain 972 / ATCC 24843)	Fungi	314		0	False	3
Q8K202	Mus musculus	Metazoa	482		0	False	3
Q7JVP4	Drosophila melanogaster	Metazoa	1430		0	False	3
Q80WM3	Mus musculus	Metazoa	160		0	False	3
P05221	Xenopus laevis	Metazoa	200		0	False	3
P37202	Schizosaccharomyces pombe (strain 972 / ATCC 24843)	Fungi	970		0	False	3
Q5SXM8	Homo sapiens	Metazoa	178		0	False	3
Q05779	Saccharomyces cerevisiae (strain ATCC 204508 / S288c)	Fungi	260		0	False	3
Q7TME0	Mus musculus	Metazoa	766		0	True	3
Q7Z3Z2	Homo sapiens	Metazoa	195		0	False	3
Q3SYG4	Homo sapiens	Metazoa	887		0	False	3
Q9DBS9	Mus musculus	Metazoa	855		0	False	3
P07270	Saccharomyces cerevisiae (strain ATCC 204508 / S288c)	Fungi	312		0	False	3
Q23238	Caenorhabditis elegans	Metazoa	893		0	False	3
Q8VHL0	Mus musculus	Metazoa	384		0	True	3
Q9NQE9	Homo sapiens	Metazoa	182		0	False	3
O82587	Arabidopsis thaliana	Plants	285		0	True	3
Q91WB2	Mus musculus	Metazoa	271		0	False	3
P35226	Homo sapiens	Metazoa	326		0	False	3
P70475	Rattus norvegicus	Metazoa	1187		0	False	3
Q9FN52	Arabidopsis thaliana	Plants	503		0	False	3
P50539	Homo sapiens	Metazoa	228		0	False	3
Q8IX15	Homo sapiens	Metazoa	550		0	False	3
H1UBN0	Rattus norvegicus	Metazoa	556		0	False	3
F4J8G7	Arabidopsis thaliana	Plants	2138		0	False	3
Q9V427	Drosophila melanogaster	Metazoa	367		0	True	3
Q07351	Saccharomyces cerevisiae (strain ATCC 204508 / S288c)	Fungi	490		0	False	3
P29975	Rattus norvegicus	Metazoa	269		0	True	3
Q60973	Mus musculus	Metazoa	425		0	False	3
P07550	Homo sapiens	Metazoa	413		0	True	3
Q9XE58	Arabidopsis thaliana	Plants	769		0	False	3
Q8BTM9	Mus musculus	Metazoa	673		0	False	3
Q9UUA1	Schizosaccharomyces pombe (strain 972 / ATCC 24843)	Fungi	479		0	False	3
P48239	Saccharomyces cerevisiae (strain ATCC 204508 / S288c)	Fungi	356		0	False	3
Q9I7K0	Drosophila melanogaster	Metazoa	208		0	False	3
Q93084	Homo sapiens	Metazoa	999		0	True	3
Q9HGM8	Schizosaccharomyces pombe (strain 972 / ATCC 24843)	Fungi	695		0	False	3
P47792	Danio rerio	Metazoa	297		0	False	3
P06748	Homo sapiens	Metazoa	294		0	False	3
Q9P7M3	Schizosaccharomyces pombe (strain 972 / ATCC 24843)	Fungi	271		0	False	3
Q3E798	Saccharomyces cerevisiae (strain ATCC 204508 / S288c)	Fungi	87		0	True	3
P49027	Oryza sativa subsp. japonica	Plants	334		0	False	3
P46822	Caenorhabditis elegans	Metazoa	540		0	False	3
Q96JM7	Homo sapiens	Metazoa	780		0	False	3
K4C9E2	Solanum lycopersicum	Plants	498		0	False	3
P83266	Hydrolagus colliei	Metazoa	48		0	False	3
Q9C829	Arabidopsis thaliana	Plants	440		0	False	3
Q9GZP8	Homo sapiens	Metazoa	106		0	False	3
Q01613	Xenopus laevis	Metazoa	1420		0	False	3
Q63520	Rattus norvegicus	Metazoa	257		0	False	3
Q497L9	Mus musculus	Metazoa	629		0	True	3
Q9ZSM8	Arabidopsis thaliana	Plants	856		0	False	3
P38883	Saccharomyces cerevisiae (strain ATCC 204508 / S288c)	Fungi	763		0	False	3
Q8IY81	Homo sapiens	Metazoa	847		0	False	3
Q8BXF8	Mus musculus	Metazoa	369		0	False	3
Q9NR71	Homo sapiens	Metazoa	780		0	True	3
P54346	Chlamydomonas reinhardtii	Plants	153		0	False	3
Q8N7R7	Homo sapiens	Metazoa	359		0	False	3
O17679	Caenorhabditis elegans	Metazoa	708		0	False	3
P14859	Homo sapiens	Metazoa	743		0	False	3
P42696	Homo sapiens	Metazoa	430		0	False	3
A0A1B1FHP3	Catharanthus roseus	Plants	365		0	False	3
Q08774	Saccharomyces cerevisiae (strain ATCC 204508 / S288c)	Fungi	242		0	False	3
P54845	Homo sapiens	Metazoa	237		0	False	3
Q05931	Saccharomyces cerevisiae (strain ATCC 204508 / S288c)	Fungi	657		0	False	3
Q0KL00	Rattus norvegicus	Metazoa	2535		0	True	3
P19173	Ipomoea batatas	Plants	64		0	True	3
Q9CPQ1	Mus musculus	Metazoa	76		0	True	3
P57680	Mus musculus	Metazoa	1005		0	True	3
Q84JZ6	Arabidopsis thaliana	Plants	244		0	False	3
Q9Z1F2	Rattus norvegicus	Metazoa	673		0	True	3
Q9FI46	Arabidopsis thaliana	Plants	269		0	True	3
P78524	Homo sapiens	Metazoa	1137		0	False	3
Q9VTZ2	Drosophila melanogaster	Metazoa	214		0	False	3
P27490	Pisum sativum	Plants	268		0	False	3
Q5JTV8	Homo sapiens	Metazoa	583		0	False	3
Q9SJ12	Arabidopsis thaliana	Plants	240		0	False	3
P43267	Mus musculus	Metazoa	231		0	False	3
Q02685	Saccharomyces cerevisiae (strain ATCC 204508 / S288c)	Fungi	241		0	False	3
Q9XSC3	Bos taurus	Metazoa	912		0	False	3
Q99JG3	Mus musculus	Metazoa	317		0	False	3
Q9ZT50	Arabidopsis thaliana	Plants	155		0	False	3
F1M3J4	Rattus norvegicus	Metazoa	1325		0	False	3
Q39008	Arabidopsis thaliana	Plants	608		0	False	3
V5IM60	Neurospora crassa (strain ATCC 24698 / 74-OR23-1A / CBS 708.71 / DSM 1257 / FGSC 987)	Fungi	59		0	False	3
P25583	Saccharomyces cerevisiae (strain ATCC 204508 / S288c)	Fungi	335		0	False	3
O94804	Homo sapiens	Metazoa	968		0	False	3
Q43082	Pisum sativum	Plants	369		0	False	3
Q01844	Homo sapiens	Metazoa	656		0	False	3
P38803	Saccharomyces cerevisiae (strain ATCC 204508 / S288c)	Fungi	334		0	False	3
P33419	Saccharomyces cerevisiae (strain ATCC 204508 / S288c)	Fungi	253		0	False	3
O54982	Mus musculus	Metazoa	1121		0	True	3
F4JTS8	Arabidopsis thaliana	Plants	2729		0	False	3
Q8N3Z6	Homo sapiens	Metazoa	543		0	False	3
Q9BQ69	Homo sapiens	Metazoa	325		0	False	3
Q92879	Homo sapiens	Metazoa	486		0	False	3
P08913	Homo sapiens	Metazoa	465		0	True	3
A0A7P0TBJ1	Homo sapiens	Metazoa	273		0	False	3
P42227	Mus musculus	Metazoa	770		0	False	3
P21730	Homo sapiens	Metazoa	350		0	True	3
Q9UEE5	Homo sapiens	Metazoa	414		0	False	3
Q00873	Saccharomyces cerevisiae (strain ATCC 204508 / S288c)	Fungi	224		0	False	3
Q02539	Homo sapiens	Metazoa	215		0	False	3
Q8BWT5	Mus musculus	Metazoa	1523		0	False	3
P13010	Homo sapiens	Metazoa	732		0	False	3
Q07066	Rattus norvegicus	Metazoa	194		0	True	3
P45432	Arabidopsis thaliana	Plants	441		0	False	3
P15822	Homo sapiens	Metazoa	2718		0	False	3
P02786	Homo sapiens	Metazoa	760		0	True	3
O00142	Homo sapiens	Metazoa	265		0	False	3
Q7S4I4	Neurospora crassa (strain ATCC 24698 / 74-OR23-1A / CBS 708.71 / DSM 1257 / FGSC 987)	Fungi	493		0	False	3
P56216	Penicillium simplicissimum	Fungi	560		0	False	3
Q14DK4	Mus musculus	Metazoa	801		0	False	3
P25374	Saccharomyces cerevisiae (strain ATCC 204508 / S288c)	Fungi	497		0	False	3
Q61412	Mus musculus	Metazoa	361		0	False	3
B9TSP7	Arabidopsis thaliana	Plants	548		0	False	3
Q6UJY2	Mus musculus	Metazoa	1175		0	True	3
O35625	Mus musculus	Metazoa	863		0	False	3
O88509	Mus musculus	Metazoa	859		0	False	3
Q04666	Rattus norvegicus	Metazoa	281		0	False	3
Q04170	Saccharomyces cerevisiae (strain ATCC 204508 / S288c)	Fungi	232		0	False	3
Q3MIR4	Homo sapiens	Metazoa	351		0	True	3
Q9XVS7	Caenorhabditis elegans	Metazoa	628		0	False	3
P27708	Homo sapiens	Metazoa	2225		0	False	3
P40010	Saccharomyces cerevisiae (strain ATCC 204508 / S288c)	Fungi	520		0	False	3
P13164	Homo sapiens	Metazoa	125		0	True	3
P38646	Homo sapiens	Metazoa	679		0	False	3
Q9ULE6	Homo sapiens	Metazoa	856		0	False	3
Q7L622	Homo sapiens	Metazoa	706		0	False	3
P08242	Spinacia oleracea	Plants	236		0	False	3
P05062	Homo sapiens	Metazoa	364		0	False	3
G5EE86	Caenorhabditis elegans	Metazoa	409		0	False	3
Q9H313	Homo sapiens	Metazoa	450		0	True	3
P25188	Cavia porcellus	Metazoa	167		0	False	3
F4ICK8	Arabidopsis thaliana	Plants	502		0	False	3
Q8NCK7	Homo sapiens	Metazoa	471		0	True	3
Q60778	Mus musculus	Metazoa	359		0	False	3
Q9Y3A2	Homo sapiens	Metazoa	253		0	False	3
Q43503	Solanum lycopersicum	Plants	500		0	False	3
Q9SK71	Arabidopsis thaliana	Plants	430		0	False	3
Q6YWF1	Oryza sativa subsp. japonica	Plants	165		0	False	3
P00371	Sus scrofa	Metazoa	347		0	False	3
P25596	Saccharomyces cerevisiae (strain ATCC 204508 / S288c)	Fungi	615		0	True	3
B0L3A2	Homo sapiens	Metazoa	85		0	True	3
Q9DB00	Mus musculus	Metazoa	2260		0	False	3
Q9NPJ6	Homo sapiens	Metazoa	270		0	False	3
Q9ZU32	Arabidopsis thaliana	Plants	348		0	False	3
P79348	Bos taurus	Metazoa	374		0	False	3
P38848	Saccharomyces cerevisiae (strain ATCC 204508 / S288c)	Fungi	579		0	False	3
O59858	Schizosaccharomyces pombe (strain 972 / ATCC 24843)	Fungi	158		0	False	3
O23722	Arabidopsis thaliana	Plants	412		0	False	3
Q9UU76	Schizosaccharomyces pombe (strain 972 / ATCC 24843)	Fungi	642		0	False	3
Q9GZU8	Homo sapiens	Metazoa	254		0	False	3
Q14CZ7	Homo sapiens	Metazoa	662		0	False	3
P31164	Spinacia oleracea	Plants	224		0	False	3
D2CSU4	Petunia hybrida	Plants	324		0	False	3
Q53HV7	Homo sapiens	Metazoa	270		0	False	3
Q8LBV4	Arabidopsis thaliana	Plants	355		0	False	3
Q91XW8	Mus musculus	Metazoa	327		0	False	3
P07471	Bos taurus	Metazoa	97		0	True	3
Q9Y4C2	Homo sapiens	Metazoa	921		0	False	3
P42356	Homo sapiens	Metazoa	2102		0	False	3
P25819	Arabidopsis thaliana	Plants	492		0	False	3
Q24338	Drosophila melanogaster	Metazoa	425		0	False	3
P22985	Rattus norvegicus	Metazoa	1331		0	False	3
Q5T160	Homo sapiens	Metazoa	578		0	False	3
Q62897	Rattus norvegicus	Metazoa	655		0	False	3
Q9HAU4	Homo sapiens	Metazoa	748		0	False	3
Q63147	Rattus norvegicus	Metazoa	587		0	False	3
A0A1D9BZF0	Mus musculus	Metazoa	507		0	False	3
P30873	Mus musculus	Metazoa	391		0	True	3
P52630	Homo sapiens	Metazoa	851		0	False	3
A2Y8X2	Oryza sativa subsp. indica	Plants	609		0	False	3
O15294	Homo sapiens	Metazoa	1046		0	False	3
Q9SNB4	Arabidopsis thaliana	Plants	323		0	False	3
P10770	Peridinium bipes	Other	93		0	False	3
Q6N021	Homo sapiens	Metazoa	2002		0	False	3
Q6NQ88	Arabidopsis thaliana	Plants	557		0	False	3
P54707	Homo sapiens	Metazoa	1039		0	False	3
P38902	Saccharomyces cerevisiae (strain ATCC 204508 / S288c)	Fungi	120		0	False	3
O70597	Rattus norvegicus	Metazoa	246		0	False	3
A1A519	Homo sapiens	Metazoa	330		0	False	3
Q9JKX4	Mus musculus	Metazoa	526		0	False	3
Q6Q4D0	Arabidopsis thaliana	Plants	1311		0	False	3
Q8GXH3	Arabidopsis thaliana	Plants	371		0	False	3
Q94A82	Arabidopsis thaliana	Plants	438		0	False	3
O00161	Homo sapiens	Metazoa	211		0	False	3
Q6AWC2	Homo sapiens	Metazoa	1192		0	False	3
P07752	Trypanosoma brucei brucei	Other	372		0	False	3
Q9UKD1	Homo sapiens	Metazoa	530		0	False	3
G5EFF5	Caenorhabditis elegans	Metazoa	753		0	False	3
Q2M2T1	Bos taurus	Metazoa	126		0	False	3
O82743	Arabidopsis thaliana	Plants	219		0	False	3
Q99929	Homo sapiens	Metazoa	193		0	False	3
Q84K52	Arabidopsis thaliana	Plants	246		0	False	3
Q12366	Saccharomyces cerevisiae (strain ATCC 204508 / S288c)	Fungi	352		0	False	3
Q12899	Homo sapiens	Metazoa	539		0	False	3
P47077	Saccharomyces cerevisiae (strain ATCC 204508 / S288c)	Fungi	666		0	False	3
P49887	Cavia porcellus	Metazoa	296		0	False	3
O14362	Schizosaccharomyces pombe (strain 972 / ATCC 24843)	Fungi	504		0	False	3
Q9NS26	Homo sapiens	Metazoa	97		0	False	3
P21360	Pichia angusta	Fungi	555		0	False	3
P36049	Saccharomyces cerevisiae (strain ATCC 204508 / S288c)	Fungi	427		0	False	3
P14937	Raphanus sativus	Plants	98		0	False	3
Q8N0S6	Homo sapiens	Metazoa	344		0	False	3
P18850	Homo sapiens	Metazoa	670		0	False	3
Q9U213	Caenorhabditis elegans	Metazoa	425		0	False	3
P17119	Saccharomyces cerevisiae (strain ATCC 204508 / S288c)	Fungi	729		0	False	3
Q8WSR2	Ascaris suum	Metazoa	141		0	True	3
Q92262	Komagataella pastoris	Fungi	455		0	False	3
P92965	Arabidopsis thaliana	Plants	350		0	False	3
P38715	Saccharomyces cerevisiae (strain ATCC 204508 / S288c)	Fungi	327		0	False	3
Q31795	Anthoceros angustus	Plants	475		0	False	3
Q93009	Homo sapiens	Metazoa	1102		0	False	3
P83103	Drosophila melanogaster	Metazoa	566		0	False	3
P48996	Caenorhabditis elegans	Metazoa	1469		0	False	3
Q9NRM0	Homo sapiens	Metazoa	540		0	True	3
Q12361	Saccharomyces cerevisiae (strain ATCC 204508 / S288c)	Fungi	961		0	True	3
Q93170	Caenorhabditis elegans	Metazoa	421		0	False	3
O75791	Homo sapiens	Metazoa	330		0	False	3
Q9US26	Schizosaccharomyces pombe (strain 972 / ATCC 24843)	Fungi	351		0	False	3
Q920D2	Rattus norvegicus	Metazoa	187		0	False	3
P83483	Arabidopsis thaliana	Plants	556		0	False	3
Q9GZY6	Homo sapiens	Metazoa	243		0	True	3
P21506	Homo sapiens	Metazoa	573		0	False	3
Q6AYU4	Rattus norvegicus	Metazoa	415		0	False	3
P93306	Arabidopsis thaliana	Plants	394		0	False	3
P26358	Homo sapiens	Metazoa	1616		0	False	3
Q84L31	Arabidopsis thaliana	Plants	419		0	False	3
Q8S8E3	Arabidopsis thaliana	Plants	215		0	False	3
Q9SQU2	Arabidopsis thaliana	Plants	199		0	True	3
P81269	Mus musculus	Metazoa	269		0	False	3
Q9GTP5	Crithidia fasciculata	Other	497		0	True	3
P32243	Homo sapiens	Metazoa	289		0	False	3
P70500	Rattus norvegicus	Metazoa	213		0	True	3
Q9SUQ2	Arabidopsis thaliana	Plants	343		0	False	3
O13712	Schizosaccharomyces pombe (strain 972 / ATCC 24843)	Fungi	844		0	False	3
P03930	Mus musculus	Metazoa	67		0	True	3
Q505B8	Mus musculus	Metazoa	171		0	False	3
C8VQG9	Emericella nidulans (strain FGSC A4 / ATCC 38163 / CBS 112.46 / NRRL 194 / M139)	Fungi	374		0	False	3
Q6X7J9	Arabidopsis thaliana	Plants	251		0	False	3
Q13352	Homo sapiens	Metazoa	177		0	False	3
P84247	Gallus gallus	Metazoa	136		0	False	3
Q9H4A3	Homo sapiens	Metazoa	2382		0	False	3
Q9H777	Homo sapiens	Metazoa	363		0	False	3
Q9Y3A0	Homo sapiens	Metazoa	265		0	False	3
Q05925	Homo sapiens	Metazoa	392		0	False	3
Q9BXY0	Homo sapiens	Metazoa	300		0	False	3
Q8NFZ0	Homo sapiens	Metazoa	1043		0	False	3
P02272	Gallus gallus	Metazoa	128		0	False	3
P28007	Saccharomyces cerevisiae (strain ATCC 204508 / S288c)	Fungi	205		0	False	3
P53236	Saccharomyces cerevisiae (strain ATCC 204508 / S288c)	Fungi	928		0	False	3
Q871K1	Neurospora crassa (strain ATCC 24698 / 74-OR23-1A / CBS 708.71 / DSM 1257 / FGSC 987)	Fungi	123		0	False	3
Q05863	Saccharomyces cerevisiae (strain ATCC 204508 / S288c)	Fungi	155		0	False	3
O59757	Schizosaccharomyces pombe (strain 972 / ATCC 24843)	Fungi	1364		0	False	3
Q8L716	Arabidopsis thaliana	Plants	589		0	False	3
P80002	Sepia officinalis	Metazoa	77		0	False	3
Q8BL03	Mus musculus	Metazoa	306		0	True	3
D4A7T3	Rattus norvegicus	Metazoa	952		0	False	3
Q04179	Saccharomyces cerevisiae (strain ATCC 204508 / S288c)	Fungi	340		0	False	3
P20070	Rattus norvegicus	Metazoa	301		0	False	3
P08926	Pisum sativum	Plants	587		0	False	3
Q10437	Schizosaccharomyces pombe (strain 972 / ATCC 24843)	Fungi	543		0	False	3
Q02040	Homo sapiens	Metazoa	695		0	False	3
Q01892	Homo sapiens	Metazoa	262		0	False	3
P89114	Saccharomyces cerevisiae (strain ATCC 204508 / S288c)	Fungi	91		0	False	3
Q99595	Homo sapiens	Metazoa	171		0	True	3
Q9H2V7	Homo sapiens	Metazoa	528		0	True	3
P63279	Homo sapiens	Metazoa	158		0	False	3
O60503	Homo sapiens	Metazoa	1353		0	False	3
Q6XR72	Homo sapiens	Metazoa	485		0	True	3
Q16656	Homo sapiens	Metazoa	503		0	False	3
Q02080	Homo sapiens	Metazoa	365		0	False	3
O22793	Arabidopsis thaliana	Plants	219		0	False	3
Q6P087	Homo sapiens	Metazoa	351		0	False	3
Q02127	Homo sapiens	Metazoa	395		0	True	3
P38766	Saccharomyces cerevisiae (strain ATCC 204508 / S288c)	Fungi	723		0	False	3
G1XJN1	Arthrobotrys oligospora (strain ATCC 24927 / CBS 115.81 / DSM 1491)	Fungi	401		0	True	3
P21192	Saccharomyces cerevisiae (strain ATCC 204508 / S288c)	Fungi	770		0	False	3
Q9D7K5	Mus musculus	Metazoa	258		0	False	3
Q9QZQ0	Mus musculus	Metazoa	925		0	False	3
P53246	Saccharomyces cerevisiae (strain ATCC 204508 / S288c)	Fungi	860		0	False	3
A6NFX1	Homo sapiens	Metazoa	504		0	False	3
Q8R010	Mus musculus	Metazoa	320		0	False	3
Q9H9D4	Homo sapiens	Metazoa	720		0	False	3
P38264	Saccharomyces cerevisiae (strain ATCC 204508 / S288c)	Fungi	188		0	True	3
G5EDT1	Caenorhabditis elegans	Metazoa	961		0	False	3
O75367	Homo sapiens	Metazoa	369		0	False	3
Q8N3V7	Homo sapiens	Metazoa	929		0	False	3
O43251	Homo sapiens	Metazoa	390		0	False	3
Q01628	Homo sapiens	Metazoa	133		0	False	3
Q9HA38	Homo sapiens	Metazoa	289		0	False	3
P50552	Homo sapiens	Metazoa	380		0	False	3
Q92353	Schizosaccharomyces pombe (strain 972 / ATCC 24843)	Fungi	468		0	False	3
D4AE59	Rattus norvegicus	Metazoa	436		0	False	3
Q9SWA6	Arabidopsis thaliana	Plants	432		0	False	3
P46667	Arabidopsis thaliana	Plants	312		0	False	3
A0A178VEK7	Arabidopsis thaliana	Plants	300		0	False	3
C6KST8	Plasmodium falciparum (isolate 3D7)	Other	358		0	True	3
A6NGQ2	Homo sapiens	Metazoa	149		0	False	3
O43502	Homo sapiens	Metazoa	376		0	False	3
Q9SMX1	Arabidopsis thaliana	Plants	571		0	False	3
P40205	Homo sapiens	Metazoa	109		0	False	3
Q0VBL6	Mus musculus	Metazoa	662		0	False	3
Q7L2Z9	Homo sapiens	Metazoa	268		0	False	3
Q19203	Caenorhabditis elegans	Metazoa	310		0	False	3
Q8K1M4	Mus musculus	Metazoa	789		0	False	3
Q8NGN3	Homo sapiens	Metazoa	311		0	True	3
Q59RL7	Candida albicans (strain SC5314 / ATCC MYA-2876)	Fungi	853		0	False	3
Q07878	Saccharomyces cerevisiae (strain ATCC 204508 / S288c)	Fungi	3144		0	False	3
P42567	Mus musculus	Metazoa	897		0	False	3
Q7Z333	Homo sapiens	Metazoa	2677		0	False	3
Q9VQB6	Drosophila melanogaster	Metazoa	971		0	False	3
P49590	Homo sapiens	Metazoa	506		0	False	3
Q9M219	Arabidopsis thaliana	Plants	558		0	False	3
P43364	Homo sapiens	Metazoa	429		0	False	3
O82268	Arabidopsis thaliana	Plants	219		0	False	3
P38257	Saccharomyces cerevisiae (strain ATCC 204508 / S288c)	Fungi	691		0	False	3
Q96P11	Homo sapiens	Metazoa	429		0	False	3
P42893	Rattus norvegicus	Metazoa	762		0	True	3
Q13835	Homo sapiens	Metazoa	747		0	False	3
P22974	Mytilus californianus	Metazoa	148		0	False	3
P00414	Homo sapiens	Metazoa	261		0	True	3
P80511	Homo sapiens	Metazoa	92		0	False	3
Q9SR13	Arabidopsis thaliana	Plants	577		0	False	3
O13851	Schizosaccharomyces pombe (strain 972 / ATCC 24843)	Fungi	294		0	False	3
Q9W4X9	Drosophila melanogaster	Metazoa	721		0	False	3
Q5C9Z4	Homo sapiens	Metazoa	860		0	False	3
P08096	Schizosaccharomyces pombe (strain 972 / ATCC 24843)	Fungi	1485		0	False	3
Q9US22	Schizosaccharomyces pombe (strain 972 / ATCC 24843)	Fungi	201		0	False	3
Q96EE3	Homo sapiens	Metazoa	360		0	False	3
Q02884	Saccharomyces cerevisiae (strain ATCC 204508 / S288c)	Fungi	456		0	False	3
Q08891	Arabidopsis thaliana	Plants	616		0	False	3
Q61142	Mus musculus	Metazoa	262		0	False	3
P49133	Zea mays	Plants	409		0	False	3
P38988	Saccharomyces cerevisiae (strain ATCC 204508 / S288c)	Fungi	300		0	True	3
Q96LT7	Homo sapiens	Metazoa	481		0	False	3
Q00055	Saccharomyces cerevisiae (strain ATCC 204508 / S288c)	Fungi	391		0	False	3
O43521	Homo sapiens	Metazoa	198		0	False	3
P26360	Ipomoea batatas	Plants	326		0	False	3
P07884	Saccharomyces cerevisiae (strain ATCC 204508 / S288c)	Fungi	428		0	False	3
Q8R4D1	Mus musculus	Metazoa	576		0	True	3
Q9D1J1	Mus musculus	Metazoa	266		0	False	3
B2AFA8	Podospora anserina (strain S / ATCC MYA-4624 / DSM 980 / FGSC 10383)	Fungi	775		0	False	3
Q2NND9	Arabidopsis thaliana	Plants	371		0	False	3
O44074	Ascaris suum	Metazoa	282		0	False	3
P20153	Drosophila melanogaster	Metazoa	508		0	False	3
O43633	Homo sapiens	Metazoa	222		0	False	3
Q944L3	Arabidopsis thaliana	Plants	446		0	False	3
Q8RWL4	Arabidopsis thaliana	Plants	349		0	False	3
P48412	Saccharomyces cerevisiae (strain ATCC 204508 / S288c)	Fungi	387		0	False	3
Q7TSS2	Mus musculus	Metazoa	422		0	False	3
O80874	Arabidopsis thaliana	Plants	508		0	False	3
Q6ZLB0	Oryza sativa subsp. japonica	Plants	436		0	False	3
Q6ZMT4	Homo sapiens	Metazoa	941		0	False	3
P10870	Saccharomyces cerevisiae (strain ATCC 204508 / S288c)	Fungi	884		0	False	3
Q9HCS7	Homo sapiens	Metazoa	855		0	False	3
Q04725	Homo sapiens	Metazoa	743		0	False	3
P22141	Saccharomyces cerevisiae (strain ATCC 204508 / S288c)	Fungi	198		0	False	3
Q02647	Saccharomyces cerevisiae (strain ATCC 204508 / S288c)	Fungi	92		0	False	3
P18848	Homo sapiens	Metazoa	351		0	False	3
Q9BQI0	Homo sapiens	Metazoa	150		0	False	3
Q9Z301	Rattus norvegicus	Metazoa	1257		0	False	3
Q9H4Z3	Homo sapiens	Metazoa	704		0	False	3
P53212	Saccharomyces cerevisiae (strain ATCC 204508 / S288c)	Fungi	290		0	False	3
P41238	Homo sapiens	Metazoa	236		0	False	3
P35996	Saccharomyces cerevisiae (strain ATCC 204508 / S288c)	Fungi	138		0	False	3
Q8AVT9	Xenopus laevis	Metazoa	370		0	False	3
P40340	Saccharomyces cerevisiae (strain ATCC 204508 / S288c)	Fungi	1379		0	False	3
Q12495	Saccharomyces cerevisiae (strain ATCC 204508 / S288c)	Fungi	606		0	False	3
Q8GZ52	Arabidopsis thaliana	Plants	1400		0	False	3
Q10LI1	Oryza sativa subsp. japonica	Plants	260		0	False	3
P28221	Homo sapiens	Metazoa	377		0	True	3
P08047	Homo sapiens	Metazoa	785		0	False	3
Q99L90	Mus musculus	Metazoa	462		0	False	3
P56274	Ulva pertusa	Plants	98		0	False	3
P09023	Mus musculus	Metazoa	224		0	False	3
P04050	Saccharomyces cerevisiae (strain ATCC 204508 / S288c)	Fungi	1733		0	False	3
P49792	Homo sapiens	Metazoa	3224		0	False	3
Q96T83	Homo sapiens	Metazoa	725		0	True	3
Q11107	Caenorhabditis elegans	Metazoa	2248		0	False	3
P07896	Rattus norvegicus	Metazoa	722		0	False	3
Q689Z5	Mus musculus	Metazoa	1390		0	False	3
Q99JR6	Mus musculus	Metazoa	245		0	False	3
Q9FK02	Arabidopsis thaliana	Plants	380		0	False	3
Q0WNX9	Arabidopsis thaliana	Plants	196		0	False	3
Q95XQ8	Caenorhabditis elegans	Metazoa	823		0	False	3
O43082	Schizosaccharomyces pombe (strain 972 / ATCC 24843)	Fungi	233		0	False	3
Q9CX80	Mus musculus	Metazoa	190		0	False	3
O95202	Homo sapiens	Metazoa	739		0	False	3
Q8R1Q0	Mus musculus	Metazoa	292		0	False	3
Q9BUL9	Homo sapiens	Metazoa	199		0	False	3
Q14980	Homo sapiens	Metazoa	2115		0	False	3
Q9N4M4	Caenorhabditis elegans	Metazoa	8545		0	False	3
Q9Y252	Homo sapiens	Metazoa	685		0	False	3
Q7TNN9	Rattus norvegicus	Metazoa	497		0	True	3
G5EDM7	Caenorhabditis elegans	Metazoa	627		0	False	3
Q12931	Homo sapiens	Metazoa	704		0	False	3
O88559	Mus musculus	Metazoa	611		0	False	3
Q9DEE9	Gallus gallus	Metazoa	396		0	False	3
P30554	Mus musculus	Metazoa	324		0	True	3
H9JBU5	Bombyx mori	Metazoa	157		0	True	3
Q9JLV5	Mus musculus	Metazoa	768		0	False	3
Q68DK7	Homo sapiens	Metazoa	614		0	False	3
P17937	Schizosaccharomyces pombe (strain 972 / ATCC 24843)	Fungi	249		0	False	3
Q5SS91	Mus musculus	Metazoa	320		0	True	3
P48746	Oryctolagus cuniculus	Metazoa	1237		0	False	3
Q9JLI6	Mus musculus	Metazoa	432		0	False	3
Q9CWH0	Mus musculus	Metazoa	301		0	False	3
Q659A1	Homo sapiens	Metazoa	982		0	False	3
Q9VCX1	Drosophila melanogaster	Metazoa	1541		0	False	3
A0A075TXZ8	Penicillium expansum	Fungi	799		0	False	3
Q96KR6	Homo sapiens	Metazoa	192		0	False	3
A1A6M1	Arabidopsis thaliana	Plants	387		0	False	3
Q20480	Caenorhabditis elegans	Metazoa	287		0	False	3
Q03828	Homo sapiens	Metazoa	476		0	False	3
Q4QQS1	Rattus norvegicus	Metazoa	425		0	True	3
P02302	Xenopus laevis	Metazoa	136		0	False	3
P20807	Homo sapiens	Metazoa	821		0	False	3
Q43725	Arabidopsis thaliana	Plants	430		0	False	3
Q8TCB6	Homo sapiens	Metazoa	318		0	True	3
Q96KR7	Homo sapiens	Metazoa	559		0	False	3
P17712	Rattus norvegicus	Metazoa	465		0	False	3
P31749	Homo sapiens	Metazoa	480		0	False	3
Q8BGD8	Mus musculus	Metazoa	79		0	False	3
O95342	Homo sapiens	Metazoa	1321		0	True	3
O74803	Schizosaccharomyces pombe (strain 972 / ATCC 24843)	Fungi	368		0	False	3
Q09LZ8	Mus musculus	Metazoa	540		0	False	3
O15554	Homo sapiens	Metazoa	427		0	True	3
D4A208	Rattus norvegicus	Metazoa	1071		0	False	3
Q96KG9	Homo sapiens	Metazoa	808		0	False	3
F4ISL7	Arabidopsis thaliana	Plants	2166		0	False	3
Q5W0Q7	Homo sapiens	Metazoa	1092		0	False	3
Q9VHY5	Drosophila melanogaster	Metazoa	479		0	False	3
Q8GUT5	Arabidopsis thaliana	Plants	288		0	False	3
D4A1X2	Rattus norvegicus	Metazoa	885		0	False	3
Q13769	Homo sapiens	Metazoa	683		0	False	3
P41891	Schizosaccharomyces pombe (strain 972 / ATCC 24843)	Fungi	500		0	False	3
P27716	Drosophila melanogaster	Metazoa	362		0	True	3
Q12208	Saccharomyces cerevisiae (strain ATCC 204508 / S288c)	Fungi	290		0	False	3
Q80YN4	Rattus norvegicus	Metazoa	1111		0	False	3
P35523	Homo sapiens	Metazoa	988		0	False	3
Q6P4F7	Homo sapiens	Metazoa	1023		0	False	3
Q15070	Homo sapiens	Metazoa	435		0	False	3
Q9UHE8	Homo sapiens	Metazoa	339		0	True	3
Q9C103	Schizosaccharomyces pombe (strain 972 / ATCC 24843)	Fungi	735		0	False	3
P03372	Homo sapiens	Metazoa	595		0	False	3
P33447	Trypanosoma cruzi	Other	416		0	False	3
P21238	Arabidopsis thaliana	Plants	586		0	False	3
Q96EZ8	Homo sapiens	Metazoa	462		0	False	3
O00219	Homo sapiens	Metazoa	553		0	True	3
Q9VWC6	Drosophila melanogaster	Metazoa	1596		0	False	3
O15144	Homo sapiens	Metazoa	300		0	False	3
P14731	Gallus gallus	Metazoa	584		0	False	3
Q9VZU4	Drosophila melanogaster	Metazoa	265		0	False	3
Q8N2Y8	Homo sapiens	Metazoa	1516		0	False	3
O93295	Gallus gallus	Metazoa	493		0	True	3
Q86PD7	Drosophila melanogaster	Metazoa	354		0	False	3
Q9SCK3	Arabidopsis thaliana	Plants	261		0	True	3
Q9NQU5	Homo sapiens	Metazoa	681		0	False	3
P30776	Schizosaccharomyces pombe (strain 972 / ATCC 24843)	Fungi	628		0	False	3
Q9UFC0	Homo sapiens	Metazoa	647		0	False	3
O43683	Homo sapiens	Metazoa	1085		0	False	3
Q9ESD7	Mus musculus	Metazoa	2090		0	False	3
P61599	Homo sapiens	Metazoa	178		0	False	3
F4KDN0	Arabidopsis thaliana	Plants	857		0	False	3
Q9W1X4	Drosophila melanogaster	Metazoa	1711		0	False	3
Q12746	Saccharomyces cerevisiae (strain ATCC 204508 / S288c)	Fungi	312		0	True	3
Q9ZW85	Arabidopsis thaliana	Plants	251		0	False	3
P97822	Mus musculus	Metazoa	260		0	False	3
Q8VZ80	Arabidopsis thaliana	Plants	539		0	True	3
Q8GYC1	Arabidopsis thaliana	Plants	516		0	False	3
Q39101	Arabidopsis thaliana	Plants	255		0	False	3
Q7F2L3	Oryza sativa subsp. japonica	Plants	303		0	False	3
O88286	Mus musculus	Metazoa	1684		0	False	3
Q3E7B2	Saccharomyces cerevisiae (strain ATCC 204508 / S288c)	Fungi	85		0	True	3
Q969F2	Homo sapiens	Metazoa	451		0	False	3
Q5A960	Candida albicans (strain SC5314 / ATCC MYA-2876)	Fungi	833		0	False	3
P69566	Mus musculus	Metazoa	653		0	False	3
P06003	Spinacia oleracea	Plants	473		0	True	3
P03928	Homo sapiens	Metazoa	68		0	True	3
Q02152	Mus musculus	Metazoa	479		0	True	3
P08912	Homo sapiens	Metazoa	532		0	True	3
A0A386CAB9	Danio rerio	Metazoa	1355		0	False	3
Q8CBX0	Mus musculus	Metazoa	802		0	True	3
Q8NE79	Homo sapiens	Metazoa	360		0	True	3
Q17990	Caenorhabditis elegans	Metazoa	439		0	True	3
P0CT72	Schizosaccharomyces pombe (strain 972 / ATCC 24843)	Fungi	253		0	False	3
P25500	Bos taurus	Metazoa	739		0	False	3
O22788	Arabidopsis thaliana	Plants	236		0	False	3
Q08991	Saccharomyces cerevisiae (strain ATCC 204508 / S288c)	Fungi	375		0	True	3
Q9Z1Y0	Rattus norvegicus	Metazoa	236		0	False	3
Q6NVG5	Mus musculus	Metazoa	214		0	False	3
P53983	Saccharomyces cerevisiae (strain ATCC 204508 / S288c)	Fungi	676		0	True	3
P62597	Gallus gallus	Metazoa	778		0	False	3
Q8H136	Arabidopsis thaliana	Plants	619		0	False	3
P56785	Arabidopsis thaliana	Plants	1786		0	True	3
P46062	Mus musculus	Metazoa	1037		0	False	3
Q5TA45	Homo sapiens	Metazoa	600		0	False	3
A0A1S3XSG2	Nicotiana tabacum	Plants	786		0	False	3
Q5ND34	Mus musculus	Metazoa	1934		0	False	3
Q04052	Saccharomyces cerevisiae (strain ATCC 204508 / S288c)	Fungi	950		0	False	3
Q9V7P1	Drosophila melanogaster	Metazoa	506		0	False	3
Q7JNM3	Caenorhabditis elegans	Metazoa	315		0	False	3
P28807	Spinacia oleracea	Plants	88		0	False	3
A0A0K9RDW0	Spinacia oleracea	Plants	675		0	False	3
Q02792	Saccharomyces cerevisiae (strain ATCC 204508 / S288c)	Fungi	1006		0	False	3
P38704	Saccharomyces cerevisiae (strain ATCC 204508 / S288c)	Fungi	541		0	False	3
Q8LFW5	Arabidopsis thaliana	Plants	277		0	False	3
P17106	Saccharomyces cerevisiae (strain ATCC 204508 / S288c)	Fungi	351		0	False	3
Q8LFH5	Arabidopsis thaliana	Plants	239		0	True	3
P40164	Saccharomyces cerevisiae (strain ATCC 204508 / S288c)	Fungi	858		0	False	3
Q9P2N6	Homo sapiens	Metazoa	904		0	False	3
P0CT69	Schizosaccharomyces pombe (strain 972 / ATCC 24843)	Fungi	176		0	False	3
Q9SD11	Arabidopsis thaliana	Plants	103		0	False	3
H9JD76	Bombyx mori	Metazoa	629		0	True	3
P11440	Mus musculus	Metazoa	297		0	False	3
Q8LEU3	Arabidopsis thaliana	Plants	348		0	False	3
Q70SY1	Homo sapiens	Metazoa	520		0	False	3
Q01196	Homo sapiens	Metazoa	453		0	False	3
Q9LEV3	Arabidopsis thaliana	Plants	206		0	False	3
P51530	Homo sapiens	Metazoa	1060		0	False	3
P31356	Todarodes pacificus	Metazoa	448		0	True	3
Q91XJ0	Rattus norvegicus	Metazoa	401		0	False	3
P80457	Bos taurus	Metazoa	1332		0	False	3
Q9USV1	Schizosaccharomyces pombe (strain 972 / ATCC 24843)	Fungi	299		0	False	3
F4JL28	Arabidopsis thaliana	Plants	234		0	False	3
Q8RWX4	Arabidopsis thaliana	Plants	611		0	False	3
Q02864	Saccharomyces cerevisiae (strain ATCC 204508 / S288c)	Fungi	156		0	False	3
Q99581	Homo sapiens	Metazoa	238		0	False	3
Q9UM07	Homo sapiens	Metazoa	663		0	False	3
P38319	Saccharomyces cerevisiae (strain ATCC 204508 / S288c)	Fungi	544		0	False	3
P30009	Rattus norvegicus	Metazoa	309		0	False	3
P18283	Homo sapiens	Metazoa	190		0	False	3
Q8BWN8	Mus musculus	Metazoa	421		0	False	3
P54785	Saccharomyces cerevisiae (strain ATCC 204508 / S288c)	Fungi	490		0	False	3
P00290	Lactuca sativa	Plants	99		0	False	3
O88267	Rattus norvegicus	Metazoa	419		0	False	3
P92189	Drosophila melanogaster	Metazoa	321		0	False	3
P04910	Schizosaccharomyces pombe (strain 972 / ATCC 24843)	Fungi	131		0	False	3
O74789	Schizosaccharomyces pombe (strain 972 / ATCC 24843)	Fungi	348		0	False	3
O59790	Schizosaccharomyces pombe (strain 972 / ATCC 24843)	Fungi	355		0	False	3
P40237	Mus musculus	Metazoa	266		0	True	3
O14843	Homo sapiens	Metazoa	346		0	True	3
P05023	Homo sapiens	Metazoa	1023		0	True	3
P28066	Homo sapiens	Metazoa	241		0	False	3
Q8WXB4	Homo sapiens	Metazoa	792		0	False	3
Q9SIL6	Arabidopsis thaliana	Plants	286		0	True	3
Q11208	Sarcophaga peregrina	Metazoa	996		0	False	3
Q54HS3	Dictyostelium discoideum	Other	1486		0	False	3
O81027	Arabidopsis thaliana	Plants	468		0	False	3
P26687	Mus musculus	Metazoa	206		0	False	3
Q06546	Homo sapiens	Metazoa	454		0	False	3
P80680	Zea mays	Plants	97		0	False	3
Q14692	Homo sapiens	Metazoa	1282		0	False	3
Q56Y52	Arabidopsis thaliana	Plants	467		0	False	3
P14653	Homo sapiens	Metazoa	301		0	False	3
Q09142	Schizosaccharomyces pombe (strain 972 / ATCC 24843)	Fungi	535		0	False	3
P0CV96	Fragaria vesca	Plants	580		0	False	3
Q85FY7	Cyanidioschyzon merolae (strain NIES-3377 / 10D)	Other	748		0	True	3
P42027	Brassica oleracea	Plants	215		0	False	3
P09671	Mus musculus	Metazoa	222		0	False	3
Q96CU9	Homo sapiens	Metazoa	486		0	True	3
P36163	Saccharomyces cerevisiae (strain ATCC 204508 / S288c)	Fungi	345		0	True	3
Q8IVQ6	Homo sapiens	Metazoa	265		0	True	3
Q8NE09	Homo sapiens	Metazoa	1264		0	False	3
Q4WGS5	Aspergillus fumigatus (strain ATCC MYA-4609 / CBS 101355 / FGSC A1100 / Af293)	Fungi	577		0	True	3
O13802	Schizosaccharomyces pombe (strain 972 / ATCC 24843)	Fungi	333		0	False	3
Q90ZS6	Xenopus laevis	Metazoa	1271		0	False	3
D3J162	Medicago truncatula	Plants	541		0	False	3
P53261	Saccharomyces cerevisiae (strain ATCC 204508 / S288c)	Fungi	605		0	False	3
Q9I9B9	Torpedo marmorata	Metazoa	646		0	True	3
Q2M1K9	Homo sapiens	Metazoa	1284		0	False	3
Q10337	Schizosaccharomyces pombe (strain 972 / ATCC 24843)	Fungi	849		0	False	3
O75469	Homo sapiens	Metazoa	434		0	False	3
Q8GXJ1	Arabidopsis thaliana	Plants	552		0	False	3
O13688	Schizosaccharomyces pombe (strain 972 / ATCC 24843)	Fungi	522		0	False	3
Q9M7Q7	Arabidopsis thaliana	Plants	263		0	False	3
P38325	Saccharomyces cerevisiae (strain ATCC 204508 / S288c)	Fungi	134		0	True	3
Q09094	Schizosaccharomyces pombe (strain 972 / ATCC 24843)	Fungi	180		0	False	3
Q54RD6	Dictyostelium discoideum	Other	312		0	False	3
P18544	Saccharomyces cerevisiae (strain ATCC 204508 / S288c)	Fungi	423		0	False	3
O15516	Homo sapiens	Metazoa	846		0	False	3
P17917	Drosophila melanogaster	Metazoa	260		0	False	3
Q8CGP5	Mus musculus	Metazoa	130		0	False	3
Q04087	Saccharomyces cerevisiae (strain ATCC 204508 / S288c)	Fungi	347		0	False	3
Q6PFX2	Mus musculus	Metazoa	281		0	False	3
B9DFA8	Arabidopsis thaliana	Plants	664		0	False	3
Q9C7S5	Arabidopsis thaliana	Plants	1095		0	True	3
Q9Y3A4	Homo sapiens	Metazoa	280		0	False	3
P06746	Homo sapiens	Metazoa	335		0	False	3
Q9H5Q4	Homo sapiens	Metazoa	396		0	False	3
Q9QY02	Rattus norvegicus	Metazoa	738		0	False	3
P57080	Mus musculus	Metazoa	1055		0	False	3
Q9Y324	Homo sapiens	Metazoa	198		0	False	3
Q42588	Arabidopsis thaliana	Plants	314		0	False	3
O45952	Caenorhabditis elegans	Metazoa	249		0	False	3
O60921	Homo sapiens	Metazoa	280		0	False	3
Q9SY59	Arabidopsis thaliana	Plants	1188		0	False	3
O60741	Homo sapiens	Metazoa	890		0	False	3
P01111	Homo sapiens	Metazoa	189		0	False	3
O76329	Dictyostelium discoideum	Other	1738		0	False	3
Q8L4R0	Arabidopsis thaliana	Plants	350		0	False	3
Q68SB1	Rattus norvegicus	Metazoa	571		0	False	3
Q7TMS5	Mus musculus	Metazoa	657		0	False	3
O75677	Homo sapiens	Metazoa	317		0	False	3
Q8W4F1	Arabidopsis thaliana	Plants	284		0	False	3
P49756	Homo sapiens	Metazoa	843		0	False	3
P40326	Saccharomyces cerevisiae (strain ATCC 204508 / S288c)	Fungi	108		0	False	3
Q9JL56	Mus musculus	Metazoa	331		0	True	3
Q7M6Y2	Mus musculus	Metazoa	395		0	False	3
P33534	Mus musculus	Metazoa	380		0	True	3
Q8SVA6	Encephalitozoon cuniculi (strain GB-M1)	Fungi	391		0	False	3
Q54HI5	Dictyostelium discoideum	Other	716		0	False	3
P30542	Homo sapiens	Metazoa	326		0	True	3
O70324	Mus musculus	Metazoa	545		0	False	3
C0HMD7	Homo sapiens	Metazoa	151		0	False	3
P32198	Rattus norvegicus	Metazoa	773		0	True	3
O95271	Homo sapiens	Metazoa	1327		0	False	3
P98192	Mus musculus	Metazoa	678		0	False	3
O22609	Arabidopsis thaliana	Plants	439		0	False	3
Q9Y228	Homo sapiens	Metazoa	551		0	False	3
Q8CHP0	Mus musculus	Metazoa	950		0	False	3
P29373	Homo sapiens	Metazoa	138		0	False	3
Q03213	Saccharomyces cerevisiae (strain ATCC 204508 / S288c)	Fungi	719		0	False	3
P54367	Drosophila melanogaster	Metazoa	337		0	False	3
Q9VXE5	Drosophila melanogaster	Metazoa	639		0	False	3
Q6NUD0	Xenopus laevis	Metazoa	333		0	False	3
O80548	Arabidopsis thaliana	Plants	693		0	False	3
P00012	Mirounga leonina	Metazoa	105		0	False	3
P82163	Spinacia oleracea	Plants	172		0	False	3
Q9CQF3	Mus musculus	Metazoa	227		0	False	3
P07470	Bos taurus	Metazoa	80		0	True	3
Q5SUQ9	Mus musculus	Metazoa	1212		0	False	3
O55029	Mus musculus	Metazoa	905		0	False	3
P00185	Rattus norvegicus	Metazoa	524		0	False	3
Q9SR06	Arabidopsis thaliana	Plants	444		0	False	3
O15438	Homo sapiens	Metazoa	1527		0	True	3
Q5XEN5	Arabidopsis thaliana	Plants	204		0	False	3
Q9LDC0	Arabidopsis thaliana	Plants	365		0	False	3
Q96JZ2	Homo sapiens	Metazoa	352		0	False	3
Q13241	Homo sapiens	Metazoa	179		0	True	3
Q92831	Homo sapiens	Metazoa	832		0	False	3
Q9W4N2	Drosophila melanogaster	Metazoa	788		0	False	3
Q9JK24	Mus musculus	Metazoa	453		0	False	3
Q8SWX0	Drosophila melanogaster	Metazoa	167		0	False	3
P27694	Homo sapiens	Metazoa	616		0	False	3
P39929	Saccharomyces cerevisiae (strain ATCC 204508 / S288c)	Fungi	240		0	False	3
Q10S44	Oryza sativa subsp. japonica	Plants	354		0	False	3
P32266	Saccharomyces cerevisiae (strain ATCC 204508 / S288c)	Fungi	881		0	True	3
P18846	Homo sapiens	Metazoa	271		0	False	3
P82180	Spinacia oleracea	Plants	196		0	False	3
A8J785	Chlamydomonas reinhardtii	Plants	209		0	True	3
P32573	Saccharomyces cerevisiae (strain ATCC 204508 / S288c)	Fungi	292		0	False	3
Q6RVV4	Pisum sativum	Plants	316		0	False	3
Q9W484	Drosophila melanogaster	Metazoa	985		0	False	3
Q96RF0	Homo sapiens	Metazoa	628		0	False	3
P22082	Saccharomyces cerevisiae (strain ATCC 204508 / S288c)	Fungi	1703		0	False	3
O14686	Homo sapiens	Metazoa	5537		0	False	3
Q9Z262	Mus musculus	Metazoa	219		0	True	3
Q9ZR07	Arabidopsis thaliana	Plants	187		0	False	3
O49543	Arabidopsis thaliana	Plants	453		0	False	3
O82660	Arabidopsis thaliana	Plants	403		0	False	3
Q9FY94	Arabidopsis thaliana	Plants	292		0	True	3
P38746	Saccharomyces cerevisiae (strain ATCC 204508 / S288c)	Fungi	405		0	False	3
P28482	Homo sapiens	Metazoa	360		0	False	3
O04482	Arabidopsis thaliana	Plants	330		0	False	3
Q9P0Z9	Homo sapiens	Metazoa	390		0	False	3
Q80UF9	Mus musculus	Metazoa	577		0	True	3
Q9M0A5	Arabidopsis thaliana	Plants	249		0	False	3
Q06168	Saccharomyces cerevisiae (strain ATCC 204508 / S288c)	Fungi	426		0	False	3
Q14151	Homo sapiens	Metazoa	953		0	False	3
Q64244	Rattus norvegicus	Metazoa	303		0	True	3
Q9NV06	Homo sapiens	Metazoa	445		0	False	3
P68350	Arabidopsis thaliana	Plants	175		0	False	3
Q96NB3	Homo sapiens	Metazoa	372		0	False	3
O74433	Schizosaccharomyces pombe (strain 972 / ATCC 24843)	Fungi	67		0	True	3
O75190	Homo sapiens	Metazoa	326		0	False	3
Q9XUK2	Caenorhabditis elegans	Metazoa	307		0	False	3
Q9FZD1	Arabidopsis thaliana	Plants	630		0	False	3
P70697	Mus musculus	Metazoa	367		0	False	3
F4J117	Arabidopsis thaliana	Plants	591		0	False	3
Q9LX31	Arabidopsis thaliana	Plants	265		0	False	3
P35383	Mus musculus	Metazoa	373		0	True	3
P40471	Saccharomyces cerevisiae (strain ATCC 204508 / S288c)	Fungi	297		0	False	3
P0C5Y7	Schizosaccharomyces pombe (strain 972 / ATCC 24843)	Fungi	102		0	False	3
O24646	Arabidopsis thaliana	Plants	168		0	False	3
Q08747	Saccharomyces cerevisiae (strain ATCC 204508 / S288c)	Fungi	228		0	False	3
Q6P1Q0	Homo sapiens	Metazoa	360		0	False	3
O43557	Homo sapiens	Metazoa	240		0	True	3
P50077	Saccharomyces cerevisiae (strain ATCC 204508 / S288c)	Fungi	2039		0	False	3
P53064	Saccharomyces cerevisiae (strain ATCC 204508 / S288c)	Fungi	558		0	False	3
Q04431	Saccharomyces cerevisiae (strain ATCC 204508 / S288c)	Fungi	385		0	False	3
P00230	Phytolacca acinosa	Plants	96		0	False	3
Q9P0J6	Homo sapiens	Metazoa	103		0	False	3
P53115	Saccharomyces cerevisiae (strain ATCC 204508 / S288c)	Fungi	1489		0	False	3
P32048	Saccharomyces cerevisiae (strain ATCC 204508 / S288c)	Fungi	576		0	False	3
Q7SB95	Neurospora crassa (strain ATCC 24698 / 74-OR23-1A / CBS 708.71 / DSM 1257 / FGSC 987)	Fungi	117		0	False	3
Q42592	Arabidopsis thaliana	Plants	372		0	False	3
C9JLW8	Homo sapiens	Metazoa	97		0	False	3
Q64267	Mus musculus	Metazoa	272		0	False	3
Q9NUM4	Homo sapiens	Metazoa	274		0	False	3
Q9LZ78	Arabidopsis thaliana	Plants	127		0	False	3
P40096	Saccharomyces cerevisiae (strain ATCC 204508 / S288c)	Fungi	142		0	False	3
Q9BWJ5	Homo sapiens	Metazoa	86		0	False	3
P39682	Saccharomyces cerevisiae (strain ATCC 204508 / S288c)	Fungi	629		0	False	3
Q8TF40	Homo sapiens	Metazoa	1166		0	False	3
P56857	Mus musculus	Metazoa	264		0	True	3
Q94901	Drosophila melanogaster	Metazoa	352		0	False	3
Q9C9P4	Arabidopsis thaliana	Plants	541		0	False	3
Q9VW51	Drosophila melanogaster	Metazoa	1059		0	False	3
Q9VEC1	Drosophila melanogaster	Metazoa	642		0	False	3
Q9WTS5	Mus musculus	Metazoa	2764		0	False	3
P15341	Equus caballus	Metazoa	50		0	False	3
Q96AM1	Homo sapiens	Metazoa	343		0	True	3
Q06497	Saccharomyces cerevisiae (strain ATCC 204508 / S288c)	Fungi	328		0	True	3
Q9NNW7	Homo sapiens	Metazoa	524		0	False	3
Q6A0D4	Mus musculus	Metazoa	554		0	False	3
Q8R104	Mus musculus	Metazoa	334		0	False	3
P63085	Mus musculus	Metazoa	358		0	False	3
P61074	Plasmodium falciparum (isolate 3D7)	Other	274		0	False	3
Q9NRG9	Homo sapiens	Metazoa	546		0	False	3
Q9BW85	Homo sapiens	Metazoa	323		0	False	3
G4SLH0	Caenorhabditis elegans	Metazoa	18562		0	False	3
P06182	Saccharomyces cerevisiae (strain ATCC 204508 / S288c)	Fungi	269		0	False	3
Q9LXJ1	Arabidopsis thaliana	Plants	140		0	False	3
P11703	Spinacia oleracea	Plants	1070		0	False	3
Q9T014	Arabidopsis thaliana	Plants	1036		0	False	3
P41005	Schizosaccharomyces pombe (strain 972 / ATCC 24843)	Fungi	101		0	False	3
P40485	Saccharomyces cerevisiae (strain ATCC 204508 / S288c)	Fungi	686		0	False	3
Q9WTW8	Rattus norvegicus	Metazoa	647		0	False	3
Q9FFJ8	Arabidopsis thaliana	Plants	449		0	False	3
P09622	Homo sapiens	Metazoa	509		0	False	3
P13346	Mus musculus	Metazoa	338		0	False	3
Q9UTM0	Schizosaccharomyces pombe (strain 972 / ATCC 24843)	Fungi	249		0	False	3
A0A125YSC7	Toxoplasma gondii (strain ATCC 50611 / Me49)	Other	412		0	True	3
P40032	Saccharomyces cerevisiae (strain ATCC 204508 / S288c)	Fungi	644		0	False	3
P35203	Saccharomyces cerevisiae (strain ATCC 204508 / S288c)	Fungi	478		0	False	3
Q5W0Z9	Homo sapiens	Metazoa	365		0	True	3
Q40477	Nicotiana tabacum	Plants	225		0	False	3
Q86T26	Homo sapiens	Metazoa	416		0	True	3
P42774	Arabidopsis thaliana	Plants	315		0	False	3
Q7RTV0	Homo sapiens	Metazoa	110		0	False	3
Q5JPH6	Homo sapiens	Metazoa	523		0	False	3
P52435	Homo sapiens	Metazoa	117		0	False	3
P40014	Saccharomyces cerevisiae (strain ATCC 204508 / S288c)	Fungi	221		0	False	3
Q9WU65	Mus musculus	Metazoa	554		0	False	3
Q92633	Homo sapiens	Metazoa	364		0	True	3
P37088	Homo sapiens	Metazoa	669		0	True	3
P10566	Saccharomyces cerevisiae (strain ATCC 204508 / S288c)	Fungi	314		0	True	3
O14161	Schizosaccharomyces pombe (strain 972 / ATCC 24843)	Fungi	293		0	False	3
Q6NWY9	Homo sapiens	Metazoa	871		0	False	3
Q9H165	Homo sapiens	Metazoa	835		0	False	3
Q14296	Homo sapiens	Metazoa	549		0	False	3
P52294	Homo sapiens	Metazoa	538		0	False	3
Q9NZH6	Homo sapiens	Metazoa	218		0	False	3
O44476	Caenorhabditis elegans	Metazoa	833		0	False	3
W0RYD3	Oryza sativa subsp. japonica	Plants	2135		0	False	3
P62775	Rattus norvegicus	Metazoa	118		0	False	3
Q9P287	Homo sapiens	Metazoa	314		0	False	3
Q8K0U3	Mus musculus	Metazoa	198		0	True	3
Q80TI0	Mus musculus	Metazoa	738		0	False	3
P46462	Rattus norvegicus	Metazoa	806		0	False	3
Q9JJ28	Mus musculus	Metazoa	1271		0	False	3
Q15311	Homo sapiens	Metazoa	655		0	False	3
O88379	Mus musculus	Metazoa	1555		0	False	3
C0HKE6	Mus musculus	Metazoa	130		0	False	3
Q9LU39	Arabidopsis thaliana	Plants	317		0	False	3
Q96T58	Homo sapiens	Metazoa	3664		0	False	3
Q9NY46	Homo sapiens	Metazoa	2000		0	False	3
A1Z7A6	Drosophila melanogaster	Metazoa	1155		0	False	3
P29386	Arabidopsis thaliana	Plants	252		0	False	3
Q9NSD5	Homo sapiens	Metazoa	602		0	True	3
P23368	Homo sapiens	Metazoa	584		0	False	3
O96626	Dictyostelium discoideum	Other	138		0	False	3
P22907	Mus musculus	Metazoa	361		0	False	3
Q9R0W2	Rattus norvegicus	Metazoa	555		0	True	3
P50542	Homo sapiens	Metazoa	639		0	False	3
P56378	Homo sapiens	Metazoa	58		0	True	3
Q944G5	Arabidopsis thaliana	Plants	636		0	True	3
Q06567	Saccharomyces cerevisiae (strain ATCC 204508 / S288c)	Fungi	569		0	True	3
P84074	Homo sapiens	Metazoa	193		0	False	3
Q8CJF7	Mus musculus	Metazoa	2243		0	False	3
Q5XKL5	Homo sapiens	Metazoa	1792		0	False	3
Q3L8U1	Homo sapiens	Metazoa	2897		0	False	3
Q801E2	Xenopus laevis	Metazoa	1116		0	False	3
Q8BP71	Mus musculus	Metazoa	449		0	False	3
Q90X64	Xenopus laevis	Metazoa	521		0	False	3
Q96DV4	Homo sapiens	Metazoa	380		0	False	3
O60729	Homo sapiens	Metazoa	498		0	False	3
Q14642	Homo sapiens	Metazoa	412		0	False	3
P97852	Rattus norvegicus	Metazoa	735		0	False	3
P60709	Homo sapiens	Metazoa	375		0	False	3
Q8L9J7	Arabidopsis thaliana	Plants	247		0	True	3
Q64429	Mus musculus	Metazoa	543		0	False	3
Q94CD4	Arabidopsis thaliana	Plants	134		0	False	3
P30355	Mus musculus	Metazoa	161		0	True	3
Q16798	Homo sapiens	Metazoa	604		0	False	3
Q09293	Caenorhabditis elegans	Metazoa	367		0	False	3
Q27272	Drosophila melanogaster	Metazoa	278		0	False	3
Q9FEA2	Arabidopsis thaliana	Plants	570		0	False	3
Q96GE9	Homo sapiens	Metazoa	116		0	True	3
O75496	Homo sapiens	Metazoa	209		0	False	3
Q3E846	Saccharomyces cerevisiae (strain ATCC 204508 / S288c)	Fungi	104		0	False	3
P03892	Bos taurus	Metazoa	347		0	True	3
Q8NBF2	Homo sapiens	Metazoa	726		0	False	3
Q07116	Rattus norvegicus	Metazoa	546		0	False	3
P31249	Homo sapiens	Metazoa	432		0	False	3
Q570C0	Arabidopsis thaliana	Plants	594		0	False	3
C0HM98	Homo sapiens	Metazoa	186		0	False	3
Q91WC0	Mus musculus	Metazoa	594		0	False	3
O43525	Homo sapiens	Metazoa	872		0	False	3
Q9UTT2	Schizosaccharomyces pombe (strain 972 / ATCC 24843)	Fungi	1206		0	False	3
P09940	Cyberlindnera jadinii	Fungi	63		0	False	3
P55852	Arabidopsis thaliana	Plants	100		0	False	3
Q09808	Schizosaccharomyces pombe (strain 972 / ATCC 24843)	Fungi	152		0	False	3
Q7TMR7	Rattus norvegicus	Metazoa	522		0	True	3
Q9WV52	Mus musculus	Metazoa	353		0	False	3
P32300	Mus musculus	Metazoa	372		0	True	3
Q9EQW6	Mus musculus	Metazoa	323		0	False	3
P38936	Homo sapiens	Metazoa	164		0	False	3
P52566	Homo sapiens	Metazoa	201		0	False	3
Q9LUB7	Arabidopsis thaliana	Plants	574		0	False	3
Q60714	Mus musculus	Metazoa	646		0	True	3
O14328	Schizosaccharomyces pombe (strain 972 / ATCC 24843)	Fungi	474		0	False	3
B1AWN6	Mus musculus	Metazoa	2006		0	False	3
P08483	Rattus norvegicus	Metazoa	589		0	True	3
Q9D5T0	Mus musculus	Metazoa	361		0	True	3
Q9DAM1	Mus musculus	Metazoa	415		0	False	3
Q6IDB6	Arabidopsis thaliana	Plants	182		0	False	3
Q9R1M5	Mus musculus	Metazoa	1163		0	False	3
Q9C107	Schizosaccharomyces pombe (strain 972 / ATCC 24843)	Fungi	815		0	False	3
Q10274	Schizosaccharomyces pombe (strain 972 / ATCC 24843)	Fungi	390		0	False	3
P36531	Saccharomyces cerevisiae (strain ATCC 204508 / S288c)	Fungi	177		0	False	3
O75746	Homo sapiens	Metazoa	678		0	False	3
P51947	Xenopus laevis	Metazoa	323		0	False	3
Q9SHZ6	Arabidopsis thaliana	Plants	343		0	False	3
Q5HZI1	Mus musculus	Metazoa	1210		0	False	3
Q9UJC5	Homo sapiens	Metazoa	107		0	False	3
P36613	Schizosaccharomyces pombe (strain 972 / ATCC 24843)	Fungi	322		0	False	3
Q1K4P1	Neurospora crassa (strain ATCC 24698 / 74-OR23-1A / CBS 708.71 / DSM 1257 / FGSC 987)	Fungi	129		0	False	3
O15530	Homo sapiens	Metazoa	556		0	False	3
P87315	Schizosaccharomyces pombe (strain 972 / ATCC 24843)	Fungi	1630		0	False	3
P41440	Homo sapiens	Metazoa	591		0	True	3
P47027	Saccharomyces cerevisiae (strain ATCC 204508 / S288c)	Fungi	764		0	False	3
P82930	Homo sapiens	Metazoa	218		0	False	3
Q7K556	Drosophila melanogaster	Metazoa	475		0	False	3
O95433	Homo sapiens	Metazoa	338		0	False	3
Q6K9U2	Oryza sativa subsp. japonica	Plants	279		0	False	3
Q8GSM2	Hordeum vulgare	Plants	896		0	False	3
Q4G176	Homo sapiens	Metazoa	576		0	False	3
P05066	Saccharomyces cerevisiae (strain ATCC 204508 / S288c)	Fungi	565		0	False	3
O43114	Schizosaccharomyces pombe (strain 972 / ATCC 24843)	Fungi	455		0	False	3
P52483	Mus musculus	Metazoa	207		0	False	3
Q6UB99	Homo sapiens	Metazoa	2663		0	False	3
Q920M9	Rattus norvegicus	Metazoa	282		0	False	3
Q9M9X4	Arabidopsis thaliana	Plants	295		0	False	3
Q28852	Bos taurus	Metazoa	103		0	False	3
Q13637	Homo sapiens	Metazoa	225		0	False	3
D6RGH6	Homo sapiens	Metazoa	385		0	False	3
Q06184	Euplotes crassus	Other	446		0	False	3
Q8N108	Homo sapiens	Metazoa	512		0	False	3
Q9WVK4	Mus musculus	Metazoa	534		0	False	3
Q9UNH7	Homo sapiens	Metazoa	406		0	False	3
Q84Y18	Arabidopsis thaliana	Plants	332		0	False	3
O35671	Mus musculus	Metazoa	200		0	False	3
O75844	Homo sapiens	Metazoa	475		0	True	3
P49660	Mus musculus	Metazoa	385		0	True	3
P32322	Homo sapiens	Metazoa	319		0	False	3
Q00816	Saccharomyces cerevisiae (strain ATCC 204508 / S288c)	Fungi	1014		0	False	3
P70545	Rattus norvegicus	Metazoa	587		0	True	3
Q9BWN1	Homo sapiens	Metazoa	585		0	False	3
Q6TEC1	Xenopus laevis	Metazoa	212		0	False	3
P47863	Rattus norvegicus	Metazoa	323		0	True	3
Q8RWN5	Arabidopsis thaliana	Plants	310		0	False	3
Q03533	Saccharomyces cerevisiae (strain ATCC 204508 / S288c)	Fungi	586		0	False	3
Q8VYA5	Arabidopsis thaliana	Plants	290		0	False	3
P35631	Arabidopsis thaliana	Plants	256		0	False	3
G5EF68	Caenorhabditis elegans	Metazoa	648		0	False	3
P68209	Arabidopsis thaliana	Plants	347		0	False	3
Q86YT5	Homo sapiens	Metazoa	568		0	True	3
Q9UQ13	Homo sapiens	Metazoa	582		0	False	3
P24813	Saccharomyces cerevisiae (strain ATCC 204508 / S288c)	Fungi	409		0	False	3
Q9R0Q2	Rattus norvegicus	Metazoa	351		0	True	3
Q99P21	Mus musculus	Metazoa	515		0	False	3
P49030	Oryza sativa subsp. japonica	Plants	160		0	False	3
Q9UBJ2	Homo sapiens	Metazoa	740		0	False	3
P08962	Homo sapiens	Metazoa	238		0	True	3
P83949	Drosophila melanogaster	Metazoa	389		0	False	3
Q9FKW0	Arabidopsis thaliana	Plants	522		0	False	3
O54967	Mus musculus	Metazoa	1055		0	False	3
Q45FA5	Physarum polycephalum	Other	426		0	False	3
Q9BR61	Homo sapiens	Metazoa	282		0	False	3
O74191	Schizosaccharomyces pombe (strain 972 / ATCC 24843)	Fungi	361		0	False	3
Q4L180	Homo sapiens	Metazoa	1135		0	False	3
P0DO24	Arabidopsis thaliana	Plants	649		0	False	3
Q9TV66	Oryctolagus cuniculus	Metazoa	1175		0	False	3
O50008	Arabidopsis thaliana	Plants	765		0	False	3
O47027	Chlamydomonas reinhardtii	Plants	570		0	False	3
Q6NPF9	Arabidopsis thaliana	Plants	172		0	False	3
O49485	Arabidopsis thaliana	Plants	603		0	False	3
Q9FJV5	Arabidopsis thaliana	Plants	276		0	False	3
P23023	Drosophila melanogaster	Metazoa	549		0	False	3
Q8H1D9	Arabidopsis thaliana	Plants	605		0	False	3
P07246	Saccharomyces cerevisiae (strain ATCC 204508 / S288c)	Fungi	375		0	False	3
O43889	Homo sapiens	Metazoa	371		0	False	3
Q12156	Saccharomyces cerevisiae (strain ATCC 204508 / S288c)	Fungi	149		0	False	3
Q9UHV8	Homo sapiens	Metazoa	139		0	False	3
P38289	Saccharomyces cerevisiae (strain ATCC 204508 / S288c)	Fungi	585		0	False	3
Q9I7U4	Drosophila melanogaster	Metazoa	18141		0	False	3
O60941	Homo sapiens	Metazoa	627		0	False	3
Q9UBI1	Homo sapiens	Metazoa	195		0	False	3
P08708	Homo sapiens	Metazoa	135		0	False	3
Q9ESJ7	Mus musculus	Metazoa	259		0	False	3
Q61471	Mus musculus	Metazoa	362		0	False	3
O94225	Penicillium rubens (strain ATCC 28089 / DSM 1075 / NRRL 1951 / Wisconsin 54-1255)	Fungi	474		0	False	3
P24329	Rattus norvegicus	Metazoa	297		0	False	3
Q23405	Caenorhabditis elegans	Metazoa	842		0	False	3
Q06450	Ipomoea batatas	Plants	70		0	False	3
Q91821	Xenopus laevis	Metazoa	651		0	False	3
O46101	Drosophila melanogaster	Metazoa	244		0	True	3
O04983	Arabidopsis thaliana	Plants	537		0	False	3
Q7Z4T9	Homo sapiens	Metazoa	767		0	False	3
P54705	Dictyostelium discoideum	Other	685		0	False	3
O76064	Homo sapiens	Metazoa	485		0	False	3
P32875	Saccharomyces cerevisiae (strain ATCC 204508 / S288c)	Fungi	414		0	False	3
Q9UJ98	Homo sapiens	Metazoa	1225		0	False	3
Q9C666	Arabidopsis thaliana	Plants	197		0	False	3
O14776	Homo sapiens	Metazoa	1098		0	False	3
Q9SGH4	Arabidopsis thaliana	Plants	220		0	False	3
Q8N4H5	Homo sapiens	Metazoa	51		0	True	3
Q16526	Homo sapiens	Metazoa	586		0	False	3
Q9ZUY3	Arabidopsis thaliana	Plants	424		0	False	3
P80667	Saccharomyces cerevisiae (strain ATCC 204508 / S288c)	Fungi	386		0	False	3
Q8N543	Homo sapiens	Metazoa	542		0	False	3
P01120	Saccharomyces cerevisiae (strain ATCC 204508 / S288c)	Fungi	322		0	False	3
P42117	Neurospora crassa (strain ATCC 24698 / 74-OR23-1A / CBS 708.71 / DSM 1257 / FGSC 987)	Fungi	82		0	True	3
Q93WE4	Arabidopsis thaliana	Plants	216		0	False	3
P97346	Mus musculus	Metazoa	435		0	False	3
Q9VR17	Drosophila melanogaster	Metazoa	363		0	False	3
Q8TC05	Homo sapiens	Metazoa	714		0	False	3
Q9QZE5	Mus musculus	Metazoa	874		0	False	3
O81488	Arabidopsis thaliana	Plants	255		0	False	3
Q5DRK1	Rattus norvegicus	Metazoa	494		0	True	3
Q8WY91	Homo sapiens	Metazoa	577		0	False	3
P19024	Rattus norvegicus	Metazoa	602		0	False	3
O00482	Homo sapiens	Metazoa	541		0	False	3
Q5U349	Rattus norvegicus	Metazoa	618		0	False	3
Q9WUW8	Rattus norvegicus	Metazoa	296		0	False	3
Q14CZ0	Homo sapiens	Metazoa	275		0	False	3
Q41387	Spinacia oleracea	Plants	137		0	False	3
Q8BQU6	Mus musculus	Metazoa	440		0	True	3
Q86UP8	Homo sapiens	Metazoa	949		0	False	3
P0C7P0	Homo sapiens	Metazoa	127		0	False	3
Q9XH48	Arabidopsis thaliana	Plants	87		0	False	3
P40997	Schizosaccharomyces pombe (strain 972 / ATCC 24843)	Fungi	402		0	False	3
Q9VE04	Drosophila melanogaster	Metazoa	107		0	False	3
Q32PI8	Bos taurus	Metazoa	415		0	False	3
O54833	Mus musculus	Metazoa	350		0	False	3
Q6ZU64	Homo sapiens	Metazoa	1925		0	False	3
Q15025	Homo sapiens	Metazoa	636		0	False	3
Q10S82	Oryza sativa subsp. japonica	Plants	492		0	False	3
A0A0K3AUE4	Caenorhabditis elegans	Metazoa	1968		0	False	3
Q9NWS8	Homo sapiens	Metazoa	449		0	False	3
Q8N205	Homo sapiens	Metazoa	404		0	False	3
Q0IMG9	Oryza sativa subsp. japonica	Plants	694		0	False	3
P38126	Saccharomyces cerevisiae (strain ATCC 204508 / S288c)	Fungi	564		0	False	3
P53846	Saccharomyces cerevisiae (strain ATCC 204508 / S288c)	Fungi	162		0	False	3
P81178	Mesocricetus auratus	Metazoa	500		0	False	3
O75920	Homo sapiens	Metazoa	110		0	False	3
Q96242	Arabidopsis thaliana	Plants	518		0	False	3
O60306	Homo sapiens	Metazoa	1485		0	False	3
O74184	Schizosaccharomyces pombe (strain 972 / ATCC 24843)	Fungi	314		0	False	3
P07591	Spinacia oleracea	Plants	181		0	False	3
Q9P1Z2	Homo sapiens	Metazoa	691		0	False	3
O35425	Mus musculus	Metazoa	213		0	False	3
Q9LLC6	Chlamydomonas reinhardtii	Plants	198		0	False	3
Q7Z5Q5	Homo sapiens	Metazoa	900		0	False	3
Q13733	Homo sapiens	Metazoa	1029		0	False	3
O94326	Schizosaccharomyces pombe (strain 972 / ATCC 24843)	Fungi	609		0	False	3
Q99314	Saccharomyces cerevisiae (strain ATCC 204508 / S288c)	Fungi	248		0	False	3
Q8RXD6	Arabidopsis thaliana	Plants	878		0	False	3
Q9DED4	Xenopus laevis	Metazoa	166		0	False	3
Q8LAM0	Arabidopsis thaliana	Plants	365		0	False	3
Q63120	Rattus norvegicus	Metazoa	1541		0	True	3
P49773	Homo sapiens	Metazoa	126		0	False	3
P15381	Oryctolagus cuniculus	Metazoa	2171		0	False	3
Q9Z270	Rattus norvegicus	Metazoa	249		0	False	3
Q94920	Drosophila melanogaster	Metazoa	282		0	False	3
Q16630	Homo sapiens	Metazoa	551		0	False	3
Q32PC3	Bos taurus	Metazoa	148		0	False	3
O54943	Mus musculus	Metazoa	1257		0	False	3
Q5SYB0	Homo sapiens	Metazoa	1578		0	False	3
P14736	Saccharomyces cerevisiae (strain ATCC 204508 / S288c)	Fungi	754		0	False	3
Q9HAS3	Homo sapiens	Metazoa	691		0	False	3
Q9M2D2	Arabidopsis thaliana	Plants	410		0	False	3
Q6P823	Xenopus tropicalis	Metazoa	136		0	False	3
Q9LXF3	Arabidopsis thaliana	Plants	187		0	True	3
Q9LEB3	Nicotiana plumbaginifolia	Plants	428		0	False	3
O75531	Homo sapiens	Metazoa	89		0	False	3
Q9SQR5	Arabidopsis thaliana	Plants	554		0	False	3
Q15910	Homo sapiens	Metazoa	746		0	False	3
Q8C006	Mus musculus	Metazoa	501		0	False	3
P34152	Mus musculus	Metazoa	1052		0	False	3
Q6RI63	Mus musculus	Metazoa	786		0	False	3
Q96EA4	Homo sapiens	Metazoa	605		0	False	3
O23661	Arabidopsis thaliana	Plants	608		0	False	3
F6VAN0	Mus musculus	Metazoa	656		0	False	3
Q99PN0	Mus musculus	Metazoa	618		0	True	3
P51830	Mus musculus	Metazoa	1353		0	False	3
O35469	Mus musculus	Metazoa	373		0	False	3
Q2THW7	Rattus norvegicus	Metazoa	715		0	True	3
Q96RQ3	Homo sapiens	Metazoa	725		0	False	3
Q5AP80	Candida albicans (strain SC5314 / ATCC MYA-2876)	Fungi	785		0	False	3
Q9M0Z3	Arabidopsis thaliana	Plants	776		0	False	3
P32660	Saccharomyces cerevisiae (strain ATCC 204508 / S288c)	Fungi	1571		0	False	3
Q99JB8	Mus musculus	Metazoa	424		0	False	3
P39735	Saccharomyces cerevisiae (strain ATCC 204508 / S288c)	Fungi	261		0	False	3
Q3U6Q4	Mus musculus	Metazoa	756		0	False	3
P22217	Saccharomyces cerevisiae (strain ATCC 204508 / S288c)	Fungi	103		0	False	3
O95832	Homo sapiens	Metazoa	211		0	True	3
A0A072VMJ3	Medicago truncatula	Plants	703		0	False	3
Q8BWB6	Mus musculus	Metazoa	489		0	False	3
Q2KIR7	Bos taurus	Metazoa	295		0	False	3
O14503	Homo sapiens	Metazoa	412		0	False	3
Q54PN9	Dictyostelium discoideum	Other	324		0	False	3
Q9TSV5	Sus scrofa	Metazoa	360		0	False	3
P24604	Mus musculus	Metazoa	630		0	False	3
Q6PL18	Homo sapiens	Metazoa	1390		0	False	3
Q6EN42	Oryza sativa subsp. japonica	Plants	204		0	False	3
Q5SY16	Homo sapiens	Metazoa	702		0	False	3
A0A2K8FQU5	Catharanthus roseus	Plants	436		0	False	3
Q4WF54	Aspergillus fumigatus (strain ATCC MYA-4609 / CBS 101355 / FGSC A1100 / Af293)	Fungi	270		0	False	3
P15700	Saccharomyces cerevisiae (strain ATCC 204508 / S288c)	Fungi	204		0	False	3
P39052	Rattus norvegicus	Metazoa	870		0	False	3
P0C2B9	Rattus norvegicus	Metazoa	141		0	False	3
Q99NF2	Mus musculus	Metazoa	532		0	False	3
Q9Y6M5	Homo sapiens	Metazoa	507		0	True	3
Q810W7	Rattus norvegicus	Metazoa	1570		0	False	3
Q10335	Schizosaccharomyces pombe (strain 972 / ATCC 24843)	Fungi	397		0	False	3
Q41651	Vicia faba	Plants	248		0	False	3
Q9SG11	Arabidopsis thaliana	Plants	352		0	False	3
Q9C0W0	Schizosaccharomyces pombe (strain 972 / ATCC 24843)	Fungi	409		0	False	3
Q04305	Saccharomyces cerevisiae (strain ATCC 204508 / S288c)	Fungi	513		0	False	3
Q6ZQN7	Homo sapiens	Metazoa	724		0	False	3
Q96PM5	Homo sapiens	Metazoa	261		0	False	3
P36173	Saccharomyces cerevisiae (strain ATCC 204508 / S288c)	Fungi	615		0	True	3
Q10423	Schizosaccharomyces pombe (strain 972 / ATCC 24843)	Fungi	258		0	False	3
P48503	Neurospora crassa (strain ATCC 24698 / 74-OR23-1A / CBS 708.71 / DSM 1257 / FGSC 987)	Fungi	107		0	True	3
Q8H0U5	Arabidopsis thaliana	Plants	641		0	False	3
Q9Y2W1	Homo sapiens	Metazoa	955		0	False	3
P53204	Saccharomyces cerevisiae (strain ATCC 204508 / S288c)	Fungi	395		0	False	3
Q6ZN30	Homo sapiens	Metazoa	1099		0	False	3
Q6P5F7	Mus musculus	Metazoa	524		0	True	3
D3Z649	Mus musculus	Metazoa	1135		0	True	3
P45818	Saccharomyces cerevisiae (strain ATCC 204508 / S288c)	Fungi	564		0	False	3
Q9UKL0	Homo sapiens	Metazoa	485		0	False	3
Q6Z955	Oryza sativa subsp. japonica	Plants	518		0	False	3
Q8BW93	Mus musculus	Metazoa	344		0	True	3
P20271	Caenorhabditis elegans	Metazoa	351		0	False	3
D3ZEY4	Rattus norvegicus	Metazoa	937		0	False	3
O65272	Arabidopsis thaliana	Plants	1174		0	False	3
P40454	Saccharomyces cerevisiae (strain ATCC 204508 / S288c)	Fungi	393		0	False	3
Q709R6	Drosophila melanogaster	Metazoa	399		0	False	3
Q921G6	Mus musculus	Metazoa	680		0	False	3
Q9FGM1	Arabidopsis thaliana	Plants	188		0	False	3
Q9LV91	Arabidopsis thaliana	Plants	576		0	False	3
Q91XV3	Mus musculus	Metazoa	226		0	False	3
Q8CGK7	Mus musculus	Metazoa	381		0	False	3
P50402	Homo sapiens	Metazoa	254		0	False	3
P41224	Rattus norvegicus	Metazoa	301		0	False	3
Q9S7B5	Arabidopsis thaliana	Plants	526		0	False	3
P53238	Saccharomyces cerevisiae (strain ATCC 204508 / S288c)	Fungi	335		0	False	3
Q84KJ5	Arabidopsis thaliana	Plants	569		0	False	3
O13992	Schizosaccharomyces pombe (strain 972 / ATCC 24843)	Fungi	965		0	False	3
P0C1S8	Homo sapiens	Metazoa	567		0	False	3
P53068	Saccharomyces cerevisiae (strain ATCC 204508 / S288c)	Fungi	250		0	False	3
Q8WYA1	Homo sapiens	Metazoa	636		0	False	3
Q925G0	Rattus norvegicus	Metazoa	155		0	False	3
P53299	Saccharomyces cerevisiae (strain ATCC 204508 / S288c)	Fungi	105		0	False	3
P00297	Solanum crispum	Plants	99		0	False	3
Q86Y91	Homo sapiens	Metazoa	852		0	False	3
Q9BUR4	Homo sapiens	Metazoa	548		0	False	3
Q6IQ20	Homo sapiens	Metazoa	393		0	False	3
P36162	Saccharomyces cerevisiae (strain ATCC 204508 / S288c)	Fungi	133		0	False	3
Q9CAN3	Arabidopsis thaliana	Plants	658		0	False	3
Q96JY6	Homo sapiens	Metazoa	352		0	False	3
P12234	Bos taurus	Metazoa	362		0	True	3
Q8BVN3	Mus musculus	Metazoa	442		0	True	3
Q3SZC1	Bos taurus	Metazoa	217		0	False	3
Q9Z0P4	Mus musculus	Metazoa	383		0	False	3
Q0J9Y2	Oryza sativa subsp. japonica	Plants	425		0	False	3
Q70G58	Oryza sativa subsp. japonica	Plants	515		0	False	3
Q9UNQ0	Homo sapiens	Metazoa	655		0	False	3
P83213	Bolinus brandaris	Metazoa	54		0	False	3
P97350	Mus musculus	Metazoa	728		0	False	3
Q8GZ87	Arabidopsis thaliana	Plants	664		0	False	3
P47057	Saccharomyces cerevisiae (strain ATCC 204508 / S288c)	Fungi	423		0	False	3
Q05816	Mus musculus	Metazoa	135		0	False	3
P19975	Pisum sativum	Plants	253		0	False	3
P11632	Saccharomyces cerevisiae (strain ATCC 204508 / S288c)	Fungi	93		0	False	3
Q9BRV3	Homo sapiens	Metazoa	221		0	True	3
Q9LES4	Arabidopsis thaliana	Plants	483		0	False	3
P17695	Saccharomyces cerevisiae (strain ATCC 204508 / S288c)	Fungi	143		0	False	3
P53277	Saccharomyces cerevisiae (strain ATCC 204508 / S288c)	Fungi	215		0	False	3
P10415	Homo sapiens	Metazoa	239		0	False	3
Q9SKK0	Arabidopsis thaliana	Plants	628		0	False	3
A3KMH1	Homo sapiens	Metazoa	1905		0	False	3
Q07139	Mus musculus	Metazoa	913		0	False	3
P00031	Macrobrachium malcolmsonii	Metazoa	105		0	False	3
Q80W99	Mus musculus	Metazoa	395		0	True	3
Q9SWG3	Arabidopsis thaliana	Plants	827		0	False	3
Q9Y7L8	Schizosaccharomyces pombe (strain 972 / ATCC 24843)	Fungi	292		0	False	3
P32874	Saccharomyces cerevisiae (strain ATCC 204508 / S288c)	Fungi	2273		0	False	3
P07484	Palmaria palmata	Other	97		0	False	3
P02275	Triticum aestivum	Plants	146		0	False	3
Q9ZPI5	Arabidopsis thaliana	Plants	725		0	False	3
P42283	Drosophila melanogaster	Metazoa	891		0	False	3
Q6IEY1	Homo sapiens	Metazoa	312		0	True	3
P00415	Bos taurus	Metazoa	261		0	True	3
Q06495	Homo sapiens	Metazoa	639		0	False	3
Q92355	Schizosaccharomyces pombe (strain 972 / ATCC 24843)	Fungi	1687		0	False	3
O35678	Mus musculus	Metazoa	303		0	False	3
Q3UCQ1	Mus musculus	Metazoa	651		0	False	3
Q9Y802	Schizosaccharomyces pombe (strain 972 / ATCC 24843)	Fungi	1000		0	False	3
B9DHG0	Arabidopsis thaliana	Plants	301		0	True	3
Q6Z6S1	Oryza sativa subsp. japonica	Plants	537		0	False	3
P55795	Homo sapiens	Metazoa	449		0	False	3
P40492	Saccharomyces cerevisiae (strain ATCC 204508 / S288c)	Fungi	516		0	False	3
Q96MP8	Homo sapiens	Metazoa	289		0	False	3
Q9XZS8	Drosophila melanogaster	Metazoa	613		0	False	3
Q8TED0	Homo sapiens	Metazoa	518		0	False	3
P32372	Schizosaccharomyces pombe (strain 972 / ATCC 24843)	Fungi	648		0	False	3
Q1EHW4	Mus musculus	Metazoa	186		0	False	3
D3Z7P3	Mus musculus	Metazoa	674		0	False	3
P38751	Saccharomyces cerevisiae (strain ATCC 204508 / S288c)	Fungi	150		0	False	3
P81909	Drosophila melanogaster	Metazoa	397		0	True	3
Q6ZN18	Homo sapiens	Metazoa	517		0	False	3
O96759	Dictyostelium discoideum	Other	611		0	False	3
O59669	Schizosaccharomyces pombe (strain 972 / ATCC 24843)	Fungi	139		0	False	3
P53264	Saccharomyces cerevisiae (strain ATCC 204508 / S288c)	Fungi	445		0	False	3
Q9FJW5	Arabidopsis thaliana	Plants	299		0	False	3
Q9ES40	Rattus norvegicus	Metazoa	188		0	True	3
Q9R155	Mus musculus	Metazoa	780		0	True	3
O97859	Bos taurus	Metazoa	428		0	False	3
Q8VI64	Mus musculus	Metazoa	283		0	True	3
Q6PGG6	Mus musculus	Metazoa	577		0	False	3
O08966	Mus musculus	Metazoa	556		0	True	3
P87889	Homo sapiens	Metazoa	666		0	False	3
Q9LEF5	Zea mays	Plants	639		0	False	3
Q9LW88	Arabidopsis thaliana	Plants	465		0	False	3
Q86UT6	Homo sapiens	Metazoa	975		0	False	3
P70658	Mus musculus	Metazoa	359		0	True	3
Q9NR21	Homo sapiens	Metazoa	338		0	False	3
O54781	Mus musculus	Metazoa	681		0	False	3
P30803	Canis lupus familiaris	Metazoa	1265		0	False	3
Q9H0M0	Homo sapiens	Metazoa	922		0	False	3
Q8IUX1	Homo sapiens	Metazoa	230		0	True	3
Q68CK6	Homo sapiens	Metazoa	577		0	False	3
Q6NYC1	Homo sapiens	Metazoa	403		0	False	3
Q9LRB7	Oryza sativa subsp. japonica	Plants	325		0	True	3
Q9UM63	Homo sapiens	Metazoa	463		0	False	3
O60885	Homo sapiens	Metazoa	1362		0	False	3
P23965	Rattus norvegicus	Metazoa	289		0	False	3
Q9Z1P6	Mus musculus	Metazoa	113		0	False	3
Q05166	Saccharomyces cerevisiae (strain ATCC 204508 / S288c)	Fungi	528		0	False	3
Q9V6U9	Drosophila melanogaster	Metazoa	357		0	False	3
Q8GY65	Arabidopsis thaliana	Plants	343		0	False	3
O08878	Rattus norvegicus	Metazoa	375		0	True	3
P36614	Schizosaccharomyces pombe (strain 972 / ATCC 24843)	Fungi	305		0	False	3
Q6K9N1	Oryza sativa subsp. japonica	Plants	463		0	False	3
P54401	Entamoeba histolytica (strain ATCC 30459 / HM-1:IMSS / ABRM)	Other	452		0	False	3
P38193	Saccharomyces cerevisiae (strain ATCC 204508 / S288c)	Fungi	441		0	False	3
Q12093	Saccharomyces cerevisiae (strain ATCC 204508 / S288c)	Fungi	417		0	False	3
Q22227	Caenorhabditis elegans	Metazoa	672		0	False	3
Q804Q5	Danio rerio	Metazoa	430		0	False	3
P52301	Xenopus laevis	Metazoa	216		0	False	3
P51122	Bos taurus	Metazoa	249		0	False	3
P51140	Drosophila melanogaster	Metazoa	623		0	False	3
Q90Z72	Gallus gallus	Metazoa	458		0	False	3
P38210	Saccharomyces cerevisiae (strain ATCC 204508 / S288c)	Fungi	180		0	False	3
Q3E7Y6	Saccharomyces cerevisiae (strain ATCC 204508 / S288c)	Fungi	73		0	False	3
P07332	Homo sapiens	Metazoa	822		0	False	3
O60313	Homo sapiens	Metazoa	960		0	False	3
Q96GN5	Homo sapiens	Metazoa	454		0	False	3
Q9USM4	Schizosaccharomyces pombe (strain 972 / ATCC 24843)	Fungi	264		0	False	3
P58295	Rattus norvegicus	Metazoa	799		0	False	3
P02263	Gallus gallus	Metazoa	129		0	False	3
P38782	Saccharomyces cerevisiae (strain ATCC 204508 / S288c)	Fungi	295		0	False	3
Q13418	Homo sapiens	Metazoa	452		0	False	3
Q717R9	Homo sapiens	Metazoa	158		0	False	3
P00257	Bos taurus	Metazoa	186		0	False	3
Q8IY37	Homo sapiens	Metazoa	1157		0	False	3
Q96C36	Homo sapiens	Metazoa	320		0	False	3
P49334	Saccharomyces cerevisiae (strain ATCC 204508 / S288c)	Fungi	152		0	False	3
P38482	Chlamydomonas reinhardtii	Plants	574		0	False	3
Q6IB77	Homo sapiens	Metazoa	296		0	False	3
Q60953	Mus musculus	Metazoa	885		0	False	3
Q43386	Arabidopsis thaliana	Plants	204		0	False	3
Q96MG7	Homo sapiens	Metazoa	304		0	False	3
P42231	Ovis aries	Metazoa	794		0	False	3
Q9H221	Homo sapiens	Metazoa	673		0	False	3
G5EDE2	Caenorhabditis elegans	Metazoa	175		0	False	3
P38777	Saccharomyces cerevisiae (strain ATCC 204508 / S288c)	Fungi	243		0	False	3
O75530	Homo sapiens	Metazoa	441		0	False	3
Q8BG07	Mus musculus	Metazoa	503		0	True	3
Q8IY57	Homo sapiens	Metazoa	180		0	False	3
I3W9F7	Rhizophagus irregularis	Fungi	316		0	True	3
P35125	Homo sapiens	Metazoa	1406		0	False	3
P62314	Homo sapiens	Metazoa	119		0	False	3
P00403	Homo sapiens	Metazoa	227		0	True	3
Q8TD19	Homo sapiens	Metazoa	979		0	False	3
Q9H6R0	Homo sapiens	Metazoa	707		0	False	3
O49429	Arabidopsis thaliana	Plants	419		0	False	3
Q9UNN4	Homo sapiens	Metazoa	478		0	False	3
Q9LK29	Arabidopsis thaliana	Plants	307		0	False	3
P32570	Saccharomyces cerevisiae (strain ATCC 204508 / S288c)	Fungi	121		0	False	3
O82796	Arabidopsis thaliana	Plants	295		0	False	3
Q9QZ85	Mus musculus	Metazoa	413		0	False	3
O74808	Schizosaccharomyces pombe (strain 972 / ATCC 24843)	Fungi	1238		0	False	3
Q9BYC8	Homo sapiens	Metazoa	188		0	False	3
P09016	Homo sapiens	Metazoa	255		0	False	3
P09086	Homo sapiens	Metazoa	479		0	False	3
Q00381	Saccharomyces cerevisiae (strain ATCC 204508 / S288c)	Fungi	147		0	False	3
Q9NRY7	Homo sapiens	Metazoa	297		0	False	3
Q9LYE4	Arabidopsis thaliana	Plants	344		0	False	3
Q8NDL9	Homo sapiens	Metazoa	886		0	False	3
Q5SWZ9	Mus musculus	Metazoa	221		0	True	3
Q00899	Mus musculus	Metazoa	414		0	False	3
H1AFJ5	Neoceratodus forsteri	Metazoa	655		0	True	3
Q95NM6	Caenorhabditis elegans	Metazoa	308		0	False	3
P40417	Drosophila melanogaster	Metazoa	376		0	False	3
P38292	Saccharomyces cerevisiae (strain ATCC 204508 / S288c)	Fungi	413		0	True	3
Q9JK95	Mus musculus	Metazoa	193		0	True	3
P38910	Saccharomyces cerevisiae (strain ATCC 204508 / S288c)	Fungi	106		0	False	3
O60516	Homo sapiens	Metazoa	100		0	False	3
P14206	Mus musculus	Metazoa	295		0	False	3
Q9QZA2	Rattus norvegicus	Metazoa	873		0	False	3
Q9HCJ1	Homo sapiens	Metazoa	492		0	True	3
E2RTQ7	Giardia intestinalis (strain ATCC 50803 / WB clone C6)	Other	311		0	False	3
P29056	Saccharomyces cerevisiae (strain ATCC 204508 / S288c)	Fungi	596		0	False	3
P49687	Saccharomyces cerevisiae (strain ATCC 204508 / S288c)	Fungi	1317		0	False	3
Q810S1	Mus musculus	Metazoa	345		0	False	3
Q01538	Homo sapiens	Metazoa	1121		0	False	3
Q6ZRQ5	Homo sapiens	Metazoa	1243		0	False	3
O94812	Homo sapiens	Metazoa	1187		0	False	3
P31943	Homo sapiens	Metazoa	449		0	False	3
P49364	Pisum sativum	Plants	408		0	False	3
Q15382	Homo sapiens	Metazoa	184		0	False	3
Q91X56	Mus musculus	Metazoa	400		0	True	3
P54136	Homo sapiens	Metazoa	660		0	False	3
P09922	Mus musculus	Metazoa	631		0	False	3
Q9HCC8	Homo sapiens	Metazoa	539		0	True	3
Q96ST3	Homo sapiens	Metazoa	1273		0	False	3
Q6DID3	Mus musculus	Metazoa	1268		0	False	3
O96006	Homo sapiens	Metazoa	694		0	False	3
O02351	Antheraea polyphemus	Metazoa	525		0	True	3
Q9H1D0	Homo sapiens	Metazoa	765		0	False	3
O88597	Mus musculus	Metazoa	448		0	False	3
Q0VGM9	Mus musculus	Metazoa	1203		0	False	3
Q9UP65	Homo sapiens	Metazoa	541		0	False	3
O35491	Mus musculus	Metazoa	499		0	False	3
Q05045	Cucurbita maxima	Plants	575		0	False	3
Q8BZF8	Mus musculus	Metazoa	567		0	False	3
Q9FFS4	Arabidopsis thaliana	Plants	101		0	False	3
P42792	Arabidopsis thaliana	Plants	393		0	True	3
Q07418	Saccharomyces cerevisiae (strain ATCC 204508 / S288c)	Fungi	342		0	False	3
Q12374	Saccharomyces cerevisiae (strain ATCC 204508 / S288c)	Fungi	616		0	False	3
O94864	Homo sapiens	Metazoa	414		0	False	3
Q9NQ92	Homo sapiens	Metazoa	184		0	False	3
Q08686	Saccharomyces cerevisiae (strain ATCC 204508 / S288c)	Fungi	304		0	False	3
Q9WUF3	Mus musculus	Metazoa	1962		0	False	3
P24785	Drosophila melanogaster	Metazoa	1293		0	False	3
Q7Z7F0	Homo sapiens	Metazoa	614		0	False	3
A8MUP2	Homo sapiens	Metazoa	240		0	False	3
P37230	Rattus norvegicus	Metazoa	468		0	False	3
Q9JJP2	Mus musculus	Metazoa	631		0	False	3
P60323	Homo sapiens	Metazoa	173		0	False	3
P04177	Rattus norvegicus	Metazoa	498		0	False	3
Q63666	Rattus norvegicus	Metazoa	118		0	False	3
Q6UN15	Homo sapiens	Metazoa	594		0	False	3
Q8N2F6	Homo sapiens	Metazoa	343		0	True	3
P30956	Nicotiana tabacum	Plants	151		0	False	3
Q9NQZ2	Homo sapiens	Metazoa	479		0	False	3
P40528	Saccharomyces cerevisiae (strain ATCC 204508 / S288c)	Fungi	902		0	False	3
Q9Y5I7	Homo sapiens	Metazoa	235		0	True	3
F4JS25	Arabidopsis thaliana	Plants	1052		0	False	3
Q9JJD0	Mus musculus	Metazoa	305		0	False	3
Q8IVI9	Homo sapiens	Metazoa	506		0	False	3
Q8I6Z7	Plasmodium falciparum (isolate 3D7)	Other	1139		0	False	3
Q920Q3	Rattus norvegicus	Metazoa	154		0	False	3
O48533	Arabidopsis thaliana	Plants	259		0	False	3
Q9Y5A9	Homo sapiens	Metazoa	579		0	False	3
Q9FGM0	Arabidopsis thaliana	Plants	806		0	False	3
O94979	Homo sapiens	Metazoa	1220		0	False	3
G5EDW5	Caenorhabditis elegans	Metazoa	952		0	False	3
Q9BZJ8	Homo sapiens	Metazoa	451		0	True	3
P81766	Spinacia oleracea	Plants	153		0	False	3
Q9D7K2	Mus musculus	Metazoa	161		0	False	3
Q4V8K1	Rattus norvegicus	Metazoa	470		0	False	3
Q6WKZ7	Mus musculus	Metazoa	506		0	False	3
Q96KQ7	Homo sapiens	Metazoa	1210		0	False	3
Q9LR91	Arabidopsis thaliana	Plants	319		0	False	3
Q569K4	Homo sapiens	Metazoa	471		0	False	3
Q96Q15	Homo sapiens	Metazoa	3661		0	False	3
Q8IJH8	Plasmodium falciparum (isolate 3D7)	Other	275		0	False	3
Q924C5	Mus musculus	Metazoa	1680		0	False	3
P53937	Saccharomyces cerevisiae (strain ATCC 204508 / S288c)	Fungi	143		0	False	3
Q15427	Homo sapiens	Metazoa	424		0	False	3
Q92900	Homo sapiens	Metazoa	1129		0	False	3
Q9U405	Drosophila melanogaster	Metazoa	570		0	False	3
O95907	Homo sapiens	Metazoa	504		0	True	3
O70161	Mus musculus	Metazoa	661		0	False	3
Q8L960	Arabidopsis thaliana	Plants	410		0	False	3
Q13268	Homo sapiens	Metazoa	280		0	False	3
P43243	Homo sapiens	Metazoa	847		0	False	3
Q969K3	Homo sapiens	Metazoa	372		0	False	3
P35486	Mus musculus	Metazoa	390		0	False	3
Q15003	Homo sapiens	Metazoa	741		0	False	3
Q23243	Caenorhabditis elegans	Metazoa	845		0	False	3
O00757	Homo sapiens	Metazoa	339		0	False	3
O94255	Schizosaccharomyces pombe (strain 972 / ATCC 24843)	Fungi	328		0	False	3
Q86TP1	Homo sapiens	Metazoa	453		0	False	3
Q96I25	Homo sapiens	Metazoa	401		0	False	3
Q9Z2L0	Rattus norvegicus	Metazoa	283		0	True	3
Q23500	Caenorhabditis elegans	Metazoa	887		0	False	3
P60201	Homo sapiens	Metazoa	277		0	True	3
Q24562	Drosophila melanogaster	Metazoa	416		0	False	3
Q9I9E1	Danio rerio	Metazoa	472		0	False	3
Q9UIF8	Homo sapiens	Metazoa	2168		0	False	3
P23787	Xenopus laevis	Metazoa	805		0	False	3
P35680	Homo sapiens	Metazoa	557		0	False	3
Q99500	Homo sapiens	Metazoa	378		0	True	3
P46309	Arabidopsis thaliana	Plants	522		0	False	3
A7Y7W2	Gallus gallus	Metazoa	389		0	False	3
P56960	Mus musculus	Metazoa	887		0	False	3
Q03014	Homo sapiens	Metazoa	270		0	False	3
Q8R4T1	Mus musculus	Metazoa	145		0	False	3
O94818	Homo sapiens	Metazoa	638		0	False	3
Q7L4E1	Homo sapiens	Metazoa	593		0	True	3
Q05783	Drosophila melanogaster	Metazoa	112		0	False	3
Q99567	Homo sapiens	Metazoa	741		0	False	3
Q75WF1	Vanrija humicola	Fungi	370		0	False	3
P00396	Bos taurus	Metazoa	514		0	True	3
Q01650	Homo sapiens	Metazoa	507		0	True	3
P53187	Saccharomyces cerevisiae (strain ATCC 204508 / S288c)	Fungi	214		0	False	3
Q8NBN7	Homo sapiens	Metazoa	331		0	False	3
P07261	Saccharomyces cerevisiae (strain ATCC 204508 / S288c)	Fungi	785		0	False	3
P49379	Kluyveromyces lactis (strain ATCC 8585 / CBS 2359 / DSM 70799 / NBRC 1267 / NRRL Y-1140 / WM37)	Fungi	359		0	False	3
O23404	Arabidopsis thaliana	Plants	963		0	False	3
A0A061AE05	Caenorhabditis elegans	Metazoa	654		0	False	3
Q9UIQ6	Homo sapiens	Metazoa	1025		0	False	3
Q8VZD4	Arabidopsis thaliana	Plants	709		0	False	3
Q96KS0	Homo sapiens	Metazoa	407		0	False	3
Q03673	Saccharomyces cerevisiae (strain ATCC 204508 / S288c)	Fungi	198		0	False	3
Q9UKI8	Homo sapiens	Metazoa	766		0	False	3
Q6P2H8	Homo sapiens	Metazoa	277		0	False	3
Q39161	Arabidopsis thaliana	Plants	586		0	False	3
O35260	Rattus norvegicus	Metazoa	514		0	False	3
P34969	Homo sapiens	Metazoa	479		0	True	3
Q9HDZ3	Schizosaccharomyces pombe (strain 972 / ATCC 24843)	Fungi	182		0	False	3
Q9FGN7	Arabidopsis thaliana	Plants	726		0	False	3
Q9Z0E3	Mus musculus	Metazoa	552		0	False	3
D3ZDM7	Rattus norvegicus	Metazoa	341		0	False	3
G5EED4	Caenorhabditis elegans	Metazoa	655		0	False	3
P38217	Saccharomyces cerevisiae (strain ATCC 204508 / S288c)	Fungi	918		0	False	3
Q9LER7	Arabidopsis thaliana	Plants	148		0	False	3
Q9FFH5	Arabidopsis thaliana	Plants	278		0	True	3
O43513	Homo sapiens	Metazoa	233		0	False	3
P45890	Drosophila melanogaster	Metazoa	398		0	False	3
A4L691	Rattus norvegicus	Metazoa	331		0	False	3
P83211	Bolinus brandaris	Metazoa	107		0	False	3
F4IV66	Arabidopsis thaliana	Plants	1001		0	False	3
Q7L9L4	Homo sapiens	Metazoa	216		0	False	3
Q9FNB0	Arabidopsis thaliana	Plants	1381		0	False	3
Q3LHL9	Drosophila melanogaster	Metazoa	1658		0	False	3
Q9FJI2	Arabidopsis thaliana	Plants	166		0	False	3
P16622	Saccharomyces cerevisiae (strain ATCC 204508 / S288c)	Fungi	393		0	False	3
Q15633	Homo sapiens	Metazoa	366		0	False	3
Q9W0M7	Drosophila melanogaster	Metazoa	1227		0	False	3
P42644	Arabidopsis thaliana	Plants	255		0	False	3
E9Q784	Mus musculus	Metazoa	1729		0	False	3
Q06616	Saccharomyces cerevisiae (strain ATCC 204508 / S288c)	Fungi	221		0	False	3
Q792I0	Rattus norvegicus	Metazoa	197		0	False	3
Q75WU1	Oryza sativa subsp. japonica	Plants	93		0	False	3
P42345	Homo sapiens	Metazoa	2549		0	False	3
Q64705	Mus musculus	Metazoa	346		0	False	3
Q8TBE0	Homo sapiens	Metazoa	780		0	False	3
P93830	Arabidopsis thaliana	Plants	229		0	False	3
Q9XIP2	Arabidopsis thaliana	Plants	505		0	False	3
Q9UJW9	Homo sapiens	Metazoa	196		0	False	3
Q9BRD0	Homo sapiens	Metazoa	619		0	False	3
Q22618	Caenorhabditis elegans	Metazoa	495		0	False	3
Q0V8E7	Bos taurus	Metazoa	668		0	True	3
P10854	Mus musculus	Metazoa	126		0	False	3
Q9Y3C1	Homo sapiens	Metazoa	178		0	False	3
O60292	Homo sapiens	Metazoa	1781		0	False	3
Q9DA32	Mus musculus	Metazoa	373		0	False	3
O15014	Homo sapiens	Metazoa	1411		0	False	3
Q9C865	Arabidopsis thaliana	Plants	439		0	False	3
Q96EK4	Homo sapiens	Metazoa	314		0	False	3
P31750	Mus musculus	Metazoa	480		0	False	3
P60842	Homo sapiens	Metazoa	406		0	False	3
Q9W1R5	Drosophila melanogaster	Metazoa	1854		0	False	3
Q9R1L5	Mus musculus	Metazoa	1570		0	False	3
P53687	Saccharomyces cerevisiae (strain ATCC 204508 / S288c)	Fungi	447		0	False	3
Q969F1	Homo sapiens	Metazoa	213		0	False	3
Q5JWF2	Homo sapiens	Metazoa	1037		0	False	3
Q7TMK9	Mus musculus	Metazoa	623		0	False	3
O16299	Caenorhabditis elegans	Metazoa	594		0	False	3
P00032	Cornu aspersum	Metazoa	104		0	False	3
Q13698	Homo sapiens	Metazoa	1873		0	True	3
G3V6S8	Rattus norvegicus	Metazoa	339		0	False	3
P25686	Homo sapiens	Metazoa	324		0	False	3
Q08215	Saccharomyces cerevisiae (strain ATCC 204508 / S288c)	Fungi	383		0	False	3
Q9QZQ8	Mus musculus	Metazoa	369		0	False	3
Q12524	Saccharomyces cerevisiae (strain ATCC 204508 / S288c)	Fungi	340		0	False	3
P35244	Homo sapiens	Metazoa	121		0	False	3
Q9U226	Caenorhabditis elegans	Metazoa	342		0	False	3
Q6Q5X2	Saccharomyces cerevisiae (strain ATCC 204508 / S288c)	Fungi	51		0	False	3
P46655	Saccharomyces cerevisiae (strain ATCC 204508 / S288c)	Fungi	708		0	False	3
Q8VZS9	Arabidopsis thaliana	Plants	475		0	False	3
O42868	Schizosaccharomyces pombe (strain 972 / ATCC 24843)	Fungi	197		0	False	3
Q4WF31	Aspergillus fumigatus (strain ATCC MYA-4609 / CBS 101355 / FGSC A1100 / Af293)	Fungi	612		0	True	3
Q9LDI3	Arabidopsis thaliana	Plants	446		0	False	3
P19407	Spinacia oleracea	Plants	62		0	True	3
P16603	Saccharomyces cerevisiae (strain ATCC 204508 / S288c)	Fungi	691		0	True	3
O24367	Spirodela polyrhiza	Plants	1441		0	False	3
P03920	Bos taurus	Metazoa	606		0	True	3
Q9WU12	Mus musculus	Metazoa	71		0	False	3
Q9VCE6	Drosophila melanogaster	Metazoa	608		0	False	3
Q8BGL3	Mus musculus	Metazoa	282		0	False	3
A6NFQ2	Homo sapiens	Metazoa	919		0	False	3
O81275	Arabidopsis thaliana	Plants	276		0	False	3
P53972	Saccharomyces cerevisiae (strain ATCC 204508 / S288c)	Fungi	490		0	False	3
Q8L9T7	Arabidopsis thaliana	Plants	157		0	False	3
Q01338	Mus musculus	Metazoa	465		0	True	3
Q8TDB4	Homo sapiens	Metazoa	240		0	True	3
Q24210	Drosophila melanogaster	Metazoa	898		0	False	3
Q9HBE1	Homo sapiens	Metazoa	687		0	False	3
Q93092	Mus musculus	Metazoa	337		0	False	3
O82645	Arabidopsis thaliana	Plants	488		0	False	3
Q01105	Homo sapiens	Metazoa	290		0	False	3
Q5FWP4	Xenopus laevis	Metazoa	625		0	False	3
J7M799	Ramazzottius varieornatus	Metazoa	237		0	False	3
Q9QYR9	Mus musculus	Metazoa	453		0	False	3
Q9UUG9	Schizosaccharomyces pombe (strain 972 / ATCC 24843)	Fungi	1339		0	False	3
O14862	Homo sapiens	Metazoa	343		0	False	3
Q8BZA9	Mus musculus	Metazoa	269		0	False	3
P48201	Homo sapiens	Metazoa	142		0	True	3
P32761	Chlamydomonas moewusii	Plants	218		0	False	3
P16402	Homo sapiens	Metazoa	221		0	False	3
P53197	Saccharomyces cerevisiae (strain ATCC 204508 / S288c)	Fungi	566		0	False	3
Q8WYQ3	Homo sapiens	Metazoa	142		0	False	3
Q9NSG2	Homo sapiens	Metazoa	853		0	False	3
Q08032	Saccharomyces cerevisiae (strain ATCC 204508 / S288c)	Fungi	650		0	False	3
P82911	Bos taurus	Metazoa	197		0	False	3
Q9EPA0	Rattus norvegicus	Metazoa	957		0	False	3
Q9BT92	Homo sapiens	Metazoa	498		0	False	3
A8MW92	Homo sapiens	Metazoa	1017		0	False	3
Q9XQN8	Sinapis alba	Plants	327		0	False	3
Q9BWX1	Homo sapiens	Metazoa	381		0	False	3
Q8TDC3	Homo sapiens	Metazoa	778		0	False	3
Q8VZS3	Arabidopsis thaliana	Plants	354		0	False	3
P13712	Saccharomyces cerevisiae (strain ATCC 204508 / S288c)	Fungi	422		0	False	3
P50463	Rattus norvegicus	Metazoa	194		0	False	3
Q92889	Homo sapiens	Metazoa	916		0	False	3
Q02354	Saccharomyces cerevisiae (strain ATCC 204508 / S288c)	Fungi	440		0	False	3
P00426	Bos taurus	Metazoa	152		0	False	3
O65680	Arabidopsis thaliana	Plants	279		0	False	3
Q5EAF2	Arabidopsis thaliana	Plants	334		0	False	3
P53839	Saccharomyces cerevisiae (strain ATCC 204508 / S288c)	Fungi	350		0	False	3
Q9SGZ8	Arabidopsis thaliana	Plants	162		0	False	3
Q8R216	Mus musculus	Metazoa	333		0	False	3
P23610	Homo sapiens	Metazoa	371		0	False	3
Q8C5Y2	Mus musculus	Metazoa	53		0	True	3
Q9Y255	Homo sapiens	Metazoa	219		0	False	3
Q9UI36	Homo sapiens	Metazoa	758		0	False	3
P34537	Caenorhabditis elegans	Metazoa	837		0	False	3
Q61152	Mus musculus	Metazoa	453		0	False	3
P53171	Saccharomyces cerevisiae (strain ATCC 204508 / S288c)	Fungi	287		0	False	3
P53011	Saccharomyces cerevisiae (strain ATCC 204508 / S288c)	Fungi	349		0	False	3
Q10178	Schizosaccharomyces pombe (strain 972 / ATCC 24843)	Fungi	1205		0	False	3
P51123	Drosophila melanogaster	Metazoa	2129		0	False	3
P48165	Homo sapiens	Metazoa	433		0	True	3
Q9HE02	Schizosaccharomyces pombe (strain 972 / ATCC 24843)	Fungi	1225		0	False	3
P82403	Spinacia oleracea	Plants	211		0	False	3
F4JMV6	Arabidopsis thaliana	Plants	399		0	False	3
A0PJY2	Homo sapiens	Metazoa	475		0	False	3
Q8K3J1	Mus musculus	Metazoa	212		0	False	3
Q84JF0	Arabidopsis thaliana	Plants	310		0	False	3
Q9V6L9	Drosophila melanogaster	Metazoa	255		0	False	3
P21306	Saccharomyces cerevisiae (strain ATCC 204508 / S288c)	Fungi	62		0	False	3
Q9C8J6	Arabidopsis thaliana	Plants	527		0	False	3
F4IGZ2	Arabidopsis thaliana	Plants	910		0	False	3
Q9XGS0	Brassica napus	Plants	177		0	False	3
Q9NPJ8	Homo sapiens	Metazoa	142		0	False	3
Q7Z589	Homo sapiens	Metazoa	1322		0	False	3
