accession	organism	kingdom	length	sp_cleavage_site	label	tm_helix_start_leq_90	fold
P01611	Homo sapiens	Metazoa	117	22.0	1		4
Q39962	Hevea brasiliensis	Plants	238	31.0	1		4
Q8L9T8	Arabidopsis thaliana	Plants	63	27.0	1		4
I6RA76	Scolopendra mutilans	Metazoa	64	18.0	1		4
Q96PL1	Homo sapiens	Metazoa	93	21.0	1		4
Q6T6S5	Bitis gabonica	Metazoa	90	24.0	1		4
C0HL64	Drosophila melanogaster	Metazoa	105	18.0	1		4
P18761	Mus musculus	Metazoa	317	17.0	1		4
B0FHH8	Manduca sexta	Metazoa	151	18.0	1		4
P10153	Homo sapiens	Metazoa	161	27.0	1		4
P0DJJ8	Protobothrops flavoviridis	Metazoa	138	16.0	1		4
P08833	Homo sapiens	Metazoa	259	25.0	1		4
P28800	Bos taurus	Metazoa	492	22.0	1		4
Q9M069	Arabidopsis thaliana	Plants	504	22.0	1		4
Q39649	Cucurbita maxima	Plants	141	22.0	1		4
P21128	Homo sapiens	Metazoa	410	18.0	1		4
P11911	Mus musculus	Metazoa	220	28.0	1		4
Q61885	Mus musculus	Metazoa	246	28.0	1		4
O76076	Homo sapiens	Metazoa	250	23.0	1		4
P15570	Phytophthora cryptogea	Other	118	20.0	1		4
Q29411	Sus scrofa	Metazoa	383	21.0	1		4
Q62632	Rattus norvegicus	Metazoa	306	18.0	1		4
P56829	Ovis aries	Metazoa	195	23.0	1		4
P16612	Rattus norvegicus	Metazoa	214	26.0	1		4
Q9N2D2	Callithrix jacchus	Metazoa	381	16.0	1		4
P35495	Sus scrofa	Metazoa	133	24.0	1		4
P00794	Bos taurus	Metazoa	381	16.0	1		4
P56202	Homo sapiens	Metazoa	376	21.0	1		4
P82358	Acanthoscurria gomesiana	Metazoa	84	23.0	1		4
Q23997	Drosophila melanogaster	Metazoa	452	18.0	1		4
P04639	Rattus norvegicus	Metazoa	259	18.0	1		4
A7L035	Chironex fleckeri	Metazoa	456	20.0	1		4
P07359	Homo sapiens	Metazoa	652	16.0	1		4
P31226	Aquarana catesbeiana	Metazoa	844	19.0	1		4
P29701	Ovis aries	Metazoa	364	15.0	1		4
P13731	Gallus gallus	Metazoa	405	15.0	1		4
F8QN53	Vipera renardi	Metazoa	137	16.0	1		4
Q9BXI9	Homo sapiens	Metazoa	278	46.0	1		4
B4FZ87	Zea mays	Plants	396	31.0	1		4
P17050	Homo sapiens	Metazoa	411	17.0	1		4
Q9ZWA9	Arabidopsis thaliana	Plants	451	25.0	1		4
P02769	Bos taurus	Metazoa	607	18.0	1		4
P04785	Rattus norvegicus	Metazoa	509	19.0	1		4
Q16568	Homo sapiens	Metazoa	116	27.0	1		4
P02765	Homo sapiens	Metazoa	367	18.0	1		4
Q8WWA0	Homo sapiens	Metazoa	313	18.0	1		4
O08523	Mus musculus	Metazoa	2155	24.0	1		4
Q1HLC0	Lonomia obliqua	Metazoa	413	18.0	1		4
P15156	Mesocricetus auratus	Metazoa	695	21.0	1		4
P04284	Solanum lycopersicum	Plants	159	24.0	1		4
Q9STQ3	Arabidopsis thaliana	Plants	59	27.0	1		4
P81511	Hirudo medicinalis	Metazoa	81	15.0	1		4
P29241	Aplysia californica	Metazoa	282	24.0	1		4
O15197	Homo sapiens	Metazoa	1021	31.0	1		4
Q9LRC8	Scutellaria baicalensis	Plants	527	25.0	1		4
P29288	Rattus norvegicus	Metazoa	327	22.0	1		4
Q05359	Saccharomyces cerevisiae (strain ATCC 204508 / S288c)	Fungi	219	22.0	1		4
P0C8G7	Pomacea canaliculata	Metazoa	286	30.0	1		4
P03998	Limulus polyphemus	Metazoa	195	20.0	1		4
P59665	Homo sapiens	Metazoa	94	19.0	1		4
P0DUS8	Doratifera vulnerans	Metazoa	59	17.0	1		4
Q96AP7	Homo sapiens	Metazoa	390	29.0	1		4
Q94637	Oscheius tipulae	Metazoa	1648	15.0	1		4
Q75WF2	Acanthaster planci	Metazoa	358	26.0	1		4
P02771	Homo sapiens	Metazoa	609	18.0	1		4
P01148	Homo sapiens	Metazoa	92	23.0	1		4
Q9U8W8	Tachypleus tridentatus	Metazoa	292	23.0	1		4
P07477	Homo sapiens	Metazoa	247	15.0	1		4
P01183	Sus scrofa	Metazoa	166	19.0	1		4
P20507	Chlamydomonas reinhardtii	Plants	377	20.0	1		4
Q9Y2I2	Homo sapiens	Metazoa	539	28.0	1		4
P35334	Phaseolus vulgaris	Plants	342	29.0	1		4
Q2PWA3	Protobothrops mucrosquamatus	Metazoa	138	16.0	1		4
P14562	Rattus norvegicus	Metazoa	407	21.0	1		4
C0HKR1	Agrotis ipsilon	Metazoa	73	20.0	1		4
Q9Y4X3	Homo sapiens	Metazoa	112	24.0	1		4
A8QL52	Bungarus fasciatus	Metazoa	517	19.0	1		4
G5EC68	Caenorhabditis elegans	Metazoa	85	17.0	1		4
P0DPV5	Scolopendra dehaani	Metazoa	76	23.0	1		4
P02647	Homo sapiens	Metazoa	267	18.0	1		4
Q1HAY7	Holotrichia diomphalia	Metazoa	317	23.0	1		4
Q9Y5C1	Homo sapiens	Metazoa	460	16.0	1		4
Q6UX46	Homo sapiens	Metazoa	152	24.0	1		4
P48307	Homo sapiens	Metazoa	235	22.0	1		4
P41271	Homo sapiens	Metazoa	181	16.0	1		4
Q6GU94	Centruroides limpidus	Metazoa	56	24.0	1		4
P09954	Sus scrofa	Metazoa	419	16.0	1		4
P80311	Bos taurus	Metazoa	216	33.0	1		4
P20241	Drosophila melanogaster	Metazoa	1302	23.0	1		4
P01911	Homo sapiens	Metazoa	266	29.0	1		4
P83886	Allium sativum	Plants	181	30.0	1		4
P00797	Homo sapiens	Metazoa	406	23.0	1		4
P14555	Homo sapiens	Metazoa	144	20.0	1		4
A7VN14	Protobothrops flavoviridis	Metazoa	109	19.0	1		4
P10976	Spinacia oleracea	Plants	117	26.0	1		4
Q6UXB1	Homo sapiens	Metazoa	125	24.0	1		4
P01704	Homo sapiens	Metazoa	120	19.0	1		4
P03954	Macaca fuscata fuscata	Metazoa	388	15.0	1		4
P30101	Homo sapiens	Metazoa	505	24.0	1		4
B2KNH9	Dendrobium findlayanum	Plants	167	24.0	1		4
Q02246	Homo sapiens	Metazoa	1040	30.0	1		4
Q0ZS88	Phlebotomus perniciosus	Metazoa	388	18.0	1		4
Q00802	Bombyx mori	Metazoa	256	17.0	1		4
P29320	Homo sapiens	Metazoa	983	20.0	1		4
Q90WJ8	Anguilla japonica	Metazoa	166	24.0	1		4
Q9HGE1	Humicola insolens	Fungi	227	36.0	1		4
P22770	Gallus gallus	Metazoa	502	23.0	1		4
D3Z9M3	Rattus norvegicus	Metazoa	109	16.0	1		4
P0DMD3	Scolopendra mutilans	Metazoa	105	21.0	1		4
P13389	Ovis aries	Metazoa	125	19.0	1		4
Q0IQK9	Oryza sativa subsp. japonica	Plants	116	25.0	1		4
P85196	Lonomia obliqua	Metazoa	183	15.0	1		4
Q26241	Rhodnius prolixus	Metazoa	202	23.0	1		4
Q45Z11	Oxyuranus scutellatus scutellatus	Metazoa	83	21.0	1		4
Q5DT21	Homo sapiens	Metazoa	86	19.0	1		4
Q5MIW7	Aedes albopictus	Metazoa	332	21.0	1		4
P80686	Tenebrio molitor	Metazoa	211	16.0	1		4
P83400	Hottentotta tamulus	Metazoa	60	24.0	1		4
Q61400	Mus musculus	Metazoa	265	33.0	1		4
P11150	Homo sapiens	Metazoa	499	22.0	1		4
P49257	Homo sapiens	Metazoa	510	30.0	1		4
Q95VE9	Epiphyas postvittana	Metazoa	164	23.0	1		4
O95813	Homo sapiens	Metazoa	267	17.0	1		4
P02655	Homo sapiens	Metazoa	101	22.0	1		4
P01763	Homo sapiens	Metazoa	117	19.0	1		4
P01274	Sus scrofa	Metazoa	180	20.0	1		4
P81383	Ophiophagus hannah	Metazoa	491	20.0	1		4
C6JUP1	Micrurus corallinus	Metazoa	84	21.0	1		4
P30440	Felis catus	Metazoa	109	17.0	1		4
P15169	Homo sapiens	Metazoa	458	20.0	1		4
Q7T2Q1	Echis multisquamatus	Metazoa	157	23.0	1		4
Q01584	Rhinella marina	Metazoa	183	20.0	1		4
P0DJD8	Homo sapiens	Metazoa	388	15.0	1		4
O96559	Cimex lectularius	Metazoa	364	35.0	1		4
Q92643	Homo sapiens	Metazoa	395	27.0	1		4
O46655	Sus scrofa	Metazoa	132	19.0	1		4
P78556	Homo sapiens	Metazoa	96	26.0	1		4
Q04791	Anas platyrhynchos	Metazoa	557	25.0	1		4
P02879	Ricinus communis	Plants	576	35.0	1		4
Q9NL89	Bombyx mori	Metazoa	495	16.0	1		4
P41543	Saccharomyces cerevisiae (strain ATCC 204508 / S288c)	Fungi	476	22.0	1		4
P0DML2	Homo sapiens	Metazoa	217	26.0	1		4
P61917	Pan troglodytes	Metazoa	151	19.0	1		4
P01299	Canis lupus familiaris	Metazoa	93	29.0	1		4
Q9S7Y7	Arabidopsis thaliana	Plants	915	27.0	1		4
P02229	Chironomus thummi thummi	Metazoa	151	15.0	1		4
K9L4P7	Penicillium chrysogenum	Fungi	604	18.0	1		4
P07730	Oryza sativa subsp. japonica	Plants	499	24.0	1		4
P51688	Homo sapiens	Metazoa	502	20.0	1		4
Q8NHP8	Homo sapiens	Metazoa	589	41.0	1		4
P04217	Homo sapiens	Metazoa	495	21.0	1		4
P42889	Myocastor coypus	Metazoa	111	17.0	1		4
P52798	Homo sapiens	Metazoa	201	25.0	1		4
Q75N35	Dioscorea polystachya	Plants	272	25.0	1		4
P00757	Mus musculus	Metazoa	256	17.0	1		4
P55083	Homo sapiens	Metazoa	255	21.0	1		4
P27485	Sus scrofa	Metazoa	201	18.0	1		4
P42098	Sus scrofa	Metazoa	421	22.0	1		4
Q06576	Tamias sibiricus	Metazoa	215	28.0	1		4
C0HL65	Drosophila melanogaster	Metazoa	105	18.0	1		4
P68248	Gallus gallus	Metazoa	80	25.0	1		4
P08001	Sus scrofa	Metazoa	415	16.0	1		4
P82900	Triticum aestivum	Plants	96	29.0	1		4
P80162	Homo sapiens	Metazoa	114	37.0	1		4
A7VN15	Protobothrops flavoviridis	Metazoa	79	19.0	1		4
P00616	Oxyuranus scutellatus scutellatus	Metazoa	152	19.0	1		4
Q8TC27	Homo sapiens	Metazoa	787	16.0	1		4
Q53B47	Ophiophagus hannah	Metazoa	78	21.0	1		4
C4NZN9	Hyas araneus	Metazoa	131	16.0	1		4
P50448	Bos taurus	Metazoa	468	23.0	1		4
P02784	Bos taurus	Metazoa	134	25.0	1		4
Q9HE18	Talaromyces funiculosus	Fungi	353	18.0	1		4
P08174	Homo sapiens	Metazoa	381	34.0	1		4
P19137	Mus musculus	Metazoa	3083	24.0	1		4
Q9Z0J8	Rattus norvegicus	Metazoa	348	31.0	1		4
Q95121	Bos taurus	Metazoa	416	20.0	1		4
Q06KA2	Phlebotomus duboscqi	Metazoa	249	19.0	1		4
P09237	Homo sapiens	Metazoa	267	17.0	1		4
P02788	Homo sapiens	Metazoa	710	19.0	1		4
C0HLL2	Pithecopus azureus	Metazoa	146	18.0	1		4
P42292	Gallus gallus	Metazoa	588	33.0	1		4
P01036	Homo sapiens	Metazoa	141	20.0	1		4
Q92563	Homo sapiens	Metazoa	424	22.0	1		4
P31231	Pelophylax lessonae	Metazoa	420	22.0	1		4
P13213	Bos taurus	Metazoa	303	17.0	1		4
Q9C5S0	Arabidopsis thaliana	Plants	191	20.0	1		4
P01168	Sus scrofa	Metazoa	116	24.0	1		4
K9N4Q4	Phlebotomus papatasi	Metazoa	246	23.0	1		4
Q9QYH7	Rattus norvegicus	Metazoa	117	23.0	1		4
P04280	Homo sapiens	Metazoa	392	16.0	1		4
P42578	Lymnaea stagnalis	Metazoa	239	18.0	1		4
P14423	Rattus norvegicus	Metazoa	146	21.0	1		4
Q6UWK7	Homo sapiens	Metazoa	81	24.0	1		4
Q95460	Homo sapiens	Metazoa	341	22.0	1		4
Q70SU7	Salvelinus alpinus	Metazoa	342	19.0	1		4
E0X9F6	Thaumetopoea pityocampa	Metazoa	126	18.0	1		4
Q06K77	Phlebotomus duboscqi	Metazoa	336	21.0	1		4
P01239	Bos taurus	Metazoa	229	30.0	1		4
Q00870	Fusarium solani subsp. phaseoli	Fungi	350	19.0	1		4
Q5AMT2	Candida albicans (strain SC5314 / ATCC MYA-2876)	Fungi	308	18.0	1		4
O77541	Oryctolagus cuniculus	Metazoa	124	24.0	1		4
Q95VP2	Epiphyas postvittana	Metazoa	161	20.0	1		4
P08818	Hordeum vulgare	Plants	476	34.0	1		4
P06858	Homo sapiens	Metazoa	475	27.0	1		4
Q29616	Macropus giganteus	Metazoa	149	22.0	1		4
P05231	Homo sapiens	Metazoa	212	29.0	1		4
P10820	Mus musculus	Metazoa	554	20.0	1		4
P06213	Homo sapiens	Metazoa	1382	27.0	1		4
Q94733	Rhodnius prolixus	Metazoa	202	23.0	1		4
A9UGV5	Oryza sativa subsp. japonica	Plants	68	30.0	1		4
Q42372	Robinia pseudoacacia	Plants	286	31.0	1		4
P19136	Phanerodontia chrysosporium	Fungi	382	24.0	1		4
Q5F0I3	Gynostemma pentaphyllum	Plants	300	23.0	1		4
Q13007	Homo sapiens	Metazoa	206	51.0	1		4
P82187	Equus caballus	Metazoa	185	20.0	1		4
P24330	Crotalus adamanteus	Metazoa	70	22.0	1		4
Q8N126	Homo sapiens	Metazoa	398	24.0	1		4
P31608	Sagittaria sagittifolia	Plants	181	24.0	1		4
O46654	Sorex araneus	Metazoa	147	20.0	1		4
P08989	Canis lupus familiaris	Metazoa	146	23.0	1		4
P01824	Homo sapiens	Metazoa	125	26.0	1		4
P08505	Mus musculus	Metazoa	211	24.0	1		4
C0HJQ5	Mesobuthus eupeus	Metazoa	57	28.0	1		4
A0A2J6KL39	Lactuca sativa	Plants	117	25.0	1		4
G4V4F9	Cupiennius salei	Metazoa	97	19.0	1		4
P01599	Homo sapiens	Metazoa	117	22.0	1		4
P42256	Aspergillus niger	Fungi	321	19.0	1		4
P0DPV3	Scolopendra dehaani	Metazoa	73	23.0	1		4
P20702	Homo sapiens	Metazoa	1163	19.0	1		4
P81702	Ceratocystis fimbriata f. sp. platani	Fungi	134	14.0	1		4
P67970	Gallus gallus	Metazoa	107	24.0	1		4
P18658	Macaca fascicularis	Metazoa	101	22.0	1		4
P21814	Ovis aries	Metazoa	429	25.0	1		4
P32936	Hordeum vulgare	Plants	149	24.0	1		4
P09487	Bos taurus	Metazoa	524	17.0	1		4
Q25589	Faxonius limosus	Metazoa	135	26.0	1		4
Q90WJ9	Takifugu pardalis	Metazoa	391	20.0	1		4
P38571	Homo sapiens	Metazoa	399	27.0	1		4
Q41161	Robinia pseudoacacia	Plants	285	31.0	1		4
Q39487	Colocasia esculenta	Plants	267	26.0	1		4
P05187	Homo sapiens	Metazoa	535	22.0	1		4
Q06153	Ophiostoma ulmi	Fungi	100	25.0	1		4
Q01129	Rattus norvegicus	Metazoa	354	16.0	1		4
Q01638	Homo sapiens	Metazoa	556	18.0	1		4
P34752	Aspergillus niger	Fungi	467	23.0	1		4
P10124	Homo sapiens	Metazoa	158	27.0	1		4
O35314	Rattus norvegicus	Metazoa	675	20.0	1		4
Q7ZT75	Xenopus laevis	Metazoa	315	19.0	1		4
P26203	Oryctolagus cuniculus	Metazoa	137	20.0	1		4
P02223	Chironomus thummi thummi	Metazoa	161	16.0	1		4
Q9I8P7	Malayopython reticulatus	Metazoa	201	19.0	1		4
P02724	Homo sapiens	Metazoa	150	19.0	1		4
P19035	Bos taurus	Metazoa	96	23.0	1		4
P08904	Bos taurus	Metazoa	154	27.0	1		4
P02866	Canavalia ensiformis	Plants	290	29.0	1		4
A0AT29	Lens culinaris	Plants	118	25.0	1		4
P54107	Homo sapiens	Metazoa	249	21.0	1		4
Q02083	Homo sapiens	Metazoa	359	28.0	1		4
P55320	Homarus americanus	Metazoa	112	31.0	1		4
P35052	Homo sapiens	Metazoa	558	23.0	1		4
Q7T2Q6	Bungarus flaviceps flaviceps	Metazoa	83	24.0	1		4
Q7ZTA0	Agkistrodon piscivorus piscivorus	Metazoa	240	19.0	1		4
Q95UE8	Lucilia cuprina	Metazoa	220	19.0	1		4
P45697	Olivierus martensii	Metazoa	84	19.0	1		4
P17690	Bos taurus	Metazoa	345	19.0	1		4
P55057	Oryctolagus cuniculus	Metazoa	124	27.0	1		4
P05164	Homo sapiens	Metazoa	745	48.0	1		4
P35481	Cyprinus carpio	Metazoa	129	18.0	1		4
P0DMJ5	Radianthus crispa	Metazoa	78	22.0	1		4
P07478	Homo sapiens	Metazoa	247	15.0	1		4
P29022	Zea mays	Plants	280	25.0	1		4
P19708	Canis lupus familiaris	Metazoa	129	18.0	1		4
Q64277	Mus musculus	Metazoa	311	24.0	1		4
P27613	Trichostrongylus colubriformis	Metazoa	173	15.0	1		4
Q969Z4	Homo sapiens	Metazoa	430	25.0	1		4
P28351	Aspergillus niger	Fungi	545	31.0	1		4
B7ZS96	Xenopus laevis	Metazoa	153	19.0	1		4
P91629	Drosophila miranda	Metazoa	126	16.0	1		4
P01226	Equus caballus	Metazoa	129	18.0	1		4
Q9UVI4	Claviceps fusiformis	Fungi	394	16.0	1		4
P11919	Manduca sexta	Metazoa	88	26.0	1		4
P86009	Dromaius novaehollandiae	Metazoa	238	17.0	1		4
Q2PGV8	Aureobasidium pullulans	Fungi	361	26.0	1		4
Q4LCT0	Androctonus australis	Metazoa	80	22.0	1		4
P05408	Homo sapiens	Metazoa	212	26.0	1		4
Q8N6C8	Homo sapiens	Metazoa	439	23.0	1		4
P01221	Cyprinus carpio	Metazoa	118	23.0	1		4
P12024	Drosophila melanogaster	Metazoa	1315	29.0	1		4
O02380	Tyrophagus putrescentiae	Metazoa	141	15.0	1		4
Q02471	Daboia siamensis	Metazoa	138	16.0	1		4
P33579	Rattus norvegicus	Metazoa	238	30.0	1		4
Q9H1M4	Homo sapiens	Metazoa	99	20.0	1		4
P01024	Homo sapiens	Metazoa	1663	22.0	1		4
P85204	Actinidia chinensis var. chinensis	Plants	114	25.0	1		4
C0HLA0	Chamaecyparis obtusa	Plants	556	28.0	1		4
Q9BKB7	Mesobuthus eupeus	Metazoa	57	21.0	1		4
P46165	Bos taurus	Metazoa	62	22.0	1		4
P11684	Homo sapiens	Metazoa	91	21.0	1		4
A8CG86	Daboia russelii	Metazoa	138	16.0	1		4
P13385	Homo sapiens	Metazoa	188	30.0	1		4
Q8VCS0	Mus musculus	Metazoa	530	22.0	1		4
P24090	Rattus norvegicus	Metazoa	352	18.0	1		4
P29007	Bombina orientalis	Metazoa	155	31.0	1		4
Q08380	Homo sapiens	Metazoa	585	18.0	1		4
P02876	Triticum aestivum	Plants	213	27.0	1		4
Q9SUQ8	Arabidopsis thaliana	Plants	187	29.0	1		4
A0A2I8B353	Paralithodes camtschaticus	Metazoa	76	23.0	1		4
Q4LCS9	Androctonus australis	Metazoa	80	22.0	1		4
P24063	Mus musculus	Metazoa	1162	23.0	1		4
Q4W1I9	Zinnia elegans	Plants	321	30.0	1		4
Q9YH85	Gallus gallus	Metazoa	2120	24.0	1		4
Q00017	Aspergillus aculeatus	Fungi	250	17.0	1		4
C5P3X6	Coccidioides posadasii (strain C735)	Fungi	276	18.0	1		4
Q56TT9	Hottentotta judaicus	Metazoa	85	19.0	1		4
P13083	Cavia porcellus	Metazoa	126	26.0	1		4
P28335	Homo sapiens	Metazoa	458	32.0	1		4
Q9TW98	Pinctada fucata	Metazoa	131	23.0	1		4
P23035	Oryctolagus cuniculus	Metazoa	413	24.0	1		4
Q9C0Y4	Schizosaccharomyces pombe (strain 972 / ATCC 24843)	Fungi	969	24.0	1		4
A0A1W6EVN2	Ampulex compressa	Metazoa	50	26.0	1		4
Q43871	Hordeum vulgare	Plants	115	25.0	1		4
P81497	Suncus murinus	Metazoa	387	16.0	1		4
P18418	Rattus norvegicus	Metazoa	416	17.0	1		4
Q9Y0Y0	Aedes albopictus	Metazoa	60	24.0	1		4
Q96X54	Aspergillus awamori	Fungi	628	25.0	1		4
P02745	Homo sapiens	Metazoa	245	22.0	1		4
Q95NY5	Anopheles stephensi	Metazoa	315	18.0	1		4
P34095	Entamoeba histolytica (strain ATCC 30459 / HM-1:IMSS / ABRM)	Other	98	21.0	1		4
P02748	Homo sapiens	Metazoa	559	21.0	1		4
P0DJI9	Homo sapiens	Metazoa	122	18.0	1		4
P0DSJ6	Myrmecia gulosa	Metazoa	62	24.0	1		4
P10764	Ovis aries	Metazoa	179	24.0	1		4
Q69CK0	Ophiophagus hannah	Metazoa	84	21.0	1		4
P56742	Crotalus atrox	Metazoa	516	18.0	1		4
Q6IWZ0	Aplysia californica	Metazoa	535	18.0	1		4
Q13145	Homo sapiens	Metazoa	260	20.0	1		4
P10459	Laticauda laticaudata	Metazoa	83	21.0	1		4
P02752	Gallus gallus	Metazoa	238	17.0	1		4
P32472	Saccharomyces cerevisiae (strain ATCC 204508 / S288c)	Fungi	135	17.0	1		4
Q64385	Mus musculus	Metazoa	432	23.0	1		4
Q9BWV1	Homo sapiens	Metazoa	1114	30.0	1		4
Q8JFY4	Anguilla japonica	Metazoa	111	26.0	1		4
Q6J4Q1	Apis mellifera	Metazoa	683	21.0	1		4
P00635	Saccharomyces cerevisiae (strain ATCC 204508 / S288c)	Fungi	467	17.0	1		4
P47178	Saccharomyces cerevisiae (strain ATCC 204508 / S288c)	Fungi	298	19.0	1		4
P02766	Homo sapiens	Metazoa	147	20.0	1		4
P15085	Homo sapiens	Metazoa	419	16.0	1		4
P22969	Equus caballus	Metazoa	182	25.0	1		4
P02670	Capra hircus	Metazoa	192	21.0	1		4
G9I930	Micrurus tener tener	Metazoa	149	30.0	1		4
B7SNV8	Parabuthus granulatus	Metazoa	82	19.0	1		4
P78733	Phanerodontia chrysosporium	Fungi	380	25.0	1		4
P01248	Sus scrofa	Metazoa	216	26.0	1		4
P10163	Homo sapiens	Metazoa	310	16.0	1		4
P13384	Bos taurus	Metazoa	317	33.0	1		4
P48842	Aspergillus aculeatus	Fungi	350	16.0	1		4
P19313	Rattus norvegicus	Metazoa	141	27.0	1		4
Q92583	Homo sapiens	Metazoa	94	23.0	1		4
Q27309	Bombyx mori	Metazoa	1782	15.0	1		4
Q6T6C2	Theromyzon tessulatum	Metazoa	97	22.0	1		4
P01889	Homo sapiens	Metazoa	362	24.0	1		4
P24476	Dianthus caryophyllus	Plants	293	23.0	1		4
A2AEP0	Mus musculus	Metazoa	171	19.0	1		4
Q9JJS8	Rattus norvegicus	Metazoa	685	19.0	1		4
P02666	Bos taurus	Metazoa	224	15.0	1		4
P08842	Homo sapiens	Metazoa	583	21.0	1		4
A0A0A1I6E7	Androctonus crassicauda	Metazoa	74	22.0	1		4
Q42656	Coffea arabica	Plants	378	15.0	1		4
Q9NL39	Pinctada maxima	Metazoa	140	25.0	1		4
P20476	Craspedocephalus gramineus	Metazoa	138	16.0	1		4
Q99972	Homo sapiens	Metazoa	504	32.0	1		4
P23577	Chlamydomonas reinhardtii	Plants	317	31.0	1		4
Q8VCT4	Mus musculus	Metazoa	565	18.0	1		4
P14925	Rattus norvegicus	Metazoa	976	25.0	1		4
F1CGT6	Centruroides suffusus	Metazoa	82	17.0	1		4
P01624	Homo sapiens	Metazoa	115	20.0	1		4
P02755	Bubalus bubalis	Metazoa	180	18.0	1		4
P16882	Mus musculus	Metazoa	650	24.0	1		4
P01027	Mus musculus	Metazoa	1663	24.0	1		4
P0DPU7	Scolopendra dehaani	Metazoa	78	25.0	1		4
P19007	Oryctolagus cuniculus	Metazoa	347	18.0	1		4
I6S7I0	Scolopendra mutilans	Metazoa	64	18.0	1		4
Q9TRM8	Canis lupus familiaris	Metazoa	177	25.0	1		4
P16235	Rattus norvegicus	Metazoa	700	26.0	1		4
Q965E2	Psoroptes ovis	Metazoa	143	17.0	1		4
C0STK7	Elaphe climacophora	Metazoa	332	23.0	1		4
P15399	Rattus norvegicus	Metazoa	177	17.0	1		4
Q9H293	Homo sapiens	Metazoa	177	32.0	1		4
Q7M438	Dictyostelium discoideum	Other	223	25.0	1		4
P83508	Cavia porcellus	Metazoa	170	16.0	1		4
P58738	Zea mays	Plants	269	24.0	1		4
P05013	Homo sapiens	Metazoa	189	20.0	1		4
P16444	Homo sapiens	Metazoa	411	16.0	1		4
P01814	Homo sapiens	Metazoa	119	19.0	1		4
A8CG82	Daboia siamensis	Metazoa	138	16.0	1		4
Q556R7	Dictyostelium discoideum	Other	303	24.0	1		4
E0XKJ9	Tabanus yao	Metazoa	349	25.0	1		4
O15455	Homo sapiens	Metazoa	904	23.0	1		4
Q9I840	Calloselasma rhodostoma	Metazoa	146	23.0	1		4
C6JUP2	Micrurus corallinus	Metazoa	88	21.0	1		4
Q9P121	Homo sapiens	Metazoa	344	33.0	1		4
P01477	Crotalus helleri	Metazoa	70	22.0	1		4
P08899	Anguilla japonica	Metazoa	209	19.0	1		4
P01227	Ovis aries	Metazoa	129	19.0	1		4
Q00945	Lymnaea stagnalis	Metazoa	155	26.0	1		4
P81498	Suncus murinus	Metazoa	389	16.0	1		4
P80513	Bos taurus	Metazoa	179	21.0	1		4
P23360	Thermoascus aurantiacus	Fungi	329	26.0	1		4
P08878	Crotalus durissus terrificus	Metazoa	138	37.0	1		4
Q6UWM7	Homo sapiens	Metazoa	567	21.0	1		4
P00716	Oryctolagus cuniculus	Metazoa	141	19.0	1		4
Q16674	Homo sapiens	Metazoa	131	24.0	1		4
P17935	Vipera ammodytes ammodytes	Metazoa	138	16.0	1		4
A0A1L6K371	Juglans nigra	Plants	510	23.0	1		4
P00433	Armoracia rusticana	Plants	353	30.0	1		4
P55773	Homo sapiens	Metazoa	120	21.0	1		4
P0DQP7	Cerrophidion godmani	Metazoa	200	19.0	1		4
P24091	Nicotiana tabacum	Plants	324	23.0	1		4
Q4TUA4	Olivierus martensii	Metazoa	85	19.0	1		4
Q5BGU9	Emericella nidulans (strain FGSC A4 / ATCC 38163 / CBS 112.46 / NRRL 194 / M139)	Fungi	366	18.0	1		4
Q6UWM5	Homo sapiens	Metazoa	242	22.0	1		4
P02896	Trypanosoma brucei brucei	Other	526	33.0	1		4
P01174	Rattus norvegicus	Metazoa	137	19.0	1		4
Q924B5	Rattus norvegicus	Metazoa	250	25.0	1		4
P07759	Mus musculus	Metazoa	418	21.0	1		4
P49921	Sus scrofa	Metazoa	91	23.0	1		4
Q9P246	Homo sapiens	Metazoa	746	14.0	1		4
P20827	Homo sapiens	Metazoa	205	18.0	1		4
P08648	Homo sapiens	Metazoa	1049	41.0	1		4
Q6UW88	Homo sapiens	Metazoa	154	22.0	1		4
P55203	Bos taurus	Metazoa	1110	56.0	1		4
P56612	Tityus stigmurus	Metazoa	84	19.0	1		4
Q91XV6	Rattus norvegicus	Metazoa	94	17.0	1		4
Q6H3D2	Trimeresurus stejnegeri	Metazoa	138	16.0	1		4
P80325	Cavia porcellus	Metazoa	96	23.0	1		4
Q9GV28	Bombyx mori	Metazoa	433	16.0	1		4
Q9Y279	Homo sapiens	Metazoa	399	19.0	1		4
G1CWH1	Clitoria ternatea	Plants	132	28.0	1		4
P0DMM8	Tityus trivittatus	Metazoa	84	20.0	1		4
Q9D6Y1	Mus musculus	Metazoa	273	21.0	1		4
P06756	Homo sapiens	Metazoa	1048	30.0	1		4
P21589	Homo sapiens	Metazoa	574	26.0	1		4
Q9TT95	Sus scrofa	Metazoa	120	22.0	1		4
Q9Y653	Homo sapiens	Metazoa	693	25.0	1		4
Q99372	Rattus norvegicus	Metazoa	870	27.0	1		4
C5J887	Opisthacanthus cayaporum	Metazoa	69	23.0	1		4
P03971	Homo sapiens	Metazoa	560	24.0	1		4
Q9GZM7	Homo sapiens	Metazoa	467	21.0	1		4
P15253	Oryctolagus cuniculus	Metazoa	418	17.0	1		4
P10282	Fusarium fujikuroi	Fungi	131	25.0	1		4
P07204	Homo sapiens	Metazoa	575	18.0	1		4
O95998	Homo sapiens	Metazoa	194	30.0	1		4
P38029	Equus caballus	Metazoa	421	24.0	1		4
Q6H3D5	Trimeresurus stejnegeri	Metazoa	138	16.0	1		4
Q76CE8	Typhula ishikariensis	Fungi	243	20.0	1		4
P14091	Homo sapiens	Metazoa	396	19.0	1		4
Q41260	Phalaris aquatica	Plants	269	29.0	1		4
P37240	Oncorhynchus mykiss	Metazoa	147	20.0	1		4
P24027	Crotalus durissus terrificus	Metazoa	138	16.0	1		4
Q86Y78	Homo sapiens	Metazoa	171	22.0	1		4
Q29143	Trichosurus vulpecula	Metazoa	102	20.0	1		4
P0DUS7	Doratifera vulnerans	Metazoa	56	19.0	1		4
Q9UBU3	Homo sapiens	Metazoa	117	23.0	1		4
O95407	Homo sapiens	Metazoa	300	29.0	1		4
Q86T13	Homo sapiens	Metazoa	490	21.0	1		4
P0DPU0	Scolopendra dehaani	Metazoa	210	23.0	1		4
P80195	Bos taurus	Metazoa	153	18.0	1		4
P40259	Homo sapiens	Metazoa	229	28.0	1		4
P81941	Pseudopleuronectes americanus	Metazoa	68	22.0	1		4
Q9ZUT3	Arabidopsis thaliana	Plants	273		0	True	4
Q8GYQ5	Arabidopsis thaliana	Plants	372		0	False	4
Q9BQI6	Homo sapiens	Metazoa	1058		0	False	4
P00063	Acer negundo	Plants	112		0	False	4
Q8WVH0	Homo sapiens	Metazoa	158		0	False	4
Q8BHL4	Mus musculus	Metazoa	356		0	True	4
Q00312	Candida albicans	Fungi	527		0	False	4
Q8RY46	Arabidopsis thaliana	Plants	700		0	False	4
P07390	Saccharomyces cerevisiae (strain ATCC 204508 / S288c)	Fungi	489		0	False	4
Q8VYB9	Arabidopsis thaliana	Plants	840		0	False	4
O60814	Homo sapiens	Metazoa	126		0	False	4
Q5SNT2	Homo sapiens	Metazoa	666		0	False	4
P17694	Bos taurus	Metazoa	463		0	False	4
P29383	Arabidopsis thaliana	Plants	258		0	False	4
Q07953	Saccharomyces cerevisiae (strain ATCC 204508 / S288c)	Fungi	250		0	False	4
Q9NQZ6	Homo sapiens	Metazoa	224		0	False	4
Q8K3V4	Mus musculus	Metazoa	682		0	False	4
Q96RU7	Homo sapiens	Metazoa	358		0	False	4
Q8NF50	Homo sapiens	Metazoa	2099		0	False	4
Q14653	Homo sapiens	Metazoa	427		0	False	4
P04992	Petunia hybrida	Plants	477		0	False	4
Q5W9E7	Arabidopsis thaliana	Plants	659		0	False	4
Q5VYK3	Homo sapiens	Metazoa	1845		0	False	4
Q86Y25	Homo sapiens	Metazoa	554		0	False	4
Q8CJ26	Mus musculus	Metazoa	228		0	True	4
P62861	Homo sapiens	Metazoa	133		0	False	4
Q13426	Homo sapiens	Metazoa	336		0	False	4
P47138	Saccharomyces cerevisiae (strain ATCC 204508 / S288c)	Fungi	172		0	False	4
O13894	Schizosaccharomyces pombe (strain 972 / ATCC 24843)	Fungi	124		0	False	4
Q9CQH3	Mus musculus	Metazoa	189		0	True	4
Q6ECI4	Homo sapiens	Metazoa	717		0	False	4
Q8JZL0	Mus musculus	Metazoa	594		0	False	4
Q9UHX1	Homo sapiens	Metazoa	559		0	False	4
A2AM29	Mus musculus	Metazoa	569		0	False	4
Q9USJ7	Schizosaccharomyces pombe (strain 972 / ATCC 24843)	Fungi	393		0	False	4
G5EGB2	Caenorhabditis elegans	Metazoa	459		0	False	4
H2LNR5	Oryzias latipes	Metazoa	746		0	False	4
Q7K6X4	Caenorhabditis elegans	Metazoa	497		0	False	4
Q9Y2I1	Homo sapiens	Metazoa	1504		0	False	4
P41896	Saccharomyces cerevisiae (strain ATCC 204508 / S288c)	Fungi	400		0	False	4
Q8TAE8	Homo sapiens	Metazoa	222		0	False	4
Q9Y222	Homo sapiens	Metazoa	760		0	False	4
P43273	Arabidopsis thaliana	Plants	330		0	False	4
P13489	Homo sapiens	Metazoa	461		0	False	4
P06601	Drosophila melanogaster	Metazoa	613		0	False	4
Q8SX37	Drosophila melanogaster	Metazoa	224		0	True	4
Q16254	Homo sapiens	Metazoa	413		0	False	4
Q00731	Mus musculus	Metazoa	392		0	False	4
Q9Z125	Mus musculus	Metazoa	519		0	False	4
Q8RXA8	Spinacia oleracea	Plants	235		0	False	4
A2VCW5	Rattus norvegicus	Metazoa	479		0	True	4
G7L166	Medicago truncatula	Plants	674		0	False	4
Q03281	Saccharomyces cerevisiae (strain ATCC 204508 / S288c)	Fungi	663		0	False	4
P22315	Mus musculus	Metazoa	422		0	False	4
P36136	Saccharomyces cerevisiae (strain ATCC 204508 / S288c)	Fungi	271		0	False	4
Q9FLU1	Arabidopsis thaliana	Plants	454		0	False	4
Q96EL3	Homo sapiens	Metazoa	112		0	False	4
G3V7L5	Rattus norvegicus	Metazoa	412		0	False	4
A0MES8	Arabidopsis thaliana	Plants	328		0	False	4
Q99NA2	Mus musculus	Metazoa	322		0	False	4
O13709	Schizosaccharomyces pombe (strain 972 / ATCC 24843)	Fungi	244		0	False	4
P22739	Xenopus laevis	Metazoa	499		0	False	4
Q9UPS6	Homo sapiens	Metazoa	1966		0	False	4
P10070	Homo sapiens	Metazoa	1586		0	False	4
Q2YDI5	Bos taurus	Metazoa	212		0	False	4
P00060	Solanum lycopersicum	Plants	111		0	False	4
O22049	Arabidopsis thaliana	Plants	353		0	False	4
P69246	Zea mays	Plants	136		0	False	4
Q8K4V2	Rattus norvegicus	Metazoa	953		0	False	4
P48483	Arabidopsis thaliana	Plants	322		0	False	4
P31350	Homo sapiens	Metazoa	389		0	False	4
P04921	Homo sapiens	Metazoa	128		0	True	4
Q04002	Saccharomyces cerevisiae (strain ATCC 204508 / S288c)	Fungi	1493		0	False	4
Q9LW29	Arabidopsis thaliana	Plants	575		0	False	4
P46609	Oryza sativa subsp. japonica	Plants	361		0	False	4
Q15648	Homo sapiens	Metazoa	1581		0	False	4
Q8NFU7	Homo sapiens	Metazoa	2136		0	False	4
P47824	Rattus norvegicus	Metazoa	399		0	True	4
Q96WW2	Schizosaccharomyces pombe (strain 972 / ATCC 24843)	Fungi	383		0	False	4
V5IQE0	Neurospora crassa (strain ATCC 24698 / 74-OR23-1A / CBS 708.71 / DSM 1257 / FGSC 987)	Fungi	202		0	False	4
Q96HJ9	Homo sapiens	Metazoa	113		0	False	4
Q7Z5J4	Homo sapiens	Metazoa	1906		0	False	4
Q38946	Arabidopsis thaliana	Plants	411		0	False	4
Q6AT90	Oryza sativa subsp. japonica	Plants	505		0	False	4
P08760	Bos taurus	Metazoa	227		0	False	4
Q3EBQ3	Arabidopsis thaliana	Plants	807		0	False	4
Q8CII8	Mus musculus	Metazoa	388		0	False	4
G5EFZ3	Caenorhabditis elegans	Metazoa	570		0	False	4
P86924	Trypanosoma brucei brucei	Other	416		0	False	4
Q10666	Caenorhabditis elegans	Metazoa	438		0	False	4
O54957	Mus musculus	Metazoa	242		0	True	4
Q03347	Mus musculus	Metazoa	451		0	False	4
Q00361	Bos taurus	Metazoa	71		0	False	4
Q62847	Rattus norvegicus	Metazoa	705		0	False	4
Q6ZJM9	Oryza sativa subsp. japonica	Plants	563		0	False	4
O95125	Homo sapiens	Metazoa	648		0	False	4
Q0WQG8	Arabidopsis thaliana	Plants	467		0	True	4
G5EFY7	Caenorhabditis elegans	Metazoa	295		0	False	4
P47102	Saccharomyces cerevisiae (strain ATCC 204508 / S288c)	Fungi	1408		0	False	4
Q8NE71	Homo sapiens	Metazoa	845		0	False	4
P49869	Drosophila melanogaster	Metazoa	1073		0	False	4
P48349	Arabidopsis thaliana	Plants	248		0	False	4
F4IHY7	Arabidopsis thaliana	Plants	527		0	False	4
O80990	Arabidopsis thaliana	Plants	352		0	False	4
O94768	Homo sapiens	Metazoa	372		0	False	4
A1L1K8	Rattus norvegicus	Metazoa	411		0	False	4
Q9DA75	Mus musculus	Metazoa	534		0	True	4
Q9ZT91	Arabidopsis thaliana	Plants	454		0	False	4
Q38890	Arabidopsis thaliana	Plants	621		0	True	4
Q15717	Homo sapiens	Metazoa	326		0	False	4
Q8BMI0	Mus musculus	Metazoa	1194		0	False	4
O46036	Drosophila melanogaster	Metazoa	476		0	False	4
Q9P793	Schizosaccharomyces pombe (strain 972 / ATCC 24843)	Fungi	1418		0	False	4
Q8CIG3	Mus musculus	Metazoa	826		0	False	4
Q61097	Mus musculus	Metazoa	873		0	False	4
Q9FN50	Arabidopsis thaliana	Plants	258		0	False	4
P03968	Bos taurus	Metazoa	155		0	False	4
Q9UUC7	Schizosaccharomyces pombe (strain 972 / ATCC 24843)	Fungi	366		0	False	4
Q5JK84	Oryza sativa subsp. japonica	Plants	432		0	False	4
Q9VLD6	Drosophila melanogaster	Metazoa	315		0	False	4
Q5K4L6	Homo sapiens	Metazoa	683		0	True	4
P78714	Neurospora crassa (strain ATCC 24698 / 74-OR23-1A / CBS 708.71 / DSM 1257 / FGSC 987)	Fungi	530		0	False	4
P23511	Homo sapiens	Metazoa	347		0	False	4
Q3E7A3	Saccharomyces cerevisiae (strain ATCC 204508 / S288c)	Fungi	74		0	True	4
Q8IXQ9	Homo sapiens	Metazoa	262		0	False	4
A9C3R8	Danio rerio	Metazoa	532		0	False	4
G5EEU2	Caenorhabditis elegans	Metazoa	714		0	False	4
Q8GUI6	Arabidopsis thaliana	Plants	954		0	False	4
Q8BLB7	Mus musculus	Metazoa	883		0	False	4
P35561	Mus musculus	Metazoa	428		0	True	4
P13637	Homo sapiens	Metazoa	1013		0	True	4
P28519	Saccharomyces cerevisiae (strain ATCC 204508 / S288c)	Fungi	371		0	False	4
Q8K2X3	Mus musculus	Metazoa	378		0	False	4
O13725	Schizosaccharomyces pombe (strain 972 / ATCC 24843)	Fungi	242		0	False	4
Q96F07	Homo sapiens	Metazoa	1278		0	False	4
Q8R0W0	Mus musculus	Metazoa	6548		0	False	4
Q708S6	Danio rerio	Metazoa	529		0	True	4
Q20497	Caenorhabditis elegans	Metazoa	3498		0	False	4
O96007	Homo sapiens	Metazoa	188		0	False	4
Q96FI4	Homo sapiens	Metazoa	390		0	False	4
Q91V45	Mus musculus	Metazoa	396		0	True	4
P25299	Saccharomyces cerevisiae (strain ATCC 204508 / S288c)	Fungi	296		0	False	4
Q5JVS0	Homo sapiens	Metazoa	413		0	False	4
Q96Q83	Homo sapiens	Metazoa	286		0	False	4
F4JHN2	Arabidopsis thaliana	Plants	534		0	False	4
Q9HAW4	Homo sapiens	Metazoa	1339		0	False	4
P69850	Saccharomyces cerevisiae (strain ATCC 204508 / S288c)	Fungi	94		0	False	4
P63094	Mus musculus	Metazoa	394		0	False	4
Q55D99	Dictyostelium discoideum	Other	1197		0	False	4
Q9LY74	Arabidopsis thaliana	Plants	338		0	False	4
P41977	Caenorhabditis elegans	Metazoa	218		0	False	4
P41004	Schizosaccharomyces pombe (strain 972 / ATCC 24843)	Fungi	1324		0	False	4
Q7Y1W1	Arabidopsis thaliana	Plants	527		0	False	4
Q06639	Saccharomyces cerevisiae (strain ATCC 204508 / S288c)	Fungi	885		0	False	4
Q9C029	Homo sapiens	Metazoa	511		0	False	4
Q6PB66	Mus musculus	Metazoa	1392		0	False	4
O96028	Homo sapiens	Metazoa	1365		0	False	4
Q01406	Gallus gallus	Metazoa	563		0	False	4
O95477	Homo sapiens	Metazoa	2261		0	True	4
Q6SJ95	Mus musculus	Metazoa	350		0	False	4
P38826	Saccharomyces cerevisiae (strain ATCC 204508 / S288c)	Fungi	435		0	False	4
Q9QY14	Mus musculus	Metazoa	288		0	False	4
P16580	Gallus gallus	Metazoa	373		0	False	4
Q941F1	Arabidopsis thaliana	Plants	515		0	False	4
O75394	Homo sapiens	Metazoa	65		0	False	4
Q96T55	Homo sapiens	Metazoa	309		0	True	4
P61076	Plasmodium falciparum (isolate 3D7)	Other	617		0	False	4
P20069	Rattus norvegicus	Metazoa	524		0	False	4
P93009	Arabidopsis thaliana	Plants	182		0	False	4
Q9QXP0	Mus musculus	Metazoa	498		0	True	4
P00045	Saccharomyces cerevisiae (strain ATCC 204508 / S288c)	Fungi	113		0	False	4
P48437	Mus musculus	Metazoa	737		0	False	4
Q05809	Saccharomyces cerevisiae (strain ATCC 204508 / S288c)	Fungi	96		0	False	4
Q9M7X9	Arabidopsis thaliana	Plants	183		0	False	4
Q9UT18	Schizosaccharomyces pombe (strain 972 / ATCC 24843)	Fungi	591		0	False	4
O94428	Schizosaccharomyces pombe (strain 972 / ATCC 24843)	Fungi	115		0	False	4
Q9SZR9	Arabidopsis thaliana	Plants	638		0	False	4
P38204	Saccharomyces cerevisiae (strain ATCC 204508 / S288c)	Fungi	145		0	False	4
Q9VDY1	Drosophila melanogaster	Metazoa	1638		0	False	4
Q9LN63	Arabidopsis thaliana	Plants	335		0	False	4
Q9H3S7	Homo sapiens	Metazoa	1636		0	False	4
P31369	Drosophila melanogaster	Metazoa	498		0	False	4
P91276	Caenorhabditis elegans	Metazoa	531		0	False	4
Q08096	Saccharomyces cerevisiae (strain ATCC 204508 / S288c)	Fungi	367		0	False	4
Q8R4N0	Mus musculus	Metazoa	338		0	False	4
P25697	Arabidopsis thaliana	Plants	395		0	False	4
Q8IZF0	Homo sapiens	Metazoa	1738		0	True	4
Q9W157	Drosophila melanogaster	Metazoa	971		0	False	4
Q99720	Homo sapiens	Metazoa	223		0	True	4
P04101	Sus scrofa	Metazoa	50		0	False	4
Q42400	Arabidopsis thaliana	Plants	485		0	True	4
Q9EPI6	Rattus norvegicus	Metazoa	532		0	False	4
Q9LFV6	Arabidopsis thaliana	Plants	1011		0	False	4
Q14129	Homo sapiens	Metazoa	220		0	False	4
Q9LTX3	Arabidopsis thaliana	Plants	530		0	False	4
O74362	Schizosaccharomyces pombe (strain 972 / ATCC 24843)	Fungi	334		0	False	4
P33750	Saccharomyces cerevisiae (strain ATCC 204508 / S288c)	Fungi	489		0	False	4
P38242	Saccharomyces cerevisiae (strain ATCC 204508 / S288c)	Fungi	237		0	True	4
Q66I42	Danio rerio	Metazoa	579		0	False	4
Q8NC60	Homo sapiens	Metazoa	698		0	False	4
Q9D883	Mus musculus	Metazoa	239		0	False	4
O95786	Homo sapiens	Metazoa	925		0	False	4
Q9P0L2	Homo sapiens	Metazoa	795		0	False	4
O60158	Schizosaccharomyces pombe (strain 972 / ATCC 24843)	Fungi	432		0	False	4
Q8NF91	Homo sapiens	Metazoa	8797		0	False	4
O43680	Homo sapiens	Metazoa	179		0	False	4
Q99684	Homo sapiens	Metazoa	422		0	False	4
Q571I4	Mus musculus	Metazoa	1373		0	False	4
Q03525	Saccharomyces cerevisiae (strain ATCC 204508 / S288c)	Fungi	211		0	False	4
O88441	Mus musculus	Metazoa	263		0	False	4
P09562	Zea mays	Plants	339		0	False	4
F4HQA1	Arabidopsis thaliana	Plants	589		0	False	4
Q75QN2	Homo sapiens	Metazoa	995		0	False	4
Q9SZD6	Arabidopsis thaliana	Plants	953		0	False	4
P13434	Saccharomyces cerevisiae (strain ATCC 204508 / S288c)	Fungi	144		0	False	4
P32378	Saccharomyces cerevisiae (strain ATCC 204508 / S288c)	Fungi	372		0	False	4
Q96JI7	Homo sapiens	Metazoa	2443		0	False	4
O24466	Arabidopsis thaliana	Plants	216		0	False	4
P04842	Komagataella phaffii (strain GS115 / ATCC 20864)	Fungi	663		0	False	4
Q65XK7	Oryza sativa subsp. japonica	Plants	381		0	False	4
P32500	Saccharomyces cerevisiae (strain ATCC 204508 / S288c)	Fungi	655		0	True	4
Q9H2S9	Homo sapiens	Metazoa	585		0	False	4
Q9GZR2	Homo sapiens	Metazoa	422		0	False	4
Q9VWY6	Drosophila melanogaster	Metazoa	328		0	False	4
P23500	Saccharomyces cerevisiae (strain ATCC 204508 / S288c)	Fungi	304		0	True	4
O14492	Homo sapiens	Metazoa	632		0	False	4
Q9USQ1	Schizosaccharomyces pombe (strain 972 / ATCC 24843)	Fungi	960		0	False	4
P31942	Homo sapiens	Metazoa	346		0	False	4
Q8BWQ5	Mus musculus	Metazoa	790		0	False	4
Q03631	Saccharomyces cerevisiae (strain ATCC 204508 / S288c)	Fungi	944		0	False	4
Q9S9K9	Arabidopsis thaliana	Plants	257		0	False	4
P97717	Mus musculus	Metazoa	514		0	True	4
O22130	Arabidopsis thaliana	Plants	317		0	False	4
Q9H4L4	Homo sapiens	Metazoa	574		0	False	4
Q8IX03	Homo sapiens	Metazoa	1113		0	False	4
Q9CX60	Mus musculus	Metazoa	105		0	False	4
P07056	Neurospora crassa (strain ATCC 24698 / 74-OR23-1A / CBS 708.71 / DSM 1257 / FGSC 987)	Fungi	231		0	True	4
P21771	Saccharomyces cerevisiae (strain ATCC 204508 / S288c)	Fungi	286		0	False	4
Q3UHU5	Mus musculus	Metazoa	1945		0	False	4
Q96FS4	Homo sapiens	Metazoa	1042		0	False	4
Q9H2X6	Homo sapiens	Metazoa	1198		0	False	4
Q9P0W2	Homo sapiens	Metazoa	317		0	False	4
P27520	Pisum sativum	Plants	265		0	False	4
P52306	Homo sapiens	Metazoa	607		0	False	4
Q2M3R5	Homo sapiens	Metazoa	365		0	True	4
Q681Z2	Arabidopsis thaliana	Plants	203		0	False	4
P52945	Homo sapiens	Metazoa	283		0	False	4
Q9C0J8	Homo sapiens	Metazoa	1336		0	False	4
P55160	Homo sapiens	Metazoa	1127		0	False	4
Q09146	Schizosaccharomyces pombe (strain 972 / ATCC 24843)	Fungi	399		0	False	4
Q9Y3M2	Homo sapiens	Metazoa	126		0	False	4
Q86VZ6	Homo sapiens	Metazoa	243		0	False	4
Q7PLI2	Drosophila melanogaster	Metazoa	2077		0	False	4
Q02395	Mus musculus	Metazoa	593		0	False	4
Q1K5G1	Neurospora crassa (strain ATCC 24698 / 74-OR23-1A / CBS 708.71 / DSM 1257 / FGSC 987)	Fungi	320		0	False	4
O95948	Homo sapiens	Metazoa	504		0	False	4
P13653	Hordeum vulgare	Plants	388		0	False	4
O80536	Arabidopsis thaliana	Plants	524		0	False	4
O14318	Schizosaccharomyces pombe (strain 972 / ATCC 24843)	Fungi	295		0	False	4
Q9NRQ2	Homo sapiens	Metazoa	329		0	False	4
Q8NC24	Homo sapiens	Metazoa	303		0	True	4
Q8WXI3	Homo sapiens	Metazoa	467		0	False	4
Q6STH5	Arabidopsis thaliana	Plants	532		0	False	4
Q9SU08	Arabidopsis thaliana	Plants	904		0	False	4
P49915	Homo sapiens	Metazoa	693		0	False	4
Q9SRT0	Arabidopsis thaliana	Plants	460		0	False	4
Q8K480	Mus musculus	Metazoa	584		0	True	4
P50947	Saccharomyces cerevisiae (strain ATCC 204508 / S288c)	Fungi	330		0	False	4
Q66LM6	Mus musculus	Metazoa	333		0	False	4
P54254	Mus musculus	Metazoa	791		0	False	4
P25932	Drosophila melanogaster	Metazoa	470		0	False	4
Q9H981	Homo sapiens	Metazoa	624		0	False	4
P20309	Homo sapiens	Metazoa	590		0	True	4
Q9QZ04	Mus musculus	Metazoa	1284		0	False	4
Q9LKL2	Arabidopsis thaliana	Plants	618		0	False	4
Q9JLI8	Mus musculus	Metazoa	962		0	False	4
Q569Z6	Mus musculus	Metazoa	951		0	False	4
Q6PIL6	Homo sapiens	Metazoa	250		0	False	4
Q08119	Saccharomyces cerevisiae (strain ATCC 204508 / S288c)	Fungi	714		0	False	4
Q6P9F7	Homo sapiens	Metazoa	803		0	True	4
Q9R269	Mus musculus	Metazoa	1755		0	False	4
Q9WVJ4	Rattus norvegicus	Metazoa	145		0	False	4
Q9MBA2	Arabidopsis thaliana	Plants	326		0	False	4
P84087	Rattus norvegicus	Metazoa	134		0	False	4
P06652	Schizosaccharomyces pombe (strain 972 / ATCC 24843)	Fungi	596		0	False	4
P19683	Nicotiana sylvestris	Plants	315		0	False	4
Q969P5	Homo sapiens	Metazoa	355		0	False	4
P70704	Mus musculus	Metazoa	1164		0	True	4
P55345	Homo sapiens	Metazoa	433		0	False	4
O09047	Mus musculus	Metazoa	477		0	True	4
O94329	Schizosaccharomyces pombe (strain 972 / ATCC 24843)	Fungi	183		0	False	4
Q9BV68	Homo sapiens	Metazoa	311		0	False	4
Q6DFQ7	Xenopus tropicalis	Metazoa	342		0	True	4
Q9NYV7	Homo sapiens	Metazoa	291		0	True	4
P39736	Drosophila melanogaster	Metazoa	547		0	False	4
P38877	Saccharomyces cerevisiae (strain ATCC 204508 / S288c)	Fungi	133		0	False	4
O65220	Arabidopsis thaliana	Plants	281		0	False	4
A2AH22	Mus musculus	Metazoa	1300		0	False	4
Q11011	Mus musculus	Metazoa	920		0	False	4
Q9H1Y3	Homo sapiens	Metazoa	402		0	True	4
Q42479	Arabidopsis thaliana	Plants	529		0	False	4
Q00978	Homo sapiens	Metazoa	393		0	False	4
O94716	Schizosaccharomyces pombe (strain 972 / ATCC 24843)	Fungi	233		0	False	4
Q10287	Schizosaccharomyces pombe (strain 972 / ATCC 24843)	Fungi	1729		0	False	4
P43582	Saccharomyces cerevisiae (strain ATCC 204508 / S288c)	Fungi	211		0	False	4
P34730	Saccharomyces cerevisiae (strain ATCC 204508 / S288c)	Fungi	273		0	False	4
A0FKN5	Gallus gallus	Metazoa	742		0	True	4
Q9LYT1	Arabidopsis thaliana	Plants	488		0	False	4
P32349	Saccharomyces cerevisiae (strain ATCC 204508 / S288c)	Fungi	654		0	False	4
P39210	Homo sapiens	Metazoa	176		0	True	4
Q9QXV1	Mus musculus	Metazoa	362		0	False	4
Q93XM6	Arabidopsis thaliana	Plants	481		0	False	4
G5EGK5	Caenorhabditis elegans	Metazoa	928		0	False	4
O94504	Schizosaccharomyces pombe (strain 972 / ATCC 24843)	Fungi	133		0	False	4
P49682	Homo sapiens	Metazoa	368		0	True	4
P60202	Mus musculus	Metazoa	277		0	True	4
P11031	Mus musculus	Metazoa	127		0	False	4
P10627	Drosophila melanogaster	Metazoa	490		0	False	4
Q03112	Homo sapiens	Metazoa	1230		0	False	4
P0CG47	Homo sapiens	Metazoa	229		0	False	4
Q07352	Homo sapiens	Metazoa	338		0	False	4
Q9UL62	Homo sapiens	Metazoa	973		0	False	4
Q09823	Schizosaccharomyces pombe (strain 972 / ATCC 24843)	Fungi	791		0	False	4
Q10572	Caenorhabditis elegans	Metazoa	429		0	False	4
P09594	Spinacia oleracea	Plants	199		0	False	4
P49450	Homo sapiens	Metazoa	140		0	False	4
Q9DCJ5	Mus musculus	Metazoa	172		0	False	4
Q9Y4F3	Homo sapiens	Metazoa	1742		0	False	4
O23144	Arabidopsis thaliana	Plants	612		0	False	4
O94822	Homo sapiens	Metazoa	1766		0	False	4
Q9UNA4	Homo sapiens	Metazoa	740		0	False	4
P43609	Saccharomyces cerevisiae (strain ATCC 204508 / S288c)	Fungi	557		0	False	4
Q92551	Homo sapiens	Metazoa	441		0	False	4
P53992	Homo sapiens	Metazoa	1094		0	False	4
P24345	Zea mays	Plants	359		0	False	4
O04492	Arabidopsis thaliana	Plants	419		0	False	4
Q8NFH5	Homo sapiens	Metazoa	326		0	False	4
P70257	Mus musculus	Metazoa	488		0	False	4
Q4X006	Aspergillus fumigatus (strain ATCC MYA-4609 / CBS 101355 / FGSC A1100 / Af293)	Fungi	1499		0	False	4
C0HLN0	Rattus norvegicus	Metazoa	54		0	True	4
Q9UK58	Homo sapiens	Metazoa	526		0	False	4
P47096	Saccharomyces cerevisiae (strain ATCC 204508 / S288c)	Fungi	177		0	False	4
P53233	Saccharomyces cerevisiae (strain ATCC 204508 / S288c)	Fungi	369		0	False	4
P49107	Arabidopsis thaliana	Plants	171		0	False	4
Q63087	Rattus norvegicus	Metazoa	326		0	False	4
P31751	Homo sapiens	Metazoa	481		0	False	4
Q9ULD5	Homo sapiens	Metazoa	831		0	False	4
Q1XA76	Gallus gallus	Metazoa	527		0	True	4
O49570	Arabidopsis thaliana	Plants	650		0	False	4
F4I7I0	Arabidopsis thaliana	Plants	543		0	False	4
O95630	Homo sapiens	Metazoa	424		0	False	4
P09959	Saccharomyces cerevisiae (strain ATCC 204508 / S288c)	Fungi	803		0	False	4
P53201	Saccharomyces cerevisiae (strain ATCC 204508 / S288c)	Fungi	476		0	False	4
P81760	Arabidopsis thaliana	Plants	236		0	False	4
Q2NKJ3	Homo sapiens	Metazoa	1217		0	False	4
Q54S83	Dictyostelium discoideum	Other	484		0	False	4
Q18685	Caenorhabditis elegans	Metazoa	720		0	False	4
P43694	Homo sapiens	Metazoa	442		0	False	4
P68519	Crotalus viridis viridis	Metazoa	105		0	False	4
Q96PX9	Homo sapiens	Metazoa	1627		0	False	4
Q03358	Mus musculus	Metazoa	267		0	False	4
P04913	Schizosaccharomyces pombe (strain 972 / ATCC 24843)	Fungi	126		0	False	4
Q8GW32	Arabidopsis thaliana	Plants	94		0	False	4
Q9M9H4	Arabidopsis thaliana	Plants	500		0	False	4
Q6K431	Oryza sativa subsp. japonica	Plants	1022		0	False	4
Q8IYB8	Homo sapiens	Metazoa	786		0	False	4
Q8R0S9	Mus musculus	Metazoa	554		0	True	4
Q9BZI7	Homo sapiens	Metazoa	483		0	False	4
P32367	Saccharomyces cerevisiae (strain ATCC 204508 / S288c)	Fungi	649		0	False	4
O15055	Homo sapiens	Metazoa	1255		0	False	4
O14894	Homo sapiens	Metazoa	197		0	True	4
Q9NVA1	Homo sapiens	Metazoa	299		0	False	4
Q9NZN4	Homo sapiens	Metazoa	543		0	False	4
P14938	Raphanus sativus	Plants	96		0	False	4
Q16629	Homo sapiens	Metazoa	238		0	False	4
Q9VH07	Drosophila melanogaster	Metazoa	456		0	False	4
Q9ZUF4	Arabidopsis thaliana	Plants	462		0	False	4
P45951	Arabidopsis thaliana	Plants	536		0	False	4
Q99942	Homo sapiens	Metazoa	180		0	False	4
P59047	Homo sapiens	Metazoa	1200		0	False	4
P02255	Drosophila melanogaster	Metazoa	256		0	False	4
Q6AZ28	Rattus norvegicus	Metazoa	572		0	False	4
O74731	Schizosaccharomyces pombe (strain 972 / ATCC 24843)	Fungi	479		0	False	4
Q9HCS4	Homo sapiens	Metazoa	588		0	False	4
Q94K73	Arabidopsis thaliana	Plants	429		0	False	4
Q03124	Saccharomyces cerevisiae (strain ATCC 204508 / S288c)	Fungi	581		0	False	4
P55017	Homo sapiens	Metazoa	1021		0	False	4
Q8N201	Homo sapiens	Metazoa	2190		0	False	4
Q9WTY4	Mus musculus	Metazoa	265		0	True	4
Q9JJ43	Mus musculus	Metazoa	396		0	False	4
Q5NUL3	Homo sapiens	Metazoa	361		0	True	4
Q9FNY2	Arabidopsis thaliana	Plants	385		0	False	4
Q96A70	Homo sapiens	Metazoa	460		0	False	4
P25373	Saccharomyces cerevisiae (strain ATCC 204508 / S288c)	Fungi	110		0	False	4
M9PFN0	Drosophila melanogaster	Metazoa	352		0	False	4
Q04599	Saccharomyces cerevisiae (strain ATCC 204508 / S288c)	Fungi	285		0	False	4
P26374	Homo sapiens	Metazoa	656		0	False	4
Q84W56	Arabidopsis thaliana	Plants	911		0	False	4
Q93YN1	Arabidopsis thaliana	Plants	390		0	False	4
O95619	Homo sapiens	Metazoa	227		0	False	4
Q80Z37	Mus musculus	Metazoa	1033		0	False	4
Q8BX46	Mus musculus	Metazoa	964		0	False	4
Q08214	Saccharomyces cerevisiae (strain ATCC 204508 / S288c)	Fungi	380		0	False	4
P61221	Homo sapiens	Metazoa	599		0	False	4
Q96JC9	Homo sapiens	Metazoa	268		0	False	4
P00066	Nigella damascena	Plants	111		0	False	4
Q8JGN5	Xenopus laevis	Metazoa	160		0	False	4
Q95QK3	Caenorhabditis elegans	Metazoa	1061		0	False	4
Q9WTJ6	Mus musculus	Metazoa	475		0	False	4
O08773	Rattus norvegicus	Metazoa	544		0	False	4
Q9H4B6	Homo sapiens	Metazoa	383		0	False	4
Q3SYS1	Bos taurus	Metazoa	178		0	False	4
Q6DKI7	Homo sapiens	Metazoa	326		0	True	4
Q03976	Saccharomyces cerevisiae (strain ATCC 204508 / S288c)	Fungi	319		0	False	4
Q9C086	Homo sapiens	Metazoa	356		0	False	4
P16403	Homo sapiens	Metazoa	213		0	False	4
Q9FJW3	Arabidopsis thaliana	Plants	82		0	True	4
O81445	Arabidopsis thaliana	Plants	213		0	False	4
P0C5Z0	Homo sapiens	Metazoa	115		0	False	4
Q9Y2I9	Homo sapiens	Metazoa	924		0	False	4
Q8NFT2	Homo sapiens	Metazoa	490		0	False	4
P37292	Saccharomyces cerevisiae (strain ATCC 204508 / S288c)	Fungi	490		0	False	4
O64750	Arabidopsis thaliana	Plants	186		0	False	4
O60716	Homo sapiens	Metazoa	968		0	False	4
Q6PIU1	Homo sapiens	Metazoa	500		0	False	4
D3ZUE1	Rattus norvegicus	Metazoa	857		0	False	4
P32836	Saccharomyces cerevisiae (strain ATCC 204508 / S288c)	Fungi	220		0	False	4
P33535	Rattus norvegicus	Metazoa	398		0	True	4
Q6C793	Yarrowia lipolytica (strain CLIB 122 / E 150)	Fungi	465		0	False	4
O45495	Caenorhabditis elegans	Metazoa	139		0	False	4
Q6ZQ88	Mus musculus	Metazoa	853		0	False	4
Q8NA29	Homo sapiens	Metazoa	543		0	True	4
Q9CAI2	Arabidopsis thaliana	Plants	414		0	False	4
Q9FNP1	Arabidopsis thaliana	Plants	1130		0	False	4
Q9FNY3	Arabidopsis thaliana	Plants	292		0	False	4
P34914	Mus musculus	Metazoa	554		0	False	4
P0CG30	Homo sapiens	Metazoa	244		0	False	4
O46339	Drosophila melanogaster	Metazoa	487		0	False	4
B8XA41	Solanum habrochaites	Plants	777		0	False	4
Q9SID1	Arabidopsis thaliana	Plants	238		0	False	4
Q4V7K4	Xenopus laevis	Metazoa	733		0	False	4
Q9LZD0	Arabidopsis thaliana	Plants	599		0	False	4
P32855	Saccharomyces cerevisiae (strain ATCC 204508 / S288c)	Fungi	1065		0	False	4
P15172	Homo sapiens	Metazoa	320		0	False	4
P21592	Saccharomyces cerevisiae (strain ATCC 204508 / S288c)	Fungi	462		0	False	4
Q9JIA7	Mus musculus	Metazoa	617		0	False	4
P43275	Mus musculus	Metazoa	213		0	False	4
Q7TNG8	Mus musculus	Metazoa	484		0	False	4
Q11120	Schizosaccharomyces pombe (strain 972 / ATCC 24843)	Fungi	515		0	False	4
P05165	Homo sapiens	Metazoa	728		0	False	4
Q9W2H9	Drosophila melanogaster	Metazoa	541		0	False	4
P35129	Caenorhabditis elegans	Metazoa	147		0	False	4
Q03920	Saccharomyces cerevisiae (strain ATCC 204508 / S288c)	Fungi	221		0	False	4
O43924	Homo sapiens	Metazoa	150		0	False	4
Q14669	Homo sapiens	Metazoa	1992		0	False	4
Q13363	Homo sapiens	Metazoa	440		0	False	4
Q96253	Arabidopsis thaliana	Plants	70		0	False	4
Q966L3	Caenorhabditis elegans	Metazoa	218		0	False	4
Q13501	Homo sapiens	Metazoa	440		0	False	4
P70121	Mus musculus	Metazoa	873		0	False	4
Q9Y2P8	Homo sapiens	Metazoa	373		0	False	4
Q9R0U0	Mus musculus	Metazoa	262		0	False	4
Q91WD5	Mus musculus	Metazoa	463		0	False	4
Q8H113	Arabidopsis thaliana	Plants	357		0	False	4
P15650	Rattus norvegicus	Metazoa	430		0	False	4
Q9H5I1	Homo sapiens	Metazoa	410		0	False	4
Q5RJ80	Danio rerio	Metazoa	914		0	False	4
P18583	Homo sapiens	Metazoa	2426		0	False	4
Q9FMK7	Arabidopsis thaliana	Plants	365		0	False	4
Q86YH6	Homo sapiens	Metazoa	399		0	False	4
Q5ABZ2	Candida albicans (strain SC5314 / ATCC MYA-2876)	Fungi	534		0	False	4
Q62881	Rattus norvegicus	Metazoa	221		0	False	4
Q6GNV6	Xenopus laevis	Metazoa	856		0	False	4
P51592	Drosophila melanogaster	Metazoa	2885		0	False	4
P14142	Mus musculus	Metazoa	509		0	True	4
P32504	Saccharomyces cerevisiae (strain ATCC 204508 / S288c)	Fungi	956		0	False	4
F4JGZ1	Arabidopsis thaliana	Plants	1278		0	False	4
P27216	Homo sapiens	Metazoa	316		0	False	4
Q9WVR6	Rattus norvegicus	Metazoa	533		0	True	4
Q12199	Saccharomyces cerevisiae (strain ATCC 204508 / S288c)	Fungi	356		0	False	4
P82411	Spinacia oleracea	Plants	116		0	False	4
Q61410	Mus musculus	Metazoa	762		0	False	4
P11141	Caenorhabditis elegans	Metazoa	657		0	False	4
Q06707	Saccharomyces cerevisiae (strain ATCC 204508 / S288c)	Fungi	132		0	False	4
F7VJQ1	Homo sapiens	Metazoa	73		0	True	4
Q03701	Homo sapiens	Metazoa	1054		0	False	4
Q8CFT2	Mus musculus	Metazoa	1985		0	False	4
Q8II12	Plasmodium falciparum (isolate 3D7)	Other	409		0	True	4
Q9Z0X1	Mus musculus	Metazoa	612		0	False	4
Q9M394	Arabidopsis thaliana	Plants	471		0	False	4
P00041	Pichia kudriavzevii	Fungi	109		0	False	4
Q15596	Homo sapiens	Metazoa	1464		0	False	4
O82277	Arabidopsis thaliana	Plants	361		0	False	4
P43005	Homo sapiens	Metazoa	524		0	True	4
C4R6F0	Komagataella phaffii (strain GS115 / ATCC 20864)	Fungi	455		0	False	4
F8VQB6	Mus musculus	Metazoa	2062		0	False	4
P28288	Homo sapiens	Metazoa	659		0	True	4
O75964	Homo sapiens	Metazoa	103		0	False	4
Q04683	Mus musculus	Metazoa	374		0	True	4
F4IW47	Arabidopsis thaliana	Plants	741		0	False	4
P19684	Nicotiana sylvestris	Plants	324		0	False	4
Q6S5G3	Arabidopsis thaliana	Plants	793		0	False	4
P78946	Schizosaccharomyces pombe (strain 972 / ATCC 24843)	Fungi	126		0	False	4
E9Q5F9	Mus musculus	Metazoa	2537		0	False	4
Q924W5	Mus musculus	Metazoa	1097		0	False	4
A2T1U1	Brassica oleracea var. botrytis	Plants	305		0	False	4
P39002	Saccharomyces cerevisiae (strain ATCC 204508 / S288c)	Fungi	694		0	False	4
Q07845	Saccharomyces cerevisiae (strain ATCC 204508 / S288c)	Fungi	632		0	False	4
A9XMT3	Lotus japonicus	Plants	518		0	False	4
P00295	Mercurialis perennis	Plants	99		0	False	4
P49916	Homo sapiens	Metazoa	1009		0	False	4
Q80ZW0	Mus musculus	Metazoa	539		0	False	4
P17659	Rattus norvegicus	Metazoa	530		0	False	4
Q94AI7	Arabidopsis thaliana	Plants	1131		0	False	4
P32970	Homo sapiens	Metazoa	193		0	True	4
P20448	Saccharomyces cerevisiae (strain ATCC 204508 / S288c)	Fungi	770		0	False	4
P10069	Emericella nidulans (strain FGSC A4 / ATCC 38163 / CBS 112.46 / NRRL 194 / M139)	Fungi	432		0	False	4
P51432	Mus musculus	Metazoa	1234		0	False	4
Q3T0L3	Bos taurus	Metazoa	172		0	False	4
O09018	Rattus norvegicus	Metazoa	414		0	False	4
Q9Y6D9	Homo sapiens	Metazoa	718		0	False	4
P43587	Saccharomyces cerevisiae (strain ATCC 204508 / S288c)	Fungi	155		0	False	4
P0DPK5	Homo sapiens	Metazoa	147		0	False	4
D0VWV4	Sus scrofa	Metazoa	169		0	True	4
P38009	Saccharomyces cerevisiae (strain ATCC 204508 / S288c)	Fungi	592		0	False	4
Q9SEU8	Arabidopsis thaliana	Plants	186		0	False	4
P22980	Caenorhabditis elegans	Metazoa	324		0	False	4
P13620	Bos taurus	Metazoa	161		0	False	4
P47084	Saccharomyces cerevisiae (strain ATCC 204508 / S288c)	Fungi	519		0	False	4
Q99801	Homo sapiens	Metazoa	234		0	False	4
P48499	Leishmania mexicana	Other	251		0	False	4
Q7SHR9	Neurospora crassa (strain ATCC 24698 / 74-OR23-1A / CBS 708.71 / DSM 1257 / FGSC 987)	Fungi	316		0	False	4
O74856	Schizosaccharomyces pombe (strain 972 / ATCC 24843)	Fungi	335		0	False	4
Q9P3W1	Schizosaccharomyces pombe (strain 972 / ATCC 24843)	Fungi	434		0	False	4
Q03060	Homo sapiens	Metazoa	345		0	False	4
Q1JPL4	Arabidopsis thaliana	Plants	571		0	False	4
Q60929	Mus musculus	Metazoa	498		0	False	4
Q9H160	Homo sapiens	Metazoa	280		0	False	4
Q9UUJ4	Schizosaccharomyces pombe (strain 972 / ATCC 24843)	Fungi	333		0	False	4
P00455	Spinacia oleracea	Plants	369		0	False	4
Q8TAF3	Homo sapiens	Metazoa	677		0	False	4
Q8NFU0	Homo sapiens	Metazoa	473		0	True	4
O43572	Homo sapiens	Metazoa	662		0	False	4
Q9H0A0	Homo sapiens	Metazoa	1025		0	False	4
P08657	Kluyveromyces lactis (strain ATCC 8585 / CBS 2359 / DSM 70799 / NBRC 1267 / NRRL Y-1140 / WM37)	Fungi	865		0	False	4
Q12248	Saccharomyces cerevisiae (strain ATCC 204508 / S288c)	Fungi	94		0	False	4
Q8LBB7	Arabidopsis thaliana	Plants	228		0	False	4
C4M4P4	Entamoeba histolytica (strain ATCC 30459 / HM-1:IMSS / ABRM)	Other	148		0	False	4
C0HKE9	Mus musculus	Metazoa	130		0	False	4
P20240	Drosophila melanogaster	Metazoa	424		0	False	4
P13639	Homo sapiens	Metazoa	858		0	False	4
Q80Z36	Rattus norvegicus	Metazoa	951		0	False	4
O14920	Homo sapiens	Metazoa	756		0	False	4
Q06706	Saccharomyces cerevisiae (strain ATCC 204508 / S288c)	Fungi	1349		0	False	4
Q2HIK4	Arabidopsis thaliana	Plants	129		0	False	4
P33527	Homo sapiens	Metazoa	1531		0	True	4
Q9ERD6	Mus musculus	Metazoa	590		0	False	4
O94522	Schizosaccharomyces pombe (strain 972 / ATCC 24843)	Fungi	390		0	False	4
P46087	Homo sapiens	Metazoa	812		0	False	4
Q9WVS8	Mus musculus	Metazoa	806		0	False	4
P34915	Physcomitrium patens	Plants	475		0	False	4
Q12481	Saccharomyces cerevisiae (strain ATCC 204508 / S288c)	Fungi	300		0	False	4
Q07824	Saccharomyces cerevisiae (strain ATCC 204508 / S288c)	Fungi	586		0	False	4
Q8ITW8	Caenorhabditis elegans	Metazoa	504		0	False	4
Q8N4S9	Homo sapiens	Metazoa	558		0	False	4
A0SVK0	Arabidopsis thaliana	Plants	291		0	False	4
P15791	Rattus norvegicus	Metazoa	533		0	False	4
Q15366	Homo sapiens	Metazoa	365		0	False	4
P63128	Homo sapiens	Metazoa	1117		0	False	4
Q9P0L0	Homo sapiens	Metazoa	249		0	False	4
Q3UNH4	Mus musculus	Metazoa	932		0	False	4
P01106	Homo sapiens	Metazoa	454		0	False	4
Q8TEW0	Homo sapiens	Metazoa	1356		0	False	4
Q15714	Homo sapiens	Metazoa	1073		0	False	4
Q9I9N6	Danio rerio	Metazoa	203		0	False	4
P00073	Spinacia oleracea	Plants	111		0	False	4
P22087	Homo sapiens	Metazoa	321		0	False	4
P27601	Mus musculus	Metazoa	377		0	False	4
Q7Z2W9	Homo sapiens	Metazoa	205		0	False	4
P00319	Galdieria sulphuraria	Other	161		0	False	4
O42647	Schizosaccharomyces pombe (strain 972 / ATCC 24843)	Fungi	188		0	False	4
O95838	Homo sapiens	Metazoa	553		0	False	4
Q9W4S7	Drosophila melanogaster	Metazoa	717		0	False	4
Q12275	Saccharomyces cerevisiae (strain ATCC 204508 / S288c)	Fungi	1648		0	False	4
Q5ANE3	Candida albicans (strain SC5314 / ATCC MYA-2876)	Fungi	170		0	True	4
Q42606	Arabidopsis thaliana	Plants	369		0	False	4
P04198	Homo sapiens	Metazoa	464		0	False	4
Q9ZQC5	Arabidopsis thaliana	Plants	583		0	False	4
P87115	Schizosaccharomyces pombe (strain 972 / ATCC 24843)	Fungi	1033		0	False	4
P53889	Saccharomyces cerevisiae (strain ATCC 204508 / S288c)	Fungi	259		0	False	4
O60333	Homo sapiens	Metazoa	1816		0	False	4
Q10222	Schizosaccharomyces pombe (strain 972 / ATCC 24843)	Fungi	670		0	False	4
Q9LY87	Arabidopsis thaliana	Plants	468		0	False	4
P16373	Mus musculus	Metazoa	653		0	False	4
F4K8S5	Arabidopsis thaliana	Plants	355		0	False	4
P22135	Saccharomyces cerevisiae (strain ATCC 204508 / S288c)	Fungi	325		0	False	4
P49888	Homo sapiens	Metazoa	294		0	False	4
O94494	Schizosaccharomyces pombe (strain 972 / ATCC 24843)	Fungi	277		0	False	4
Q01780	Homo sapiens	Metazoa	885		0	False	4
P26526	Chlamydomonas reinhardtii	Plants	508		0	False	4
Q96DE0	Homo sapiens	Metazoa	195		0	False	4
P49597	Arabidopsis thaliana	Plants	434		0	False	4
Q28205	Bos taurus	Metazoa	1199		0	False	4
Q16617	Homo sapiens	Metazoa	165		0	True	4
Q9PVE4	Danio rerio	Metazoa	395		0	False	4
Q7Z6Z7	Homo sapiens	Metazoa	4374		0	False	4
Q03937	Saccharomyces cerevisiae (strain ATCC 204508 / S288c)	Fungi	162		0	False	4
O75751	Homo sapiens	Metazoa	556		0	True	4
P38197	Saccharomyces cerevisiae (strain ATCC 204508 / S288c)	Fungi	257		0	False	4
P38172	Saccharomyces cerevisiae (strain ATCC 204508 / S288c)	Fungi	270		0	False	4
Q9FKP4	Arabidopsis thaliana	Plants	1264		0	False	4
P31316	Mus musculus	Metazoa	305		0	False	4
P14907	Saccharomyces cerevisiae (strain ATCC 204508 / S288c)	Fungi	823		0	False	4
P11970	Populus nigra	Plants	168		0	False	4
Q80TG1	Mus musculus	Metazoa	1036		0	False	4
Q08753	Chlamydomonas moewusii	Plants	164		0	False	4
Q01959	Homo sapiens	Metazoa	620		0	True	4
P48434	Gallus gallus	Metazoa	494		0	False	4
Q8VC04	Mus musculus	Metazoa	261		0	False	4
Q9W148	Drosophila melanogaster	Metazoa	731		0	False	4
Q9BYB4	Homo sapiens	Metazoa	327		0	False	4
Q9NW64	Homo sapiens	Metazoa	420		0	False	4
P38228	Saccharomyces cerevisiae (strain ATCC 204508 / S288c)	Fungi	572		0	False	4
Q96QA6	Homo sapiens	Metazoa	119		0	False	4
Q3TWW8	Mus musculus	Metazoa	339		0	False	4
P42731	Arabidopsis thaliana	Plants	629		0	False	4
P63329	Rattus norvegicus	Metazoa	521		0	False	4
Q8CHM7	Rattus norvegicus	Metazoa	581		0	False	4
O23077	Arabidopsis thaliana	Plants	319		0	False	4
Q8RWL6	Arabidopsis thaliana	Plants	570		0	False	4
O14744	Homo sapiens	Metazoa	637		0	False	4
O08573	Mus musculus	Metazoa	353		0	False	4
Q9BWH2	Homo sapiens	Metazoa	189		0	True	4
Q96255	Arabidopsis thaliana	Plants	430		0	False	4
P06168	Saccharomyces cerevisiae (strain ATCC 204508 / S288c)	Fungi	395		0	False	4
P14678	Homo sapiens	Metazoa	240		0	False	4
P05764	Schizosaccharomyces pombe (strain 972 / ATCC 24843)	Fungi	87		0	False	4
Q9NS37	Homo sapiens	Metazoa	354		0	False	4
P06367	Saccharomyces cerevisiae (strain ATCC 204508 / S288c)	Fungi	137		0	False	4
P37299	Saccharomyces cerevisiae (strain ATCC 204508 / S288c)	Fungi	77		0	True	4
Q15269	Homo sapiens	Metazoa	919		0	False	4
O44081	Drosophila melanogaster	Metazoa	508		0	False	4
Q9NQ88	Homo sapiens	Metazoa	270		0	False	4
P34253	Saccharomyces cerevisiae (strain ATCC 204508 / S288c)	Fungi	313		0	False	4
Q10271	Schizosaccharomyces pombe (strain 972 / ATCC 24843)	Fungi	321		0	False	4
P22243	Carthamus tinctorius	Plants	396		0	False	4
G5ED66	Caenorhabditis elegans	Metazoa	308		0	False	4
Q7Z7G2	Homo sapiens	Metazoa	160		0	False	4
Q40541	Nicotiana tabacum	Plants	690		0	False	4
O82798	Arabidopsis thaliana	Plants	259		0	False	4
O61443	Drosophila melanogaster	Metazoa	365		0	False	4
Q9D4W2	Mus musculus	Metazoa	315		0	False	4
Q8N3U4	Homo sapiens	Metazoa	1231		0	False	4
Q8IVP5	Homo sapiens	Metazoa	155		0	True	4
P49377	Kluyveromyces lactis (strain ATCC 8585 / CBS 2359 / DSM 70799 / NBRC 1267 / NRRL Y-1140 / WM37)	Fungi	289		0	False	4
F4I718	Arabidopsis thaliana	Plants	2136		0	False	4
Q9VR56	Drosophila melanogaster	Metazoa	319		0	False	4
Q9ZWB3	Arabidopsis thaliana	Plants	471		0	False	4
P38282	Saccharomyces cerevisiae (strain ATCC 204508 / S288c)	Fungi	291		0	False	4
Q960X4	Drosophila melanogaster	Metazoa	541		0	False	4
P54679	Dictyostelium discoideum	Other	1058		0	False	4
Q8LPL7	Arabidopsis thaliana	Plants	355		0	False	4
P39685	Saccharomyces cerevisiae (strain ATCC 204508 / S288c)	Fungi	1337		0	False	4
Q9SJT1	Arabidopsis thaliana	Plants	700		0	False	4
O43765	Homo sapiens	Metazoa	313		0	False	4
Q946J8	Arabidopsis thaliana	Plants	445		0	False	4
P36179	Drosophila melanogaster	Metazoa	591		0	False	4
P29266	Rattus norvegicus	Metazoa	335		0	False	4
Q69P94	Oryza sativa subsp. japonica	Plants	232		0	False	4
P38911	Saccharomyces cerevisiae (strain ATCC 204508 / S288c)	Fungi	411		0	False	4
P53971	Saccharomyces cerevisiae (strain ATCC 204508 / S288c)	Fungi	965		0	False	4
Q8IVS8	Homo sapiens	Metazoa	523		0	False	4
P47979	Schizosaccharomyces pombe (strain 972 / ATCC 24843)	Fungi	404		0	False	4
P37263	Saccharomyces cerevisiae (strain ATCC 204508 / S288c)	Fungi	153		0	False	4
P22276	Saccharomyces cerevisiae (strain ATCC 204508 / S288c)	Fungi	1149		0	False	4
Q9UU83	Schizosaccharomyces pombe (strain 972 / ATCC 24843)	Fungi	425		0	False	4
P0DKB6	Homo sapiens	Metazoa	136		0	True	4
Q92913	Homo sapiens	Metazoa	245		0	False	4
Q9VGH1	Drosophila melanogaster	Metazoa	520		0	False	4
Q5T8A7	Homo sapiens	Metazoa	1209		0	False	4
Q8N2I9	Homo sapiens	Metazoa	435		0	False	4
Q66GI4	Arabidopsis thaliana	Plants	572		0	False	4
Q09349	Caenorhabditis elegans	Metazoa	984		0	False	4
P58406	Mus musculus	Metazoa	445		0	True	4
Q9R1A8	Mus musculus	Metazoa	733		0	False	4
P09769	Homo sapiens	Metazoa	529		0	False	4
Q99459	Homo sapiens	Metazoa	802		0	False	4
Q5BKR2	Mus musculus	Metazoa	547		0	True	4
P36053	Saccharomyces cerevisiae (strain ATCC 204508 / S288c)	Fungi	145		0	False	4
Q9FRL5	Arabidopsis thaliana	Plants	309		0	False	4
Q5I6B8	Rattus norvegicus	Metazoa	688		0	False	4
O75340	Homo sapiens	Metazoa	191		0	False	4
P10898	Chlamydomonas reinhardtii	Plants	461		0	True	4
P28737	Saccharomyces cerevisiae (strain ATCC 204508 / S288c)	Fungi	362		0	True	4
P18491	Drosophila melanogaster	Metazoa	199		0	False	4
Q6PCP5	Mus musculus	Metazoa	291		0	False	4
Q8RUN2	Arabidopsis thaliana	Plants	213		0	False	4
Q9LVI9	Arabidopsis thaliana	Plants	426		0	False	4
P16951	Mus musculus	Metazoa	487		0	False	4
Q21017	Caenorhabditis elegans	Metazoa	822		0	False	4
Q9STS1	Arabidopsis thaliana	Plants	503		0	False	4
O18412	Drosophila melanogaster	Metazoa	718		0	False	4
H2L008	Caenorhabditis elegans	Metazoa	480		0	False	4
P06803	Mus musculus	Metazoa	313		0	False	4
Q9M8J9	Arabidopsis thaliana	Plants	406		0	False	4
Q15078	Homo sapiens	Metazoa	307		0	False	4
P52500	Rattus norvegicus	Metazoa	384		0	True	4
Q80VM7	Mus musculus	Metazoa	985		0	False	4
Q76M72	Mus musculus	Metazoa	551		0	True	4
P32598	Saccharomyces cerevisiae (strain ATCC 204508 / S288c)	Fungi	312		0	False	4
Q8GXX0	Arabidopsis thaliana	Plants	191		0	False	4
Q9FTA2	Arabidopsis thaliana	Plants	239		0	False	4
P14408	Rattus norvegicus	Metazoa	507		0	False	4
Q9UBY0	Homo sapiens	Metazoa	812		0	True	4
P53072	Saccharomyces cerevisiae (strain ATCC 204508 / S288c)	Fungi	289		0	False	4
Q94AI6	Arabidopsis thaliana	Plants	752		0	False	4
Q07923	Saccharomyces cerevisiae (strain ATCC 204508 / S288c)	Fungi	191		0	False	4
Q9UTL6	Schizosaccharomyces pombe (strain 972 / ATCC 24843)	Fungi	225		0	False	4
Q63384	Rattus norvegicus	Metazoa	416		0	True	4
Q9NX63	Homo sapiens	Metazoa	227		0	False	4
P24860	Mus musculus	Metazoa	430		0	False	4
P25651	Saccharomyces cerevisiae (strain ATCC 204508 / S288c)	Fungi	190		0	False	4
Q60848	Mus musculus	Metazoa	821		0	False	4
Q8NEM7	Homo sapiens	Metazoa	779		0	False	4
Q9LZD3	Arabidopsis thaliana	Plants	638		0	False	4
Q9FIX1	Arabidopsis thaliana	Plants	172		0	False	4
Q7Z410	Homo sapiens	Metazoa	1059		0	True	4
Q9UUB6	Schizosaccharomyces pombe (strain 972 / ATCC 24843)	Fungi	300		0	False	4
P40847	Schizosaccharomyces pombe (strain 972 / ATCC 24843)	Fungi	254		0	False	4
Q9H2U2	Homo sapiens	Metazoa	334		0	False	4
Q01896	Saccharomyces cerevisiae (strain ATCC 204508 / S288c)	Fungi	1091		0	True	4
P97562	Rattus norvegicus	Metazoa	681		0	False	4
O13999	Schizosaccharomyces pombe (strain 972 / ATCC 24843)	Fungi	187		0	True	4
Q8BP27	Mus musculus	Metazoa	319		0	False	4
Q5VTR2	Homo sapiens	Metazoa	975		0	False	4
O88291	Mus musculus	Metazoa	580		0	False	4
Q9Y4D2	Homo sapiens	Metazoa	1042		0	True	4
Q9UQL6	Homo sapiens	Metazoa	1122		0	False	4
Q9Y6I9	Homo sapiens	Metazoa	313		0	True	4
Q5T5X7	Homo sapiens	Metazoa	828		0	False	4
P84861	Polysiphonia urceolata	Other	164		0	False	4
O43688	Homo sapiens	Metazoa	288		0	True	4
P29185	Zea mays	Plants	577		0	False	4
O35280	Mus musculus	Metazoa	476		0	False	4
Q4FZD7	Mus musculus	Metazoa	595		0	False	4
P87231	Schizosaccharomyces pombe (strain 972 / ATCC 24843)	Fungi	608		0	False	4
Q8H0U4	Arabidopsis thaliana	Plants	891		0	False	4
Q9LDE1	Arabidopsis thaliana	Plants	323		0	False	4
Q9BRG1	Homo sapiens	Metazoa	176		0	False	4
P46093	Homo sapiens	Metazoa	362		0	True	4
Q9LZ08	Arabidopsis thaliana	Plants	214		0	False	4
P97367	Mus musculus	Metazoa	477		0	False	4
Q92841	Homo sapiens	Metazoa	729		0	False	4
Q9VZL5	Drosophila melanogaster	Metazoa	485		0	False	4
Q96E09	Homo sapiens	Metazoa	287		0	False	4
P55316	Homo sapiens	Metazoa	489		0	False	4
Q7Z3D4	Homo sapiens	Metazoa	306		0	False	4
O13919	Schizosaccharomyces pombe (strain 972 / ATCC 24843)	Fungi	1075		0	False	4
Q6FI81	Homo sapiens	Metazoa	312		0	False	4
Q10M41	Oryza sativa subsp. japonica	Plants	641		0	False	4
Q8CD10	Mus musculus	Metazoa	432		0	False	4
P62814	Mus musculus	Metazoa	511		0	False	4
Q76MT4	Rattus norvegicus	Metazoa	842		0	False	4
Q7KZN9	Homo sapiens	Metazoa	410		0	True	4
O59770	Schizosaccharomyces pombe (strain 972 / ATCC 24843)	Fungi	253		0	False	4
Q62376	Mus musculus	Metazoa	448		0	False	4
P51514	Rattus norvegicus	Metazoa	707		0	False	4
P00506	Sus scrofa	Metazoa	430		0	False	4
P0DJ07	Homo sapiens	Metazoa	73		0	True	4
Q21227	Caenorhabditis elegans	Metazoa	1188		0	False	4
Q9JK66	Rattus norvegicus	Metazoa	465		0	False	4
G5EBX6	Caenorhabditis elegans	Metazoa	876		0	False	4
F4JYC8	Arabidopsis thaliana	Plants	1706		0	False	4
P60953	Homo sapiens	Metazoa	191		0	False	4
P41218	Homo sapiens	Metazoa	407		0	False	4
O23344	Arabidopsis thaliana	Plants	154		0	False	4
Q9SPI9	Chlamydomonas reinhardtii	Plants	115		0	True	4
O22446	Arabidopsis thaliana	Plants	501		0	False	4
P43266	Euglena gracilis	Other	100		0	True	4
A5PKW4	Homo sapiens	Metazoa	1024		0	False	4
P35999	Saccharomyces cerevisiae (strain ATCC 204508 / S288c)	Fungi	772		0	False	4
P08992	Tetrahymena thermophila (strain SB210)	Other	146		0	False	4
O00910	Dictyostelium discoideum	Other	707		0	False	4
A0JP82	Xenopus tropicalis	Metazoa	1901		0	False	4
P53921	Saccharomyces cerevisiae (strain ATCC 204508 / S288c)	Fungi	115		0	False	4
Q7KRY7	Drosophila melanogaster	Metazoa	1851		0	False	4
P10127	Saccharomyces cerevisiae (strain ATCC 204508 / S288c)	Fungi	382		0	False	4
Q10154	Schizosaccharomyces pombe (strain 972 / ATCC 24843)	Fungi	240		0	False	4
P49235	Zea mays	Plants	566		0	False	4
Q9SQK3	Arabidopsis thaliana	Plants	315		0	False	4
Q9TXJ0	Caenorhabditis elegans	Metazoa	348		0	False	4
Q93034	Homo sapiens	Metazoa	780		0	False	4
Q86V15	Homo sapiens	Metazoa	1759		0	False	4
P08559	Homo sapiens	Metazoa	390		0	False	4
C4R2L0	Komagataella phaffii (strain GS115 / ATCC 20864)	Fungi	576		0	False	4
O75879	Homo sapiens	Metazoa	557		0	False	4
P00108	Petalonia fascia	Other	85		0	False	4
O80653	Arabidopsis thaliana	Plants	613		0	False	4
Q86TB3	Homo sapiens	Metazoa	2170		0	False	4
Q9NR48	Homo sapiens	Metazoa	2969		0	False	4
P53188	Saccharomyces cerevisiae (strain ATCC 204508 / S288c)	Fungi	120		0	False	4
O60057	Schizosaccharomyces pombe (strain 972 / ATCC 24843)	Fungi	411		0	False	4
Q12383	Saccharomyces cerevisiae (strain ATCC 204508 / S288c)	Fungi	476		0	False	4
Q12052	Saccharomyces cerevisiae (strain ATCC 204508 / S288c)	Fungi	315		0	False	4
P14415	Homo sapiens	Metazoa	290		0	True	4
P63040	Mus musculus	Metazoa	134		0	False	4
Q34807	Wickerhamomyces canadensis	Fungi	231		0	False	4
P97490	Mus musculus	Metazoa	1249		0	False	4
P20020	Homo sapiens	Metazoa	1220		0	False	4
Q9LUR3	Arabidopsis thaliana	Plants	224		0	False	4
A1Z9P3	Drosophila melanogaster	Metazoa	1576		0	False	4
O00257	Homo sapiens	Metazoa	560		0	False	4
Q8CIN9	Rattus norvegicus	Metazoa	362		0	False	4
A2YQD9	Oryza sativa subsp. indica	Plants	139		0	False	4
Q7XP65	Oryza sativa subsp. japonica	Plants	358		0	False	4
P00519	Homo sapiens	Metazoa	1130		0	False	4
Q39735	Flaveria bidentis	Plants	953		0	False	4
Q9SHE8	Arabidopsis thaliana	Plants	221		0	False	4
Q9FLH0	Arabidopsis thaliana	Plants	1010		0	False	4
Q9Z252	Rattus norvegicus	Metazoa	207		0	False	4
Q08273	Saccharomyces cerevisiae (strain ATCC 204508 / S288c)	Fungi	121		0	False	4
Q197W8	Arabidopsis thaliana	Plants	473		0	False	4
P0DH95	Arabidopsis thaliana	Plants	149		0	False	4
P32828	Saccharomyces cerevisiae (strain ATCC 204508 / S288c)	Fungi	619		0	False	4
P23798	Mus musculus	Metazoa	342		0	False	4
Q9H5Z6	Homo sapiens	Metazoa	455		0	False	4
P43635	Saccharomyces cerevisiae (strain ATCC 204508 / S288c)	Fungi	486		0	False	4
Q8WZK0	Schizosaccharomyces pombe (strain 972 / ATCC 24843)	Fungi	695		0	False	4
O49839	Arabidopsis thaliana	Plants	426		0	False	4
P63162	Homo sapiens	Metazoa	240		0	False	4
P34230	Saccharomyces cerevisiae (strain ATCC 204508 / S288c)	Fungi	853		0	False	4
Q9Z2G1	Mus musculus	Metazoa	654		0	False	4
Q9M4A2	Arabidopsis thaliana	Plants	362		0	False	4
Q8R107	Mus musculus	Metazoa	217		0	False	4
O22993	Arabidopsis thaliana	Plants	946		0	False	4
Q5QGS0	Homo sapiens	Metazoa	1516		0	False	4
Q9BUU2	Homo sapiens	Metazoa	404		0	False	4
Q9S7A9	Arabidopsis thaliana	Plants	174		0	False	4
Q9H4K7	Homo sapiens	Metazoa	406		0	False	4
Q69IL4	Oryza sativa subsp. japonica	Plants	380		0	False	4
F4I8I0	Arabidopsis thaliana	Plants	596		0	True	4
Q8S307	Arabidopsis thaliana	Plants	336		0	False	4
Q7LG56	Homo sapiens	Metazoa	351		0	False	4
Q07844	Saccharomyces cerevisiae (strain ATCC 204508 / S288c)	Fungi	837		0	False	4
A1Z6W3	Drosophila melanogaster	Metazoa	1299		0	False	4
Q8IY26	Homo sapiens	Metazoa	295		0	False	4
P00222	Colocasia esculenta	Plants	97		0	False	4
Q9C002	Homo sapiens	Metazoa	83		0	False	4
Q9FJK3	Arabidopsis thaliana	Plants	321		0	False	4
Q9ASY8	Arabidopsis thaliana	Plants	75		0	True	4
P53944	Saccharomyces cerevisiae (strain ATCC 204508 / S288c)	Fungi	314		0	False	4
Q32PI6	Bos taurus	Metazoa	294		0	False	4
Q10426	Schizosaccharomyces pombe (strain 972 / ATCC 24843)	Fungi	1040		0	False	4
P91926	Drosophila melanogaster	Metazoa	940		0	False	4
Q9Z0Y7	Mus musculus	Metazoa	1216		0	False	4
Q9MAM4	Arabidopsis thaliana	Plants	527		0	False	4
P07278	Saccharomyces cerevisiae (strain ATCC 204508 / S288c)	Fungi	416		0	False	4
Q1PDW3	Arabidopsis thaliana	Plants	636		0	False	4
Q16719	Homo sapiens	Metazoa	465		0	False	4
Q17602	Caenorhabditis elegans	Metazoa	1390		0	False	4
O22131	Arabidopsis thaliana	Plants	262		0	False	4
Q08926	Saccharomyces cerevisiae (strain ATCC 204508 / S288c)	Fungi	304		0	False	4
Q9P802	Schizosaccharomyces pombe (strain 972 / ATCC 24843)	Fungi	194		0	False	4
Q8NDQ6	Homo sapiens	Metazoa	660		0	False	4
Q9LXW7	Arabidopsis thaliana	Plants	1580		0	False	4
Q9CAF6	Arabidopsis thaliana	Plants	950		0	False	4
Q9VV73	Drosophila melanogaster	Metazoa	841		0	False	4
O81316	Arabidopsis thaliana	Plants	558		0	False	4
Q9C516	Arabidopsis thaliana	Plants	848		0	False	4
Q12460	Saccharomyces cerevisiae (strain ATCC 204508 / S288c)	Fungi	504		0	False	4
Q9ZQZ6	Arabidopsis thaliana	Plants	263		0	False	4
Q96EY5	Homo sapiens	Metazoa	273		0	False	4
Q9UPP1	Homo sapiens	Metazoa	1060		0	False	4
Q9Z2A6	Rattus norvegicus	Metazoa	547		0	False	4
Q8K4B2	Mus musculus	Metazoa	609		0	False	4
Q8N5A5	Homo sapiens	Metazoa	531		0	False	4
P41735	Saccharomyces cerevisiae (strain ATCC 204508 / S288c)	Fungi	233		0	False	4
O18473	Heliothis virescens	Metazoa	576		0	False	4
Q93ZR1	Arabidopsis thaliana	Plants	565		0	False	4
Q8K0D5	Mus musculus	Metazoa	751		0	False	4
P32338	Saccharomyces cerevisiae (strain ATCC 204508 / S288c)	Fungi	300		0	False	4
O00541	Homo sapiens	Metazoa	588		0	False	4
Q9H079	Homo sapiens	Metazoa	304		0	False	4
Q9FGV1	Arabidopsis thaliana	Plants	811		0	False	4
Q6Z2Z4	Oryza sativa subsp. japonica	Plants	414		0	False	4
Q9P2D1	Homo sapiens	Metazoa	2997		0	False	4
P35579	Homo sapiens	Metazoa	1960		0	False	4
O60284	Homo sapiens	Metazoa	1047		0	False	4
Q9R1X4	Mus musculus	Metazoa	1197		0	False	4
P81459	Thunnus alalunga	Metazoa	103		0	False	4
Q5ZIS0	Gallus gallus	Metazoa	157		0	True	4
P20436	Saccharomyces cerevisiae (strain ATCC 204508 / S288c)	Fungi	146		0	False	4
Q86UF1	Homo sapiens	Metazoa	283		0	True	4
P49588	Homo sapiens	Metazoa	968		0	False	4
Q9NQX1	Homo sapiens	Metazoa	630		0	False	4
Q16873	Homo sapiens	Metazoa	150		0	True	4
Q0IGK1	Arabidopsis thaliana	Plants	445		0	False	4
Q0P5I5	Bos taurus	Metazoa	327		0	False	4
P10275	Homo sapiens	Metazoa	920		0	False	4
Q13304	Homo sapiens	Metazoa	367		0	True	4
O15016	Homo sapiens	Metazoa	1351		0	False	4
Q9NTM9	Homo sapiens	Metazoa	273		0	False	4
A6NNB3	Homo sapiens	Metazoa	132		0	True	4
Q7RYW8	Neurospora crassa (strain ATCC 24698 / 74-OR23-1A / CBS 708.71 / DSM 1257 / FGSC 987)	Fungi	258		0	False	4
O04630	Arabidopsis thaliana	Plants	709		0	False	4
O15042	Homo sapiens	Metazoa	1029		0	False	4
Q9P7P1	Schizosaccharomyces pombe (strain 972 / ATCC 24843)	Fungi	147		0	False	4
Q9WU70	Rattus norvegicus	Metazoa	1152		0	False	4
Q13625	Homo sapiens	Metazoa	1128		0	False	4
Q9NUL3	Homo sapiens	Metazoa	570		0	False	4
Q16222	Homo sapiens	Metazoa	522		0	False	4
Q84U09	Brassica napus	Plants	215		0	False	4
Q32Q92	Mus musculus	Metazoa	419		0	False	4
Q08961	Saccharomyces cerevisiae (strain ATCC 204508 / S288c)	Fungi	583		0	False	4
M1J8U6	Prunus domestica	Plants	213		0	False	4
O43395	Homo sapiens	Metazoa	683		0	False	4
P53255	Saccharomyces cerevisiae (strain ATCC 204508 / S288c)	Fungi	507		0	False	4
P46948	Saccharomyces cerevisiae (strain ATCC 204508 / S288c)	Fungi	246		0	False	4
P47897	Homo sapiens	Metazoa	775		0	False	4
Q8GZQ3	Arabidopsis thaliana	Plants	922		0	False	4
Q402E1	Lilium longiflorum	Plants	136		0	False	4
Q9FKM2	Arabidopsis thaliana	Plants	274		0	False	4
Q96N21	Homo sapiens	Metazoa	525		0	False	4
O59748	Schizosaccharomyces pombe (strain 972 / ATCC 24843)	Fungi	335		0	False	4
Q15672	Homo sapiens	Metazoa	202		0	False	4
Q8LGH4	Arabidopsis thaliana	Plants	792		0	False	4
Q05043	Saccharomyces cerevisiae (strain ATCC 204508 / S288c)	Fungi	376		0	False	4
A6NND4	Homo sapiens	Metazoa	320		0	True	4
O15178	Homo sapiens	Metazoa	435		0	False	4
A0A509AQ68	Plasmodium berghei (strain Anka)	Other	446		0	False	4
P53840	Saccharomyces cerevisiae (strain ATCC 204508 / S288c)	Fungi	1238		0	False	4
Q9H2X8	Homo sapiens	Metazoa	130		0	True	4
Q62769	Rattus norvegicus	Metazoa	1622		0	False	4
P34161	Saccharomyces cerevisiae (strain ATCC 204508 / S288c)	Fungi	385		0	False	4
Q2PEG7	Lotus japonicus	Plants	499		0	False	4
Q8I4V8	Plasmodium falciparum (isolate 3D7)	Other	304		0	False	4
H2KYU6	Caenorhabditis elegans	Metazoa	529		0	False	4
P35520	Homo sapiens	Metazoa	551		0	False	4
P49753	Homo sapiens	Metazoa	483		0	False	4
Q944I4	Arabidopsis thaliana	Plants	456		0	False	4
Q8TBK2	Homo sapiens	Metazoa	473		0	False	4
O48847	Arabidopsis thaliana	Plants	787		0	False	4
E9Q5K9	Mus musculus	Metazoa	736		0	False	4
P34260	Caenorhabditis elegans	Metazoa	603		0	False	4
P32463	Saccharomyces cerevisiae (strain ATCC 204508 / S288c)	Fungi	125		0	False	4
Q8CD54	Mus musculus	Metazoa	2822		0	True	4
P78527	Homo sapiens	Metazoa	4128		0	False	4
P27661	Mus musculus	Metazoa	143		0	False	4
Q9FLV9	Arabidopsis thaliana	Plants	635		0	False	4
P29466	Homo sapiens	Metazoa	404		0	False	4
P50993	Homo sapiens	Metazoa	1020		0	True	4
Q35914	Sus scrofa	Metazoa	67		0	True	4
P40576	Saccharomyces cerevisiae (strain ATCC 204508 / S288c)	Fungi	216		0	True	4
Q9D2V7	Mus musculus	Metazoa	922		0	False	4
Q21836	Caenorhabditis elegans	Metazoa	362		0	False	4
P97470	Mus musculus	Metazoa	307		0	False	4
Q06672	Saccharomyces cerevisiae (strain ATCC 204508 / S288c)	Fungi	205		0	False	4
Q9EPZ6	Mus musculus	Metazoa	613		0	False	4
O60129	Schizosaccharomyces pombe (strain 972 / ATCC 24843)	Fungi	642		0	False	4
P51827	Mus musculus	Metazoa	1254		0	False	4
Q96A61	Homo sapiens	Metazoa	297		0	False	4
Q04894	Saccharomyces cerevisiae (strain ATCC 204508 / S288c)	Fungi	360		0	False	4
Q10429	Schizosaccharomyces pombe (strain 972 / ATCC 24843)	Fungi	875		0	False	4
O74848	Schizosaccharomyces pombe (strain 972 / ATCC 24843)	Fungi	311		0	False	4
Q6ICB0	Homo sapiens	Metazoa	168		0	False	4
O60879	Homo sapiens	Metazoa	1101		0	False	4
Q42783	Glycine max	Plants	262		0	False	4
P38811	Saccharomyces cerevisiae (strain ATCC 204508 / S288c)	Fungi	3744		0	False	4
Q12466	Saccharomyces cerevisiae (strain ATCC 204508 / S288c)	Fungi	1186		0	False	4
A0A1D5PRR9	Gallus gallus	Metazoa	2041		0	False	4
Q99NB8	Mus musculus	Metazoa	596		0	False	4
Q86U86	Homo sapiens	Metazoa	1689		0	False	4
Q5NE24	Medicago truncatula	Plants	508		0	False	4
Q63622	Rattus norvegicus	Metazoa	852		0	False	4
Q9R088	Mus musculus	Metazoa	270		0	False	4
P62168	Rattus norvegicus	Metazoa	190		0	False	4
Q15646	Homo sapiens	Metazoa	514		0	False	4
Q64541	Rattus norvegicus	Metazoa	1028		0	False	4
Q9Y2V3	Homo sapiens	Metazoa	346		0	False	4
Q08622	Saccharomyces cerevisiae (strain ATCC 204508 / S288c)	Fungi	556		0	False	4
P25042	Saccharomyces cerevisiae (strain ATCC 204508 / S288c)	Fungi	368		0	False	4
Q9SY88	Arabidopsis thaliana	Plants	310		0	False	4
O75955	Homo sapiens	Metazoa	427		0	False	4
Q708S7	Danio rerio	Metazoa	501		0	True	4
Q10234	Schizosaccharomyces pombe (strain 972 / ATCC 24843)	Fungi	387		0	False	4
Q17958	Caenorhabditis elegans	Metazoa	215		0	False	4
Q7RXV8	Neurospora crassa (strain ATCC 24698 / 74-OR23-1A / CBS 708.71 / DSM 1257 / FGSC 987)	Fungi	449		0	False	4
P14068	Schizosaccharomyces pombe (strain 972 / ATCC 24843)	Fungi	1078		0	False	4
Q8L7F7	Arabidopsis thaliana	Plants	739		0	False	4
Q96DZ5	Homo sapiens	Metazoa	547		0	False	4
Q9HGL9	Schizosaccharomyces pombe (strain 972 / ATCC 24843)	Fungi	252		0	False	4
Q7TN79	Mus musculus	Metazoa	314		0	False	4
F4KAF2	Arabidopsis thaliana	Plants	800		0	False	4
P0C089	Rattus norvegicus	Metazoa	193		0	False	4
Q9CQ91	Mus musculus	Metazoa	84		0	True	4
P61353	Homo sapiens	Metazoa	136		0	False	4
P27699	Mus musculus	Metazoa	357		0	False	4
P97532	Rattus norvegicus	Metazoa	297		0	False	4
Q949P2	Arabidopsis thaliana	Plants	701		0	False	4
O54937	Rattus norvegicus	Metazoa	412		0	False	4
O94261	Schizosaccharomyces pombe (strain 972 / ATCC 24843)	Fungi	220		0	False	4
D3Z6Q9	Mus musculus	Metazoa	489		0	False	4
P49768	Homo sapiens	Metazoa	467		0	True	4
Q9VH70	Drosophila melanogaster	Metazoa	814		0	False	4
Q64MA3	Oryza sativa subsp. japonica	Plants	629		0	False	4
Q9UTP3	Schizosaccharomyces pombe (strain 972 / ATCC 24843)	Fungi	59		0	False	4
Q10135	Schizosaccharomyces pombe (strain 972 / ATCC 24843)	Fungi	1273		0	False	4
P12004	Homo sapiens	Metazoa	261		0	False	4
Q8CGU1	Mus musculus	Metazoa	691		0	False	4
P53566	Mus musculus	Metazoa	359		0	False	4
A8MTJ6	Homo sapiens	Metazoa	420		0	False	4
Q29VN2	Zea mays	Plants	581		0	False	4
Q8VYL1	Arabidopsis thaliana	Plants	588		0	False	4
P05085	Saccharomyces cerevisiae (strain ATCC 204508 / S288c)	Fungi	880		0	False	4
P08414	Mus musculus	Metazoa	469		0	False	4
O14880	Homo sapiens	Metazoa	152		0	True	4
Q9D9W1	Mus musculus	Metazoa	207		0	False	4
Q01085	Homo sapiens	Metazoa	375		0	False	4
Q96HS1	Homo sapiens	Metazoa	289		0	True	4
Q08509	Mus musculus	Metazoa	821		0	False	4
Q5VT06	Homo sapiens	Metazoa	3117		0	False	4
O88554	Mus musculus	Metazoa	559		0	False	4
Q9UT32	Schizosaccharomyces pombe (strain 972 / ATCC 24843)	Fungi	373		0	False	4
Q9LPP4	Arabidopsis thaliana	Plants	128		0	False	4
Q9Y5Z4	Homo sapiens	Metazoa	205		0	False	4
P40957	Saccharomyces cerevisiae (strain ATCC 204508 / S288c)	Fungi	749		0	False	4
Q11179	Caenorhabditis elegans	Metazoa	470		0	False	4
P42166	Homo sapiens	Metazoa	694		0	False	4
P58753	Homo sapiens	Metazoa	221		0	False	4
A1XBS5	Homo sapiens	Metazoa	289		0	False	4
Q94A52	Arabidopsis thaliana	Plants	408		0	False	4
Q08932	Saccharomyces cerevisiae (strain ATCC 204508 / S288c)	Fungi	381		0	False	4
Q9LYB9	Arabidopsis thaliana	Plants	186		0	False	4
P33760	Saccharomyces cerevisiae (strain ATCC 204508 / S288c)	Fungi	1030		0	False	4
Q3ZC04	Bos taurus	Metazoa	102		0	False	4
P62701	Homo sapiens	Metazoa	263		0	False	4
Q39243	Arabidopsis thaliana	Plants	375		0	False	4
Q9EQ80	Mus musculus	Metazoa	376		0	False	4
Q8NF64	Homo sapiens	Metazoa	920		0	False	4
Q96EF0	Homo sapiens	Metazoa	704		0	False	4
A0A125S9M5	Hypsibius exemplaris	Metazoa	614		0	False	4
Q84L33	Arabidopsis thaliana	Plants	371		0	False	4
Q16514	Homo sapiens	Metazoa	161		0	False	4
Q64152	Mus musculus	Metazoa	204		0	False	4
Q941D6	Arabidopsis thaliana	Plants	423		0	False	4
O75688	Homo sapiens	Metazoa	479		0	False	4
P10080	Saccharomyces cerevisiae (strain ATCC 204508 / S288c)	Fungi	294		0	False	4
Q9P7Y0	Schizosaccharomyces pombe (strain 972 / ATCC 24843)	Fungi	395		0	False	4
Q12789	Homo sapiens	Metazoa	2109		0	False	4
P41231	Homo sapiens	Metazoa	377		0	True	4
Q9NQB0	Homo sapiens	Metazoa	619		0	False	4
Q9LXJ0	Arabidopsis thaliana	Plants	473		0	False	4
P15646	Saccharomyces cerevisiae (strain ATCC 204508 / S288c)	Fungi	327		0	False	4
O22832	Arabidopsis thaliana	Plants	401		0	False	4
O17386	Caenorhabditis elegans	Metazoa	458		0	True	4
Q8L7N4	Arabidopsis thaliana	Plants	343		0	True	4
Q9S7Z2	Arabidopsis thaliana	Plants	319		0	False	4
P16452	Homo sapiens	Metazoa	691		0	False	4
Q9UJY1	Homo sapiens	Metazoa	196		0	False	4
Q19131	Caenorhabditis elegans	Metazoa	813		0	False	4
O74311	Schizosaccharomyces pombe (strain 972 / ATCC 24843)	Fungi	150		0	False	4
P07150	Rattus norvegicus	Metazoa	346		0	False	4
Q02969	Saccharomyces cerevisiae (strain ATCC 204508 / S288c)	Fungi	394		0	False	4
A0A0U2UYC4	Mycosarcoma maydis	Fungi	493		0	False	4
Q7Z695	Homo sapiens	Metazoa	626		0	False	4
Q9WTQ8	Mus musculus	Metazoa	209		0	True	4
P19419	Homo sapiens	Metazoa	428		0	False	4
P98170	Homo sapiens	Metazoa	497		0	False	4
O13855	Schizosaccharomyces pombe (strain 972 / ATCC 24843)	Fungi	455		0	False	4
Q8L6Z4	Arabidopsis thaliana	Plants	430		0	False	4
P53131	Saccharomyces cerevisiae (strain ATCC 204508 / S288c)	Fungi	767		0	False	4
Q24180	Drosophila melanogaster	Metazoa	576		0	False	4
Q80WJ1	Mus musculus	Metazoa	673		0	False	4
Q9H0A8	Homo sapiens	Metazoa	199		0	False	4
Q9Y4P1	Homo sapiens	Metazoa	393		0	False	4
P63015	Mus musculus	Metazoa	422		0	False	4
Q9VIF5	Drosophila melanogaster	Metazoa	981		0	False	4
Q8BIW9	Mus musculus	Metazoa	969		0	False	4
Q6YTW6	Oryza sativa subsp. japonica	Plants	460		0	False	4
O93530	Xenopus laevis	Metazoa	1436		0	False	4
Q9UKE5	Homo sapiens	Metazoa	1360		0	False	4
Q96BT7	Homo sapiens	Metazoa	664		0	False	4
P52593	Saccharomyces cerevisiae (strain ATCC 204508 / S288c)	Fungi	1655		0	False	4
Q9D842	Mus musculus	Metazoa	499		0	False	4
P00846	Homo sapiens	Metazoa	226		0	True	4
L0R8F8	Homo sapiens	Metazoa	70		0	False	4
Q96J02	Homo sapiens	Metazoa	903		0	False	4
O13803	Schizosaccharomyces pombe (strain 972 / ATCC 24843)	Fungi	601		0	False	4
P25440	Homo sapiens	Metazoa	801		0	False	4
P00004	Equus caballus	Metazoa	105		0	False	4
P53628	Saccharomyces cerevisiae (strain ATCC 204508 / S288c)	Fungi	566		0	False	4
P17870	Bos taurus	Metazoa	418		0	False	4
Q9H0H0	Homo sapiens	Metazoa	1204		0	False	4
P82675	Homo sapiens	Metazoa	430		0	False	4
Q7L7V1	Homo sapiens	Metazoa	743		0	False	4
Q9Y4E5	Homo sapiens	Metazoa	1061		0	False	4
Q14978	Homo sapiens	Metazoa	699		0	False	4
P60766	Mus musculus	Metazoa	191		0	False	4
Q08179	Saccharomyces cerevisiae (strain ATCC 204508 / S288c)	Fungi	573		0	False	4
P08456	Saccharomyces cerevisiae (strain ATCC 204508 / S288c)	Fungi	276		0	True	4
P97837	Rattus norvegicus	Metazoa	1059		0	False	4
Q9BPX3	Homo sapiens	Metazoa	1015		0	False	4
Q8K448	Mus musculus	Metazoa	1642		0	True	4
Q9UIG8	Homo sapiens	Metazoa	710		0	True	4
Q8L774	Arabidopsis thaliana	Plants	389		0	False	4
Q9BTL3	Homo sapiens	Metazoa	118		0	False	4
Q8N684	Homo sapiens	Metazoa	471		0	False	4
Q9LMX5	Arabidopsis thaliana	Plants	348		0	False	4
Q9BSF0	Homo sapiens	Metazoa	95		0	False	4
Q8RWE8	Arabidopsis thaliana	Plants	442		0	False	4
P40825	Saccharomyces cerevisiae (strain ATCC 204508 / S288c)	Fungi	983		0	False	4
A2A935	Mus musculus	Metazoa	1275		0	False	4
Q92372	Schizosaccharomyces pombe (strain 972 / ATCC 24843)	Fungi	609		0	False	4
Q12038	Saccharomyces cerevisiae (strain ATCC 204508 / S288c)	Fungi	1033		0	False	4
Q16775	Homo sapiens	Metazoa	308		0	False	4
O23304	Arabidopsis thaliana	Plants	487		0	False	4
P0C865	Rattus norvegicus	Metazoa	806		0	False	4
Q9VW97	Drosophila melanogaster	Metazoa	890		0	False	4
Q9FV71	Arabidopsis thaliana	Plants	469		0	False	4
P24452	Mus musculus	Metazoa	352		0	False	4
Q9FUP0	Arabidopsis thaliana	Plants	391		0	False	4
Q5Z5B7	Oryza sativa subsp. japonica	Plants	420		0	False	4
Q9DBD5	Mus musculus	Metazoa	1123		0	False	4
Q9DC29	Mus musculus	Metazoa	842		0	True	4
Q8LPR8	Arabidopsis thaliana	Plants	871		0	False	4
P17610	Schizosaccharomyces pombe (strain 972 / ATCC 24843)	Fungi	214		0	False	4
Q9XVD5	Caenorhabditis elegans	Metazoa	303		0	False	4
Q99967	Homo sapiens	Metazoa	270		0	False	4
P17783	Citrullus lanatus	Plants	347		0	False	4
P81451	Saccharomyces cerevisiae (strain ATCC 204508 / S288c)	Fungi	68		0	True	4
Q969T9	Homo sapiens	Metazoa	261		0	False	4
P00054	Sesamum indicum	Plants	111		0	False	4
Q9ULZ2	Homo sapiens	Metazoa	295		0	False	4
Q5BJM8	Rattus norvegicus	Metazoa	378		0	True	4
P56198	Mus musculus	Metazoa	239		0	False	4
P39014	Saccharomyces cerevisiae (strain ATCC 204508 / S288c)	Fungi	640		0	False	4
Q02785	Saccharomyces cerevisiae (strain ATCC 204508 / S288c)	Fungi	1511		0	False	4
B2RX12	Mus musculus	Metazoa	1523		0	True	4
Q80WG5	Mus musculus	Metazoa	810		0	True	4
P49903	Homo sapiens	Metazoa	392		0	False	4
Q9M7I2	Medicago truncatula	Plants	475		0	False	4
O14313	Schizosaccharomyces pombe (strain 972 / ATCC 24843)	Fungi	156		0	False	4
Q8H0W2	Arabidopsis thaliana	Plants	426		0	False	4
P23276	Homo sapiens	Metazoa	732		0	True	4
Q9ZP05	Arabidopsis thaliana	Plants	354		0	False	4
F4I316	Arabidopsis thaliana	Plants	660		0	True	4
P19020	Rattus norvegicus	Metazoa	446		0	True	4
Q8C5S7	Mus musculus	Metazoa	591		0	False	4
Q9SFB0	Arabidopsis thaliana	Plants	526		0	True	4
O64817	Arabidopsis thaliana	Plants	333		0	False	4
Q9NQC7	Homo sapiens	Metazoa	956		0	False	4
Q9CPU2	Mus musculus	Metazoa	105		0	False	4
Q9FY74	Arabidopsis thaliana	Plants	1007		0	False	4
Q9GZQ4	Homo sapiens	Metazoa	415		0	True	4
P35659	Homo sapiens	Metazoa	375		0	False	4
Q62599	Rattus norvegicus	Metazoa	703		0	False	4
P79745	Danio rerio	Metazoa	443		0	False	4
Q12031	Saccharomyces cerevisiae (strain ATCC 204508 / S288c)	Fungi	575		0	False	4
Q63342	Rattus norvegicus	Metazoa	857		0	False	4
Q9FV50	Arabidopsis thaliana	Plants	350		0	False	4
Q9UET6	Homo sapiens	Metazoa	329		0	False	4
O43868	Homo sapiens	Metazoa	658		0	True	4
P34982	Homo sapiens	Metazoa	312		0	True	4
Q20733	Caenorhabditis elegans	Metazoa	900		0	False	4
P57053	Homo sapiens	Metazoa	126		0	False	4
Q6GSS7	Mus musculus	Metazoa	130		0	False	4
Q6R3K9	Arabidopsis thaliana	Plants	664		0	True	4
Q92754	Homo sapiens	Metazoa	450		0	False	4
Q95U54	Drosophila melanogaster	Metazoa	959		0	False	4
Q59RW5	Candida albicans (strain SC5314 / ATCC MYA-2876)	Fungi	493		0	False	4
Q93YR9	Arabidopsis thaliana	Plants	670		0	False	4
P40427	Drosophila melanogaster	Metazoa	376		0	False	4
Q9LKA3	Arabidopsis thaliana	Plants	341		0	False	4
Q8NH19	Homo sapiens	Metazoa	301		0	True	4
Q0VDF9	Homo sapiens	Metazoa	509		0	False	4
P28843	Mus musculus	Metazoa	760		0	True	4
Q9C9T2	Arabidopsis thaliana	Plants	451		0	False	4
Q21148	Caenorhabditis elegans	Metazoa	308		0	False	4
Q7S054	Neurospora crassa (strain ATCC 24698 / 74-OR23-1A / CBS 708.71 / DSM 1257 / FGSC 987)	Fungi	300		0	False	4
O60200	Saccharomyces cerevisiae (strain ATCC 204508 / S288c)	Fungi	86		0	False	4
Q99N57	Mus musculus	Metazoa	648		0	False	4
Q9D8H7	Mus musculus	Metazoa	521		0	False	4
Q06156	Saccharomyces cerevisiae (strain ATCC 204508 / S288c)	Fungi	1176		0	False	4
Q80SW1	Mus musculus	Metazoa	530		0	False	4
P07834	Saccharomyces cerevisiae (strain ATCC 204508 / S288c)	Fungi	779		0	False	4
Q01926	Saccharomyces cerevisiae (strain ATCC 204508 / S288c)	Fungi	470		0	False	4
Q8IZQ1	Homo sapiens	Metazoa	3526		0	False	4
P34250	Saccharomyces cerevisiae (strain ATCC 204508 / S288c)	Fungi	1132		0	False	4
O44783	Drosophila melanogaster	Metazoa	589		0	False	4
P42284	Drosophila melanogaster	Metazoa	549		0	False	4
P40366	Saccharomyces cerevisiae (strain ATCC 204508 / S288c)	Fungi	167		0	False	4
Q23255	Caenorhabditis elegans	Metazoa	728		0	False	4
Q91790	Xenopus laevis	Metazoa	369		0	False	4
Q04545	Saccharomyces cerevisiae (strain ATCC 204508 / S288c)	Fungi	1251		0	False	4
P49848	Homo sapiens	Metazoa	677		0	False	4
Q95QI7	Caenorhabditis elegans	Metazoa	892		0	False	4
O94667	Schizosaccharomyces pombe (strain 972 / ATCC 24843)	Fungi	560		0	False	4
Q9BZE1	Homo sapiens	Metazoa	423		0	False	4
P49019	Homo sapiens	Metazoa	387		0	True	4
Q39056	Arabidopsis thaliana	Plants	270		0	False	4
Q96QT6	Homo sapiens	Metazoa	1004		0	False	4
P06897	Xenopus laevis	Metazoa	130		0	False	4
Q8W4L5	Arabidopsis thaliana	Plants	790		0	False	4
P15325	Emericella nidulans (strain FGSC A4 / ATCC 38163 / CBS 112.46 / NRRL 194 / M139)	Fungi	533		0	True	4
Q9H869	Homo sapiens	Metazoa	796		0	False	4
X2JAU8	Drosophila melanogaster	Metazoa	1075		0	False	4
Q96BI1	Homo sapiens	Metazoa	424		0	True	4
O94446	Schizosaccharomyces pombe (strain 972 / ATCC 24843)	Fungi	463		0	False	4
P31539	Saccharomyces cerevisiae (strain ATCC 204508 / S288c)	Fungi	908		0	False	4
P0C8R3	Schizosaccharomyces pombe (strain 972 / ATCC 24843)	Fungi	150		0	False	4
P40368	Saccharomyces cerevisiae (strain ATCC 204508 / S288c)	Fungi	713		0	False	4
P62684	Homo sapiens	Metazoa	666		0	False	4
O13936	Schizosaccharomyces pombe (strain 972 / ATCC 24843)	Fungi	990		0	False	4
O75461	Homo sapiens	Metazoa	281		0	False	4
Q9Y3C5	Homo sapiens	Metazoa	154		0	False	4
O94684	Schizosaccharomyces pombe (strain 972 / ATCC 24843)	Fungi	318		0	False	4
Q7T2T1	Gallus gallus	Metazoa	484		0	False	4
O59767	Schizosaccharomyces pombe (strain 972 / ATCC 24843)	Fungi	310		0	False	4
Q8CCK0	Mus musculus	Metazoa	372		0	False	4
Q1ENB6	Arabidopsis thaliana	Plants	484		0	False	4
Q9CAI5	Arabidopsis thaliana	Plants	465		0	False	4
O64827	Arabidopsis thaliana	Plants	1382		0	False	4
P34708	Caenorhabditis elegans	Metazoa	1110		0	False	4
Q9SYX1	Arabidopsis thaliana	Plants	262		0	False	4
Q9ULX3	Homo sapiens	Metazoa	412		0	False	4
P07260	Saccharomyces cerevisiae (strain ATCC 204508 / S288c)	Fungi	213		0	False	4
P31310	Mus musculus	Metazoa	416		0	False	4
P11309	Homo sapiens	Metazoa	313		0	False	4
P20171	Rattus norvegicus	Metazoa	189		0	False	4
Q8SUG7	Encephalitozoon cuniculi (strain GB-M1)	Fungi	536		0	True	4
Q02890	Saccharomyces cerevisiae (strain ATCC 204508 / S288c)	Fungi	363		0	False	4
Q06511	Saccharomyces cerevisiae (strain ATCC 204508 / S288c)	Fungi	250		0	False	4
Q9FK25	Arabidopsis thaliana	Plants	363		0	False	4
Q8ILW0	Plasmodium falciparum (isolate 3D7)	Other	347		0	False	4
O81235	Arabidopsis thaliana	Plants	231		0	False	4
Q9JHC9	Mus musculus	Metazoa	593		0	False	4
Q14689	Homo sapiens	Metazoa	1571		0	False	4
Q9M5P4	Zea mays	Plants	256		0	False	4
Q8VYZ0	Arabidopsis thaliana	Plants	645		0	False	4
P11183	Gallus gallus	Metazoa	164		0	False	4
Q5SYD0	Mus musculus	Metazoa	1006		0	False	4
Q80X86	Mus musculus	Metazoa	340		0	False	4
P0DPG2	Trypanosoma brucei brucei	Other	182		0	False	4
D3YUJ3	Mus musculus	Metazoa	367		0	False	4
P20839	Homo sapiens	Metazoa	514		0	False	4
Q62806	Rattus norvegicus	Metazoa	794		0	False	4
O00159	Homo sapiens	Metazoa	1063		0	False	4
Q23541	Caenorhabditis elegans	Metazoa	1477		0	False	4
A0A509AKI1	Plasmodium berghei (strain Anka)	Other	836		0	False	4
B5DFG1	Rattus norvegicus	Metazoa	580		0	False	4
Q9M8K7	Arabidopsis thaliana	Plants	167		0	False	4
Q6IN85	Homo sapiens	Metazoa	833		0	False	4
Q9C707	Arabidopsis thaliana	Plants	298		0	False	4
D6MZJ6	Mus musculus	Metazoa	483		0	True	4
P62895	Sus scrofa	Metazoa	105		0	False	4
Q9QYE3	Mus musculus	Metazoa	835		0	False	4
Q76KJ5	Mus musculus	Metazoa	399		0	False	4
O13395	Mycosarcoma maydis	Fungi	1180		0	False	4
Q15561	Homo sapiens	Metazoa	434		0	False	4
P48231	Saccharomyces cerevisiae (strain ATCC 204508 / S288c)	Fungi	1178		0	False	4
Q99JS0	Mus musculus	Metazoa	100		0	True	4
P06585	Pisum sativum	Plants	353		0	True	4
P35414	Homo sapiens	Metazoa	380		0	True	4
P34234	Saccharomyces cerevisiae (strain ATCC 204508 / S288c)	Fungi	306		0	False	4
Q08977	Saccharomyces cerevisiae (strain ATCC 204508 / S288c)	Fungi	551		0	False	4
P82137	Spinacia oleracea	Plants	165		0	False	4
Q940D0	Arabidopsis thaliana	Plants	690		0	False	4
E9Q8T2	Mus musculus	Metazoa	1174		0	False	4
A8MPH9	Drosophila melanogaster	Metazoa	722		0	False	4
Q5TYM5	Homo sapiens	Metazoa	149		0	False	4
Q93ZE5	Arabidopsis thaliana	Plants	223		0	False	4
Q8BJ05	Mus musculus	Metazoa	735		0	False	4
Q94515	Drosophila melanogaster	Metazoa	321		0	True	4
Q3URU2	Mus musculus	Metazoa	1571		0	False	4
P07276	Saccharomyces cerevisiae (strain ATCC 204508 / S288c)	Fungi	1031		0	False	4
Q5KMX8	Cryptococcus neoformans var. neoformans serotype D (strain JEC21 / ATCC MYA-565)	Fungi	783		0	False	4
P24846	Triticum aestivum	Plants	388		0	False	4
P00038	Apis mellifera	Metazoa	108		0	False	4
Q6AVI1	Oryza sativa subsp. japonica	Plants	227		0	False	4
Q9UTQ6	Schizosaccharomyces pombe (strain 972 / ATCC 24843)	Fungi	154		0	False	4
Q9M1E7	Arabidopsis thaliana	Plants	285		0	True	4
Q9Y6K5	Homo sapiens	Metazoa	1087		0	False	4
P51677	Homo sapiens	Metazoa	355		0	True	4
O35394	Rattus norvegicus	Metazoa	185		0	True	4
P17605	Ovis aries	Metazoa	136		0	True	4
P15291	Homo sapiens	Metazoa	398		0	True	4
O46106	Drosophila melanogaster	Metazoa	503		0	False	4
P31266	Mus musculus	Metazoa	526		0	False	4
Q9H9A7	Homo sapiens	Metazoa	625		0	False	4
O74879	Schizosaccharomyces pombe (strain 972 / ATCC 24843)	Fungi	634		0	False	4
Q6IBW4	Homo sapiens	Metazoa	605		0	False	4
Q8S9J1	Arabidopsis thaliana	Plants	508		0	False	4
Q96QE3	Homo sapiens	Metazoa	1844		0	False	4
Q9M4B5	Arabidopsis thaliana	Plants	129		0	False	4
Q9EPW2	Mus musculus	Metazoa	415		0	False	4
P13995	Homo sapiens	Metazoa	350		0	False	4
Q00317	Candida boidinii	Fungi	256		0	False	4
P22515	Saccharomyces cerevisiae (strain ATCC 204508 / S288c)	Fungi	1024		0	False	4
Q91YH6	Mus musculus	Metazoa	513		0	False	4
O22152	Arabidopsis thaliana	Plants	229		0	False	4
Q07912	Homo sapiens	Metazoa	1038		0	False	4
Q8C0R7	Mus musculus	Metazoa	736		0	False	4
P38828	Saccharomyces cerevisiae (strain ATCC 204508 / S288c)	Fungi	187		0	False	4
Q9QYK9	Mus musculus	Metazoa	343		0	False	4
P52270	Trypanosoma cruzi	Other	251		0	False	4
O43083	Schizosaccharomyces pombe (strain 972 / ATCC 24843)	Fungi	338		0	False	4
Q38895	Arabidopsis thaliana	Plants	204		0	False	4
O74895	Schizosaccharomyces pombe (strain 972 / ATCC 24843)	Fungi	201		0	False	4
Q39026	Arabidopsis thaliana	Plants	395		0	False	4
Q24322	Drosophila melanogaster	Metazoa	899		0	True	4
O18404	Drosophila melanogaster	Metazoa	255		0	False	4
Q9FEN9	Arabidopsis thaliana	Plants	228		0	False	4
Q6PDY0	Mus musculus	Metazoa	202		0	False	4
Q9M077	Arabidopsis thaliana	Plants	294		0	False	4
A0MP03	Xenopus laevis	Metazoa	1028		0	False	4
Q8C167	Mus musculus	Metazoa	725		0	False	4
E2JF22	Mus musculus	Metazoa	2547		0	True	4
O95319	Homo sapiens	Metazoa	508		0	False	4
P31273	Homo sapiens	Metazoa	242		0	False	4
O49675	Arabidopsis thaliana	Plants	595		0	False	4
A6ND48	Homo sapiens	Metazoa	311		0	True	4
P12113	Chlamydomonas reinhardtii	Plants	358		0	False	4
Q8WUU5	Homo sapiens	Metazoa	269		0	False	4
F4HU58	Arabidopsis thaliana	Plants	420		0	False	4
Q98TA5	Xenopus laevis	Metazoa	896		0	False	4
O96008	Homo sapiens	Metazoa	361		0	False	4
Q9CA69	Arabidopsis thaliana	Plants	397		0	False	4
Q9Z258	Rattus norvegicus	Metazoa	1239		0	False	4
Q9BWG6	Homo sapiens	Metazoa	230		0	False	4
Q21446	Caenorhabditis elegans	Metazoa	539		0	False	4
Q9JIK9	Mus musculus	Metazoa	218		0	False	4
O75489	Homo sapiens	Metazoa	264		0	False	4
Q9VGL8	Drosophila melanogaster	Metazoa	363		0	False	4
Q39255	Arabidopsis thaliana	Plants	160		0	False	4
Q8GTR4	Arabidopsis thaliana	Plants	965		0	False	4
Q06211	Saccharomyces cerevisiae (strain ATCC 204508 / S288c)	Fungi	1407		0	False	4
Q9P0K8	Homo sapiens	Metazoa	574		0	False	4
P14137	Rattus norvegicus	Metazoa	526		0	False	4
Q9XGM3	Arabidopsis thaliana	Plants	1217		0	False	4
Q9LK23	Arabidopsis thaliana	Plants	516		0	False	4
Q71SY5	Homo sapiens	Metazoa	747		0	False	4
Q9T0H9	Arabidopsis thaliana	Plants	359		0	False	4
Q84XV2	Arabidopsis thaliana	Plants	386		0	False	4
Q9EQR5	Mus musculus	Metazoa	269		0	True	4
Q9JMG3	Mus musculus	Metazoa	245		0	True	4
Q32P44	Homo sapiens	Metazoa	896		0	False	4
O15525	Homo sapiens	Metazoa	162		0	False	4
P38882	Saccharomyces cerevisiae (strain ATCC 204508 / S288c)	Fungi	575		0	False	4
P53114	Saccharomyces cerevisiae (strain ATCC 204508 / S288c)	Fungi	1132		0	False	4
Q5Z8R1	Oryza sativa subsp. japonica	Plants	455		0	False	4
Q63065	Rattus norvegicus	Metazoa	434		0	False	4
Q03825	Saccharomyces cerevisiae (strain ATCC 204508 / S288c)	Fungi	758		0	False	4
Q94AQ8	Arabidopsis thaliana	Plants	348		0	False	4
Q969Z0	Homo sapiens	Metazoa	631		0	False	4
P14270	Rattus norvegicus	Metazoa	803		0	False	4
Q7K3L1	Drosophila melanogaster	Metazoa	921		0	False	4
Q62733	Rattus norvegicus	Metazoa	452		0	False	4
Q680Q4	Arabidopsis thaliana	Plants	884		0	False	4
Q10308	Schizosaccharomyces pombe (strain 972 / ATCC 24843)	Fungi	269		0	False	4
Q6NME7	Arabidopsis thaliana	Plants	127		0	False	4
Q06563	Saccharomyces cerevisiae (strain ATCC 204508 / S288c)	Fungi	197		0	True	4
Q12530	Saccharomyces cerevisiae (strain ATCC 204508 / S288c)	Fungi	201		0	True	4
P12755	Homo sapiens	Metazoa	728		0	False	4
Q6ZMU5	Homo sapiens	Metazoa	477		0	False	4
P32898	Saccharomyces cerevisiae (strain ATCC 204508 / S288c)	Fungi	989		0	False	4
Q17632	Caenorhabditis elegans	Metazoa	961		0	False	4
Q03489	Petunia hybrida	Plants	241		0	False	4
P39979	Saccharomyces cerevisiae (strain ATCC 204508 / S288c)	Fungi	161		0	False	4
P61160	Homo sapiens	Metazoa	394		0	False	4
P00071	Pastinaca sativa	Plants	111		0	False	4
O14131	Schizosaccharomyces pombe (strain 972 / ATCC 24843)	Fungi	442		0	False	4
O74350	Schizosaccharomyces pombe (strain 972 / ATCC 24843)	Fungi	299		0	False	4
P55317	Homo sapiens	Metazoa	472		0	False	4
Q7KZF4	Homo sapiens	Metazoa	910		0	False	4
O14495	Homo sapiens	Metazoa	311		0	True	4
Q16621	Homo sapiens	Metazoa	373		0	False	4
Q9C8R8	Arabidopsis thaliana	Plants	711		0	False	4
Q8L796	Arabidopsis thaliana	Plants	754		0	False	4
O49397	Arabidopsis thaliana	Plants	552		0	False	4
Q99816	Homo sapiens	Metazoa	390		0	False	4
P18615	Homo sapiens	Metazoa	380		0	False	4
Q9HCM9	Homo sapiens	Metazoa	518		0	False	4
Q96ST8	Homo sapiens	Metazoa	783		0	False	4
Q5T9L3	Homo sapiens	Metazoa	541		0	True	4
P47141	Saccharomyces cerevisiae (strain ATCC 204508 / S288c)	Fungi	266		0	False	4
O49782	Arabidopsis thaliana	Plants	352		0	False	4
Q01532	Saccharomyces cerevisiae (strain ATCC 204508 / S288c)	Fungi	483		0	False	4
P43006	Mus musculus	Metazoa	572		0	True	4
P30307	Homo sapiens	Metazoa	473		0	False	4
P04762	Rattus norvegicus	Metazoa	527		0	False	4
Q8WVQ1	Homo sapiens	Metazoa	401		0	True	4
O65435	Arabidopsis thaliana	Plants	600		0	False	4
P41073	Drosophila melanogaster	Metazoa	716		0	False	4
P23025	Homo sapiens	Metazoa	273		0	False	4
Q9LM71	Arabidopsis thaliana	Plants	232		0	False	4
Q8VZJ1	Arabidopsis thaliana	Plants	379		0	False	4
Q02888	Saccharomyces cerevisiae (strain ATCC 204508 / S288c)	Fungi	182		0	False	4
Q54KF1	Dictyostelium discoideum	Other	1158		0	False	4
Q3UMR5	Mus musculus	Metazoa	350		0	False	4
Q53KK6	Oryza sativa subsp. japonica	Plants	784		0	False	4
Q9LJE5	Arabidopsis thaliana	Plants	667		0	False	4
Q96VH4	Saccharomyces cerevisiae (strain ATCC 204508 / S288c)	Fungi	193		0	False	4
P32344	Saccharomyces cerevisiae (strain ATCC 204508 / S288c)	Fungi	111		0	False	4
Q6IA86	Homo sapiens	Metazoa	826		0	False	4
O94875	Homo sapiens	Metazoa	1100		0	False	4
P29350	Homo sapiens	Metazoa	595		0	False	4
P11049	Homo sapiens	Metazoa	281		0	True	4
Q61285	Mus musculus	Metazoa	741		0	False	4
Q12340	Saccharomyces cerevisiae (strain ATCC 204508 / S288c)	Fungi	786		0	False	4
Q12188	Saccharomyces cerevisiae (strain ATCC 204508 / S288c)	Fungi	680		0	False	4
P29966	Homo sapiens	Metazoa	332		0	False	4
Q96GZ6	Homo sapiens	Metazoa	507		0	True	4
Q3YEC7	Homo sapiens	Metazoa	729		0	False	4
Q61161	Mus musculus	Metazoa	821		0	False	4
Q94A68	Arabidopsis thaliana	Plants	377		0	False	4
Q9Y4B6	Homo sapiens	Metazoa	1507		0	False	4
Q61127	Mus musculus	Metazoa	525		0	False	4
P54790	Saccharomyces cerevisiae (strain ATCC 204508 / S288c)	Fungi	616		0	False	4
P56471	Sus scrofa	Metazoa	366		0	False	4
A1A6H3	Arabidopsis thaliana	Plants	379		0	False	4
C4QYG0	Komagataella phaffii (strain GS115 / ATCC 20864)	Fungi	376		0	False	4
P00029	Asterias rubens	Metazoa	104		0	False	4
Q9Y3D7	Homo sapiens	Metazoa	125		0	False	4
Q9C667	Arabidopsis thaliana	Plants	611		0	False	4
O43707	Homo sapiens	Metazoa	911		0	False	4
Q69ZF8	Mus musculus	Metazoa	577		0	False	4
F1QC45	Danio rerio	Metazoa	376		0	False	4
Q09669	Schizosaccharomyces pombe (strain 972 / ATCC 24843)	Fungi	422		0	False	4
P61326	Homo sapiens	Metazoa	146		0	False	4
Q640N2	Mus musculus	Metazoa	427		0	False	4
P22134	Saccharomyces cerevisiae (strain ATCC 204508 / S288c)	Fungi	296		0	False	4
Q9HC29	Homo sapiens	Metazoa	1040		0	False	4
P00013	Miniopterus schreibersii	Metazoa	105		0	False	4
Q9P3U7	Schizosaccharomyces pombe (strain 972 / ATCC 24843)	Fungi	547		0	True	4
Q969L4	Homo sapiens	Metazoa	123		0	False	4
Q96ER3	Homo sapiens	Metazoa	474		0	False	4
P35212	Homo sapiens	Metazoa	333		0	True	4
Q9C5Q2	Arabidopsis thaliana	Plants	262		0	False	4
Q9CR21	Mus musculus	Metazoa	156		0	False	4
Q6P4R8	Homo sapiens	Metazoa	1299		0	False	4
Q53GS9	Homo sapiens	Metazoa	565		0	False	4
Q0WNP8	Arabidopsis thaliana	Plants	263		0	False	4
Q920N5	Cricetulus griseus	Metazoa	640		0	False	4
Q9VK34	Drosophila melanogaster	Metazoa	823		0	False	4
Q8CD15	Mus musculus	Metazoa	465		0	False	4
P35197	Saccharomyces cerevisiae (strain ATCC 204508 / S288c)	Fungi	352		0	False	4
G5ECG2	Caenorhabditis elegans	Metazoa	467		0	False	4
Q9FFF2	Arabidopsis thaliana	Plants	334		0	False	4
O76075	Homo sapiens	Metazoa	338		0	False	4
P40581	Saccharomyces cerevisiae (strain ATCC 204508 / S288c)	Fungi	163		0	False	4
Q8LGD5	Arabidopsis thaliana	Plants	222		0	False	4
Q8LCG7	Arabidopsis thaliana	Plants	199		0	False	4
Q9FKB3	Arabidopsis thaliana	Plants	310		0	False	4
P52292	Homo sapiens	Metazoa	529		0	False	4
Q06630	Saccharomyces cerevisiae (strain ATCC 204508 / S288c)	Fungi	226		0	False	4
Q9GZY8	Homo sapiens	Metazoa	342		0	False	4
Q22024	Caenorhabditis elegans	Metazoa	543		0	False	4
Q9FVV7	Arabidopsis thaliana	Plants	176		0	False	4
Q12151	Saccharomyces cerevisiae (strain ATCC 204508 / S288c)	Fungi	913		0	False	4
P0DME0	Homo sapiens	Metazoa	292		0	False	4
Q8L7Z0	Arabidopsis thaliana	Plants	720		0	True	4
P47112	Saccharomyces cerevisiae (strain ATCC 204508 / S288c)	Fungi	604		0	False	4
Q9VL63	Drosophila melanogaster	Metazoa	290		0	False	4
Q8C2K1	Mus musculus	Metazoa	630		0	False	4
Q9Z339	Rattus norvegicus	Metazoa	241		0	False	4
Q8W4D6	Arabidopsis thaliana	Plants	598		0	False	4
O54931	Mus musculus	Metazoa	1089		0	False	4
Q14181	Homo sapiens	Metazoa	598		0	False	4
P0DOV2	Mus musculus	Metazoa	619		0	False	4
Q9WTK2	Mus musculus	Metazoa	593		0	False	4
P10507	Saccharomyces cerevisiae (strain ATCC 204508 / S288c)	Fungi	462		0	False	4
Q9M1D3	Arabidopsis thaliana	Plants	464		0	False	4
A0A2R6X6S3	Marchantia polymorpha	Plants	911		0	False	4
O88764	Rattus norvegicus	Metazoa	448		0	False	4
A0A5K7RLP0	Mus musculus	Metazoa	589		0	False	4
Q09842	Schizosaccharomyces pombe (strain 972 / ATCC 24843)	Fungi	407		0	False	4
P50623	Saccharomyces cerevisiae (strain ATCC 204508 / S288c)	Fungi	157		0	False	4
Q9UHW9	Homo sapiens	Metazoa	1150		0	False	4
Q8VZ10	Arabidopsis thaliana	Plants	1055		0	False	4
O81127	Arabidopsis thaliana	Plants	187		0	False	4
D3ZK93	Rattus norvegicus	Metazoa	322		0	True	4
Q9BT78	Homo sapiens	Metazoa	406		0	False	4
Q84M92	Arabidopsis thaliana	Plants	441		0	False	4
Q9BW91	Homo sapiens	Metazoa	350		0	False	4
Q42547	Arabidopsis thaliana	Plants	492		0	False	4
P06804	Mus musculus	Metazoa	235		0	True	4
O80575	Arabidopsis thaliana	Plants	227		0	False	4
Q9U1K1	Drosophila melanogaster	Metazoa	1020		0	False	4
Q96MT3	Homo sapiens	Metazoa	831		0	False	4
Q02099	Schizosaccharomyces pombe (strain 972 / ATCC 24843)	Fungi	2386		0	False	4
O59730	Schizosaccharomyces pombe (strain 972 / ATCC 24843)	Fungi	379		0	False	4
P47047	Saccharomyces cerevisiae (strain ATCC 204508 / S288c)	Fungi	1073		0	False	4
Q9BRL6	Homo sapiens	Metazoa	282		0	False	4
Q9H2K8	Homo sapiens	Metazoa	898		0	False	4
Q9QXK3	Mus musculus	Metazoa	871		0	False	4
P48772	Mus musculus	Metazoa	70		0	True	4
P14293	Candida boidinii	Fungi	167		0	False	4
Q9NQX7	Homo sapiens	Metazoa	267		0	True	4
Q9H9J2	Homo sapiens	Metazoa	332		0	False	4
Q9P286	Homo sapiens	Metazoa	719		0	False	4
O60711	Homo sapiens	Metazoa	386		0	False	4
Q9LKZ3	Arabidopsis thaliana	Plants	1013		0	False	4
Q06683	Saccharomyces cerevisiae (strain ATCC 204508 / S288c)	Fungi	689		0	False	4
P42697	Arabidopsis thaliana	Plants	610		0	False	4
Q9NXV2	Homo sapiens	Metazoa	234		0	False	4
Q08831	Saccharomyces cerevisiae (strain ATCC 204508 / S288c)	Fungi	523		0	False	4
O75179	Homo sapiens	Metazoa	2603		0	False	4
Q99J99	Mus musculus	Metazoa	297		0	False	4
Q9UHV7	Homo sapiens	Metazoa	2174		0	False	4
Q01658	Homo sapiens	Metazoa	176		0	False	4
Q9JIL4	Mus musculus	Metazoa	519		0	False	4
F4I240	Arabidopsis thaliana	Plants	1208		0	False	4
P33895	Saccharomyces cerevisiae (strain ATCC 204508 / S288c)	Fungi	451		0	False	4
Q8L3X8	Arabidopsis thaliana	Plants	262		0	False	4
Q8WXX5	Homo sapiens	Metazoa	260		0	False	4
P20610	Dictyostelium discoideum	Other	55		0	True	4
Q21988	Caenorhabditis elegans	Metazoa	824		0	False	4
Q8IU99	Homo sapiens	Metazoa	346		0	True	4
Q920A7	Mus musculus	Metazoa	789		0	False	4
P22909	Rattus norvegicus	Metazoa	465		0	True	4
P48270	Chlamydomonas reinhardtii	Plants	257		0	False	4
Q9BPX6	Homo sapiens	Metazoa	476		0	False	4
P61202	Mus musculus	Metazoa	443		0	False	4
P20081	Saccharomyces cerevisiae (strain ATCC 204508 / S288c)	Fungi	114		0	False	4
O13907	Schizosaccharomyces pombe (strain 972 / ATCC 24843)	Fungi	492		0	False	4
Q9FLW9	Arabidopsis thaliana	Plants	579		0	False	4
Q6ZNA4	Homo sapiens	Metazoa	994		0	False	4
P17505	Saccharomyces cerevisiae (strain ATCC 204508 / S288c)	Fungi	334		0	False	4
Q9U1S7	Caenorhabditis elegans	Metazoa	716		0	True	4
P32799	Saccharomyces cerevisiae (strain ATCC 204508 / S288c)	Fungi	129		0	True	4
Q8L719	Arabidopsis thaliana	Plants	292		0	False	4
A0A5K1K8Y8	Plasmodium falciparum (isolate 3D7)	Other	372		0	False	4
Q9H299	Homo sapiens	Metazoa	93		0	False	4
P16649	Saccharomyces cerevisiae (strain ATCC 204508 / S288c)	Fungi	713		0	False	4
Q8VIM5	Mus musculus	Metazoa	935		0	False	4
Q13029	Homo sapiens	Metazoa	1718		0	False	4
Q9NYV6	Homo sapiens	Metazoa	651		0	False	4
Q66GR6	Arabidopsis thaliana	Plants	268		0	False	4
Q16891	Homo sapiens	Metazoa	758		0	True	4
Q84LG2	Arabidopsis thaliana	Plants	389		0	False	4
Q9FNY7	Arabidopsis thaliana	Plants	365		0	False	4
Q13573	Homo sapiens	Metazoa	536		0	False	4
Q03671	Candida parapsilosis	Fungi	246		0	True	4
O36030	Schizosaccharomyces pombe (strain 972 / ATCC 24843)	Fungi	391		0	False	4
Q93VD3	Arabidopsis thaliana	Plants	482		0	False	4
P42776	Arabidopsis thaliana	Plants	382		0	False	4
Q43307	Arabidopsis thaliana	Plants	459		0	False	4
Q04177	Saccharomyces cerevisiae (strain ATCC 204508 / S288c)	Fungi	643		0	False	4
Q39261	Arabidopsis thaliana	Plants	150		0	False	4
P70278	Mus musculus	Metazoa	393		0	False	4
Q9UPZ3	Homo sapiens	Metazoa	1129		0	False	4
P27487	Homo sapiens	Metazoa	766		0	True	4
O74986	Schizosaccharomyces pombe (strain 972 / ATCC 24843)	Fungi	294		0	False	4
P82869	Arabidopsis thaliana	Plants	466		0	False	4
Q8VZI8	Arabidopsis thaliana	Plants	813		0	False	4
Q15466	Homo sapiens	Metazoa	257		0	False	4
Q9DE14	Xenopus laevis	Metazoa	2654		0	False	4
P23902	Hordeum vulgare	Plants	462		0	False	4
Q5BKX8	Homo sapiens	Metazoa	364		0	False	4
Q96RR4	Homo sapiens	Metazoa	588		0	False	4
P40505	Saccharomyces cerevisiae (strain ATCC 204508 / S288c)	Fungi	327		0	False	4
Q6P4Q7	Homo sapiens	Metazoa	775		0	False	4
Q56XG6	Arabidopsis thaliana	Plants	427		0	False	4
P43565	Saccharomyces cerevisiae (strain ATCC 204508 / S288c)	Fungi	1770		0	False	4
P70323	Mus musculus	Metazoa	479		0	False	4
P33241	Homo sapiens	Metazoa	339		0	False	4
Q9GZT3	Homo sapiens	Metazoa	109		0	False	4
F4IUJ7	Arabidopsis thaliana	Plants	527		0	False	4
O88943	Rattus norvegicus	Metazoa	852		0	False	4
P31360	Mus musculus	Metazoa	445		0	False	4
Q92361	Schizosaccharomyces pombe (strain 972 / ATCC 24843)	Fungi	264		0	False	4
O74889	Schizosaccharomyces pombe (strain 972 / ATCC 24843)	Fungi	1024		0	False	4
Q8IRB5	Drosophila melanogaster	Metazoa	1465		0	False	4
P16283	Mus musculus	Metazoa	1227		0	False	4
P40963	Saccharomyces cerevisiae (strain ATCC 204508 / S288c)	Fungi	338		0	False	4
Q8VDL9	Mus musculus	Metazoa	521		0	False	4
Q6UWU4	Homo sapiens	Metazoa	347		0	True	4
P54851	Homo sapiens	Metazoa	167		0	True	4
P38781	Saccharomyces cerevisiae (strain ATCC 204508 / S288c)	Fungi	883		0	False	4
Q7FAD5	Oryza sativa subsp. japonica	Plants	869		0	False	4
Q62417	Mus musculus	Metazoa	1290		0	False	4
P62244	Homo sapiens	Metazoa	130		0	False	4
Q8TD31	Homo sapiens	Metazoa	782		0	False	4
Q15459	Homo sapiens	Metazoa	793		0	False	4
Q09FC8	Homo sapiens	Metazoa	603		0	False	4
P17220	Rattus norvegicus	Metazoa	234		0	False	4
Q9Y244	Homo sapiens	Metazoa	141		0	False	4
P68518	Crotalus atrox	Metazoa	105		0	False	4
O15381	Homo sapiens	Metazoa	856		0	False	4
E5KBU3	Pinus taeda	Plants	354		0	False	4
Q9NQ31	Homo sapiens	Metazoa	210		0	False	4
Q9Z0E8	Mus musculus	Metazoa	557		0	True	4
P91664	Drosophila melanogaster	Metazoa	161		0	False	4
Q8SKU2	Pisum sativum	Plants	534		0	False	4
Q9BQ67	Homo sapiens	Metazoa	446		0	False	4
Q03111	Homo sapiens	Metazoa	559		0	False	4
Q505F1	Mus musculus	Metazoa	590		0	False	4
Q9Z0Z5	Rattus norvegicus	Metazoa	600		0	True	4
H2L099	Caenorhabditis elegans	Metazoa	653		0	False	4
Q08024	Mus musculus	Metazoa	187		0	False	4
Q8N567	Homo sapiens	Metazoa	271		0	False	4
Q42384	Arabidopsis thaliana	Plants	486		0	False	4
P03999	Homo sapiens	Metazoa	345		0	True	4
P30874	Homo sapiens	Metazoa	369		0	True	4
Q8NDF8	Homo sapiens	Metazoa	572		0	False	4
O14521	Homo sapiens	Metazoa	159		0	True	4
O22229	Arabidopsis thaliana	Plants	529		0	False	4
A0A509AKT6	Plasmodium berghei (strain Anka)	Other	455		0	True	4
Q8K4Z2	Mus musculus	Metazoa	240		0	False	4
Q8RX28	Arabidopsis thaliana	Plants	660		0	False	4
O14031	Schizosaccharomyces pombe (strain 972 / ATCC 24843)	Fungi	851		0	False	4
Q7TS63	Mus musculus	Metazoa	1237		0	False	4
Q9BUL5	Homo sapiens	Metazoa	403		0	False	4
P36152	Saccharomyces cerevisiae (strain ATCC 204508 / S288c)	Fungi	348		0	False	4
P40797	Drosophila melanogaster	Metazoa	539		0	False	4
Q9DFS6	Danio rerio	Metazoa	215		0	False	4
Q9P7P2	Schizosaccharomyces pombe (strain 972 / ATCC 24843)	Fungi	528		0	False	4
O54963	Rattus norvegicus	Metazoa	1069		0	False	4
Q12207	Saccharomyces cerevisiae (strain ATCC 204508 / S288c)	Fungi	173		0	True	4
Q10PI9	Oryza sativa subsp. japonica	Plants	459		0	False	4
P36956	Homo sapiens	Metazoa	1147		0	False	4
Q9DBL9	Mus musculus	Metazoa	351		0	False	4
P34160	Saccharomyces cerevisiae (strain ATCC 204508 / S288c)	Fungi	861		0	False	4
Q84WV6	Arabidopsis thaliana	Plants	635		0	False	4
Q9LUJ5	Arabidopsis thaliana	Plants	293		0	False	4
Q6FI13	Homo sapiens	Metazoa	130		0	False	4
P15424	Saccharomyces cerevisiae (strain ATCC 204508 / S288c)	Fungi	664		0	False	4
Q9Z1P2	Rattus norvegicus	Metazoa	892		0	False	4
Q1HFZ0	Mus musculus	Metazoa	757		0	False	4
A2A259	Mus musculus	Metazoa	760		0	False	4
P09429	Homo sapiens	Metazoa	215		0	False	4
Q9LFH3	Arabidopsis thaliana	Plants	215		0	False	4
Q8GSI0	Oryza sativa subsp. japonica	Plants	179		0	False	4
Q9VUK8	Drosophila melanogaster	Metazoa	765		0	False	4
Q8W4E7	Arabidopsis thaliana	Plants	598		0	False	4
Q9ULY5	Homo sapiens	Metazoa	219		0	True	4
P54857	Saccharomyces cerevisiae (strain ATCC 204508 / S288c)	Fungi	326		0	False	4
Q03935	Saccharomyces cerevisiae (strain ATCC 204508 / S288c)	Fungi	383		0	False	4
Q96K30	Homo sapiens	Metazoa	269		0	False	4
E9PYH6	Mus musculus	Metazoa	1716		0	False	4
J9VQC4	Cryptococcus neoformans var. grubii serotype A (strain H99 / ATCC 208821 / CBS 10515 / FGSC 9487)	Fungi	366		0	True	4
Q8IV20	Homo sapiens	Metazoa	430		0	False	4
P61372	Mus musculus	Metazoa	349		0	False	4
O60143	Schizosaccharomyces pombe (strain 972 / ATCC 24843)	Fungi	251		0	False	4
Q9Y3L3	Homo sapiens	Metazoa	701		0	False	4
Q12328	Saccharomyces cerevisiae (strain ATCC 204508 / S288c)	Fungi	207		0	True	4
P29620	Oryza sativa subsp. japonica	Plants	424		0	False	4
P11836	Homo sapiens	Metazoa	297		0	True	4
Q925G1	Rattus norvegicus	Metazoa	669		0	False	4
Q9FMS5	Arabidopsis thaliana	Plants	672		0	False	4
Q5EN53	Oryza sativa subsp. indica	Plants	131		0	False	4
Q9HGN6	Schizosaccharomyces pombe (strain 972 / ATCC 24843)	Fungi	399		0	False	4
Q9LK34	Arabidopsis thaliana	Plants	483		0	False	4
O95600	Homo sapiens	Metazoa	359		0	False	4
Q10332	Schizosaccharomyces pombe (strain 972 / ATCC 24843)	Fungi	830		0	False	4
Q8N5F7	Homo sapiens	Metazoa	415		0	False	4
Q6AXT7	Rattus norvegicus	Metazoa	478		0	False	4
Q9FKS8	Arabidopsis thaliana	Plants	446		0	True	4
Q6Z6W2	Oryza sativa subsp. japonica	Plants	241		0	False	4
O96011	Homo sapiens	Metazoa	259		0	False	4
P35065	Tetrahymena thermophila (strain SB210)	Other	133		0	False	4
Q68CP9	Homo sapiens	Metazoa	1835		0	False	4
Q96247	Arabidopsis thaliana	Plants	485		0	True	4
Q00684	Saccharomyces cerevisiae (strain ATCC 204508 / S288c)	Fungi	551		0	False	4
Q16082	Homo sapiens	Metazoa	182		0	False	4
Q8N490	Homo sapiens	Metazoa	385		0	False	4
Q9NYX4	Homo sapiens	Metazoa	217		0	True	4
Q1K8C8	Neurospora crassa (strain ATCC 24698 / 74-OR23-1A / CBS 708.71 / DSM 1257 / FGSC 987)	Fungi	193		0	False	4
Q6IMB1	Mus musculus	Metazoa	242		0	False	4
P55217	Arabidopsis thaliana	Plants	563		0	False	4
Q8IYM9	Homo sapiens	Metazoa	498		0	False	4
Q8BSK8	Mus musculus	Metazoa	525		0	False	4
Q04172	Saccharomyces cerevisiae (strain ATCC 204508 / S288c)	Fungi	456		0	False	4
P54358	Drosophila melanogaster	Metazoa	1092		0	False	4
P30968	Homo sapiens	Metazoa	328		0	True	4
Q13368	Homo sapiens	Metazoa	585		0	False	4
P06102	Saccharomyces cerevisiae (strain ATCC 204508 / S288c)	Fungi	836		0	False	4
O94311	Schizosaccharomyces pombe (strain 972 / ATCC 24843)	Fungi	180		0	False	4
P34122	Dictyostelium discoideum	Other	287		0	False	4
P58334	Mus musculus	Metazoa	251		0	False	4
P48164	Saccharomyces cerevisiae (strain ATCC 204508 / S288c)	Fungi	190		0	False	4
O75324	Homo sapiens	Metazoa	88		0	True	4
Q9BZG8	Homo sapiens	Metazoa	438		0	False	4
Q9TU17	Ovis aries	Metazoa	413		0	True	4
Q9NJH0	Drosophila melanogaster	Metazoa	431		0	False	4
Q9Y5W9	Homo sapiens	Metazoa	270		0	False	4
O75344	Homo sapiens	Metazoa	327		0	False	4
Q9FGQ9	Arabidopsis thaliana	Plants	177		0	False	4
Q15650	Homo sapiens	Metazoa	581		0	False	4
Q9SW33	Arabidopsis thaliana	Plants	225		0	False	4
O80439	Arabidopsis thaliana	Plants	118		0	False	4
Q8WXG1	Homo sapiens	Metazoa	361		0	False	4
P43304	Homo sapiens	Metazoa	727		0	False	4
Q8MI17	Oryctolagus cuniculus	Metazoa	496		0	False	4
Q9UNL4	Homo sapiens	Metazoa	249		0	False	4
P12979	Mus musculus	Metazoa	224		0	False	4
Q86TU7	Homo sapiens	Metazoa	594		0	False	4
Q13642	Homo sapiens	Metazoa	323		0	False	4
Q94BR1	Arabidopsis thaliana	Plants	702		0	False	4
Q9M9E1	Arabidopsis thaliana	Plants	1423		0	False	4
P31260	Homo sapiens	Metazoa	410		0	False	4
Q9Y3R4	Homo sapiens	Metazoa	380		0	False	4
Q1XH17	Mus musculus	Metazoa	477		0	False	4
P56280	Mus musculus	Metazoa	116		0	False	4
Q9NZD8	Homo sapiens	Metazoa	308		0	False	4
Q53GS7	Homo sapiens	Metazoa	698		0	False	4
P02291	Parechinus angulosus	Metazoa	144		0	False	4
P17614	Nicotiana plumbaginifolia	Plants	560		0	False	4
Q03071	Saccharomyces cerevisiae (strain ATCC 204508 / S288c)	Fungi	99		0	False	4
F1LVW7	Rattus norvegicus	Metazoa	1172		0	False	4
P51946	Homo sapiens	Metazoa	323		0	False	4
Q9M670	Arabidopsis thaliana	Plants	366		0	False	4
Q9BQ65	Homo sapiens	Metazoa	265		0	False	4
P39996	Saccharomyces cerevisiae (strain ATCC 204508 / S288c)	Fungi	337		0	False	4
P50479	Homo sapiens	Metazoa	330		0	False	4
Q8INR6	Drosophila melanogaster	Metazoa	1848		0	False	4
Q06143	Saccharomyces cerevisiae (strain ATCC 204508 / S288c)	Fungi	298		0	True	4
Q9SR70	Arabidopsis thaliana	Plants	230		0	False	4
Q96IY1	Homo sapiens	Metazoa	281		0	False	4
P91277	Caenorhabditis elegans	Metazoa	397		0	False	4
P00024	Aquarana catesbeiana	Metazoa	105		0	False	4
Q96D96	Homo sapiens	Metazoa	273		0	False	4
P13106	Bumilleriopsis filiformis	Other	98		0	False	4
P98182	Homo sapiens	Metazoa	395		0	False	4
Q93ZG3	Arabidopsis thaliana	Plants	450		0	False	4
P87112	Schizosaccharomyces pombe (strain 972 / ATCC 24843)	Fungi	2100		0	False	4
Q9NPB9	Homo sapiens	Metazoa	350		0	True	4
Q1K8U2	Neurospora crassa (strain ATCC 24698 / 74-OR23-1A / CBS 708.71 / DSM 1257 / FGSC 987)	Fungi	84		0	False	4
Q9QYB1	Mus musculus	Metazoa	253		0	True	4
P70406	Mus musculus	Metazoa	309		0	True	4
Q9P0U4	Homo sapiens	Metazoa	656		0	False	4
Q8BFW6	Mus musculus	Metazoa	529		0	True	4
Q94JQ4	Arabidopsis thaliana	Plants	187		0	False	4
P24004	Saccharomyces cerevisiae (strain ATCC 204508 / S288c)	Fungi	1043		0	False	4
Q9FNH6	Arabidopsis thaliana	Plants	231		0	True	4
P30260	Homo sapiens	Metazoa	824		0	False	4
Q6XP49	Mus musculus	Metazoa	780		0	False	4
Q0J995	Oryza sativa subsp. japonica	Plants	424		0	False	4
Q9XF23	Arabidopsis thaliana	Plants	623		0	False	4
Q9XJ36	Arabidopsis thaliana	Plants	279		0	False	4
Q9ULD0	Homo sapiens	Metazoa	1010		0	False	4
Q13131	Homo sapiens	Metazoa	559		0	False	4
Q15388	Homo sapiens	Metazoa	145		0	True	4
P20108	Mus musculus	Metazoa	257		0	False	4
O70131	Mus musculus	Metazoa	152		0	True	4
Q09793	Schizosaccharomyces pombe (strain 972 / ATCC 24843)	Fungi	425		0	False	4
Q09902	Schizosaccharomyces pombe (strain 972 / ATCC 24843)	Fungi	85		0	False	4
Q9WUS4	Mus musculus	Metazoa	505		0	True	4
P12277	Homo sapiens	Metazoa	381		0	False	4
O14777	Homo sapiens	Metazoa	642		0	False	4
Q63801	Rattus norvegicus	Metazoa	678		0	False	4
Q9ZVZ9	Arabidopsis thaliana	Plants	199		0	False	4
Q86WP2	Homo sapiens	Metazoa	473		0	False	4
P29467	Saccharomyces cerevisiae (strain ATCC 204508 / S288c)	Fungi	408		0	False	4
Q15678	Homo sapiens	Metazoa	1187		0	False	4
Q7TQP3	Mus musculus	Metazoa	335		0	True	4
Q9ZP27	Avena sativa	Plants	578		0	False	4
P52631	Rattus norvegicus	Metazoa	770		0	False	4
O48582	Arabidopsis thaliana	Plants	723		0	False	4
P02252	Oryctolagus cuniculus	Metazoa	219		0	False	4
P11747	Saccharomyces cerevisiae (strain ATCC 204508 / S288c)	Fungi	167		0	False	4
Q8W2N5	Nicotiana tabacum	Plants	478		0	False	4
Q9H1J1	Homo sapiens	Metazoa	476		0	False	4
Q8S944	Arabidopsis thaliana	Plants	808		0	False	4
O01971	Caenorhabditis elegans	Metazoa	166		0	False	4
Q7KZI7	Homo sapiens	Metazoa	788		0	False	4
Q04952	Saccharomyces cerevisiae (strain ATCC 204508 / S288c)	Fungi	1785		0	False	4
Q08297	Mus musculus	Metazoa	339		0	False	4
B1AWL2	Mus musculus	Metazoa	2495		0	False	4
Q06623	Saccharomyces cerevisiae (strain ATCC 204508 / S288c)	Fungi	655		0	False	4
B0XTT5	Aspergillus fumigatus (strain CBS 144.89 / FGSC A1163 / CEA10)	Fungi	247		0	False	4
Q69ZR9	Mus musculus	Metazoa	1610		0	False	4
P54898	Neurospora crassa (strain ATCC 24698 / 74-OR23-1A / CBS 708.71 / DSM 1257 / FGSC 987)	Fungi	871		0	False	4
Q61234	Mus musculus	Metazoa	503		0	False	4
K9NVA6	Hematodinium sp	Other	132		0	False	4
Q06697	Saccharomyces cerevisiae (strain ATCC 204508 / S288c)	Fungi	393		0	False	4
O54829	Mus musculus	Metazoa	469		0	False	4
Q9UK73	Homo sapiens	Metazoa	627		0	False	4
Q03001	Homo sapiens	Metazoa	7570		0	False	4
P02240	Lupinus luteus	Plants	154		0	False	4
P20821	Bos taurus	Metazoa	173		0	False	4
W0SKS3	Petroselinum crispum	Plants	400		0	False	4
A3FPJ2	Caenorhabditis elegans	Metazoa	152		0	False	4
K7MTW9	Glycine max	Plants	231		0	False	4
Q91439	Squalus acanthias	Metazoa	155		0	False	4
Q8IU81	Homo sapiens	Metazoa	584		0	False	4
P62277	Homo sapiens	Metazoa	151		0	False	4
P06180	Xenopus laevis	Metazoa	590		0	False	4
Q7Z698	Homo sapiens	Metazoa	418		0	False	4
Q5QQ46	Trypanosoma brucei brucei	Other	528		0	False	4
Q16635	Homo sapiens	Metazoa	262		0	False	4
Q925H1	Mus musculus	Metazoa	1281		0	False	4
P53088	Saccharomyces cerevisiae (strain ATCC 204508 / S288c)	Fungi	359		0	False	4
Q60465	Cricetulus longicaudatus	Metazoa	590		0	False	4
O60231	Homo sapiens	Metazoa	1041		0	False	4
P35428	Mus musculus	Metazoa	282		0	False	4
Q9JJN6	Mus musculus	Metazoa	81		0	False	4
P17486	Caenorhabditis elegans	Metazoa	223		0	False	4
P42528	Dictyostelium discoideum	Other	418		0	False	4
Q59NH8	Candida albicans (strain SC5314 / ATCC MYA-2876)	Fungi	542		0	False	4
P15311	Homo sapiens	Metazoa	586		0	False	4
Q12345	Saccharomyces cerevisiae (strain ATCC 204508 / S288c)	Fungi	250		0	False	4
Q8C0D7	Mus musculus	Metazoa	249		0	False	4
Q9H9Y2	Homo sapiens	Metazoa	349		0	False	4
P12163	Spinacia oleracea	Plants	59		0	True	4
P40041	Saccharomyces cerevisiae (strain ATCC 204508 / S288c)	Fungi	505		0	False	4
Q8JZS0	Mus musculus	Metazoa	233		0	False	4
A4UVI1	Papio anubis	Metazoa	444		0	False	4
Q9VB62	Drosophila melanogaster	Metazoa	609		0	False	4
Q8T062	Drosophila melanogaster	Metazoa	1040		0	True	4
O49840	Arabidopsis thaliana	Plants	426		0	False	4
Q03375	Saccharomyces cerevisiae (strain ATCC 204508 / S288c)	Fungi	135		0	False	4
Q7DMA9	Arabidopsis thaliana	Plants	635		0	False	4
Q21733	Caenorhabditis elegans	Metazoa	546		0	False	4
P53164	Saccharomyces cerevisiae (strain ATCC 204508 / S288c)	Fungi	384		0	False	4
Q8BG87	Mus musculus	Metazoa	1803		0	False	4
Q8JZU2	Mus musculus	Metazoa	311		0	True	4
Q27268	Drosophila melanogaster	Metazoa	424		0	False	4
Q27237	Drosophila melanogaster	Metazoa	520		0	False	4
Q9JM80	Rattus norvegicus	Metazoa	424		0	True	4
Q99489	Homo sapiens	Metazoa	341		0	False	4
Q80Z30	Rattus norvegicus	Metazoa	750		0	False	4
Q6NPL9	Arabidopsis thaliana	Plants	230		0	False	4
O13769	Schizosaccharomyces pombe (strain 972 / ATCC 24843)	Fungi	638		0	False	4
Q9LZ66	Arabidopsis thaliana	Plants	642		0	False	4
Q9FMV1	Arabidopsis thaliana	Plants	252		0	False	4
P38768	Saccharomyces cerevisiae (strain ATCC 204508 / S288c)	Fungi	344		0	False	4
Q9ERH4	Mus musculus	Metazoa	427		0	False	4
K7WQ45	Solanum lycopersicum	Plants	314		0	False	4
Q6P8Z1	Mus musculus	Metazoa	170		0	False	4
P27707	Homo sapiens	Metazoa	260		0	False	4
P35056	Saccharomyces cerevisiae (strain ATCC 204508 / S288c)	Fungi	612		0	False	4
P34224	Saccharomyces cerevisiae (strain ATCC 204508 / S288c)	Fungi	193		0	False	4
P48608	Drosophila melanogaster	Metazoa	1091		0	False	4
P30518	Homo sapiens	Metazoa	371		0	True	4
Q2PJ68	Caenorhabditis elegans	Metazoa	463		0	False	4
Q5HZG4	Mus musculus	Metazoa	932		0	False	4
Q9USZ4	Schizosaccharomyces pombe (strain 972 / ATCC 24843)	Fungi	251		0	False	4
Q9Y241	Homo sapiens	Metazoa	93		0	True	4
P01098	Saccharomyces cerevisiae (strain ATCC 204508 / S288c)	Fungi	86		0	False	4
Q62191	Mus musculus	Metazoa	470		0	False	4
P36141	Saccharomyces cerevisiae (strain ATCC 204508 / S288c)	Fungi	133		0	False	4
Q9HCE5	Homo sapiens	Metazoa	456		0	False	4
O14224	Schizosaccharomyces pombe (strain 972 / ATCC 24843)	Fungi	205		0	False	4
Q03237	Gallus gallus	Metazoa	686		0	False	4
P25349	Saccharomyces cerevisiae (strain ATCC 204508 / S288c)	Fungi	247		0	False	4
Q9ESP5	Mus musculus	Metazoa	455		0	False	4
O23553	Arabidopsis thaliana	Plants	548		0	False	4
O81192	Salvia officinalis	Plants	598		0	False	4
A0A494BA31	Mus musculus	Metazoa	952		0	False	4
O64973	Arabidopsis thaliana	Plants	889		0	False	4
Q5HZJ0	Mus musculus	Metazoa	1373		0	False	4
P35187	Saccharomyces cerevisiae (strain ATCC 204508 / S288c)	Fungi	1447		0	False	4
P21619	Mus musculus	Metazoa	596		0	False	4
P22647	Oncorhynchus mykiss	Metazoa	128		0	False	4
Q9FX83	Arabidopsis thaliana	Plants	222		0	False	4
Q9WUM7	Mesocricetus auratus	Metazoa	1168		0	False	4
O15392	Homo sapiens	Metazoa	142		0	False	4
F4JCU0	Arabidopsis thaliana	Plants	1007		0	False	4
Q86YI8	Homo sapiens	Metazoa	300		0	False	4
P67833	Capra hircus	Metazoa	51		0	False	4
O75526	Homo sapiens	Metazoa	392		0	False	4
P36521	Saccharomyces cerevisiae (strain ATCC 204508 / S288c)	Fungi	249		0	False	4
Q94AY1	Arabidopsis thaliana	Plants	651		0	False	4
Q16518	Homo sapiens	Metazoa	533		0	False	4
Q9EPL8	Mus musculus	Metazoa	1038		0	False	4
Q9R0X4	Mus musculus	Metazoa	439		0	False	4
Q9Y6J0	Homo sapiens	Metazoa	2220		0	False	4
Q9UBK2	Homo sapiens	Metazoa	798		0	False	4
P34219	Saccharomyces cerevisiae (strain ATCC 204508 / S288c)	Fungi	525		0	False	4
Q9JJR2	Mus musculus	Metazoa	179		0	False	4
Q8MLZ3	Dictyostelium discoideum	Other	867		0	False	4
F7BJB9	Mus musculus	Metazoa	942		0	False	4
Q9NP94	Homo sapiens	Metazoa	309		0	True	4
Q7ZT46	Xenopus laevis	Metazoa	185		0	False	4
O49203	Arabidopsis thaliana	Plants	238		0	False	4
Q9NP77	Homo sapiens	Metazoa	194		0	False	4
P18588	Rattus norvegicus	Metazoa	652		0	False	4
P62877	Homo sapiens	Metazoa	108		0	False	4
O75400	Homo sapiens	Metazoa	957		0	False	4
Q86XR7	Homo sapiens	Metazoa	235		0	False	4
Q8C8Y5	Mus musculus	Metazoa	445		0	False	4
Q9VFJ3	Drosophila melanogaster	Metazoa	422		0	True	4
Q93ZV7	Arabidopsis thaliana	Plants	433		0	False	4
Q9BTZ2	Homo sapiens	Metazoa	278		0	False	4
Q05958	Saccharomyces cerevisiae (strain ATCC 204508 / S288c)	Fungi	814		0	False	4
Q0DEC8	Oryza sativa subsp. japonica	Plants	641		0	False	4
E3Q1H1	Trypanosoma brucei brucei	Other	147		0	False	4
Q14938	Homo sapiens	Metazoa	502		0	False	4
Q14722	Homo sapiens	Metazoa	419		0	False	4
Q06496	Rattus norvegicus	Metazoa	637		0	False	4
P39447	Mus musculus	Metazoa	1745		0	False	4
Q8VZU2	Arabidopsis thaliana	Plants	304		0	False	4
Q1K5Z0	Neurospora crassa (strain ATCC 24698 / 74-OR23-1A / CBS 708.71 / DSM 1257 / FGSC 987)	Fungi	382		0	False	4
Q800K6	Xenopus laevis	Metazoa	1513		0	False	4
Q8W4E1	Arabidopsis thaliana	Plants	551		0	False	4
Q9JIZ9	Mus musculus	Metazoa	296		0	False	4
P38806	Saccharomyces cerevisiae (strain ATCC 204508 / S288c)	Fungi	282		0	False	4
P26364	Saccharomyces cerevisiae (strain ATCC 204508 / S288c)	Fungi	225		0	False	4
P17010	Homo sapiens	Metazoa	805		0	False	4
Q9LFE2	Arabidopsis thaliana	Plants	876		0	False	4
Q9ZP40	Pisum sativum	Plants	358		0	False	4
P18608	Mus musculus	Metazoa	96		0	False	4
Q14209	Homo sapiens	Metazoa	437		0	False	4
P23743	Homo sapiens	Metazoa	735		0	False	4
Q86YN6	Homo sapiens	Metazoa	1023		0	False	4
O94436	Schizosaccharomyces pombe (strain 972 / ATCC 24843)	Fungi	241		0	False	4
P58418	Homo sapiens	Metazoa	232		0	True	4
O43663	Homo sapiens	Metazoa	620		0	False	4
O42250	Danio rerio	Metazoa	344		0	False	4
Q9CB01	Arabidopsis thaliana	Plants	202		0	False	4
P49757	Homo sapiens	Metazoa	651		0	False	4
Q8VHK0	Rattus norvegicus	Metazoa	320		0	False	4
Q9LVB9	Arabidopsis thaliana	Plants	172		0	False	4
Q7KQZ4	Drosophila melanogaster	Metazoa	787		0	False	4
Q8NFF5	Homo sapiens	Metazoa	587		0	False	4
P41812	Saccharomyces cerevisiae (strain ATCC 204508 / S288c)	Fungi	875		0	False	4
Q9C019	Homo sapiens	Metazoa	465		0	False	4
P10815	Schizosaccharomyces pombe (strain 972 / ATCC 24843)	Fungi	482		0	False	4
Q9JIY2	Mus musculus	Metazoa	491		0	False	4
P42847	Saccharomyces cerevisiae (strain ATCC 204508 / S288c)	Fungi	217		0	False	4
Q9LYD9	Arabidopsis thaliana	Plants	1096		0	False	4
Q8WUQ7	Homo sapiens	Metazoa	758		0	False	4
H9A1V3	Cannabis sativa	Plants	720		0	False	4
P82538	Arabidopsis thaliana	Plants	230		0	False	4
Q9H3H1	Homo sapiens	Metazoa	467		0	False	4
O75319	Homo sapiens	Metazoa	330		0	False	4
A7Y7W3	Gallus gallus	Metazoa	309		0	False	4
P61020	Homo sapiens	Metazoa	215		0	False	4
Q7Z2E3	Homo sapiens	Metazoa	356		0	False	4
Q9LF24	Arabidopsis thaliana	Plants	927		0	False	4
Q96G74	Homo sapiens	Metazoa	571		0	False	4
P31376	Saccharomyces cerevisiae (strain ATCC 204508 / S288c)	Fungi	625		0	False	4
Q60610	Mus musculus	Metazoa	1591		0	False	4
P23804	Mus musculus	Metazoa	489		0	False	4
O94617	Schizosaccharomyces pombe (strain 972 / ATCC 24843)	Fungi	475		0	False	4
Q9JLC3	Mus musculus	Metazoa	116		0	False	4
A0A5B9G902	Aureobasidium melanogenum	Fungi	521		0	False	4
Q9UEW3	Homo sapiens	Metazoa	520		0	True	4
Q06162	Saccharomyces cerevisiae (strain ATCC 204508 / S288c)	Fungi	153		0	False	4
P40517	Saccharomyces cerevisiae (strain ATCC 204508 / S288c)	Fungi	327		0	False	4
Q9DB10	Mus musculus	Metazoa	107		0	True	4
Q5U117	Drosophila melanogaster	Metazoa	639		0	False	4
Q9SSE7	Arabidopsis thaliana	Plants	381		0	False	4
Q9VQ89	Drosophila melanogaster	Metazoa	867		0	False	4
Q0E3V2	Oryza sativa subsp. japonica	Plants	165		0	False	4
Q05942	Saccharomyces cerevisiae (strain ATCC 204508 / S288c)	Fungi	220		0	False	4
P53305	Saccharomyces cerevisiae (strain ATCC 204508 / S288c)	Fungi	110		0	False	4
P12617	Anser anser anser	Metazoa	504		0	False	4
Q94519	Drosophila melanogaster	Metazoa	152		0	False	4
Q3UN04	Mus musculus	Metazoa	517		0	True	4
P12235	Homo sapiens	Metazoa	298		0	True	4
A1L4W5	Arabidopsis thaliana	Plants	415		0	False	4
O43451	Homo sapiens	Metazoa	2753		0	True	4
Q5SV85	Mus musculus	Metazoa	1306		0	False	4
Q9QXN0	Mus musculus	Metazoa	1986		0	False	4
Q08288	Mus musculus	Metazoa	388		0	False	4
Q9SS90	Arabidopsis thaliana	Plants	489		0	False	4
P97348	Mus musculus	Metazoa	210		0	False	4
P26361	Mus musculus	Metazoa	1476		0	True	4
Q13895	Homo sapiens	Metazoa	437		0	False	4
Q09527	Caenorhabditis elegans	Metazoa	182		0	False	4
M4IRL4	Humulus lupulus	Plants	573		0	False	4
O15770	Plasmodium falciparum (isolate 3D7)	Other	546		0	False	4
B8B0E2	Oryza sativa subsp. indica	Plants	1246		0	False	4
Q9BRR0	Homo sapiens	Metazoa	538		0	False	4
O42634	Schizosaccharomyces pombe (strain 972 / ATCC 24843)	Fungi	332		0	False	4
Q9M401	Arabidopsis thaliana	Plants	413		0	False	4
O95833	Homo sapiens	Metazoa	236		0	True	4
Q05683	Rattus norvegicus	Metazoa	585		0	False	4
Q7SIG0	Agarophyton chilense	Other	164		0	False	4
P46014	Arabidopsis thaliana	Plants	581		0	True	4
Q8TBZ3	Homo sapiens	Metazoa	569		0	False	4
Q91ZP3	Mus musculus	Metazoa	924		0	False	4
Q9FGN8	Arabidopsis thaliana	Plants	639		0	False	4
Q8K4K2	Mus musculus	Metazoa	354		0	False	4
O14170	Schizosaccharomyces pombe (strain 972 / ATCC 24843)	Fungi	703		0	False	4
Q9Y275	Homo sapiens	Metazoa	285		0	True	4
B2GV50	Rattus norvegicus	Metazoa	692		0	False	4
Q8BH70	Mus musculus	Metazoa	621		0	False	4
Q8H186	Arabidopsis thaliana	Plants	389		0	False	4
P51684	Homo sapiens	Metazoa	374		0	True	4
Q9FMW8	Arabidopsis thaliana	Plants	354		0	False	4
Q04688	Drosophila melanogaster	Metazoa	464		0	False	4
A1Z8N1	Drosophila melanogaster	Metazoa	857		0	False	4
Q03526	Mus musculus	Metazoa	625		0	False	4
P15382	Homo sapiens	Metazoa	129		0	True	4
P53738	Saccharomyces cerevisiae (strain ATCC 204508 / S288c)	Fungi	135		0	False	4
G5EG17	Caenorhabditis elegans	Metazoa	1149		0	False	4
P62745	Homo sapiens	Metazoa	196		0	False	4
Q9XF88	Arabidopsis thaliana	Plants	287		0	False	4
P48721	Rattus norvegicus	Metazoa	679		0	False	4
Q9ESF1	Mus musculus	Metazoa	1997		0	False	4
P23490	Homo sapiens	Metazoa	312		0	False	4
O88892	Mus musculus	Metazoa	62		0	False	4
Q08492	Saccharomyces cerevisiae (strain ATCC 204508 / S288c)	Fungi	214		0	False	4
P63159	Rattus norvegicus	Metazoa	215		0	False	4
O35710	Mus musculus	Metazoa	429		0	False	4
P0CT76	Schizosaccharomyces pombe (strain 972 / ATCC 24843)	Fungi	143		0	False	4
G5EGD2	Caenorhabditis elegans	Metazoa	719		0	False	4
O75575	Homo sapiens	Metazoa	148		0	False	4
Q9SL05	Arabidopsis thaliana	Plants	133		0	False	4
P93648	Zea mays	Plants	964		0	False	4
P70096	Cricetulus griseus	Metazoa	718		0	False	4
P20292	Homo sapiens	Metazoa	161		0	True	4
Q9H8M2	Homo sapiens	Metazoa	597		0	False	4
Q9BU61	Homo sapiens	Metazoa	184		0	False	4
Q75LL6	Oryza sativa subsp. japonica	Plants	567		0	False	4
Q9FMD5	Arabidopsis thaliana	Plants	447		0	False	4
Q19614	Caenorhabditis elegans	Metazoa	433		0	False	4
Q6PXP3	Homo sapiens	Metazoa	512		0	True	4
O17286	Caenorhabditis elegans	Metazoa	403		0	False	4
P43277	Mus musculus	Metazoa	221		0	False	4
Q20655	Caenorhabditis elegans	Metazoa	248		0	False	4
Q9H9P8	Homo sapiens	Metazoa	463		0	False	4
Q9XF89	Arabidopsis thaliana	Plants	280		0	False	4
Q9VS24	Drosophila melanogaster	Metazoa	994		0	False	4
P15719	Zea mays	Plants	432		0	False	4
Q8VYR7	Arabidopsis thaliana	Plants	704		0	True	4
P53081	Saccharomyces cerevisiae (strain ATCC 204508 / S288c)	Fungi	288		0	False	4
Q8GSG4	Medicago truncatula	Plants	528		0	True	4
Q8CFD0	Rattus norvegicus	Metazoa	342		0	False	4
Q922B6	Mus musculus	Metazoa	594		0	False	4
Q9M9V9	Arabidopsis thaliana	Plants	156		0	False	4
Q53I77	Xenopus laevis	Metazoa	1135		0	False	4
P21675	Homo sapiens	Metazoa	1893		0	False	4
P19357	Rattus norvegicus	Metazoa	509		0	True	4
Q9TYT3	Caenorhabditis elegans	Metazoa	316		0	False	4
O14788	Homo sapiens	Metazoa	317		0	True	4
P93834	Arabidopsis thaliana	Plants	502		0	True	4
Q8VHW8	Rattus norvegicus	Metazoa	275		0	True	4
Q12824	Homo sapiens	Metazoa	385		0	False	4
F4IAW1	Arabidopsis thaliana	Plants	326		0	False	4
O59740	Schizosaccharomyces pombe (strain 972 / ATCC 24843)	Fungi	522		0	False	4
Q38997	Arabidopsis thaliana	Plants	512		0	False	4
Q07511	Solanum tuberosum	Plants	381		0	False	4
Q8NA42	Homo sapiens	Metazoa	475		0	False	4
P34418	Caenorhabditis elegans	Metazoa	943		0	False	4
Q9SQI3	Gossypium hirsutum	Plants	413		0	False	4
P25618	Saccharomyces cerevisiae (strain ATCC 204508 / S288c)	Fungi	953		0	True	4
Q6P4S8	Mus musculus	Metazoa	2195		0	False	4
Q07950	Saccharomyces cerevisiae (strain ATCC 204508 / S288c)	Fungi	538		0	True	4
P36080	Saccharomyces cerevisiae (strain ATCC 204508 / S288c)	Fungi	434		0	False	4
Q5XKR4	Homo sapiens	Metazoa	325		0	False	4
P14713	Arabidopsis thaliana	Plants	1172		0	False	4
Q41062	Pisum sativum	Plants	1011		0	False	4
Q9XIN0	Arabidopsis thaliana	Plants	650		0	False	4
Q93VI4	Arabidopsis thaliana	Plants	227		0	False	4
Q9W352	Drosophila melanogaster	Metazoa	663		0	False	4
Q99619	Homo sapiens	Metazoa	263		0	False	4
Q584U2	Trypanosoma brucei brucei (strain 927/4 GUTat10.1)	Other	267		0	False	4
Q6W2J9	Homo sapiens	Metazoa	1755		0	False	4
Q8LDS4	Arabidopsis thaliana	Plants	319		0	False	4
Q92536	Homo sapiens	Metazoa	515		0	True	4
O43791	Homo sapiens	Metazoa	374		0	False	4
Q90ZN1	Gallus gallus	Metazoa	177		0	True	4
Q61423	Mus musculus	Metazoa	654		0	False	4
Q9Y2R9	Homo sapiens	Metazoa	242		0	False	4
Q6S7F2	Mus musculus	Metazoa	904		0	False	4
Q9EPZ7	Rattus norvegicus	Metazoa	716		0	True	4
Q9CW46	Mus musculus	Metazoa	748		0	False	4
P53153	Saccharomyces cerevisiae (strain ATCC 204508 / S288c)	Fungi	274		0	True	4
Q8W104	Arabidopsis thaliana	Plants	593		0	False	4
Q8R4L0	Mus musculus	Metazoa	259		0	False	4
Q8H1Q1	Arabidopsis thaliana	Plants	280		0	False	4
P45976	Saccharomyces cerevisiae (strain ATCC 204508 / S288c)	Fungi	327		0	False	4
P22337	Ricinus communis	Plants	396		0	False	4
Q53QV2	Homo sapiens	Metazoa	105		0	False	4
Q14BI7	Mus musculus	Metazoa	1383		0	False	4
Q12032	Saccharomyces cerevisiae (strain ATCC 204508 / S288c)	Fungi	185		0	False	4
Q9SYG2	Arabidopsis thaliana	Plants	383		0	False	4
Q9USM3	Schizosaccharomyces pombe (strain 972 / ATCC 24843)	Fungi	418		0	False	4
Q9CZP5	Mus musculus	Metazoa	418		0	True	4
R4X244	Tulipa gesneriana	Plants	374		0	False	4
O94328	Schizosaccharomyces pombe (strain 972 / ATCC 24843)	Fungi	141		0	False	4
O43464	Homo sapiens	Metazoa	458		0	False	4
Q05812	Saccharomyces cerevisiae (strain ATCC 204508 / S288c)	Fungi	728		0	False	4
Q4KMP7	Homo sapiens	Metazoa	808		0	False	4
P03880	Emericella nidulans	Fungi	488		0	False	4
Q9UQY9	Schizosaccharomyces pombe (strain 972 / ATCC 24843)	Fungi	429		0	False	4
Q99717	Homo sapiens	Metazoa	465		0	False	4
Q8IUE6	Homo sapiens	Metazoa	130		0	False	4
F4IHS2	Arabidopsis thaliana	Plants	3574		0	False	4
Q9BR39	Homo sapiens	Metazoa	696		0	False	4
P58012	Homo sapiens	Metazoa	376		0	False	4
Q2V2Q1	Saccharomyces cerevisiae (strain ATCC 204508 / S288c)	Fungi	113		0	False	4
Q42777	Glycine max	Plants	731		0	False	4
P56381	Homo sapiens	Metazoa	51		0	False	4
Q06315	Saccharomyces cerevisiae (strain ATCC 204508 / S288c)	Fungi	1026		0	False	4
P47127	Saccharomyces cerevisiae (strain ATCC 204508 / S288c)	Fungi	394		0	False	4
Q96PS8	Homo sapiens	Metazoa	301		0	True	4
P25847	Saccharomyces cerevisiae (strain ATCC 204508 / S288c)	Fungi	964		0	False	4
Q9NW75	Homo sapiens	Metazoa	528		0	False	4
P22265	Drosophila melanogaster	Metazoa	954		0	False	4
P17081	Homo sapiens	Metazoa	205		0	False	4
Q01163	Saccharomyces cerevisiae (strain ATCC 204508 / S288c)	Fungi	450		0	False	4
Q1H537	Arabidopsis thaliana	Plants	417		0	False	4
Q86UT5	Homo sapiens	Metazoa	571		0	False	4
Q9TY83	Crithidia fasciculata	Other	130		0	False	4
P01096	Bos taurus	Metazoa	109		0	False	4
O95484	Homo sapiens	Metazoa	217		0	True	4
P46644	Arabidopsis thaliana	Plants	449		0	False	4
A2A9C3	Mus musculus	Metazoa	3431		0	False	4
O14494	Homo sapiens	Metazoa	284		0	True	4
Q9UKA2	Homo sapiens	Metazoa	621		0	False	4
Q38796	Arabidopsis thaliana	Plants	953		0	False	4
Q0GRC4	Pisum sativum	Plants	228		0	False	4
Q9C8Y3	Arabidopsis thaliana	Plants	511		0	False	4
P52272	Homo sapiens	Metazoa	730		0	False	4
Q8VC69	Mus musculus	Metazoa	545		0	True	4
P61978	Homo sapiens	Metazoa	463		0	False	4
Q8VYR5	Arabidopsis thaliana	Plants	444		0	False	4
Q69TW5	Oryza sativa subsp. japonica	Plants	324		0	False	4
Q5VUG0	Homo sapiens	Metazoa	894		0	False	4
Q9NR82	Homo sapiens	Metazoa	932		0	False	4
Q8RWZ6	Arabidopsis thaliana	Plants	616		0	True	4
Q9JIH2	Mus musculus	Metazoa	466		0	False	4
P28659	Mus musculus	Metazoa	486		0	False	4
P43427	Rattus norvegicus	Metazoa	502		0	True	4
O02073	Caenorhabditis elegans	Metazoa	376		0	False	4
O62203	Caenorhabditis elegans	Metazoa	1073		0	False	4
O00192	Homo sapiens	Metazoa	962		0	False	4
Q8IYL9	Homo sapiens	Metazoa	337		0	True	4
Q9D219	Mus musculus	Metazoa	1425		0	False	4
Q9BYJ4	Homo sapiens	Metazoa	488		0	False	4
P12530	Oryctolagus cuniculus	Metazoa	663		0	False	4
P10276	Homo sapiens	Metazoa	462		0	False	4
Q02337	Bos taurus	Metazoa	344		0	False	4
Q9U2Z2	Caenorhabditis elegans	Metazoa	412		0	False	4
Q12432	Saccharomyces cerevisiae (strain ATCC 204508 / S288c)	Fungi	401		0	False	4
Q6PDU7	Rattus norvegicus	Metazoa	103		0	False	4
P0CG48	Homo sapiens	Metazoa	685		0	False	4
A0JPL0	Rattus norvegicus	Metazoa	549		0	False	4
Q6NZN1	Mus musculus	Metazoa	1644		0	False	4
P49917	Homo sapiens	Metazoa	911		0	False	4
P47058	Saccharomyces cerevisiae (strain ATCC 204508 / S288c)	Fungi	250		0	False	4
Q9GPE9	Trypanosoma brucei brucei	Other	519		0	False	4
Q9NJP9	Trypanosoma brucei brucei	Other	512		0	False	4
Q9UKA1	Homo sapiens	Metazoa	691		0	False	4
O22558	Arabidopsis thaliana	Plants	546		0	False	4
Q9LZS3	Arabidopsis thaliana	Plants	805		0	False	4
Q06109	Saccharomyces cerevisiae (strain ATCC 204508 / S288c)	Fungi	277		0	False	4
P22314	Homo sapiens	Metazoa	1058		0	False	4
Q0WL52	Arabidopsis thaliana	Plants	580		0	False	4
P36873	Homo sapiens	Metazoa	323		0	False	4
Q9W1F4	Drosophila melanogaster	Metazoa	616		0	False	4
P0CU18	Schizosaccharomyces pombe (strain 972 / ATCC 24843)	Fungi	443		0	False	4
Q02447	Homo sapiens	Metazoa	781		0	False	4
P31937	Homo sapiens	Metazoa	336		0	False	4
Q8CGN4	Mus musculus	Metazoa	1759		0	False	4
Q8N292	Homo sapiens	Metazoa	157		0	True	4
Q8NH93	Homo sapiens	Metazoa	324		0	True	4
G5EGK6	Caenorhabditis elegans	Metazoa	2407		0	False	4
Q03941	Saccharomyces cerevisiae (strain ATCC 204508 / S288c)	Fungi	241		0	False	4
P83212	Bolinus brandaris	Metazoa	58		0	False	4
Q3KNV8	Homo sapiens	Metazoa	242		0	False	4
A0A1D6LTV0	Zea mays	Plants	627		0	False	4
P15505	Gallus gallus	Metazoa	1004		0	False	4
P02836	Drosophila melanogaster	Metazoa	552		0	False	4
Q38869	Arabidopsis thaliana	Plants	501		0	False	4
Q86TL0	Homo sapiens	Metazoa	474		0	False	4
Q8BXR9	Mus musculus	Metazoa	959		0	False	4
Q8C7R7	Mus musculus	Metazoa	927		0	False	4
P47007	Saccharomyces cerevisiae (strain ATCC 204508 / S288c)	Fungi	382		0	False	4
P39966	Saccharomyces cerevisiae (strain ATCC 204508 / S288c)	Fungi	464		0	False	4
Q9XID5	Arabidopsis thaliana	Plants	657		0	False	4
P11414	Cricetulus griseus	Metazoa	1970		0	False	4
P39748	Homo sapiens	Metazoa	380		0	False	4
P04080	Homo sapiens	Metazoa	98		0	False	4
Q9BZJ0	Homo sapiens	Metazoa	848		0	False	4
Q3U1J4	Mus musculus	Metazoa	1140		0	False	4
Q6ZWQ0	Mus musculus	Metazoa	6874		0	False	4
P04045	Solanum tuberosum	Plants	966		0	False	4
Q9HCR9	Homo sapiens	Metazoa	933		0	False	4
Q12522	Saccharomyces cerevisiae (strain ATCC 204508 / S288c)	Fungi	245		0	False	4
Q8TEQ6	Homo sapiens	Metazoa	1508		0	False	4
P34470	Caenorhabditis elegans	Metazoa	288		0	False	4
O76081	Homo sapiens	Metazoa	388		0	False	4
Q07230	Mus musculus	Metazoa	614		0	False	4
Q86PC9	Drosophila melanogaster	Metazoa	460		0	False	4
P12695	Saccharomyces cerevisiae (strain ATCC 204508 / S288c)	Fungi	482		0	False	4
Q9FKA0	Arabidopsis thaliana	Plants	285		0	False	4
Q96251	Arabidopsis thaliana	Plants	238		0	False	4
O14021	Schizosaccharomyces pombe (strain 972 / ATCC 24843)	Fungi	431		0	False	4
Q12769	Homo sapiens	Metazoa	1436		0	False	4
Q9JMB1	Mus musculus	Metazoa	375		0	False	4
P32505	Saccharomyces cerevisiae (strain ATCC 204508 / S288c)	Fungi	525		0	False	4
Q9LIE5	Arabidopsis thaliana	Plants	839		0	False	4
O44514	Caenorhabditis elegans	Metazoa	474		0	False	4
O15121	Homo sapiens	Metazoa	323		0	True	4
P48455	Mus musculus	Metazoa	513		0	False	4
Q9UGI0	Homo sapiens	Metazoa	708		0	False	4
Q02931	Saccharomyces cerevisiae (strain ATCC 204508 / S288c)	Fungi	896		0	False	4
Q99418	Homo sapiens	Metazoa	400		0	False	4
Q9ZNZ7	Arabidopsis thaliana	Plants	1622		0	False	4
D2EAC2	Mus musculus	Metazoa	980		0	False	4
P52298	Homo sapiens	Metazoa	156		0	False	4
Q6CE48	Yarrowia lipolytica (strain CLIB 122 / E 150)	Fungi	312		0	False	4
Q9Y3B2	Homo sapiens	Metazoa	195		0	False	4
P57742	Arabidopsis thaliana	Plants	151		0	False	4
Q557E4	Dictyostelium discoideum	Other	162		0	False	4
Q8N3J5	Homo sapiens	Metazoa	372		0	False	4
Q16186	Homo sapiens	Metazoa	407		0	False	4
Q1XG89	Bombyx mori	Metazoa	1759		0	False	4
P38772	Saccharomyces cerevisiae (strain ATCC 204508 / S288c)	Fungi	366		0	False	4
Q9H0U9	Homo sapiens	Metazoa	437		0	False	4
P46896	Gallus gallus	Metazoa	490		0	True	4
Q9U7E0	Caenorhabditis elegans	Metazoa	1359		0	False	4
P36517	Saccharomyces cerevisiae (strain ATCC 204508 / S288c)	Fungi	319		0	False	4
Q01355	Neurospora crassa (strain ATCC 24698 / 74-OR23-1A / CBS 708.71 / DSM 1257 / FGSC 987)	Fungi	362		0	False	4
Q15722	Homo sapiens	Metazoa	352		0	True	4
H2KYS8	Caenorhabditis elegans	Metazoa	1107		0	True	4
P40532	Saccharomyces cerevisiae (strain ATCC 204508 / S288c)	Fungi	138		0	True	4
P28352	Mus musculus	Metazoa	317		0	False	4
Q9Z2F6	Mus musculus	Metazoa	448		0	False	4
Q9SU72	Arabidopsis thaliana	Plants	623		0	False	4
P36131	Saccharomyces cerevisiae (strain ATCC 204508 / S288c)	Fungi	295		0	False	4
P30872	Homo sapiens	Metazoa	391		0	True	4
O60412	Homo sapiens	Metazoa	319		0	True	4
P53919	Saccharomyces cerevisiae (strain ATCC 204508 / S288c)	Fungi	492		0	False	4
P54265	Mus musculus	Metazoa	631		0	False	4
B8XCH5	Arabidopsis thaliana	Plants	1081		0	False	4
Q05831	Mytilus trossulus	Metazoa	203		0	False	4
P24493	Spinacia oleracea	Plants	433		0	False	4
Q9SU05	Arabidopsis thaliana	Plants	382		0	False	4
Q04359	Saccharomyces cerevisiae (strain ATCC 204508 / S288c)	Fungi	397		0	False	4
Q96GC9	Homo sapiens	Metazoa	406		0	True	4
Q10574	Caenorhabditis elegans	Metazoa	142		0	False	4
Q9LFL6	Arabidopsis thaliana	Plants	336		0	False	4
Q7XAK4	Oryza sativa subsp. japonica	Plants	212		0	False	4
P27516	Dunaliella salina	Plants	172		0	False	4
P53725	Saccharomyces cerevisiae (strain ATCC 204508 / S288c)	Fungi	186		0	False	4
Q801D8	Cynoscion nebulosus	Metazoa	352		0	True	4
Q07458	Saccharomyces cerevisiae (strain ATCC 204508 / S288c)	Fungi	294		0	False	4
Q3UB74	Mus musculus	Metazoa	406		0	False	4
P40541	Saccharomyces cerevisiae (strain ATCC 204508 / S288c)	Fungi	1150		0	False	4
P12003	Gallus gallus	Metazoa	1135		0	False	4
P39706	Saccharomyces cerevisiae (strain ATCC 204508 / S288c)	Fungi	426		0	False	4
Q64430	Mus musculus	Metazoa	1491		0	False	4
Q949J1	Chlamydomonas reinhardtii	Plants	192		0	False	4
Q6PCM1	Mus musculus	Metazoa	1323		0	False	4
P54784	Saccharomyces cerevisiae (strain ATCC 204508 / S288c)	Fungi	914		0	False	4
P40457	Saccharomyces cerevisiae (strain ATCC 204508 / S288c)	Fungi	1679		0	False	4
P56134	Homo sapiens	Metazoa	94		0	True	4
Q91WZ8	Mus musculus	Metazoa	352		0	False	4
P36023	Saccharomyces cerevisiae (strain ATCC 204508 / S288c)	Fungi	863		0	False	4
O73932	Xenopus laevis	Metazoa	594		0	False	4
J3QMI4	Mus musculus	Metazoa	347		0	True	4
Q9LMT0	Arabidopsis thaliana	Plants	391		0	False	4
A9LNK9	Arabidopsis thaliana	Plants	631		0	False	4
P08621	Homo sapiens	Metazoa	437		0	False	4
P15771	Gallus gallus	Metazoa	694		0	False	4
P25615	Saccharomyces cerevisiae (strain ATCC 204508 / S288c)	Fungi	582		0	False	4
Q9HCC0	Homo sapiens	Metazoa	563		0	False	4
Q5EE01	Homo sapiens	Metazoa	88		0	False	4
P12687	Saccharomyces cerevisiae (strain ATCC 204508 / S288c)	Fungi	371		0	False	4
Q9VKD7	Drosophila melanogaster	Metazoa	253		0	True	4
Q56X52	Arabidopsis thaliana	Plants	351		0	False	4
P61224	Homo sapiens	Metazoa	184		0	False	4
Q9NZI6	Homo sapiens	Metazoa	479		0	False	4
Q9NQS7	Homo sapiens	Metazoa	918		0	False	4
D3YN49	Xenopus laevis	Metazoa	316		0	False	4
Q80ZC8	Rattus norvegicus	Metazoa	226		0	True	4
Q96TA1	Homo sapiens	Metazoa	746		0	False	4
Q9BYC2	Homo sapiens	Metazoa	517		0	False	4
F1REV3	Danio rerio	Metazoa	740		0	False	4
Q94BY9	Arabidopsis thaliana	Plants	550		0	False	4
Q9HBY8	Homo sapiens	Metazoa	367		0	False	4
Q07930	Saccharomyces cerevisiae (strain ATCC 204508 / S288c)	Fungi	204		0	False	4
O00154	Homo sapiens	Metazoa	380		0	False	4
Q9FHP6	Arabidopsis thaliana	Plants	168		0	False	4
Q64727	Mus musculus	Metazoa	1066		0	False	4
Q06340	Saccharomyces cerevisiae (strain ATCC 204508 / S288c)	Fungi	456		0	False	4
Q04430	Saccharomyces cerevisiae (strain ATCC 204508 / S288c)	Fungi	367		0	False	4
Q8VY74	Arabidopsis thaliana	Plants	333		0	False	4
Q8RX26	Arabidopsis thaliana	Plants	367		0	False	4
P48044	Bos taurus	Metazoa	370		0	True	4
P49789	Homo sapiens	Metazoa	147		0	False	4
Q9SAK5	Arabidopsis thaliana	Plants	358		0	False	4
P36077	Saccharomyces cerevisiae (strain ATCC 204508 / S288c)	Fungi	127		0	False	4
Q4WUN7	Aspergillus fumigatus (strain ATCC MYA-4609 / CBS 101355 / FGSC A1100 / Af293)	Fungi	378		0	False	4
Q2TAP0	Homo sapiens	Metazoa	167		0	False	4
Q9SVM8	Arabidopsis thaliana	Plants	158		0	False	4
Q7TQD2	Mus musculus	Metazoa	218		0	False	4
O95452	Homo sapiens	Metazoa	261		0	True	4
P38182	Saccharomyces cerevisiae (strain ATCC 204508 / S288c)	Fungi	117		0	False	4
Q9LIK0	Arabidopsis thaliana	Plants	596		0	False	4
P53170	Saccharomyces cerevisiae (strain ATCC 204508 / S288c)	Fungi	491		0	False	4
A0A0U2X0E4	Mycosarcoma maydis	Fungi	443		0	False	4
Q9M9S3	Arabidopsis thaliana	Plants	263		0	False	4
P93736	Arabidopsis thaliana	Plants	1108		0	False	4
Q8BZL1	Mus musculus	Metazoa	478		0	False	4
P47119	Saccharomyces cerevisiae (strain ATCC 204508 / S288c)	Fungi	197		0	False	4
P03882	Saccharomyces cerevisiae (strain ATCC 204508 / S288c)	Fungi	235		0	False	4
P46483	Euglena gracilis	Other	338		0	False	4
Q9UBD6	Homo sapiens	Metazoa	479		0	True	4
Q8IVG5	Homo sapiens	Metazoa	1584		0	False	4
P50749	Homo sapiens	Metazoa	326		0	False	4
Q8K299	Mus musculus	Metazoa	491		0	True	4
Q80XQ8	Mus musculus	Metazoa	194		0	True	4
P61793	Mus musculus	Metazoa	364		0	True	4
P38688	Saccharomyces cerevisiae (strain ATCC 204508 / S288c)	Fungi	640		0	False	4
Q8BKF1	Mus musculus	Metazoa	1207		0	False	4
Q9NVH0	Homo sapiens	Metazoa	621		0	True	4
P40763	Homo sapiens	Metazoa	770		0	False	4
Q9UK32	Homo sapiens	Metazoa	745		0	False	4
Q39222	Arabidopsis thaliana	Plants	216		0	False	4
A6YSL1	Zea mays	Plants	525		0	False	4
O43597	Homo sapiens	Metazoa	315		0	False	4
O60524	Homo sapiens	Metazoa	1076		0	False	4
F4HS99	Arabidopsis thaliana	Plants	1797		0	False	4
Q9Z309	Mus musculus	Metazoa	187		0	False	4
O54724	Mus musculus	Metazoa	392		0	False	4
Q1MTQ0	Schizosaccharomyces pombe (strain 972 / ATCC 24843)	Fungi	692		0	False	4
P23528	Homo sapiens	Metazoa	166		0	False	4
P53259	Saccharomyces cerevisiae (strain ATCC 204508 / S288c)	Fungi	346		0	False	4
Q9QWT9	Mus musculus	Metazoa	674		0	False	4
Q8NHM5	Homo sapiens	Metazoa	1336		0	False	4
Q62261	Mus musculus	Metazoa	2363		0	False	4
P02992	Saccharomyces cerevisiae (strain ATCC 204508 / S288c)	Fungi	437		0	False	4
Q9JKA9	Rattus norvegicus	Metazoa	863		0	False	4
Q9BLG4	Dictyostelium discoideum	Other	463		0	True	4
Q7YUD6	Plasmodium falciparum	Other	669		0	True	4
Q94230	Caenorhabditis elegans	Metazoa	226		0	False	4
X2JDY8	Drosophila melanogaster	Metazoa	1025		0	False	4
P40208	Saccharomyces cerevisiae (strain ATCC 204508 / S288c)	Fungi	455		0	False	4
Q9DBN1	Mus musculus	Metazoa	621		0	True	4
P04899	Homo sapiens	Metazoa	355		0	False	4
P41819	Saccharomyces cerevisiae (strain ATCC 204508 / S288c)	Fungi	318		0	False	4
Q94CL7	Arabidopsis thaliana	Plants	409		0	False	4
Q9NVD7	Homo sapiens	Metazoa	372		0	False	4
Q9USL4	Schizosaccharomyces pombe (strain 972 / ATCC 24843)	Fungi	549		0	False	4
Q9LF79	Arabidopsis thaliana	Plants	1074		0	False	4
Q7TMF3	Mus musculus	Metazoa	145		0	False	4
Q06287	Saccharomyces cerevisiae (strain ATCC 204508 / S288c)	Fungi	252		0	False	4
P50586	Mus musculus	Metazoa	505		0	False	4
Q8S1D9	Oryza sativa subsp. japonica	Plants	435		0	False	4
Q42876	Solanum lycopersicum	Plants	569		0	False	4
P42695	Homo sapiens	Metazoa	1498		0	False	4
P47164	Saccharomyces cerevisiae (strain ATCC 204508 / S288c)	Fungi	639		0	False	4
Q9D513	Mus musculus	Metazoa	470		0	False	4
P06244	Saccharomyces cerevisiae (strain ATCC 204508 / S288c)	Fungi	397		0	False	4
P14231	Mus musculus	Metazoa	290		0	True	4
P50116	Rattus norvegicus	Metazoa	113		0	False	4
Q12066	Saccharomyces cerevisiae (strain ATCC 204508 / S288c)	Fungi	484		0	False	4
Q96CX3	Homo sapiens	Metazoa	271		0	False	4
O22287	Arabidopsis thaliana	Plants	361		0	False	4
P51955	Homo sapiens	Metazoa	445		0	False	4
D0VWM8	Caenorhabditis elegans	Metazoa	414		0	False	4
P39522	Saccharomyces cerevisiae (strain ATCC 204508 / S288c)	Fungi	585		0	False	4
P05084	Drosophila melanogaster	Metazoa	758		0	False	4
O08759	Mus musculus	Metazoa	870		0	False	4
Q9Y5Y5	Homo sapiens	Metazoa	336		0	True	4
P36631	Schizosaccharomyces pombe (strain 972 / ATCC 24843)	Fungi	468		0	False	4
Q8GWA7	Arabidopsis thaliana	Plants	349		0	False	4
Q9UDY4	Homo sapiens	Metazoa	337		0	False	4
Q02630	Saccharomyces cerevisiae (strain ATCC 204508 / S288c)	Fungi	1113		0	False	4
P02318	Bos taurus	Metazoa	51		0	False	4
P51142	Xenopus laevis	Metazoa	736		0	False	4
Q8TEX9	Homo sapiens	Metazoa	1081		0	False	4
O22160	Arabidopsis thaliana	Plants	224		0	False	4
Q9BKU8	Caenorhabditis elegans	Metazoa	82		0	False	4
Q0D715	Oryza sativa subsp. japonica	Plants	512		0	False	4
Q8S8K8	Arabidopsis thaliana	Plants	152		0	True	4
P38880	Saccharomyces cerevisiae (strain ATCC 204508 / S288c)	Fungi	579		0	False	4
P70501	Rattus norvegicus	Metazoa	852		0	False	4
P18901	Rattus norvegicus	Metazoa	446		0	True	4
P10914	Homo sapiens	Metazoa	325		0	False	4
Q99598	Homo sapiens	Metazoa	290		0	False	4
P40798	Drosophila melanogaster	Metazoa	1106		0	False	4
O43313	Homo sapiens	Metazoa	823		0	False	4
Q8BZZ3	Mus musculus	Metazoa	918		0	False	4
O22208	Arabidopsis thaliana	Plants	721		0	False	4
Q9C6I6	Arabidopsis thaliana	Plants	363		0	False	4
Q9D742	Mus musculus	Metazoa	170		0	False	4
O35627	Mus musculus	Metazoa	358		0	False	4
P33240	Homo sapiens	Metazoa	577		0	False	4
Q8VEF1	Mus musculus	Metazoa	722		0	False	4
P47158	Saccharomyces cerevisiae (strain ATCC 204508 / S288c)	Fungi	497		0	False	4
P25454	Saccharomyces cerevisiae (strain ATCC 204508 / S288c)	Fungi	400		0	False	4
P12956	Homo sapiens	Metazoa	609		0	False	4
Q9JJY3	Mus musculus	Metazoa	655		0	False	4
Q61464	Mus musculus	Metazoa	1960		0	False	4
Q9ZW33	Arabidopsis thaliana	Plants	83		0	False	4
Q9H0C2	Homo sapiens	Metazoa	315		0	True	4
Q14676	Homo sapiens	Metazoa	2089		0	False	4
Q9MA90	Arabidopsis thaliana	Plants	322		0	True	4
Q9ES54	Rattus norvegicus	Metazoa	608		0	False	4
Q86SE9	Homo sapiens	Metazoa	256		0	False	4
Q22002	Caenorhabditis elegans	Metazoa	582		0	False	4
Q96IL0	Homo sapiens	Metazoa	206		0	False	4
Q9Y584	Homo sapiens	Metazoa	194		0	True	4
Q9Y5Q5	Homo sapiens	Metazoa	1042		0	True	4
O14948	Homo sapiens	Metazoa	347		0	False	4
P09017	Homo sapiens	Metazoa	264		0	False	4
P23508	Homo sapiens	Metazoa	829		0	False	4
Q9Z0H3	Mus musculus	Metazoa	385		0	False	4
Q6Q629	Rattus norvegicus	Metazoa	796		0	True	4
P27782	Mus musculus	Metazoa	397		0	False	4
P33032	Homo sapiens	Metazoa	325		0	True	4
Q7Z2H8	Homo sapiens	Metazoa	476		0	True	4
Q12090	Saccharomyces cerevisiae (strain ATCC 204508 / S288c)	Fungi	404		0	False	4
O76922	Drosophila melanogaster	Metazoa	866		0	False	4
Q9FNZ5	Arabidopsis thaliana	Plants	142		0	False	4
Q99K82	Mus musculus	Metazoa	555		0	False	4
Q9SI75	Arabidopsis thaliana	Plants	783		0	False	4
O15228	Homo sapiens	Metazoa	680		0	False	4
Q96JW4	Homo sapiens	Metazoa	573		0	False	4
Q5T200	Homo sapiens	Metazoa	1668		0	False	4
Q9QZI7	Rattus norvegicus	Metazoa	287		0	False	4
Q99ML0	Mus musculus	Metazoa	440		0	False	4
Q9H4I2	Homo sapiens	Metazoa	956		0	False	4
A8IXB8	Chlamydomonas reinhardtii	Plants	362		0	False	4
G5EDB2	Caenorhabditis elegans	Metazoa	887		0	False	4
Q9FV53	Arabidopsis thaliana	Plants	269		0	False	4
Q9SRH7	Arabidopsis thaliana	Plants	490		0	False	4
Q9NYF0	Homo sapiens	Metazoa	836		0	False	4
P24473	Rattus norvegicus	Metazoa	226		0	False	4
Q04868	Saccharomyces cerevisiae (strain ATCC 204508 / S288c)	Fungi	273		0	False	4
P41161	Homo sapiens	Metazoa	510		0	False	4
Q84JF5	Arabidopsis thaliana	Plants	483		0	False	4
Q04742	Mus musculus	Metazoa	257		0	False	4
P46225	Secale cereale	Plants	298		0	False	4
Q9ET38	Mus musculus	Metazoa	224		0	True	4
P42938	Saccharomyces cerevisiae (strain ATCC 204508 / S288c)	Fungi	290		0	False	4
Q3E785	Saccharomyces cerevisiae (strain ATCC 204508 / S288c)	Fungi	79		0	False	4
Q8WUF5	Homo sapiens	Metazoa	828		0	False	4
Q6VUP9	Mus musculus	Metazoa	442		0	False	4
P53063	Saccharomyces cerevisiae (strain ATCC 204508 / S288c)	Fungi	387		0	False	4
P36421	Saccharomyces cerevisiae (strain ATCC 204508 / S288c)	Fungi	394		0	False	4
P07978	Mus musculus	Metazoa	107		0	False	4
Q8LH59	Oryza sativa subsp. japonica	Plants	306		0	False	4
Q9UQR1	Homo sapiens	Metazoa	794		0	False	4
Q8W5B1	Arabidopsis thaliana	Plants	440		0	False	4
Q0JL44	Oryza sativa subsp. japonica	Plants	367		0	False	4
P22411	Sus scrofa	Metazoa	766		0	True	4
Q9CQJ8	Mus musculus	Metazoa	179		0	False	4
O13577	Saccharomyces cerevisiae (strain ATCC 204508 / S288c)	Fungi	133		0	False	4
Q6Z1Y6	Oryza sativa subsp. japonica	Plants	200		0	False	4
G5EC32	Caenorhabditis elegans	Metazoa	1005		0	False	4
Q4AE62	Homo sapiens	Metazoa	458		0	False	4
Q9UK39	Homo sapiens	Metazoa	431		0	False	4
P07143	Saccharomyces cerevisiae (strain ATCC 204508 / S288c)	Fungi	309		0	False	4
Q9UTJ8	Schizosaccharomyces pombe (strain 972 / ATCC 24843)	Fungi	1285		0	False	4
P41223	Homo sapiens	Metazoa	144		0	False	4
P25701	Arabidopsis thaliana	Plants	136		0	False	4
P26231	Mus musculus	Metazoa	906		0	False	4
Q16740	Homo sapiens	Metazoa	277		0	False	4
Q9FHI1	Arabidopsis thaliana	Plants	215		0	False	4
P42704	Homo sapiens	Metazoa	1394		0	False	4
P31390	Rattus norvegicus	Metazoa	486		0	True	4
O35235	Mus musculus	Metazoa	316		0	True	4
P51907	Rattus norvegicus	Metazoa	523		0	True	4
Q5JRX3	Homo sapiens	Metazoa	1037		0	False	4
Q8TDY2	Homo sapiens	Metazoa	1594		0	False	4
O74361	Schizosaccharomyces pombe (strain 972 / ATCC 24843)	Fungi	356		0	False	4
O75593	Homo sapiens	Metazoa	365		0	False	4
P00233	Gleichenia japonica	Plants	95		0	False	4
O08967	Mus musculus	Metazoa	399		0	False	4
Q9SF47	Arabidopsis thaliana	Plants	904		0	False	4
Q9C9E3	Arabidopsis thaliana	Plants	269		0	False	4
Q6F2E7	Xenopus tropicalis	Metazoa	482		0	False	4
Q9UT03	Schizosaccharomyces pombe (strain 972 / ATCC 24843)	Fungi	677		0	False	4
P00966	Homo sapiens	Metazoa	412		0	False	4
Q02486	Saccharomyces cerevisiae (strain ATCC 204508 / S288c)	Fungi	183		0	False	4
F1LQ70	Rattus norvegicus	Metazoa	663		0	False	4
Q6GYP7	Mus musculus	Metazoa	2035		0	False	4
P37107	Arabidopsis thaliana	Plants	564		0	False	4
P25336	Saccharomyces cerevisiae (strain ATCC 204508 / S288c)	Fungi	1018		0	False	4
Q9Y3C4	Homo sapiens	Metazoa	175		0	False	4
Q04279	Saccharomyces cerevisiae (strain ATCC 204508 / S288c)	Fungi	960		0	False	4
Q07108	Homo sapiens	Metazoa	199		0	True	4
Q8CGK3	Mus musculus	Metazoa	949		0	False	4
O88665	Mus musculus	Metazoa	651		0	False	4
P62897	Mus musculus	Metazoa	105		0	False	4
P41968	Homo sapiens	Metazoa	323		0	True	4
O61016	Crithidia fasciculata	Other	151		0	False	4
G5EDW7	Caenorhabditis elegans	Metazoa	386		0	False	4
Q96AP0	Homo sapiens	Metazoa	458		0	False	4
O81193	Salvia officinalis	Plants	590		0	False	4
Q03305	Saccharomyces cerevisiae (strain ATCC 204508 / S288c)	Fungi	412		0	False	4
G5EDJ0	Caenorhabditis elegans	Metazoa	419		0	False	4
P29384	Arabidopsis thaliana	Plants	250		0	False	4
O80875	Arabidopsis thaliana	Plants	1002		0	False	4
Q63014	Rattus norvegicus	Metazoa	687		0	False	4
Q7SHR6	Neurospora crassa (strain ATCC 24698 / 74-OR23-1A / CBS 708.71 / DSM 1257 / FGSC 987)	Fungi	344		0	False	4
P39705	Saccharomyces cerevisiae (strain ATCC 204508 / S288c)	Fungi	539		0	False	4
Q5UB07	Medicago truncatula	Plants	580		0	False	4
P20749	Homo sapiens	Metazoa	454		0	False	4
Q61221	Mus musculus	Metazoa	836		0	False	4
G5EGA9	Caenorhabditis elegans	Metazoa	345		0	False	4
Q9USZ3	Schizosaccharomyces pombe (strain 972 / ATCC 24843)	Fungi	84		0	False	4
E9Q6W4	Mus musculus	Metazoa	445		0	False	4
Q9LSI7	Arabidopsis thaliana	Plants	317		0	False	4
P52296	Rattus norvegicus	Metazoa	875		0	False	4
O35296	Mesocricetus auratus	Metazoa	373		0	False	4
P62847	Homo sapiens	Metazoa	133		0	False	4
P56408	Scenedesmus fuscus	Plants	94		0	False	4
Q9NWZ5	Homo sapiens	Metazoa	548		0	False	4
Q96RD7	Homo sapiens	Metazoa	426		0	True	4
P29381	Arabidopsis thaliana	Plants	248		0	False	4
Q08850	Rattus norvegicus	Metazoa	298		0	False	4
Q9LSE2	Arabidopsis thaliana	Plants	494		0	False	4
Q59NP1	Candida albicans (strain SC5314 / ATCC MYA-2876)	Fungi	251		0	True	4
P11873	Tetrahymena thermophila	Other	100		0	False	4
P00416	Mus musculus	Metazoa	261		0	True	4
Q84K11	Solanum lycopersicum	Plants	556		0	False	4
A6NDV4	Homo sapiens	Metazoa	472		0	False	4
P10628	Mus musculus	Metazoa	250		0	False	4
P97576	Rattus norvegicus	Metazoa	217		0	False	4
Q9NGX9	Drosophila melanogaster	Metazoa	489		0	False	4
Q9NSY1	Homo sapiens	Metazoa	1161		0	False	4
Q9BZF1	Homo sapiens	Metazoa	889		0	False	4
Q3UK10	Mus musculus	Metazoa	175		0	False	4
P59226	Arabidopsis thaliana	Plants	136		0	False	4
Q62908	Rattus norvegicus	Metazoa	193		0	False	4
Q14164	Homo sapiens	Metazoa	716		0	False	4
P42841	Saccharomyces cerevisiae (strain ATCC 204508 / S288c)	Fungi	465		0	False	4
Q96BM1	Homo sapiens	Metazoa	317		0	False	4
P16054	Mus musculus	Metazoa	737		0	False	4
Q5QF96	Bos taurus	Metazoa	384		0	True	4
P40302	Saccharomyces cerevisiae (strain ATCC 204508 / S288c)	Fungi	234		0	False	4
P87152	Schizosaccharomyces pombe (strain 972 / ATCC 24843)	Fungi	992		0	False	4
Q38859	Arabidopsis thaliana	Plants	116		0	False	4
P39015	Saccharomyces cerevisiae (strain ATCC 204508 / S288c)	Fungi	273		0	False	4
D7PC76	Tursiops truncatus	Metazoa	741		0	True	4
Q9QYR7	Mus musculus	Metazoa	432		0	False	4
O75762	Homo sapiens	Metazoa	1119		0	False	4
Q9M374	Arabidopsis thaliana	Plants	315		0	False	4
P82347	Mus musculus	Metazoa	289		0	True	4
O49562	Arabidopsis thaliana	Plants	403		0	False	4
Q54WT8	Dictyostelium discoideum	Other	294		0	True	4
Q99NF1	Mus musculus	Metazoa	532		0	False	4
Q1ZXU0	Caenorhabditis elegans	Metazoa	205		0	False	4
Q12968	Homo sapiens	Metazoa	1075		0	False	4
P21932	Rattus norvegicus	Metazoa	1144		0	True	4
O15287	Homo sapiens	Metazoa	622		0	False	4
P18146	Homo sapiens	Metazoa	543		0	False	4
Q9EQ16	Mus musculus	Metazoa	351		0	True	4
P16889	Strongylocentrotus purpuratus	Metazoa	123		0	False	4
P79937	Xenopus laevis	Metazoa	390		0	False	4
Q04609	Homo sapiens	Metazoa	750		0	True	4
Q84VX3	Arabidopsis thaliana	Plants	626		0	False	4
A0A2Z4LIS9	Homo sapiens	Metazoa	290		0	False	4
P86938	Trypanosoma brucei brucei (strain 927/4 GUTat10.1)	Other	839		0	False	4
Q96T60	Homo sapiens	Metazoa	521		0	False	4
Q39228	Arabidopsis thaliana	Plants	514		0	True	4
Q9DE46	Xenopus laevis	Metazoa	1458		0	False	4
P26045	Homo sapiens	Metazoa	913		0	False	4
Q00403	Homo sapiens	Metazoa	316		0	False	4
P28241	Saccharomyces cerevisiae (strain ATCC 204508 / S288c)	Fungi	369		0	False	4
Q1RNF8	Mus musculus	Metazoa	542		0	False	4
Q13492	Homo sapiens	Metazoa	652		0	False	4
Q9JI39	Mus musculus	Metazoa	715		0	False	4
Q9Y5S8	Homo sapiens	Metazoa	564		0	True	4
A8NN94	Bos taurus	Metazoa	96		0	False	4
P46527	Homo sapiens	Metazoa	198		0	False	4
P36775	Saccharomyces cerevisiae (strain ATCC 204508 / S288c)	Fungi	1133		0	False	4
Q16385	Homo sapiens	Metazoa	188		0	False	4
Q3ZCQ8	Homo sapiens	Metazoa	353		0	True	4
Q03430	Saccharomyces cerevisiae (strain ATCC 204508 / S288c)	Fungi	361		0	False	4
P15313	Homo sapiens	Metazoa	513		0	False	4
Q8CGW4	Mus musculus	Metazoa	782		0	False	4
Q9BRQ5	Homo sapiens	Metazoa	295		0	True	4
Q7TMI3	Mus musculus	Metazoa	803		0	False	4
P32432	Saccharomyces cerevisiae (strain ATCC 204508 / S288c)	Fungi	683		0	False	4
Q9S7W5	Arabidopsis thaliana	Plants	355		0	False	4
P55771	Homo sapiens	Metazoa	341		0	False	4
Q9W1C5	Drosophila melanogaster	Metazoa	2053		0	False	4
P51553	Homo sapiens	Metazoa	393		0	False	4
Q9NY25	Homo sapiens	Metazoa	188		0	True	4
Q06810	Saccharomyces cerevisiae (strain ATCC 204508 / S288c)	Fungi	360		0	False	4
Q8RXH2	Arabidopsis thaliana	Plants	716		0	False	4
Q13283	Homo sapiens	Metazoa	466		0	False	4
Q9UM54	Homo sapiens	Metazoa	1294		0	False	4
Q9W2E7	Drosophila melanogaster	Metazoa	346		0	False	4
O43719	Homo sapiens	Metazoa	755		0	False	4
Q84L30	Arabidopsis thaliana	Plants	378		0	False	4
P82979	Homo sapiens	Metazoa	210		0	False	4
Q9FFZ1	Arabidopsis thaliana	Plants	484		0	False	4
Q13936	Homo sapiens	Metazoa	2221		0	False	4
O15370	Homo sapiens	Metazoa	315		0	False	4
Q2QL34	Homo sapiens	Metazoa	196		0	True	4
O15446	Homo sapiens	Metazoa	510		0	False	4
Q96262	Arabidopsis thaliana	Plants	225		0	False	4
Q8N5N7	Homo sapiens	Metazoa	158		0	False	4
P47045	Saccharomyces cerevisiae (strain ATCC 204508 / S288c)	Fungi	478		0	True	4
Q96PV7	Homo sapiens	Metazoa	902		0	False	4
Q8L9X2	Arabidopsis thaliana	Plants	203		0	False	4
Q16512	Homo sapiens	Metazoa	942		0	False	4
P60033	Homo sapiens	Metazoa	236		0	True	4
P50516	Mus musculus	Metazoa	617		0	False	4
P00813	Homo sapiens	Metazoa	363		0	False	4
Q9Y2T5	Homo sapiens	Metazoa	361		0	True	4
O60165	Schizosaccharomyces pombe (strain 972 / ATCC 24843)	Fungi	428		0	False	4
Q8K2C6	Mus musculus	Metazoa	310		0	False	4
Q09143	Mus musculus	Metazoa	622		0	True	4
Q9FL12	Arabidopsis thaliana	Plants	592		0	False	4
O54699	Rattus norvegicus	Metazoa	456		0	True	4
Q6X4W1	Homo sapiens	Metazoa	530		0	False	4
Q0GGX2	Mus musculus	Metazoa	1363		0	False	4
O13881	Schizosaccharomyces pombe (strain 972 / ATCC 24843)	Fungi	537		0	False	4
Q9D5D8	Mus musculus	Metazoa	503		0	False	4
Q27934	Drosophila melanogaster	Metazoa	400		0	False	4
P99028	Mus musculus	Metazoa	89		0	False	4
Q5SSG4	Mus musculus	Metazoa	860		0	False	4
Q9CQB5	Mus musculus	Metazoa	135		0	True	4
Q585P3	Trypanosoma brucei brucei (strain 927/4 GUTat10.1)	Other	524		0	False	4
P23542	Saccharomyces cerevisiae (strain ATCC 204508 / S288c)	Fungi	418		0	False	4
Q06389	Saccharomyces cerevisiae (strain ATCC 204508 / S288c)	Fungi	190		0	False	4
Q9BY27	Homo sapiens	Metazoa	220		0	False	4
Q9FMU6	Arabidopsis thaliana	Plants	375		0	True	4
Q9UI95	Homo sapiens	Metazoa	211		0	False	4
Q10QA5	Oryza sativa subsp. japonica	Plants	318		0	False	4
P25576	Saccharomyces cerevisiae (strain ATCC 204508 / S288c)	Fungi	258		0	False	4
Q7JJ13	Mus musculus	Metazoa	798		0	False	4
O60266	Homo sapiens	Metazoa	1144		0	True	4
Q8IWZ6	Homo sapiens	Metazoa	715		0	False	4
Q9R1C7	Mus musculus	Metazoa	953		0	False	4
Q13277	Homo sapiens	Metazoa	289		0	False	4
Q62407	Mus musculus	Metazoa	3262		0	False	4
Q7SIB8	Dryopteris crassirhizoma	Plants	102		0	False	4
P11915	Rattus norvegicus	Metazoa	547		0	False	4
Q04996	Arabidopsis thaliana	Plants	723		0	False	4
P16016	Spinacia oleracea	Plants	319		0	False	4
Q948U0	Solanum tuberosum	Plants	963		0	False	4
Q8L765	Arabidopsis thaliana	Plants	407		0	False	4
Q99536	Homo sapiens	Metazoa	393		0	False	4
Q8GYN9	Arabidopsis thaliana	Plants	337		0	False	4
Q76N23	Nicotiana tabacum	Plants	136		0	False	4
Q9TY84	Crithidia fasciculata	Other	130		0	False	4
Q9Y5B9	Homo sapiens	Metazoa	1047		0	False	4
P14682	Saccharomyces cerevisiae (strain ATCC 204508 / S288c)	Fungi	295		0	False	4
Q6DBQ1	Arabidopsis thaliana	Plants	299		0	False	4
Q93246	Caenorhabditis elegans	Metazoa	310		0	False	4
B4DJY2	Homo sapiens	Metazoa	109		0	True	4
Q8TEU7	Homo sapiens	Metazoa	1601		0	False	4
Q35915	Sus scrofa	Metazoa	226		0	True	4
Q9QXZ7	Mus musculus	Metazoa	395		0	False	4
P87174	Schizosaccharomyces pombe (strain 972 / ATCC 24843)	Fungi	210		0	False	4
Q94981	Drosophila melanogaster	Metazoa	503		0	False	4
P32314	Homo sapiens	Metazoa	431		0	False	4
O70576	Mus musculus	Metazoa	1240		0	False	4
P40475	Saccharomyces cerevisiae (strain ATCC 204508 / S288c)	Fungi	563		0	True	4
Q9NX70	Homo sapiens	Metazoa	200		0	False	4
Q9LXG9	Arabidopsis thaliana	Plants	293		0	False	4
Q8VZE7	Arabidopsis thaliana	Plants	671		0	False	4
Q8N1G2	Homo sapiens	Metazoa	835		0	False	4
Q9XEE2	Arabidopsis thaliana	Plants	317		0	False	4
Q9VQ56	Drosophila melanogaster	Metazoa	611		0	False	4
Q8IWA4	Homo sapiens	Metazoa	741		0	False	4
P00068	Triticum aestivum	Plants	112		0	False	4
Q0WMY5	Arabidopsis thaliana	Plants	952		0	False	4
Q3SY69	Homo sapiens	Metazoa	923		0	False	4
Q92624	Homo sapiens	Metazoa	585		0	False	4
Q7Z4G1	Homo sapiens	Metazoa	85		0	False	4
A6NHQ2	Homo sapiens	Metazoa	334		0	False	4
O95229	Homo sapiens	Metazoa	277		0	False	4
Q62862	Rattus norvegicus	Metazoa	448		0	False	4
Q60948	Mus musculus	Metazoa	209		0	False	4
Q9LQ02	Arabidopsis thaliana	Plants	1453		0	False	4
P39547	Saccharomyces cerevisiae (strain ATCC 204508 / S288c)	Fungi	235		0	True	4
Q84P52	Solanum lycopersicum	Plants	520		0	False	4
P00076	Euglena gracilis	Other	102		0	False	4
P13382	Saccharomyces cerevisiae (strain ATCC 204508 / S288c)	Fungi	1468		0	False	4
Q6NPM8	Arabidopsis thaliana	Plants	346		0	False	4
D4A734	Rattus norvegicus	Metazoa	486		0	True	4
O00505	Homo sapiens	Metazoa	521		0	False	4
P53885	Saccharomyces cerevisiae (strain ATCC 204508 / S288c)	Fungi	366		0	False	4
Q9SIV2	Arabidopsis thaliana	Plants	891		0	False	4
P45984	Homo sapiens	Metazoa	424		0	False	4
Q92698	Homo sapiens	Metazoa	747		0	False	4
Q9XUB3	Caenorhabditis elegans	Metazoa	781		0	False	4
O60164	Schizosaccharomyces pombe (strain 972 / ATCC 24843)	Fungi	607		0	False	4
Q5D1E7	Mus musculus	Metazoa	596		0	False	4
O88621	Mus musculus	Metazoa	401		0	False	4
C4R5T1	Komagataella phaffii (strain GS115 / ATCC 20864)	Fungi	384		0	False	4
Q9V5M3	Drosophila melanogaster	Metazoa	878		0	False	4
Q6UUV7	Homo sapiens	Metazoa	619		0	False	4
Q9LFX9	Arabidopsis thaliana	Plants	576		0	True	4
Q12675	Saccharomyces cerevisiae (strain ATCC 204508 / S288c)	Fungi	1612		0	False	4
O94374	Schizosaccharomyces pombe (strain 972 / ATCC 24843)	Fungi	539		0	False	4
Q9Y5Z9	Homo sapiens	Metazoa	338		0	True	4
P00064	Allium porrum	Plants	111		0	False	4
P41226	Homo sapiens	Metazoa	1012		0	False	4
P0DPG3	Trypanosoma brucei brucei	Other	75		0	False	4
O01789	Caenorhabditis elegans	Metazoa	1262		0	False	4
Q12504	Saccharomyces cerevisiae (strain ATCC 204508 / S288c)	Fungi	494		0	False	4
Q9U1W1	Caenorhabditis elegans	Metazoa	486		0	False	4
Q93VM9	Arabidopsis thaliana	Plants	599		0	False	4
Q9QZB1	Mus musculus	Metazoa	239		0	False	4
Q9SYK4	Arabidopsis thaliana	Plants	1136		0	False	4
Q9BW66	Homo sapiens	Metazoa	212		0	False	4
P97564	Rattus norvegicus	Metazoa	828		0	False	4
P23526	Homo sapiens	Metazoa	432		0	False	4
P51575	Homo sapiens	Metazoa	399		0	True	4
Q8GX78	Arabidopsis thaliana	Plants	541		0	False	4
O15374	Homo sapiens	Metazoa	487		0	True	4
Q9Y6W3	Homo sapiens	Metazoa	813		0	False	4
Q13887	Homo sapiens	Metazoa	457		0	False	4
P47006	Saccharomyces cerevisiae (strain ATCC 204508 / S288c)	Fungi	233		0	False	4
A0A096MJY4	Rattus norvegicus	Metazoa	473		0	False	4
Q5WRN1	Caenorhabditis elegans	Metazoa	301		0	True	4
Q9ES52	Mus musculus	Metazoa	1191		0	False	4
Q9JKA7	Rattus norvegicus	Metazoa	1198		0	False	4
P04201	Homo sapiens	Metazoa	325		0	True	4
Q8N1N2	Homo sapiens	Metazoa	210		0	False	4
A2AG06	Mus musculus	Metazoa	965		0	False	4
P32944	Saccharomyces cerevisiae (strain ATCC 204508 / S288c)	Fungi	819		0	False	4
Q9SIH4	Arabidopsis thaliana	Plants	206		0	True	4
P67881	Gallus gallus	Metazoa	105		0	False	4
Q12802	Homo sapiens	Metazoa	2813		0	False	4
Q9GZV8	Homo sapiens	Metazoa	571		0	False	4
P34087	Saccharomyces cerevisiae (strain ATCC 204508 / S288c)	Fungi	171		0	False	4
Q99755	Homo sapiens	Metazoa	562		0	False	4
P54860	Saccharomyces cerevisiae (strain ATCC 204508 / S288c)	Fungi	961		0	False	4
P53692	Schizosaccharomyces pombe (strain 972 / ATCC 24843)	Fungi	1140		0	False	4
Q682I1	Arabidopsis thaliana	Plants	160		0	False	4
Q9EPK5	Mus musculus	Metazoa	395		0	False	4
O35921	Rattus norvegicus	Metazoa	561		0	True	4
Q09130	Schizosaccharomyces pombe (strain 972 / ATCC 24843)	Fungi	446		0	False	4
Q9LTK0	Arabidopsis thaliana	Plants	191		0	False	4
P24279	Saccharomyces cerevisiae (strain ATCC 204508 / S288c)	Fungi	971		0	False	4
P22789	Rattus norvegicus	Metazoa	284		0	False	4
Q99623	Homo sapiens	Metazoa	299		0	False	4
P06511	Spinacia oleracea	Plants	750		0	True	4
Q3SZ86	Bos taurus	Metazoa	205		0	False	4
P36104	Saccharomyces cerevisiae (strain ATCC 204508 / S288c)	Fungi	329		0	False	4
A8MQL1	Arabidopsis thaliana	Plants	1082		0	False	4
Q00288	Mus musculus	Metazoa	457		0	False	4
Q86V97	Homo sapiens	Metazoa	674		0	False	4
Q14005	Homo sapiens	Metazoa	1332		0	False	4
P30605	Saccharomyces cerevisiae (strain ATCC 204508 / S288c)	Fungi	584		0	True	4
Q8WZK3	Schizosaccharomyces pombe (strain 972 / ATCC 24843)	Fungi	138		0	False	4
Q14694	Homo sapiens	Metazoa	798		0	False	4
O23210	Arabidopsis thaliana	Plants	486		0	False	4
P14373	Homo sapiens	Metazoa	513		0	False	4
P27064	Cucumis sativus	Plants	475		0	False	4
Q5VZV1	Homo sapiens	Metazoa	264		0	False	4
P68164	Datura metel	Plants	97		0	False	4
Q580X6	Trypanosoma brucei brucei (strain 927/4 GUTat10.1)	Other	928		0	False	4
Q9Y473	Homo sapiens	Metazoa	711		0	False	4
P14291	Saccharomyces cerevisiae (strain ATCC 204508 / S288c)	Fungi	827		0	False	4
P40069	Saccharomyces cerevisiae (strain ATCC 204508 / S288c)	Fungi	1113		0	False	4
P08151	Homo sapiens	Metazoa	1106		0	False	4
Q9SJ50	Arabidopsis thaliana	Plants	333		0	False	4
P14868	Homo sapiens	Metazoa	501		0	False	4
Q9ET77	Mus musculus	Metazoa	744		0	False	4
P0DO12	Arabidopsis thaliana	Plants	126		0	False	4
Q6S5L9	Mus musculus	Metazoa	626		0	False	4
G5EDP2	Caenorhabditis elegans	Metazoa	412		0	False	4
Q96QF0	Homo sapiens	Metazoa	476		0	False	4
D3ZI76	Rattus norvegicus	Metazoa	801		0	False	4
O94410	Schizosaccharomyces pombe (strain 972 / ATCC 24843)	Fungi	186		0	False	4
O65258	Arabidopsis thaliana	Plants	542		0	False	4
Q16695	Homo sapiens	Metazoa	136		0	False	4
O88944	Rattus norvegicus	Metazoa	873		0	False	4
Q60825	Mus musculus	Metazoa	637		0	False	4
P09012	Homo sapiens	Metazoa	282		0	False	4
P52654	Drosophila melanogaster	Metazoa	366		0	False	4
Q00566	Rattus norvegicus	Metazoa	492		0	False	4
P47015	Saccharomyces cerevisiae (strain ATCC 204508 / S288c)	Fungi	356		0	False	4
C0HLF1	Dictyostelium discoideum	Other	154		0	False	4
P34226	Saccharomyces cerevisiae (strain ATCC 204508 / S288c)	Fungi	696		0	False	4
Q96CX2	Homo sapiens	Metazoa	325		0	False	4
Q8N983	Homo sapiens	Metazoa	215		0	False	4
Q7TSY2	Rattus norvegicus	Metazoa	247		0	True	4
P22414	Candida tropicalis	Fungi	906		0	False	4
P40530	Saccharomyces cerevisiae (strain ATCC 204508 / S288c)	Fungi	394		0	False	4
O08707	Mus musculus	Metazoa	378		0	True	4
Q86US8	Homo sapiens	Metazoa	1419		0	False	4
P79171	Felis catus	Metazoa	967		0	True	4
Q00577	Homo sapiens	Metazoa	322		0	False	4
B7FAL5	Oryza sativa subsp. japonica	Plants	204		0	False	4
P40850	Saccharomyces cerevisiae (strain ATCC 204508 / S288c)	Fungi	830		0	False	4
Q9SWG0	Arabidopsis thaliana	Plants	409		0	False	4
P56524	Homo sapiens	Metazoa	1084		0	False	4
Q19848	Caenorhabditis elegans	Metazoa	610		0	False	4
Q90941	Gallus gallus	Metazoa	1633		0	False	4
Q9H6Z4	Homo sapiens	Metazoa	567		0	False	4
Q96S55	Homo sapiens	Metazoa	665		0	False	4
Q01802	Saccharomyces cerevisiae (strain ATCC 204508 / S288c)	Fungi	451		0	False	4
Q9BG98	Oryctolagus cuniculus	Metazoa	1179		0	True	4
Q8IZK6	Homo sapiens	Metazoa	566		0	True	4
Q92753	Homo sapiens	Metazoa	470		0	False	4
O13928	Schizosaccharomyces pombe (strain 972 / ATCC 24843)	Fungi	205		0	False	4
B9F1C0	Oryza sativa subsp. japonica	Plants	1709		0	False	4
Q8LPS1	Arabidopsis thaliana	Plants	701		0	False	4
P0DO02	Oryza sativa subsp. japonica	Plants	447		0	False	4
V9M2S5	Vitis rotundifolia	Plants	1398		0	False	4
Q03829	Saccharomyces cerevisiae (strain ATCC 204508 / S288c)	Fungi	368		0	True	4
O14746	Homo sapiens	Metazoa	1132		0	False	4
Q9UL17	Homo sapiens	Metazoa	535		0	False	4
Q9NRY2	Homo sapiens	Metazoa	104		0	False	4
Q9UFN0	Homo sapiens	Metazoa	247		0	False	4
Q8LF89	Arabidopsis thaliana	Plants	140		0	False	4
Q7SCX7	Neurospora crassa (strain ATCC 24698 / 74-OR23-1A / CBS 708.71 / DSM 1257 / FGSC 987)	Fungi	383		0	False	4
Q8WXF1	Homo sapiens	Metazoa	523		0	False	4
P50101	Saccharomyces cerevisiae (strain ATCC 204508 / S288c)	Fungi	1230		0	False	4
Q9H300	Homo sapiens	Metazoa	379		0	False	4
O24454	Arabidopsis thaliana	Plants	371		0	False	4
Q9UT53	Schizosaccharomyces pombe (strain 972 / ATCC 24843)	Fungi	368		0	False	4
Q95XQ1	Caenorhabditis elegans	Metazoa	578		0	False	4
P41833	Saccharomyces cerevisiae (strain ATCC 204508 / S288c)	Fungi	600		0	False	4
Q8N9M5	Homo sapiens	Metazoa	508		0	False	4
I0IUP3	Gallus gallus	Metazoa	830		0	False	4
Q8TDV2	Homo sapiens	Metazoa	347		0	True	4
Q21832	Caenorhabditis elegans	Metazoa	142		0	False	4
Q04226	Saccharomyces cerevisiae (strain ATCC 204508 / S288c)	Fungi	346		0	False	4
Q9USU3	Schizosaccharomyces pombe (strain 972 / ATCC 24843)	Fungi	878		0	False	4
Q9USG8	Schizosaccharomyces pombe (strain 972 / ATCC 24843)	Fungi	1188		0	False	4
P53718	Saccharomyces cerevisiae (strain ATCC 204508 / S288c)	Fungi	249		0	False	4
Q10295	Schizosaccharomyces pombe (strain 972 / ATCC 24843)	Fungi	566		0	False	4
Q9HB14	Homo sapiens	Metazoa	408		0	True	4
P01584	Homo sapiens	Metazoa	269		0	False	4
P21976	Neurospora crassa (strain ATCC 24698 / 74-OR23-1A / CBS 708.71 / DSM 1257 / FGSC 987)	Fungi	183		0	False	4
P42669	Mus musculus	Metazoa	321		0	False	4
Q66L44	Mus musculus	Metazoa	698		0	True	4
Q9FFD8	Arabidopsis thaliana	Plants	104		0	False	4
Q19S50	Sus scrofa	Metazoa	770		0	False	4
Q9Y3Z3	Homo sapiens	Metazoa	626		0	False	4
P83524	Alkekengi officinarum var. franchetii	Plants	97		0	False	4
Q9H8K7	Homo sapiens	Metazoa	445		0	False	4
P00918	Homo sapiens	Metazoa	260		0	False	4
Q9M9L6	Arabidopsis thaliana	Plants	211		0	False	4
P22418	Spinacia oleracea	Plants	415		0	False	4
P49902	Homo sapiens	Metazoa	561		0	False	4
Q9Y3P9	Homo sapiens	Metazoa	1069		0	False	4
Q9C0E2	Homo sapiens	Metazoa	1151		0	False	4
Q15306	Homo sapiens	Metazoa	451		0	False	4
Q7SCZ3	Neurospora crassa (strain ATCC 24698 / 74-OR23-1A / CBS 708.71 / DSM 1257 / FGSC 987)	Fungi	218		0	False	4
P22953	Arabidopsis thaliana	Plants	651		0	False	4
P35550	Mus musculus	Metazoa	327		0	False	4
Q39659	Cucumis sativus	Plants	725		0	False	4
Q96T21	Homo sapiens	Metazoa	854		0	False	4
Q02608	Saccharomyces cerevisiae (strain ATCC 204508 / S288c)	Fungi	121		0	False	4
Q9LD83	Arabidopsis thaliana	Plants	556		0	False	4
P51808	Homo sapiens	Metazoa	116		0	False	4
Q9SEU4	Arabidopsis thaliana	Plants	287		0	False	4
P18581	Mus musculus	Metazoa	657		0	True	4
O15213	Homo sapiens	Metazoa	610		0	False	4
Q9UHB9	Homo sapiens	Metazoa	627		0	False	4
P05204	Homo sapiens	Metazoa	90		0	False	4
F4K410	Arabidopsis thaliana	Plants	675		0	False	4
P49720	Homo sapiens	Metazoa	205		0	False	4
B2FDA8	Caenorhabditis elegans	Metazoa	1261		0	False	4
P38199	Saccharomyces cerevisiae (strain ATCC 204508 / S288c)	Fungi	381		0	False	4
Q9BRA0	Homo sapiens	Metazoa	125		0	False	4
Q0P5L8	Bos taurus	Metazoa	419		0	False	4
O74515	Schizosaccharomyces pombe (strain 972 / ATCC 24843)	Fungi	262		0	False	4
Q80Y84	Mus musculus	Metazoa	1544		0	False	4
Q99L02	Mus musculus	Metazoa	253		0	False	4
P36523	Saccharomyces cerevisiae (strain ATCC 204508 / S288c)	Fungi	253		0	False	4
Q9SUA6	Arabidopsis thaliana	Plants	214		0	False	4
Q13286	Homo sapiens	Metazoa	438		0	True	4
Q91WV7	Mus musculus	Metazoa	685		0	True	4
Q8I266	Plasmodium falciparum (isolate 3D7)	Other	1470		0	True	4
Q8BG36	Mus musculus	Metazoa	561		0	False	4
O00841	Dictyostelium discoideum	Other	802		0	False	4
P30902	Saccharomyces cerevisiae (strain ATCC 204508 / S288c)	Fungi	174		0	False	4
Q925J9	Mus musculus	Metazoa	1575		0	False	4
Q9SZH4	Arabidopsis thaliana	Plants	495		0	False	4
Q15349	Homo sapiens	Metazoa	733		0	False	4
Q15319	Homo sapiens	Metazoa	338		0	False	4
O23247	Arabidopsis thaliana	Plants	642		0	False	4
Q9V3J4	Drosophila melanogaster	Metazoa	356		0	False	4
P31321	Homo sapiens	Metazoa	381		0	False	4
P47149	Saccharomyces cerevisiae (strain ATCC 204508 / S288c)	Fungi	201		0	False	4
Q7KU24	Drosophila melanogaster	Metazoa	1883		0	False	4
Q8IVL1	Homo sapiens	Metazoa	2488		0	False	4
P78963	Schizosaccharomyces pombe (strain 972 / ATCC 24843)	Fungi	625		0	False	4
Q07020	Homo sapiens	Metazoa	188		0	False	4
Q969T4	Homo sapiens	Metazoa	207		0	False	4
Q6NXT2	Homo sapiens	Metazoa	135		0	False	4
P05504	Rattus norvegicus	Metazoa	226		0	True	4
Q0VD83	Homo sapiens	Metazoa	1097		0	False	4
Q5SZA1	Mus musculus	Metazoa	478		0	False	4
Q9LTR2	Arabidopsis thaliana	Plants	381		0	False	4
Q08274	Mus musculus	Metazoa	665		0	False	4
P15056	Homo sapiens	Metazoa	766		0	False	4
Q9DBU5	Mus musculus	Metazoa	667		0	False	4
P52960	Saccharomyces cerevisiae (strain ATCC 204508 / S288c)	Fungi	996		0	False	4
Q9SYM2	Arabidopsis thaliana	Plants	299		0	False	4
Q9Y263	Homo sapiens	Metazoa	795		0	False	4
Q9H9T3	Homo sapiens	Metazoa	547		0	False	4
Q3E747	Saccharomyces cerevisiae (strain ATCC 204508 / S288c)	Fungi	85		0	False	4
Q5N712	Oryza sativa subsp. japonica	Plants	1286		0	False	4
Q9Y2D8	Homo sapiens	Metazoa	614		0	False	4
P15533	Mus musculus	Metazoa	496		0	False	4
P21665	Varanus varius	Metazoa	105		0	False	4
Q7YRU6	Oryctolagus cuniculus	Metazoa	1106		0	False	4
Q80VL3	Mus musculus	Metazoa	624		0	False	4
P47821	Saccharomyces cerevisiae (strain ATCC 204508 / S288c)	Fungi	323		0	False	4
Q8SAB7	Arabidopsis thaliana	Plants	1830		0	False	4
O42855	Schizosaccharomyces pombe (strain 972 / ATCC 24843)	Fungi	303		0	False	4
P47035	Saccharomyces cerevisiae (strain ATCC 204508 / S288c)	Fungi	1189		0	False	4
P07195	Homo sapiens	Metazoa	334		0	False	4
O80988	Arabidopsis thaliana	Plants	1044		0	False	4
P10119	Oryctolagus cuniculus	Metazoa	50		0	False	4
Q32KD2	Drosophila melanogaster	Metazoa	1262		0	False	4
B0V1P1	Danio rerio	Metazoa	326		0	True	4
O60783	Homo sapiens	Metazoa	128		0	False	4
Q7RTV3	Homo sapiens	Metazoa	350		0	False	4
O82261	Arabidopsis thaliana	Plants	607		0	False	4
Q9SYW8	Arabidopsis thaliana	Plants	257		0	False	4
Q8VC49	Mus musculus	Metazoa	283		0	False	4
P22734	Rattus norvegicus	Metazoa	264		0	True	4
P16522	Saccharomyces cerevisiae (strain ATCC 204508 / S288c)	Fungi	626		0	False	4
Q5F4K8	Pinus pinaster	Plants	492		0	False	4
P33418	Saccharomyces cerevisiae (strain ATCC 204508 / S288c)	Fungi	1100		0	False	4
Q5NCM1	Mus musculus	Metazoa	492		0	False	4
Q9VCC0	Drosophila melanogaster	Metazoa	354		0	False	4
O43812	Homo sapiens	Metazoa	170		0	False	4
Q52KE7	Mus musculus	Metazoa	532		0	False	4
Q9H8H2	Homo sapiens	Metazoa	851		0	False	4
P40416	Saccharomyces cerevisiae (strain ATCC 204508 / S288c)	Fungi	690		0	False	4
P43558	Saccharomyces cerevisiae (strain ATCC 204508 / S288c)	Fungi	301		0	False	4
Q9Z0W5	Rattus norvegicus	Metazoa	441		0	False	4
P32354	Saccharomyces cerevisiae (strain ATCC 204508 / S288c)	Fungi	571		0	False	4
Q9LU10	Arabidopsis thaliana	Plants	448		0	False	4
Q8I1X7	Plasmodium falciparum (isolate 3D7)	Other	579		0	False	4
Q7X8R0	Oryza sativa subsp. japonica	Plants	464		0	False	4
P32626	Saccharomyces cerevisiae (strain ATCC 204508 / S288c)	Fungi	227		0	False	4
Q9CQ69	Mus musculus	Metazoa	82		0	True	4
P00072	Fagopyrum esculentum	Plants	111		0	False	4
F1QG30	Danio rerio	Metazoa	545		0	True	4
P00517	Bos taurus	Metazoa	351		0	False	4
Q86BY9	Drosophila melanogaster	Metazoa	1235		0	False	4
O75478	Homo sapiens	Metazoa	443		0	False	4
Q9BUA3	Homo sapiens	Metazoa	381		0	False	4
Q921C3	Mus musculus	Metazoa	2304		0	False	4
Q9UKY1	Homo sapiens	Metazoa	873		0	False	4
O13829	Schizosaccharomyces pombe (strain 972 / ATCC 24843)	Fungi	261		0	False	4
P97450	Mus musculus	Metazoa	108		0	False	4
Q96AP4	Homo sapiens	Metazoa	578		0	False	4
Q9LY99	Arabidopsis thaliana	Plants	249		0	True	4
O82734	Arabidopsis thaliana	Plants	324		0	False	4
Q09858	Schizosaccharomyces pombe (strain 972 / ATCC 24843)	Fungi	205		0	False	4
Q05648	Saccharomyces cerevisiae (strain ATCC 204508 / S288c)	Fungi	414		0	False	4
Q8C624	Mus musculus	Metazoa	132		0	False	4
Q22100	Caenorhabditis elegans	Metazoa	407		0	False	4
Q8JZU0	Mus musculus	Metazoa	352		0	False	4
Q15637	Homo sapiens	Metazoa	639		0	False	4
P46970	Saccharomyces cerevisiae (strain ATCC 204508 / S288c)	Fungi	1048		0	False	4
Q9DAQ9	Mus musculus	Metazoa	154		0	False	4
P38705	Saccharomyces cerevisiae (strain ATCC 204508 / S288c)	Fungi	446		0	False	4
Q6A037	Mus musculus	Metazoa	893		0	False	4
Q9M001	Arabidopsis thaliana	Plants	399		0	False	4
Q92207	Candida albicans (strain SC5314 / ATCC MYA-2876)	Fungi	377		0	False	4
A1Z9J4	Drosophila melanogaster	Metazoa	217		0	False	4
Q9Y5J3	Homo sapiens	Metazoa	304		0	False	4
O74833	Schizosaccharomyces pombe (strain 972 / ATCC 24843)	Fungi	913		0	False	4
P36121	Saccharomyces cerevisiae (strain ATCC 204508 / S288c)	Fungi	282		0	False	4
Q9QZS8	Mus musculus	Metazoa	854		0	False	4
P02264	Oncorhynchus mykiss	Metazoa	128		0	False	4
Q949Q5	Arabidopsis thaliana	Plants	140		0	True	4
Q60636	Mus musculus	Metazoa	856		0	False	4
P32335	Saccharomyces cerevisiae (strain ATCC 204508 / S288c)	Fungi	436		0	False	4
B8ARK7	Oryza sativa subsp. indica	Plants	483		0	False	4
Q9M548	Arabidopsis thaliana	Plants	626		0	False	4
P28776	Mus musculus	Metazoa	407		0	False	4
P00300	Scenedesmus fuscus	Plants	98		0	False	4
Q9CZW6	Mus musculus	Metazoa	359		0	False	4
Q63707	Rattus norvegicus	Metazoa	395		0	True	4
Q9Y0B7	Dictyostelium discoideum	Other	305		0	False	4
Q6DE87	Xenopus laevis	Metazoa	474		0	False	4
Q9ES73	Rattus norvegicus	Metazoa	775		0	False	4
P24783	Saccharomyces cerevisiae (strain ATCC 204508 / S288c)	Fungi	546		0	False	4
Q06163	Saccharomyces cerevisiae (strain ATCC 204508 / S288c)	Fungi	884		0	False	4
P40090	Saccharomyces cerevisiae (strain ATCC 204508 / S288c)	Fungi	624		0	False	4
Q6NT76	Homo sapiens	Metazoa	420		0	False	4
Q9NVI1	Homo sapiens	Metazoa	1328		0	False	4
O14044	Schizosaccharomyces pombe (strain 972 / ATCC 24843)	Fungi	241		0	False	4
P42680	Homo sapiens	Metazoa	631		0	False	4
Q9LVG4	Arabidopsis thaliana	Plants	495		0	False	4
P13574	Saccharomyces cerevisiae (strain ATCC 204508 / S288c)	Fungi	688		0	False	4
Q6T938	Danio rerio	Metazoa	355		0	False	4
Q9NPG3	Homo sapiens	Metazoa	1134		0	False	4
Q9XVS4	Caenorhabditis elegans	Metazoa	971		0	False	4
Q9Y530	Homo sapiens	Metazoa	152		0	False	4
P02256	Parechinus angulosus	Metazoa	248		0	False	4
Q1W6H9	Homo sapiens	Metazoa	321		0	False	4
O60094	Schizosaccharomyces pombe (strain 972 / ATCC 24843)	Fungi	959		0	False	4
Q05635	Saccharomyces cerevisiae (strain ATCC 204508 / S288c)	Fungi	350		0	False	4
Q96G91	Homo sapiens	Metazoa	374		0	True	4
Q7RYL4	Neurospora crassa (strain ATCC 24698 / 74-OR23-1A / CBS 708.71 / DSM 1257 / FGSC 987)	Fungi	268		0	False	4
C4M1E4	Entamoeba histolytica (strain ATCC 30459 / HM-1:IMSS / ABRM)	Other	1153		0	False	4
P14284	Saccharomyces cerevisiae (strain ATCC 204508 / S288c)	Fungi	1504		0	False	4
O64759	Arabidopsis thaliana	Plants	569		0	True	4
P06239	Homo sapiens	Metazoa	509		0	False	4
P82715	Arabidopsis thaliana	Plants	297		0	False	4
O04294	Arabidopsis thaliana	Plants	531		0	False	4
P04117	Mus musculus	Metazoa	132		0	False	4
Q16774	Homo sapiens	Metazoa	197		0	False	4
P10790	Bos taurus	Metazoa	133		0	False	4
Q80XF7	Rattus norvegicus	Metazoa	440		0	True	4
Q96DY5	Mus musculus	Metazoa	654		0	False	4
Q8IMZ9	Drosophila melanogaster	Metazoa	853		0	False	4
Q9P3B2	Schizosaccharomyces pombe (strain 972 / ATCC 24843)	Fungi	242		0	True	4
Q9Y825	Schizosaccharomyces pombe (strain 972 / ATCC 24843)	Fungi	408		0	False	4
Q9Y091	Drosophila melanogaster	Metazoa	536		0	False	4
P0DW10	Neurospora crassa	Fungi	244		0	False	4
P38937	Schizosaccharomyces pombe (strain 972 / ATCC 24843)	Fungi	262		0	False	4
P38915	Saccharomyces cerevisiae (strain ATCC 204508 / S288c)	Fungi	602		0	False	4
Q6RX08	Oryctolagus cuniculus	Metazoa	842		0	False	4
Q9UHP7	Homo sapiens	Metazoa	191		0	True	4
P48547	Homo sapiens	Metazoa	511		0	False	4
Q63623	Rattus norvegicus	Metazoa	1268		0	False	4
Q8H0U8	Arabidopsis thaliana	Plants	1166		0	False	4
Q02771	Saccharomyces cerevisiae (strain ATCC 204508 / S288c)	Fungi	107		0	False	4
Q62826	Rattus norvegicus	Metazoa	690		0	False	4
P34802	Arabidopsis thaliana	Plants	371		0	False	4
P52952	Homo sapiens	Metazoa	324		0	False	4
P0CG13	Homo sapiens	Metazoa	121		0	False	4
P40099	Saccharomyces cerevisiae (strain ATCC 204508 / S288c)	Fungi	211		0	False	4
Q9NZM1	Homo sapiens	Metazoa	2061		0	False	4
Q9NV31	Homo sapiens	Metazoa	184		0	False	4
Q9FLI7	Arabidopsis thaliana	Plants	108		0	False	4
B3H615	Arabidopsis thaliana	Plants	262		0	False	4
Q93008	Homo sapiens	Metazoa	2554		0	False	4
Q8AWF4	Xenopus laevis	Metazoa	462		0	False	4
Q04748	Saccharomyces cerevisiae (strain ATCC 204508 / S288c)	Fungi	898		0	False	4
P10175	Bos taurus	Metazoa	70		0	True	4
Q8R500	Rattus norvegicus	Metazoa	757		0	False	4
A4FUC0	Bos taurus	Metazoa	423		0	False	4
Q9H2Y9	Homo sapiens	Metazoa	848		0	False	4
Q9C0N3	Neurospora crassa (strain ATCC 24698 / 74-OR23-1A / CBS 708.71 / DSM 1257 / FGSC 987)	Fungi	90		0	False	4
Q9H5P4	Homo sapiens	Metazoa	1033		0	False	4
O88904	Mus musculus	Metazoa	1210		0	False	4
P48432	Mus musculus	Metazoa	319		0	False	4
Q03555	Rattus norvegicus	Metazoa	768		0	False	4
Q14137	Homo sapiens	Metazoa	746		0	False	4
O88561	Mus musculus	Metazoa	667		0	True	4
Q23973	Drosophila melanogaster	Metazoa	217		0	False	4
Q2HJF1	Bos taurus	Metazoa	112		0	False	4
P06536	Rattus norvegicus	Metazoa	795		0	False	4
P02292	Parechinus angulosus	Metazoa	149		0	False	4
P28359	Mus musculus	Metazoa	340		0	False	4
P40283	Arabidopsis thaliana	Plants	150		0	False	4
P32489	Saccharomyces cerevisiae (strain ATCC 204508 / S288c)	Fungi	222		0	False	4
P07527	Schizosaccharomyces pombe (strain 972 / ATCC 24843)	Fungi	877		0	False	4
I6PL68	Oryza sativa subsp. japonica	Plants	303		0	False	4
P52488	Saccharomyces cerevisiae (strain ATCC 204508 / S288c)	Fungi	636		0	False	4
Q9NTK5	Homo sapiens	Metazoa	396		0	False	4
Q9FRV4	Arabidopsis thaliana	Plants	310		0	False	4
P93024	Arabidopsis thaliana	Plants	902		0	False	4
P32771	Saccharomyces cerevisiae (strain ATCC 204508 / S288c)	Fungi	386		0	False	4
Q6AYR9	Rattus norvegicus	Metazoa	241		0	True	4
P49815	Homo sapiens	Metazoa	1807		0	False	4
Q20748	Caenorhabditis elegans	Metazoa	595		0	False	4
O22920	Arabidopsis thaliana	Plants	831		0	True	4
Q24169	Drosophila melanogaster	Metazoa	460		0	False	4
P46422	Arabidopsis thaliana	Plants	212		0	False	4
Q9UMR7	Homo sapiens	Metazoa	237		0	True	4
Q24174	Drosophila melanogaster	Metazoa	904		0	False	4
Q68FY1	Rattus norvegicus	Metazoa	325		0	False	4
Q8C0T9	Mus musculus	Metazoa	1614		0	False	4
Q9Z0D9	Mus musculus	Metazoa	354		0	True	4
Q04779	Saccharomyces cerevisiae (strain ATCC 204508 / S288c)	Fungi	684		0	False	4
A6NJ78	Homo sapiens	Metazoa	407		0	False	4
Q5T7W0	Homo sapiens	Metazoa	954		0	False	4
P62979	Homo sapiens	Metazoa	156		0	False	4
Q9C0Z9	Schizosaccharomyces pombe (strain 972 / ATCC 24843)	Fungi	129		0	False	4
P18431	Drosophila melanogaster	Metazoa	514		0	False	4
Q8GWR1	Arabidopsis thaliana	Plants	447		0	False	4
O09053	Mus musculus	Metazoa	1401		0	False	4
Q63089	Rattus norvegicus	Metazoa	556		0	True	4
Q92506	Homo sapiens	Metazoa	261		0	False	4
Q9BV90	Homo sapiens	Metazoa	132		0	False	4
O88909	Mus musculus	Metazoa	537		0	True	4
P42582	Mus musculus	Metazoa	318		0	False	4
Q84JK2	Arabidopsis thaliana	Plants	285		0	False	4
P10355	Saccharomyces cerevisiae (strain ATCC 204508 / S288c)	Fungi	254		0	False	4
P21926	Homo sapiens	Metazoa	228		0	True	4
Q6UVW9	Homo sapiens	Metazoa	174		0	True	4
Q9UBS8	Homo sapiens	Metazoa	474		0	False	4
V9M398	Vitis rotundifolia	Plants	1331		0	False	4
P83484	Arabidopsis thaliana	Plants	556		0	False	4
O00567	Homo sapiens	Metazoa	594		0	False	4
Q5U5X0	Homo sapiens	Metazoa	104		0	False	4
Q10356	Schizosaccharomyces pombe (strain 972 / ATCC 24843)	Fungi	191		0	False	4
Q9V464	Drosophila melanogaster	Metazoa	218		0	False	4
O13601	Schizosaccharomyces pombe (strain 972 / ATCC 24843)	Fungi	494		0	False	4
P32249	Homo sapiens	Metazoa	361		0	True	4
A1L167	Homo sapiens	Metazoa	161		0	False	4
P81270	Mus musculus	Metazoa	486		0	False	4
Q9NRY6	Homo sapiens	Metazoa	295		0	False	4
Q9FIG9	Arabidopsis thaliana	Plants	801		0	False	4
J9VXM5	Cryptococcus neoformans var. grubii serotype A (strain H99 / ATCC 208821 / CBS 10515 / FGSC 9487)	Fungi	1421		0	False	4
Q7TQN4	Rattus norvegicus	Metazoa	550		0	False	4
Q9WV68	Mus musculus	Metazoa	292		0	False	4
O14901	Homo sapiens	Metazoa	512		0	False	4
Q5SUE7	Mus musculus	Metazoa	619		0	False	4
P03893	Mus musculus	Metazoa	345		0	True	4
Q86U42	Homo sapiens	Metazoa	306		0	False	4
Q8W4L3	Arabidopsis thaliana	Plants	489		0	False	4
P23708	Mus musculus	Metazoa	346		0	False	4
Q53F19	Homo sapiens	Metazoa	620		0	False	4
Q7Z7F7	Homo sapiens	Metazoa	128		0	False	4
P37217	Mus musculus	Metazoa	199		0	True	4
P69070	Salmo trutta	Metazoa	124		0	False	4
Q9V3V7	Drosophila melanogaster	Metazoa	222		0	False	4
P43322	Rattus norvegicus	Metazoa	662		0	False	4
G5EEG9	Caenorhabditis elegans	Metazoa	399		0	False	4
Q960V3	Drosophila melanogaster	Metazoa	1122		0	False	4
Q9Y5L3	Homo sapiens	Metazoa	495		0	True	4
P12524	Homo sapiens	Metazoa	364		0	False	4
Q94JQ3	Arabidopsis thaliana	Plants	529		0	False	4
P18090	Rattus norvegicus	Metazoa	466		0	True	4
Q92552	Homo sapiens	Metazoa	414		0	False	4
P62854	Homo sapiens	Metazoa	115		0	False	4
P13528	Caenorhabditis elegans	Metazoa	357		0	False	4
O13927	Schizosaccharomyces pombe (strain 972 / ATCC 24843)	Fungi	201		0	False	4
Q4G338	Haemonchus contortus	Metazoa	324		0	False	4
P28350	Neurospora crassa (strain ATCC 24698 / 74-OR23-1A / CBS 708.71 / DSM 1257 / FGSC 987)	Fungi	1093		0	False	4
O75161	Homo sapiens	Metazoa	1426		0	False	4
P70610	Rattus norvegicus	Metazoa	412		0	False	4
Q9P2K5	Homo sapiens	Metazoa	600		0	False	4
Q13472	Homo sapiens	Metazoa	1001		0	False	4
P53396	Homo sapiens	Metazoa	1101		0	False	4
Q01289	Pisum sativum	Plants	399		0	False	4
Q96SZ4	Homo sapiens	Metazoa	780		0	False	4
D7PF45	Sus scrofa	Metazoa	1260		0	False	4
O22666	Arabidopsis thaliana	Plants	362		0	False	4
Q9NPB6	Homo sapiens	Metazoa	346		0	False	4
Q9JKZ2	Mus musculus	Metazoa	718		0	True	4
P38250	Saccharomyces cerevisiae (strain ATCC 204508 / S288c)	Fungi	946		0	False	4
O89110	Mus musculus	Metazoa	480		0	False	4
Q9VJV8	Drosophila melanogaster	Metazoa	361		0	False	4
Q8SWR3	Drosophila melanogaster	Metazoa	435		0	False	4
Q9UM11	Homo sapiens	Metazoa	496		0	False	4
P07266	Saccharomyces cerevisiae (strain ATCC 204508 / S288c)	Fungi	363		0	False	4
Q9S7D8	Arabidopsis thaliana	Plants	469		0	False	4
Q8NDZ0	Homo sapiens	Metazoa	799		0	False	4
P82278	Spinacia oleracea	Plants	208		0	False	4
Q92349	Schizosaccharomyces pombe (strain 972 / ATCC 24843)	Fungi	1318		0	False	4
P50531	Schizosaccharomyces pombe (strain 972 / ATCC 24843)	Fungi	606		0	False	4
F4HRT5	Arabidopsis thaliana	Plants	1132		0	False	4
Q06032	Saccharomyces cerevisiae (strain ATCC 204508 / S288c)	Fungi	482		0	False	4
A2A8L1	Mus musculus	Metazoa	1946		0	False	4
Q9XI84	Arabidopsis thaliana	Plants	482		0	False	4
Q06152	Saccharomyces cerevisiae (strain ATCC 204508 / S288c)	Fungi	274		0	False	4
Q6S591	Arabidopsis thaliana	Plants	253		0	False	4
Q8NBT2	Homo sapiens	Metazoa	197		0	False	4
Q9LEM8	Chlamydomonas reinhardtii	Plants	1385		0	False	4
P49448	Homo sapiens	Metazoa	558		0	False	4
P43003	Homo sapiens	Metazoa	542		0	True	4
Q12049	Saccharomyces cerevisiae (strain ATCC 204508 / S288c)	Fungi	470		0	False	4
P49736	Homo sapiens	Metazoa	904		0	False	4
Q969L2	Homo sapiens	Metazoa	176		0	True	4
P18074	Homo sapiens	Metazoa	760		0	False	4
Q9QYH6	Mus musculus	Metazoa	775		0	False	4
A0A486WWJ9	Caenorhabditis elegans	Metazoa	582		0	False	4
Q6ZVD8	Homo sapiens	Metazoa	1323		0	False	4
Q8CCI5	Mus musculus	Metazoa	228		0	False	4
Q9WVS6	Mus musculus	Metazoa	464		0	False	4
P38991	Saccharomyces cerevisiae (strain ATCC 204508 / S288c)	Fungi	367		0	False	4
A4FVP2	Arabidopsis thaliana	Plants	565		0	False	4
Q9LXC9	Arabidopsis thaliana	Plants	300		0	False	4
O64894	Cucurbita maxima	Plants	690		0	False	4
O42648	Schizosaccharomyces pombe (strain 972 / ATCC 24843)	Fungi	341		0	False	4
Q4PIR3	Schizosaccharomyces pombe (strain 972 / ATCC 24843)	Fungi	250		0	False	4
F4HXU3	Arabidopsis thaliana	Plants	142		0	False	4
Q6W5P4	Homo sapiens	Metazoa	371		0	True	4
Q40687	Oryza sativa subsp. japonica	Plants	380		0	False	4
P07814	Homo sapiens	Metazoa	1512		0	False	4
Q9USP8	Schizosaccharomyces pombe (strain 972 / ATCC 24843)	Fungi	379		0	False	4
Q9UK61	Homo sapiens	Metazoa	1670		0	False	4
P25372	Saccharomyces cerevisiae (strain ATCC 204508 / S288c)	Fungi	127		0	False	4
Q7S910	Neurospora crassa (strain ATCC 24698 / 74-OR23-1A / CBS 708.71 / DSM 1257 / FGSC 987)	Fungi	263		0	False	4
Q86W42	Homo sapiens	Metazoa	341		0	False	4
P42801	Arabidopsis thaliana	Plants	511		0	False	4
Q9FUT3	Arabidopsis thaliana	Plants	678		0	False	4
O42637	Neurospora crassa (strain ATCC 24698 / 74-OR23-1A / CBS 708.71 / DSM 1257 / FGSC 987)	Fungi	797		0	False	4
P05091	Homo sapiens	Metazoa	517		0	False	4
Q24368	Drosophila melanogaster	Metazoa	1027		0	False	4
Q92750	Homo sapiens	Metazoa	862		0	False	4
Q93YQ3	Arabidopsis thaliana	Plants	323		0	False	4
C4R4G9	Komagataella phaffii (strain GS115 / ATCC 20864)	Fungi	344		0	False	4
Q9C0B1	Homo sapiens	Metazoa	505		0	False	4
Q42690	Chlamydomonas reinhardtii	Plants	377		0	False	4
Q3E793	Saccharomyces cerevisiae (strain ATCC 204508 / S288c)	Fungi	110		0	False	4
P38532	Mus musculus	Metazoa	525		0	False	4
Q9Z207	Mus musculus	Metazoa	1171		0	False	4
P33307	Saccharomyces cerevisiae (strain ATCC 204508 / S288c)	Fungi	960		0	False	4
P70318	Mus musculus	Metazoa	392		0	False	4
Q9SKX1	Arabidopsis thaliana	Plants	156		0	False	4
Q05518	Saccharomyces cerevisiae (strain ATCC 204508 / S288c)	Fungi	499		0	False	4
Q9FFB6	Arabidopsis thaliana	Plants	291		0	False	4
O94647	Schizosaccharomyces pombe (strain 972 / ATCC 24843)	Fungi	461		0	False	4
Q9FY93	Arabidopsis thaliana	Plants	252		0	False	4
Q9EST6	Rattus norvegicus	Metazoa	272		0	False	4
P17629	Saccharomyces cerevisiae (strain ATCC 204508 / S288c)	Fungi	752		0	False	4
P27929	Saccharomyces cerevisiae (strain ATCC 204508 / S288c)	Fungi	486		0	False	4
P10085	Mus musculus	Metazoa	318		0	False	4
Q8N6T7	Homo sapiens	Metazoa	355		0	False	4
Q6EJ97	Pueraria montana var. lobata	Plants	608		0	False	4
Q6DKK2	Homo sapiens	Metazoa	380		0	False	4
Q9BLB6	Caenorhabditis elegans	Metazoa	253		0	False	4
P87233	Schizosaccharomyces pombe (strain 972 / ATCC 24843)	Fungi	461		0	False	4
F4JP52	Arabidopsis thaliana	Plants	826		0	False	4
Q9FNJ8	Arabidopsis thaliana	Plants	425		0	False	4
O95500	Homo sapiens	Metazoa	239		0	True	4
Q8C5D8	Mus musculus	Metazoa	621		0	False	4
Q9BZR8	Homo sapiens	Metazoa	327		0	False	4
Q99278	Saccharomyces cerevisiae (strain ATCC 204508 / S288c)	Fungi	115		0	False	4
Q92374	Schizosaccharomyces pombe (strain 972 / ATCC 24843)	Fungi	104		0	False	4
Q9SYU4	Arabidopsis thaliana	Plants	381		0	True	4
Q9Y4A5	Homo sapiens	Metazoa	3859		0	False	4
P18489	Drosophila melanogaster	Metazoa	152		0	False	4
Q02950	Saccharomyces cerevisiae (strain ATCC 204508 / S288c)	Fungi	344		0	False	4
Q9VX31	Drosophila melanogaster	Metazoa	1105		0	False	4
Q92905	Homo sapiens	Metazoa	334		0	False	4
P42940	Saccharomyces cerevisiae (strain ATCC 204508 / S288c)	Fungi	261		0	False	4
P22413	Homo sapiens	Metazoa	925		0	True	4
Q6A028	Mus musculus	Metazoa	585		0	False	4
O14975	Homo sapiens	Metazoa	620		0	True	4
Q8RWH9	Arabidopsis thaliana	Plants	513		0	False	4
G7JND3	Medicago truncatula	Plants	620		0	True	4
Q9FG00	Arabidopsis thaliana	Plants	491		0	True	4
Q86YS7	Homo sapiens	Metazoa	1000		0	False	4
P83916	Homo sapiens	Metazoa	185		0	False	4
Q25423	Leishmania tarentolae	Other	187		0	False	4
P81128	Rattus norvegicus	Metazoa	1499		0	False	4
Q96D46	Homo sapiens	Metazoa	503		0	False	4
G5EGF8	Caenorhabditis elegans	Metazoa	354		0	False	4
Q62674	Rattus norvegicus	Metazoa	648		0	True	4
P32455	Homo sapiens	Metazoa	592		0	False	4
Q07864	Homo sapiens	Metazoa	2286		0	False	4
Q9UBF1	Homo sapiens	Metazoa	373		0	False	4
O95259	Homo sapiens	Metazoa	989		0	False	4
Q9MA75	Arabidopsis thaliana	Plants	341		0	False	4
Q41932	Arabidopsis thaliana	Plants	230		0	False	4
P23791	Oryctolagus cuniculus	Metazoa	816		0	False	4
Q1K7P9	Neurospora crassa (strain ATCC 24698 / 74-OR23-1A / CBS 708.71 / DSM 1257 / FGSC 987)	Fungi	140		0	False	4
P23509	Solanum tuberosum	Plants	521		0	False	4
Q8LPQ9	Arabidopsis thaliana	Plants	901		0	False	4
P39943	Saccharomyces cerevisiae (strain ATCC 204508 / S288c)	Fungi	394		0	False	4
O55103	Mus musculus	Metazoa	1391		0	False	4
P80404	Homo sapiens	Metazoa	500		0	False	4
P15920	Mus musculus	Metazoa	856		0	False	4
Q9LTJ1	Arabidopsis thaliana	Plants	225		0	False	4
P19824	Chlamydomonas reinhardtii	Plants	375		0	False	4
P53899	Saccharomyces cerevisiae (strain ATCC 204508 / S288c)	Fungi	274		0	False	4
Q29122	Sus scrofa	Metazoa	1254		0	False	4
Q8WT44	Caenorhabditis elegans	Metazoa	1178		0	False	4
Q07555	Saccharomyces cerevisiae (strain ATCC 204508 / S288c)	Fungi	291		0	False	4
Q02878	Homo sapiens	Metazoa	288		0	False	4
Q9NVH1	Homo sapiens	Metazoa	559		0	False	4
Q9NR90	Homo sapiens	Metazoa	486		0	False	4
Q27487	Caenorhabditis elegans	Metazoa	500		0	False	4
Q9WVF7	Mus musculus	Metazoa	2283		0	False	4
Q9NTX7	Homo sapiens	Metazoa	359		0	False	4
P25298	Saccharomyces cerevisiae (strain ATCC 204508 / S288c)	Fungi	677		0	False	4
P35269	Homo sapiens	Metazoa	517		0	False	4
Q9D1E5	Mus musculus	Metazoa	489		0	True	4
O43293	Homo sapiens	Metazoa	454		0	False	4
O54949	Mus musculus	Metazoa	527		0	False	4
P36776	Homo sapiens	Metazoa	959		0	False	4
Q9Y5J7	Homo sapiens	Metazoa	89		0	False	4
Q4LDG0	Mus musculus	Metazoa	689		0	True	4
P59540	Homo sapiens	Metazoa	309		0	True	4
P25208	Homo sapiens	Metazoa	207		0	False	4
Q8R3H9	Mus musculus	Metazoa	386		0	False	4
P97767	Mus musculus	Metazoa	591		0	False	4
Q8IRG6	Drosophila melanogaster	Metazoa	1083		0	False	4
O76902	Drosophila melanogaster	Metazoa	316		0	False	4
P92792	Solanum tuberosum	Plants	204		0	False	4
P53437	Saccharomyces cerevisiae (strain ATCC 204508 / S288c)	Fungi	365		0	False	4
Q95QA6	Caenorhabditis elegans	Metazoa	663		0	False	4
Q91WS0	Mus musculus	Metazoa	108		0	True	4
Q8QZY3	Mus musculus	Metazoa	150		0	False	4
Q91876	Xenopus laevis	Metazoa	720		0	False	4
Q969Y2	Homo sapiens	Metazoa	492		0	False	4
P38365	Spinacia oleracea	Plants	174		0	False	4
P20648	Homo sapiens	Metazoa	1035		0	False	4
A0A0J9UVG7	Fusarium oxysporum f. sp. lycopersici (strain 4287 / CBS 123668 / FGSC 9935 / NRRL 34936)	Fungi	326		0	False	4
Q9HB15	Homo sapiens	Metazoa	430		0	True	4
Q9CAF5	Arabidopsis thaliana	Plants	338		0	False	4
P06242	Saccharomyces cerevisiae (strain ATCC 204508 / S288c)	Fungi	306		0	False	4
P39715	Saccharomyces cerevisiae (strain ATCC 204508 / S288c)	Fungi	212		0	False	4
A2AMM0	Mus musculus	Metazoa	362		0	False	4
Q9Y7J2	Schizosaccharomyces pombe (strain 972 / ATCC 24843)	Fungi	160		0	False	4
Q86Y97	Homo sapiens	Metazoa	462		0	False	4
O94972	Homo sapiens	Metazoa	964		0	False	4
Q8GWS0	Arabidopsis thaliana	Plants	174		0	False	4
P15802	Penicillium chrysogenum	Fungi	357		0	False	4
P39019	Homo sapiens	Metazoa	145		0	False	4
Q3U507	Mus musculus	Metazoa	335		0	True	4
O55022	Mus musculus	Metazoa	195		0	True	4
Q7TPH6	Mus musculus	Metazoa	4749		0	False	4
Q8VWK0	Arabidopsis thaliana	Plants	442		0	False	4
Q9UK45	Homo sapiens	Metazoa	103		0	False	4
Q18PE0	Mus musculus	Metazoa	504		0	False	4
Q8WWR8	Homo sapiens	Metazoa	484		0	False	4
P53667	Homo sapiens	Metazoa	647		0	False	4
Q9ZVU5	Arabidopsis thaliana	Plants	411		0	False	4
Q9SD80	Arabidopsis thaliana	Plants	54		0	True	4
P62834	Homo sapiens	Metazoa	184		0	False	4
