accession	organism	kingdom	length	sp_cleavage_site	label	tm_helix_start_leq_90	fold
Q8WPD0	Patiria pectinifera	Metazoa	168	18.0	1		5
P01817	Homo sapiens	Metazoa	119	19.0	1		5
P01705	Homo sapiens	Metazoa	113	19.0	1		5
O89093	Mus musculus	Metazoa	97	27.0	1		5
P00713	Cavia porcellus	Metazoa	142	19.0	1		5
Q9H7M9	Homo sapiens	Metazoa	311	32.0	1		5
P33679	Zea mays	Plants	227	20.0	1		5
Q07654	Homo sapiens	Metazoa	80	21.0	1		5
P60568	Homo sapiens	Metazoa	153	20.0	1		5
P18926	Centruroides tecomanus	Metazoa	87	19.0	1		5
P01001	Bos taurus	Metazoa	80	23.0	1		5
H6U1I8	Tanacetum cinerariifolium	Plants	365	27.0	1		5
P06332	Mus musculus	Metazoa	457	26.0	1		5
Q9TY95	Plasmodium falciparum (isolate 3D7)	Other	997	22.0	1		5
P06681	Homo sapiens	Metazoa	752	20.0	1		5
P86405	Mesobuthus eupeus	Metazoa	86	19.0	1		5
P10758	Rattus norvegicus	Metazoa	165	21.0	1		5
O43278	Homo sapiens	Metazoa	529	35.0	1		5
P02758	Equus caballus	Metazoa	180	18.0	1		5
P36368	Mus musculus	Metazoa	261	16.0	1		5
P01295	Gallus gallus	Metazoa	164	27.0	1		5
Q94EG3	Nicotiana langsdorffii x Nicotiana sanderae	Plants	229	32.0	1		5
Q8T635	Manduca sexta	Metazoa	200	18.0	1		5
P09655	Rattus norvegicus	Metazoa	79	18.0	1		5
Q8L5J1	Solanum lycopersicum	Plants	399	26.0	1		5
Q6UX39	Homo sapiens	Metazoa	209	16.0	1		5
P29457	Rattus norvegicus	Metazoa	417	17.0	1		5
P43077	Candida albicans	Fungi	562	22.0	1		5
P0C292	Androctonus crassicauda	Metazoa	80	22.0	1		5
P11069	Lumbricus terrestris	Metazoa	170	17.0	1		5
P12319	Homo sapiens	Metazoa	257	25.0	1		5
Q868Z9	Drosophila melanogaster	Metazoa	2898	26.0	1		5
P0CB51	Coccidioides posadasii (strain RMSCC 757 / Silveira)	Fungi	427	17.0	1		5
P10279	Bos taurus	Metazoa	264	24.0	1		5
P33436	Rattus norvegicus	Metazoa	662	29.0	1		5
O00602	Homo sapiens	Metazoa	326	29.0	1		5
P00684	Rattus norvegicus	Metazoa	152	25.0	1		5
C0HL62	Drosophila melanogaster	Metazoa	104	18.0	1		5
P19801	Homo sapiens	Metazoa	751	19.0	1		5
Q86SD9	Androctonus amoreuxi	Metazoa	86	19.0	1		5
Q696W1	Macrovipera lebetinus	Metazoa	158	23.0	1		5
Q07831	Entamoeba histolytica	Other	97	20.0	1		5
A0A2I8B346	Paralithodes camtschaticus	Metazoa	62	23.0	1		5
Q8TD06	Homo sapiens	Metazoa	166	21.0	1		5
Q8MMH0	Pimpla hypochondriaca	Metazoa	109	21.0	1		5
P25291	Canis lupus familiaris	Metazoa	509	21.0	1		5
P02654	Homo sapiens	Metazoa	83	26.0	1		5
P04667	Oncorhynchus keta	Metazoa	105	22.0	1		5
F5CPE4	Micrurus altirostris	Metazoa	83	21.0	1		5
P19134	Oryctolagus cuniculus	Metazoa	695	19.0	1		5
P45452	Homo sapiens	Metazoa	471	19.0	1		5
P02739	Neovison vison	Metazoa	129	18.0	1		5
Q03405	Homo sapiens	Metazoa	335	22.0	1		5
Q6IUU3	Rattus norvegicus	Metazoa	750	32.0	1		5
O42414	Gallus gallus	Metazoa	1369	25.0	1		5
P04002	Pseudopleuronectes americanus	Metazoa	82	23.0	1		5
P0C1X7	Tityus discrepans	Metazoa	83	20.0	1		5
P22952	Sus scrofa	Metazoa	117	36.0	1		5
P50229	Rattus norvegicus	Metazoa	92	23.0	1		5
P86473	Actinidia chinensis var. chinensis	Plants	322	21.0	1		5
Q6T6T4	Bitis gabonica	Metazoa	140	26.0	1		5
P01364	Aplysia californica	Metazoa	108	23.0	1		5
Q8N441	Homo sapiens	Metazoa	504	24.0	1		5
P31809	Mus musculus	Metazoa	521	34.0	1		5
P0DQB8	Scolopendra dehaani	Metazoa	73	20.0	1		5
Q91XZ2	Mus musculus	Metazoa	779	28.0	1		5
P08541	Rattus norvegicus	Metazoa	530	23.0	1		5
P80429	Salmo salar	Metazoa	691	18.0	1		5
P05160	Homo sapiens	Metazoa	661	20.0	1		5
Q8MVA6	Ixodes scapularis	Metazoa	69	23.0	1		5
E2DQZ5	Protobothrops jerdonii	Metazoa	148	23.0	1		5
Q05443	Bos taurus	Metazoa	342	18.0	1		5
P19069	Cavia porcellus	Metazoa	1742	19.0	1		5
P16611	Sus scrofa	Metazoa	293	27.0	1		5
P02751	Homo sapiens	Metazoa	2477	31.0	1		5
P41547	Canis lupus familiaris	Metazoa	130	25.0	1		5
Q9DEA2	Deinagkistrodon acutus	Metazoa	155	23.0	1		5
Q7SCE9	Neurospora crassa (strain ATCC 24698 / 74-OR23-1A / CBS 708.71 / DSM 1257 / FGSC 987)	Fungi	385	18.0	1		5
P32802	Saccharomyces cerevisiae (strain ATCC 204508 / S288c)	Fungi	667	22.0	1		5
C0HL82	Stellaria media	Plants	81	31.0	1		5
P14384	Homo sapiens	Metazoa	443	17.0	1		5
P80188	Homo sapiens	Metazoa	198	20.0	1		5
Q03044	Didelphis virginiana	Metazoa	410	21.0	1		5
C0HL38	Trichonephila clavata	Metazoa	60	19.0	1		5
P21741	Homo sapiens	Metazoa	143	20.0	1		5
P31515	Xenopus laevis	Metazoa	341	29.0	1		5
Q5NAT0	Oryza sativa subsp. japonica	Plants	640	34.0	1		5
C0HJZ1	Arachis hypogaea	Plants	72	25.0	1		5
P51868	Rattus norvegicus	Metazoa	413	19.0	1		5
Q08127	Anguilla anguilla	Metazoa	147	20.0	1		5
Q963A9	Aedes albopictus	Metazoa	60	24.0	1		5
P01037	Homo sapiens	Metazoa	141	20.0	1		5
P14133	Cucumis sativus	Plants	587	33.0	1		5
Q90W54	Gloydius blomhoffii	Metazoa	504	18.0	1		5
Q9UBT3	Homo sapiens	Metazoa	224	18.0	1		5
Q9UBN6	Homo sapiens	Metazoa	386	55.0	1		5
P15018	Homo sapiens	Metazoa	202	22.0	1		5
P16404	Erythrina corallodendron	Plants	281	26.0	1		5
Q26377	Drosophila melanogaster	Metazoa	154	19.0	1		5
P14211	Mus musculus	Metazoa	416	17.0	1		5
P83519	Bothrops jararacussu	Metazoa	159	24.0	1		5
O97763	Sus scrofa	Metazoa	149	19.0	1		5
P35572	Rattus norvegicus	Metazoa	226	25.0	1		5
P08582	Homo sapiens	Metazoa	738	19.0	1		5
P15497	Bos taurus	Metazoa	265	18.0	1		5
P01165	Sus scrofa	Metazoa	207	22.0	1		5
Q6UXD5	Homo sapiens	Metazoa	910	27.0	1		5
Q9PWI3	Elaphe quadrivirgata	Metazoa	200	19.0	1		5
P61855	Drosophila melanogaster	Metazoa	79	22.0	1		5
B3F051	Lens culinaris subsp. culinaris	Plants	74	27.0	1		5
P10720	Homo sapiens	Metazoa	104	30.0	1		5
P20774	Homo sapiens	Metazoa	298	20.0	1		5
P01619	Homo sapiens	Metazoa	116	20.0	1		5
P30659	Lutzomyia longipalpis	Metazoa	86	23.0	1		5
P01070	Glycine max	Plants	216	24.0	1		5
Q30154	Homo sapiens	Metazoa	266	29.0	1		5
P02753	Homo sapiens	Metazoa	201	18.0	1		5
Q42502	Solanum tuberosum	Plants	386	23.0	1		5
Q27082	Tachypleus tridentatus	Metazoa	673	19.0	1		5
Q6T6T5	Bitis gabonica	Metazoa	90	24.0	1		5
Q6EH50	Phytolacca heterotepala	Plants	312	22.0	1		5
Q800C4	Crotalus viridis viridis	Metazoa	138	16.0	1		5
Q99435	Homo sapiens	Metazoa	816	21.0	1		5
P51456	Oryctolagus cuniculus	Metazoa	178	20.0	1		5
P30988	Homo sapiens	Metazoa	474	24.0	1		5
B3EWG0	Penaeus monodon	Metazoa	93	21.0	1		5
O95157	Homo sapiens	Metazoa	252	22.0	1		5
Q7JZV0	Drosophila melanogaster	Metazoa	117	16.0	1		5
Q8GTB6	Cannabis sativa	Plants	545	28.0	1		5
P51925	Sparus aurata	Metazoa	85	23.0	1		5
P81492	Hirudinaria manillensis	Metazoa	84	20.0	1		5
O02839	Sus scrofa	Metazoa	363	44.0	1		5
Q7KRU8	Drosophila melanogaster	Metazoa	205	19.0	1		5
V5NC32	Agaricus xanthodermus	Fungi	600	25.0	1		5
P31419	Manduca sexta	Metazoa	161	20.0	1		5
Q1RP79	Vipera nikolskii	Metazoa	138	16.0	1		5
P02671	Homo sapiens	Metazoa	866	19.0	1		5
Q99MA2	Rattus norvegicus	Metazoa	674	22.0	1		5
Q08481	Mus musculus	Metazoa	727	17.0	1		5
P34174	Bombyx mori	Metazoa	164	22.0	1		5
Q8MLZ7	Drosophila melanogaster	Metazoa	441	23.0	1		5
Q6QX33	Bothrops insularis	Metazoa	158	23.0	1		5
P01404	Dendroaspis angusticeps	Metazoa	81	21.0	1		5
P04276	Rattus norvegicus	Metazoa	476	16.0	1		5
Q9HBE5	Homo sapiens	Metazoa	538	19.0	1		5
Q7M3V1	Chelonus sp. nr. curvimaculatus	Metazoa	246	20.0	1		5
O54861	Rattus norvegicus	Metazoa	825	31.0	1		5
Q9BZW8	Homo sapiens	Metazoa	370	21.0	1		5
Q2HZ28	Bothrops erythromelas	Metazoa	138	16.0	1		5
Q8BHN3	Mus musculus	Metazoa	944	32.0	1		5
Q9C8A4	Arabidopsis thaliana	Plants	58	24.0	1		5
P56513	Canis lupus familiaris	Metazoa	92	20.0	1		5
Q04457	Caenorhabditis elegans	Metazoa	562	16.0	1		5
P32760	Gallus gallus	Metazoa	165	30.0	1		5
P35625	Homo sapiens	Metazoa	211	23.0	1		5
Q95P90	Olivierus martensii	Metazoa	94	22.0	1		5
P01658	Mus musculus	Metazoa	132	20.0	1		5
A0A0F7YYX3	Conus victoriae	Metazoa	196	25.0	1		5
P17046	Rattus norvegicus	Metazoa	411	26.0	1		5
Q61738	Mus musculus	Metazoa	1179	33.0	1		5
I6S7G5	Scolopendra mutilans	Metazoa	84	16.0	1		5
Q28143	Bos taurus	Metazoa	456	35.0	1		5
P54837	Saccharomyces cerevisiae (strain ATCC 204508 / S288c)	Fungi	211	20.0	1		5
P23472	Hevea brasiliensis	Plants	311	26.0	1		5
P04439	Homo sapiens	Metazoa	365	24.0	1		5
P15529	Homo sapiens	Metazoa	392	34.0	1		5
Q5DW47	Apis mellifera	Metazoa	107	21.0	1		5
Q91XA9	Mus musculus	Metazoa	473	21.0	1		5
Q12546	Aspergillus ficuum	Fungi	614	22.0	1		5
Q41162	Robinia pseudoacacia	Plants	285	31.0	1		5
Q3Y5Z3	Bos taurus	Metazoa	240	17.0	1		5
Q13231	Homo sapiens	Metazoa	466	21.0	1		5
Q5K0E0	Androctonus amoreuxi	Metazoa	59	22.0	1		5
P02743	Homo sapiens	Metazoa	223	19.0	1		5
Q9U8X3	Tachypleus tridentatus	Metazoa	67	23.0	1		5
Q9PUB7	Micrurus corallinus	Metazoa	78	21.0	1		5
P51740	Rattus norvegicus	Metazoa	551	19.0	1		5
Q969J5	Homo sapiens	Metazoa	263	21.0	1		5
P09479	Gallus gallus	Metazoa	456	20.0	1		5
Q9FXT4	Oryza sativa subsp. japonica	Plants	417	55.0	1		5
Q9BX67	Homo sapiens	Metazoa	310	31.0	1		5
P06908	Canis lupus familiaris	Metazoa	248	17.0	1		5
Q7YSJ4	Dictyostelium discoideum	Other	708	19.0	1		5
P38574	Bos taurus	Metazoa	287	18.0	1		5
Q9PTT2	Lepidobatrachus laevis	Metazoa	225	19.0	1		5
P02817	Bos taurus	Metazoa	213	16.0	1		5
P30919	Rattus norvegicus	Metazoa	345	23.0	1		5
P10889	Mus musculus	Metazoa	100	27.0	1		5
P01329	Cavia porcellus	Metazoa	110	24.0	1		5
Q8JGT7	Protobothrops mucrosquamatus	Metazoa	158	23.0	1		5
P01833	Homo sapiens	Metazoa	764	18.0	1		5
Q6H3D0	Trimeresurus stejnegeri	Metazoa	138	16.0	1		5
P09656	Rattus norvegicus	Metazoa	79	23.0	1		5
P01920	Homo sapiens	Metazoa	261	32.0	1		5
P01597	Homo sapiens	Metazoa	117	22.0	1		5
Q92154	Coturnix japonica	Metazoa	620	17.0	1		5
Q9ATH2	Corylus avellana	Plants	115	23.0	1		5
P10619	Homo sapiens	Metazoa	480	28.0	1		5
Q7YZS9	Conus virgo	Metazoa	67	26.0	1		5
Q5PP12	Arabidopsis thaliana	Plants	69	25.0	1		5
P27797	Homo sapiens	Metazoa	417	17.0	1		5
P02710	Tetronarce californica	Metazoa	461	24.0	1		5
Q9Z1K9	Rattus norvegicus	Metazoa	827	17.0	1		5
P15309	Homo sapiens	Metazoa	386	32.0	1		5
P86403	Mesobuthus eupeus	Metazoa	85	19.0	1		5
P10673	Canis lupus familiaris	Metazoa	170	23.0	1		5
P23142	Homo sapiens	Metazoa	703	29.0	1		5
P02780	Rattus norvegicus	Metazoa	95	18.0	1		5
Q16552	Homo sapiens	Metazoa	155	23.0	1		5
Q8IVL8	Homo sapiens	Metazoa	374	20.0	1		5
P11912	Homo sapiens	Metazoa	226	32.0	1		5
P09586	Mus musculus	Metazoa	222	31.0	1		5
Q9GU69	Lymnaea stagnalis	Metazoa	64	21.0	1		5
U6BLZ9	Penicillium canescens	Fungi	463	26.0	1		5
P01563	Homo sapiens	Metazoa	188	23.0	1		5
A0A7E5WTY7	Trichoplusia ni	Metazoa	211	20.0	1		5
Q9NBG9	Olivierus martensii	Metazoa	59	22.0	1		5
P34207	Rattus norvegicus	Metazoa	223	28.0	1		5
P01086	Hordeum vulgare	Plants	148	24.0	1		5
P19438	Homo sapiens	Metazoa	455	29.0	1		5
P0C8E8	Rhipicephalus sanguineus	Metazoa	86	20.0	1		5
Q8BSU2	Mus musculus	Metazoa	246	26.0	1		5
P55955	Caenorhabditis elegans	Metazoa	132	19.0	1		5
Q15768	Homo sapiens	Metazoa	340	27.0	1		5
Q6Z232	Oryza sativa subsp. japonica	Plants	146	42.0	1		5
P97884	Rattus norvegicus	Metazoa	96	26.0	1		5
Q01460	Rattus norvegicus	Metazoa	367	23.0	1		5
P43555	Saccharomyces cerevisiae (strain ATCC 204508 / S288c)	Fungi	445	28.0	1		5
C1IC52	Walterinnesia aegyptia	Metazoa	81	24.0	1		5
P06399	Rattus norvegicus	Metazoa	782	19.0	1		5
Q9BX74	Homo sapiens	Metazoa	207	37.0	1		5
P01042	Homo sapiens	Metazoa	644	18.0	1		5
P82384	Drosophila melanogaster	Metazoa	92	16.0	1		5
P60214	Tityus obscurus	Metazoa	86	20.0	1		5
P09341	Homo sapiens	Metazoa	107	34.0	1		5
Q7M419	Oligobrachia mashikoi	Metazoa	156	16.0	1		5
Q8AXY1	Bothrops jararacussu	Metazoa	138	16.0	1		5
A2AJB7	Mus musculus	Metazoa	192	26.0	1		5
P00703	Meleagris gallopavo	Metazoa	147	18.0	1		5
P13500	Homo sapiens	Metazoa	99	23.0	1		5
A8CG78	Daboia siamensis	Metazoa	138	16.0	1		5
P13432	Rattus norvegicus	Metazoa	146	22.0	1		5
P93484	Pisum sativum	Plants	623	22.0	1		5
P14217	Chlamydomonas reinhardtii	Plants	647	21.0	1		5
P01232	Sus scrofa	Metazoa	141	20.0	1		5
P0DPU1	Scolopendra dehaani	Metazoa	210	23.0	1		5
A0A1S6EK91	Moringa oleifera	Plants	79	20.0	1		5
P08937	Rattus norvegicus	Metazoa	172	15.0	1		5
Q9UBD3	Homo sapiens	Metazoa	114	21.0	1		5
P0DN86	Homo sapiens	Metazoa	165	20.0	1		5
Q8WUJ3	Homo sapiens	Metazoa	1361	30.0	1		5
Q8NBJ9	Homo sapiens	Metazoa	832	18.0	1		5
Q9NRM6	Homo sapiens	Metazoa	502	17.0	1		5
P81160	Drosophila melanogaster	Metazoa	54	21.0	1		5
Q06K97	Phlebotomus duboscqi	Metazoa	395	18.0	1		5
P08056	Rhizopus niveus	Fungi	238	16.0	1		5
A9XE60	Mesobuthus eupeus	Metazoa	91	19.0	1		5
Q6RG02	Penaeus merguiensis	Metazoa	2586	18.0	1		5
Q3L245	Leucoagaricus meleagris	Fungi	602	25.0	1		5
P11590	Mus musculus	Metazoa	178	16.0	1		5
P0DL40	Vespa magnifica	Metazoa	67	21.0	1		5
P22748	Homo sapiens	Metazoa	312	18.0	1		5
Q1ZYQ8	Zea mays	Plants	270	31.0	1		5
Q8IFJ8	Scutigera coleoptrata	Metazoa	659	18.0	1		5
P18684	Protophormia terraenovae	Metazoa	101	18.0	1		5
P15289	Homo sapiens	Metazoa	507	18.0	1		5
P22327	Trichoplusia ni	Metazoa	624	18.0	1		5
P19324	Mus musculus	Metazoa	417	17.0	1		5
P79762	Gallus gallus	Metazoa	437	20.0	1		5
Q9SLY8	Oryza sativa subsp. japonica	Plants	424	29.0	1		5
P13987	Homo sapiens	Metazoa	128	25.0	1		5
P01321	Canis lupus familiaris	Metazoa	110	24.0	1		5
P05117	Solanum lycopersicum	Plants	457	24.0	1		5
P0DUT6	Doratifera vulnerans	Metazoa	66	20.0	1		5
P33557	Aspergillus kawachii (strain NBRC 4308)	Fungi	211	27.0	1		5
P27177	Gallus gallus	Metazoa	273	24.0	1		5
Q8JGT9	Rhabdophis tigrinus tigrinus	Metazoa	237	18.0	1		5
Q10746	Rattus norvegicus	Metazoa	101	32.0	1		5
P10297	Phytolacca americana	Plants	313	22.0	1		5
Q8WRY4	Centruroides limpidus	Metazoa	84	19.0	1		5
P0DKR6	Dendroaspis polylepis polylepis	Metazoa	78	21.0	1		5
P01223	Bos taurus	Metazoa	138	20.0	1		5
P01730	Homo sapiens	Metazoa	458	25.0	1		5
P01830	Rattus norvegicus	Metazoa	161	19.0	1		5
D1MGU0	Protobothrops jerdonii	Metazoa	156	23.0	1		5
P81058	Penaeus vannamei	Metazoa	82	19.0	1		5
P20474	Bothrops asper	Metazoa	138	16.0	1		5
O70165	Mus musculus	Metazoa	334	17.0	1		5
Q28989	Sus scrofa	Metazoa	421	26.0	1		5
P01346	Rattus norvegicus	Metazoa	180	24.0	1		5
P07093	Homo sapiens	Metazoa	398	19.0	1		5
Q99616	Homo sapiens	Metazoa	98	16.0	1		5
Q10E50	Oryza sativa subsp. japonica	Plants	163	43.0	1		5
P27919	Avena sativa	Plants	214	28.0	1		5
Q28173	Bos taurus	Metazoa	416	22.0	1		5
P21782	Bos taurus	Metazoa	168	32.0	1		5
P00623	Crotalus adamanteus	Metazoa	138	16.0	1		5
Q2YHJ4	Craspedocephalus borneensis	Metazoa	138	16.0	1		5
P93680	Persea americana	Plants	326	25.0	1		5
Q90W39	Protobothrops mucrosquamatus	Metazoa	138	16.0	1		5
Q9DEA1	Deinagkistrodon acutus	Metazoa	146	23.0	1		5
P01245	Equus caballus	Metazoa	216	26.0	1		5
Q9VG55	Drosophila melanogaster	Metazoa	191	24.0	1		5
P31025	Homo sapiens	Metazoa	176	18.0	1		5
A0A0D1DWQ2	Mycosarcoma maydis	Fungi	290	21.0	1		5
Q95M17	Bos taurus	Metazoa	472	21.0	1		5
P24854	Sus scrofa	Metazoa	259	22.0	1		5
Q02126	Hordeum vulgare	Plants	330	25.0	1		5
Q39528	Cladrastis kentukea	Plants	293	35.0	1		5
P01161	Rattus norvegicus	Metazoa	152	24.0	1		5
P06312	Homo sapiens	Metazoa	121	20.0	1		5
Q6UX27	Homo sapiens	Metazoa	236	16.0	1		5
P18659	Macaca fascicularis	Metazoa	99	20.0	1		5
Q90WJ7	Takifugu pardalis	Metazoa	391	20.0	1		5
P61916	Homo sapiens	Metazoa	151	19.0	1		5
P81054	Grifola frondosa	Fungi	348	18.0	1		5
Q96318	Arabidopsis thaliana	Plants	524	23.0	1		5
Q9S8P4	Pisum sativum	Plants	217	20.0	1		5
P12961	Mus musculus	Metazoa	212	26.0	1		5
O48540	Solanum lycopersicum	Plants	397	23.0	1		5
I1SB12	Microdochium nivale	Fungi	495	22.0	1		5
P80384	Lepidoglyphus destructor	Metazoa	141	16.0	1		5
C0STK8	Elaphe climacophora	Metazoa	202	19.0	1		5
P01048	Rattus norvegicus	Metazoa	430	18.0	1		5
P09584	Oncorhynchus keta	Metazoa	210	23.0	1		5
Q8CEK3	Mus musculus	Metazoa	90	23.0	1		5
P23229	Homo sapiens	Metazoa	1130	23.0	1		5
P60616	Bungarus multicinctus	Metazoa	95	21.0	1		5
Q55P57	Cryptococcus neoformans var. neoformans serotype D (strain B-3501A)	Fungi	624	20.0	1		5
Q8NAC3	Homo sapiens	Metazoa	791	20.0	1		5
P31854	Vipera berus berus	Metazoa	138	16.0	1		5
C0HJM9	Tityus fasciolatus	Metazoa	84	20.0	1		5
P12725	Ovis aries	Metazoa	416	24.0	1		5
P13501	Homo sapiens	Metazoa	91	23.0	1		5
P10822	Psophocarpus tetragonolobus	Plants	207	24.0	1		5
Q7Z0H4	Olivierus martensii	Metazoa	55	23.0	1		5
P01231	Ovis aries	Metazoa	141	20.0	1		5
Q2U4L7	Aspergillus oryzae (strain ATCC 42149 / RIB 40)	Fungi	690	20.0	1		5
P48747	Oryctolagus cuniculus	Metazoa	557	21.0	1		5
P14314	Homo sapiens	Metazoa	528	14.0	1		5
O43866	Homo sapiens	Metazoa	347	19.0	1		5
Q2NME3	Tityus zulianus	Metazoa	86	20.0	1		5
P31836	Bos taurus	Metazoa	853	19.0	1		5
P42660	Aedes aegypti	Metazoa	471	19.0	1		5
Q6EER2	Sistrurus tergeminus	Metazoa	138	16.0	1		5
P01015	Rattus norvegicus	Metazoa	477	24.0	1		5
P12337	Oryctolagus cuniculus	Metazoa	565	18.0	1		5
D4A540	Rattus norvegicus	Metazoa	148	31.0	1		5
P11717	Homo sapiens	Metazoa	2491	40.0	1		5
O54766	Rattus norvegicus	Metazoa	617	20.0	1		5
P00624	Crotalus atrox	Metazoa	138	16.0	1		5
O14412	Orpinomyces sp. (strain PC-2)	Fungi	245	29.0	1		5
P49862	Homo sapiens	Metazoa	253	22.0	1		5
P19959	Aipysurus laevis	Metazoa	81	21.0	1		5
O96910	Aplysia californica	Metazoa	76	18.0	1		5
P13725	Homo sapiens	Metazoa	252	25.0	1		5
Q14641	Homo sapiens	Metazoa	139	25.0	1		5
O62605	Galleria mellonella	Metazoa	218	16.0	1		5
P01568	Homo sapiens	Metazoa	189	23.0	1		5
Q9H6E4	Homo sapiens	Metazoa	229	22.0	1		5
P30121	Rattus norvegicus	Metazoa	220	26.0	1		5
P60303	Naja kaouthia	Metazoa	81	21.0	1		5
P04916	Rattus norvegicus	Metazoa	201	18.0	1		5
P28770	Oncorhynchus mykiss	Metazoa	221	21.0	1		5
P34171	Bombyx mori	Metazoa	164	18.0	1		5
A0A0R4I951	Scolopendra dehaani	Metazoa	70	23.0	1		5
P09465	Cricetus cricetus	Metazoa	167	16.0	1		5
Q9NBW4	Theromyzon tessulatum	Metazoa	101	19.0	1		5
Q86SE1	Androctonus amoreuxi	Metazoa	83	19.0	1		5
P80245	Naja atra	Metazoa	81	21.0	1		5
Q63373	Rattus norvegicus	Metazoa	468	46.0	1		5
Q765P4	Holotrichia diomphalia	Metazoa	197	23.0	1		5
Q07CZ7	Lutzomyia longipalpis	Metazoa	397	18.0	1		5
A0A5C2A2T2	Conus purpurascens	Metazoa	178	24.0	1		5
Q28862	Bos taurus	Metazoa	310	16.0	1		5
A0A411EZW9	Agkistrodon piscivorus leucostoma	Metazoa	138	16.0	1		5
Q9GZV9	Homo sapiens	Metazoa	251	24.0	1		5
P34115	Dictyostelium discoideum	Other	730	20.0	1		5
P30348	Rattus norvegicus	Metazoa	100	31.0	1		5
P23806	Protobothrops flavoviridis	Metazoa	152	23.0	1		5
P55145	Homo sapiens	Metazoa	182	24.0	1		5
P07596	Hordeum vulgare	Plants	203	22.0	1		5
Q9FRV0	Secale cereale	Plants	266	23.0	1		5
Q2YHJ9	Craspedocephalus puniceus	Metazoa	138	16.0	1		5
P01342	Myxine glutinosa	Metazoa	115	26.0	1		5
Q8T0Y7	Aplysia californica	Metazoa	141	26.0	1		5
Q6TPK4	Actinidia deliciosa	Plants	116	26.0	1		5
P60212	Tityus obscurus	Metazoa	87	20.0	1		5
Q9PW68	Typhlonectes natans	Metazoa	97	28.0	1		5
P01350	Homo sapiens	Metazoa	101	21.0	1		5
P01570	Homo sapiens	Metazoa	189	23.0	1		5
Q8I7X1	Porcellio scaber	Metazoa	145	21.0	1		5
P02222	Chironomus thummi thummi	Metazoa	160	15.0	1		5
U3FAE1	Micrurus fulvius	Metazoa	84	21.0	1		5
Q9NPF0	Homo sapiens	Metazoa	282	35.0	1		5
P33767	Saccharomyces cerevisiae (strain ATCC 204508 / S288c)	Fungi	430	20.0	1		5
Q9NQ34	Homo sapiens	Metazoa	198	33.0	1		5
O14625	Homo sapiens	Metazoa	94	21.0	1		5
Q6UW32	Homo sapiens	Metazoa	110	24.0	1		5
P19872	Locusta migratoria	Metazoa	77	22.0	1		5
P36897	Homo sapiens	Metazoa	503	33.0	1		5
Q3YJT5	Solanum tuberosum	Plants	387	23.0	1		5
P0DPV2	Scolopendra dehaani	Metazoa	210	23.0	1		5
P16619	Homo sapiens	Metazoa	93	23.0	1		5
Q90249	Bothrops jararacussu	Metazoa	137	16.0	1		5
P10144	Homo sapiens	Metazoa	247	18.0	1		5
P67976	Ovis aries	Metazoa	180	18.0	1		5
Q26239	Rhodnius prolixus	Metazoa	207	23.0	1		5
P20740	Gallus gallus	Metazoa	1473	36.0	1		5
P28041	Hordeum vulgare	Plants	145	25.0	1		5
Q13433	Homo sapiens	Metazoa	755	28.0	1		5
C9X4J9	Tityus discrepans	Metazoa	80	20.0	1		5
B2G331	Radianthus crispa	Metazoa	78	22.0	1		5
P15515	Homo sapiens	Metazoa	57	19.0	1		5
Q9Z0K8	Mus musculus	Metazoa	512	23.0	1		5
P05790	Bombyx mori	Metazoa	5263	21.0	1		5
O14763	Homo sapiens	Metazoa	440	55.0	1		5
Q9D3H2	Mus musculus	Metazoa	163	16.0	1		5
Q05928	Mus musculus	Metazoa	177	31.0	1		5
P15261	Mus musculus	Metazoa	477	25.0	1		5
P70090	Craspedocephalus gramineus	Metazoa	138	16.0	1		5
P0DUS5	Doratifera vulnerans	Metazoa	57	24.0	1		5
P12550	Chironomus thummi thummi	Metazoa	162	16.0	1		5
A0A2I8B352	Paralithodes camtschaticus	Metazoa	71	23.0	1		5
Q8HY17	Sus scrofa	Metazoa	140	26.0	1		5
Q6UWN5	Homo sapiens	Metazoa	251	25.0	1		5
O60844	Homo sapiens	Metazoa	167	16.0	1		5
Q9BYZ8	Homo sapiens	Metazoa	158	22.0	1		5
P10456	Laticauda colubrina	Metazoa	83	21.0	1		5
O00105	Aspergillus niger	Fungi	564	19.0	1		5
Q8I948	Acanthoscurria gomesiana	Metazoa	156	23.0	1		5
Q05927	Bos taurus	Metazoa	574	26.0	1		5
P01703	Homo sapiens	Metazoa	118	19.0	1		5
Q6UWV6	Homo sapiens	Metazoa	458	21.0	1		5
P02747	Homo sapiens	Metazoa	245	28.0	1		5
P05060	Homo sapiens	Metazoa	677	20.0	1		5
P02779	Oryctolagus cuniculus	Metazoa	91	21.0	1		5
P31420	Manduca sexta	Metazoa	274	18.0	1		5
P15941	Homo sapiens	Metazoa	1255	23.0	1		5
Q9UHF4	Homo sapiens	Metazoa	553	29.0	1		5
P01241	Homo sapiens	Metazoa	217	26.0	1		5
A0A2I6QAZ5	Trametes coccinea (strain BRFM310)	Fungi	428	21.0	1		5
P84843	Hybomitra bimaculata	Metazoa	76	20.0	1		5
P00992	Vipera ammodytes ammodytes	Metazoa	93	24.0	1		5
G8XQX1	Daboia russelii	Metazoa	504	18.0	1		5
P25871	Nicotiana tabacum	Plants	251	21.0	1		5
P26461	Sus scrofa	Metazoa	97	26.0	1		5
P09228	Homo sapiens	Metazoa	141	20.0	1		5
F1N5C8	Bos taurus	Metazoa	445	22.0	1		5
C0STK6	Elaphe climacophora	Metazoa	167	19.0	1		5
Q6F4C6	Pinctada fucata	Metazoa	121	16.0	1		5
P49767	Homo sapiens	Metazoa	419	31.0	1		5
P20059	Rattus norvegicus	Metazoa	460	23.0	1		5
P00709	Homo sapiens	Metazoa	142	19.0	1		5
P29421	Oryza sativa subsp. japonica	Plants	200	22.0	1		5
P17728	Leiurus hebraeus	Metazoa	85	19.0	1		5
O94985	Homo sapiens	Metazoa	981	28.0	1		5
P80060	Locusta migratoria	Metazoa	92	19.0	1		5
Q9HC23	Homo sapiens	Metazoa	129	27.0	1		5
Q61789	Mus musculus	Metazoa	3330	31.0	1		5
Q9NRC9	Homo sapiens	Metazoa	128	17.0	1		5
Q5I0E7	Rattus norvegicus	Metazoa	235	37.0	1		5
P05814	Homo sapiens	Metazoa	226	15.0	1		5
P29695	Protobothrops flavoviridis	Metazoa	342	19.0	1		5
P98172	Homo sapiens	Metazoa	346	27.0	1		5
P43626	Homo sapiens	Metazoa	348	21.0	1		5
P0DJJ9	Protobothrops flavoviridis	Metazoa	138	16.0	1		5
P0DPU2	Scolopendra dehaani	Metazoa	211	20.0	1		5
Q99013	Pseudopleuronectes americanus	Metazoa	82	23.0	1		5
Q64364	Mus musculus	Metazoa	169		0	False	5
Q8LG30	Arabidopsis thaliana	Plants	76		0	True	5
P48059	Homo sapiens	Metazoa	325		0	False	5
P11978	Saccharomyces cerevisiae (strain ATCC 204508 / S288c)	Fungi	1358		0	False	5
Q9VPT4	Drosophila melanogaster	Metazoa	717		0	False	5
Q91X44	Mus musculus	Metazoa	623		0	False	5
Q8IWV7	Homo sapiens	Metazoa	1749		0	False	5
E9Q2Z1	Mus musculus	Metazoa	1453		0	False	5
P15720	Gallus gallus	Metazoa	174		0	False	5
P49286	Homo sapiens	Metazoa	362		0	True	5
Q96DT0	Homo sapiens	Metazoa	336		0	False	5
Q6P5E8	Mus musculus	Metazoa	934		0	False	5
Q9NZ42	Homo sapiens	Metazoa	101		0	True	5
G5EGU9	Caenorhabditis elegans	Metazoa	558		0	False	5
Q9UBW8	Homo sapiens	Metazoa	275		0	False	5
Q9SK32	Arabidopsis thaliana	Plants	509		0	False	5
Q6C354	Yarrowia lipolytica (strain CLIB 122 / E 150)	Fungi	520		0	False	5
Q2LAJ3	Solanum lycopersicum	Plants	846		0	False	5
P42949	Saccharomyces cerevisiae (strain ATCC 204508 / S288c)	Fungi	149		0	False	5
Q99LD8	Mus musculus	Metazoa	285		0	False	5
Q9HG09	Komagataella pastoris	Fungi	425		0	False	5
Q62141	Mus musculus	Metazoa	1098		0	False	5
Q04728	Saccharomyces cerevisiae (strain ATCC 204508 / S288c)	Fungi	441		0	False	5
Q8K136	Mus musculus	Metazoa	229		0	False	5
Q8NCD3	Homo sapiens	Metazoa	748		0	False	5
P19836	Rattus norvegicus	Metazoa	367		0	False	5
Q6ZPV2	Mus musculus	Metazoa	1559		0	False	5
Q5SGE0	Rattus norvegicus	Metazoa	1392		0	False	5
O35430	Rattus norvegicus	Metazoa	839		0	False	5
O59701	Schizosaccharomyces pombe (strain 972 / ATCC 24843)	Fungi	351		0	False	5
O00268	Homo sapiens	Metazoa	1085		0	False	5
Q86TV6	Homo sapiens	Metazoa	843		0	False	5
Q0D9S3	Oryza sativa subsp. japonica	Plants	530		0	True	5
O15234	Homo sapiens	Metazoa	703		0	False	5
Q86VL8	Homo sapiens	Metazoa	602		0	True	5
Q6BDR8	Schizosaccharomyces pombe (strain 972 / ATCC 24843)	Fungi	300		0	False	5
D3Z3K2	Mus musculus	Metazoa	276		0	False	5
P16387	Saccharomyces cerevisiae (strain ATCC 204508 / S288c)	Fungi	420		0	False	5
Q9UI26	Homo sapiens	Metazoa	975		0	False	5
Q91YR5	Mus musculus	Metazoa	698		0	False	5
P53743	Saccharomyces cerevisiae (strain ATCC 204508 / S288c)	Fungi	316		0	False	5
P40548	Saccharomyces cerevisiae (strain ATCC 204508 / S288c)	Fungi	159		0	True	5
Q42290	Arabidopsis thaliana	Plants	531		0	False	5
P56394	Mus musculus	Metazoa	63		0	False	5
Q05315	Homo sapiens	Metazoa	142		0	False	5
Q9BEA2	Bos taurus	Metazoa	577		0	False	5
P08153	Saccharomyces cerevisiae (strain ATCC 204508 / S288c)	Fungi	709		0	False	5
O88767	Rattus norvegicus	Metazoa	189		0	False	5
Q9CQY6	Mus musculus	Metazoa	136		0	False	5
Q9ULI0	Homo sapiens	Metazoa	1458		0	False	5
Q9LU93	Arabidopsis thaliana	Plants	209		0	False	5
P34766	Caenorhabditis elegans	Metazoa	270		0	False	5
Q05900	Saccharomyces cerevisiae (strain ATCC 204508 / S288c)	Fungi	231		0	False	5
Q8CFZ5	Mus musculus	Metazoa	553		0	True	5
O23277	Arabidopsis thaliana	Plants	1330		0	False	5
Q9FJG9	Arabidopsis thaliana	Plants	445		0	False	5
Q09821	Sus scrofa	Metazoa	138		0	False	5
Q9NXW2	Homo sapiens	Metazoa	375		0	False	5
Q9WVL3	Mus musculus	Metazoa	1083		0	False	5
Q9EPT8	Rattus norvegicus	Metazoa	251		0	True	5
Q06710	Homo sapiens	Metazoa	450		0	False	5
Q96L50	Homo sapiens	Metazoa	414		0	False	5
Q6NYV9	Danio rerio	Metazoa	696		0	False	5
A0A075D657	Vinca minor	Plants	322		0	False	5
P34972	Homo sapiens	Metazoa	360		0	True	5
O43716	Homo sapiens	Metazoa	136		0	False	5
Q80U87	Mus musculus	Metazoa	1080		0	False	5
P25079	Solanum tuberosum	Plants	477		0	False	5
Q3C1E9	Gallus gallus	Metazoa	204		0	False	5
Q71DI3	Homo sapiens	Metazoa	136		0	False	5
P61158	Homo sapiens	Metazoa	418		0	False	5
Q8BYM8	Mus musculus	Metazoa	551		0	False	5
A0A0A6YY25	Mus musculus	Metazoa	723		0	False	5
Q9SAR5	Arabidopsis thaliana	Plants	342		0	False	5
P25457	Schizosaccharomyces pombe (strain 972 / ATCC 24843)	Fungi	250		0	False	5
O49621	Arabidopsis thaliana	Plants	526		0	True	5
O24475	Abies grandis	Plants	628		0	False	5
Q99878	Homo sapiens	Metazoa	128		0	False	5
Q801G2	Danio rerio	Metazoa	354		0	True	5
P23763	Homo sapiens	Metazoa	118		0	False	5
Q9C895	Arabidopsis thaliana	Plants	900		0	False	5
G5EBN9	Caenorhabditis elegans	Metazoa	600		0	True	5
Q64702	Mus musculus	Metazoa	925		0	False	5
Q62915	Rattus norvegicus	Metazoa	909		0	False	5
P53313	Saccharomyces cerevisiae (strain ATCC 204508 / S288c)	Fungi	767		0	False	5
H2KYH4	Caenorhabditis elegans	Metazoa	392		0	False	5
P49957	Saccharomyces cerevisiae (strain ATCC 204508 / S288c)	Fungi	279		0	False	5
Q53GL0	Homo sapiens	Metazoa	409		0	False	5
Q9S850	Arabidopsis thaliana	Plants	393		0	False	5
Q8C6L5	Mus musculus	Metazoa	507		0	False	5
Q12778	Homo sapiens	Metazoa	655		0	False	5
A0A075TRA9	Penicillium expansum	Fungi	546		0	True	5
Q04003	Saccharomyces cerevisiae (strain ATCC 204508 / S288c)	Fungi	481		0	False	5
P41921	Saccharomyces cerevisiae (strain ATCC 204508 / S288c)	Fungi	483		0	False	5
O13600	Schizosaccharomyces pombe (strain 972 / ATCC 24843)	Fungi	209		0	False	5
P48561	Saccharomyces cerevisiae (strain ATCC 204508 / S288c)	Fungi	642		0	False	5
P57764	Homo sapiens	Metazoa	484		0	False	5
Q8LF36	Arabidopsis thaliana	Plants	492		0	False	5
Q0WVR4	Arabidopsis thaliana	Plants	345		0	False	5
Q9Y696	Homo sapiens	Metazoa	253		0	True	5
P23434	Homo sapiens	Metazoa	173		0	False	5
P36011	Emericella nidulans (strain FGSC A4 / ATCC 38163 / CBS 112.46 / NRRL 194 / M139)	Fungi	622		0	False	5
Q8TCW9	Homo sapiens	Metazoa	393		0	True	5
P08907	Equus caballus	Metazoa	401		0	False	5
Q04836	Arabidopsis thaliana	Plants	329		0	False	5
Q7Z3K3	Homo sapiens	Metazoa	1410		0	False	5
Q6AVT2	Oryza sativa subsp. japonica	Plants	511		0	False	5
Q8T498	Drosophila melanogaster	Metazoa	1580		0	False	5
P45983	Homo sapiens	Metazoa	427		0	False	5
P14923	Homo sapiens	Metazoa	745		0	False	5
Q924A5	Rattus norvegicus	Metazoa	475		0	True	5
Q99188	Saccharomyces cerevisiae (strain ATCC 204508 / S288c)	Fungi	309		0	False	5
P53369	Rattus norvegicus	Metazoa	156		0	False	5
P06404	Marchantia polymorpha	Plants	353		0	True	5
P07871	Rattus norvegicus	Metazoa	424		0	False	5
P35869	Homo sapiens	Metazoa	848		0	False	5
P40562	Saccharomyces cerevisiae (strain ATCC 204508 / S288c)	Fungi	993		0	False	5
Q9Z0W7	Rattus norvegicus	Metazoa	253		0	True	5
P54842	Rattus norvegicus	Metazoa	323		0	False	5
Q04217	Saccharomyces cerevisiae (strain ATCC 204508 / S288c)	Fungi	1267		0	False	5
Q68ED7	Mus musculus	Metazoa	630		0	False	5
P46684	Mus musculus	Metazoa	447		0	False	5
O94286	Schizosaccharomyces pombe (strain 972 / ATCC 24843)	Fungi	178		0	False	5
Q944N1	Solanum lycopersicum	Plants	399		0	False	5
Q92265	Komagataella pastoris	Fungi	419		0	True	5
Q9LFY0	Arabidopsis thaliana	Plants	532		0	False	5
Q8L743	Arabidopsis thaliana	Plants	599		0	False	5
P16861	Saccharomyces cerevisiae (strain ATCC 204508 / S288c)	Fungi	987		0	False	5
Q5T1C6	Homo sapiens	Metazoa	240		0	False	5
P04150	Homo sapiens	Metazoa	777		0	False	5
Q60547	Mesocricetus auratus	Metazoa	234		0	False	5
O00291	Homo sapiens	Metazoa	1037		0	False	5
Q93ZF6	Arabidopsis thaliana	Plants	153		0	False	5
Q14160	Homo sapiens	Metazoa	1655		0	False	5
Q9VLU0	Drosophila melanogaster	Metazoa	90		0	False	5
Q9ZV08	Arabidopsis thaliana	Plants	291		0	False	5
Q96QE2	Homo sapiens	Metazoa	648		0	True	5
Q9P2D8	Homo sapiens	Metazoa	2635		0	False	5
Q6AT41	Oryza sativa subsp. japonica	Plants	451		0	False	5
Q04370	Saccharomyces cerevisiae (strain ATCC 204508 / S288c)	Fungi	399		0	True	5
Q13901	Homo sapiens	Metazoa	141		0	False	5
Q7M4G7	Patiria pectinifera	Metazoa	122		0	False	5
Q9JI10	Mus musculus	Metazoa	497		0	False	5
Q9R0N7	Mus musculus	Metazoa	403		0	True	5
Q9FG13	Arabidopsis thaliana	Plants	329		0	False	5
Q6I621	Oryza sativa subsp. japonica	Plants	510		0	False	5
O14520	Homo sapiens	Metazoa	342		0	True	5
Q9SCU7	Arabidopsis thaliana	Plants	323		0	False	5
Q5MGA9	Oryza sativa subsp. indica	Plants	301		0	False	5
Q08499	Homo sapiens	Metazoa	809		0	False	5
Q9S7H8	Arabidopsis thaliana	Plants	569		0	False	5
O94487	Schizosaccharomyces pombe (strain 972 / ATCC 24843)	Fungi	624		0	False	5
Q9M4A1	Arabidopsis thaliana	Plants	383		0	False	5
O74904	Schizosaccharomyces pombe (strain 972 / ATCC 24843)	Fungi	122		0	False	5
Q07803	Rattus norvegicus	Metazoa	751		0	False	5
P54103	Mus musculus	Metazoa	621		0	False	5
Q13428	Homo sapiens	Metazoa	1488		0	False	5
Q92737	Homo sapiens	Metazoa	203		0	False	5
D3Z120	Mus musculus	Metazoa	399		0	False	5
P49299	Cucurbita maxima	Plants	516		0	False	5
Q9BQT8	Homo sapiens	Metazoa	299		0	True	5
Q8LK56	Arabidopsis thaliana	Plants	1987		0	False	5
Q9UBB6	Homo sapiens	Metazoa	729		0	False	5
Q09770	Schizosaccharomyces pombe (strain 972 / ATCC 24843)	Fungi	542		0	False	5
Q6ZQL4	Mus musculus	Metazoa	677		0	False	5
P13619	Bos taurus	Metazoa	256		0	False	5
P82916	Bos taurus	Metazoa	130		0	False	5
F4JP43	Arabidopsis thaliana	Plants	2037		0	False	5
P06813	Oryctolagus cuniculus	Metazoa	266		0	False	5
A0A8I5ZN27	Rattus norvegicus	Metazoa	1307		0	False	5
Q62711	Rattus norvegicus	Metazoa	772		0	False	5
Q9NVL8	Homo sapiens	Metazoa	296		0	False	5
Q96BA8	Homo sapiens	Metazoa	519		0	False	5
Q9BXV9	Homo sapiens	Metazoa	100		0	False	5
Q9FFR3	Arabidopsis thaliana	Plants	487		0	False	5
Q9UUH6	Schizosaccharomyces pombe (strain 972 / ATCC 24843)	Fungi	188		0	False	5
Q68FT6	Rattus norvegicus	Metazoa	455		0	True	5
P24226	Brassica oleracea var. capitata	Plants	469		0	False	5
Q9C811	Arabidopsis thaliana	Plants	1495		0	False	5
Q93WK5	Arabidopsis thaliana	Plants	727		0	False	5
Q38FI2	Trypanosoma brucei brucei (strain 927/4 GUTat10.1)	Other	143		0	False	5
Q9SG86	Arabidopsis thaliana	Plants	675		0	False	5
P28037	Rattus norvegicus	Metazoa	902		0	False	5
Q8L7S8	Arabidopsis thaliana	Plants	748		0	False	5
Q00910	Rattus norvegicus	Metazoa	644		0	True	5
Q04031	Saccharomyces cerevisiae (strain ATCC 204508 / S288c)	Fungi	235		0	False	5
Q8CIG8	Mus musculus	Metazoa	637		0	False	5
Q15022	Homo sapiens	Metazoa	739		0	False	5
Q9NVT9	Homo sapiens	Metazoa	282		0	False	5
Q5VT66	Homo sapiens	Metazoa	337		0	True	5
Q9FL26	Arabidopsis thaliana	Plants	326		0	False	5
O76054	Homo sapiens	Metazoa	403		0	False	5
Q9VSK8	Drosophila melanogaster	Metazoa	597		0	False	5
Q9SCY2	Arabidopsis thaliana	Plants	208		0	False	5
P02270	Sipunculus nudus	Metazoa	124		0	False	5
Q03061	Rattus norvegicus	Metazoa	357		0	False	5
P62787	Zea mays	Plants	103		0	False	5
Q08828	Homo sapiens	Metazoa	1119		0	True	5
Q8BG17	Mus musculus	Metazoa	217		0	False	5
Q9XI36	Arabidopsis thaliana	Plants	384		0	False	5
Q64380	Rattus norvegicus	Metazoa	919		0	False	5
Q9UGP5	Homo sapiens	Metazoa	575		0	False	5
P41909	Saccharomyces cerevisiae (strain ATCC 204508 / S288c)	Fungi	870		0	True	5
Q3MV14	Arabidopsis thaliana	Plants	386		0	False	5
Q9NUJ1	Homo sapiens	Metazoa	306		0	False	5
Q9FJ95	Arabidopsis thaliana	Plants	364		0	False	5
P55926	Rattus norvegicus	Metazoa	526		0	True	5
F4IUY8	Arabidopsis thaliana	Plants	1006		0	False	5
O59734	Schizosaccharomyces pombe (strain 972 / ATCC 24843)	Fungi	78		0	False	5
Q8W593	Arabidopsis thaliana	Plants	350		0	False	5
O74914	Schizosaccharomyces pombe (strain 972 / ATCC 24843)	Fungi	244		0	False	5
Q99MR0	Mus musculus	Metazoa	426		0	False	5
Q07243	Mus musculus	Metazoa	675		0	False	5
Q96GF1	Homo sapiens	Metazoa	192		0	False	5
P0CX38	Saccharomyces cerevisiae (strain ATCC 204508 / S288c)	Fungi	236		0	False	5
P48736	Homo sapiens	Metazoa	1102		0	False	5
Q7LL22	Schizosaccharomyces pombe (strain 972 / ATCC 24843)	Fungi	462		0	False	5
Q9SKT7	Arabidopsis thaliana	Plants	582		0	False	5
P0C2X8	Xenopus laevis	Metazoa	363		0	False	5
Q32P41	Homo sapiens	Metazoa	509		0	False	5
P38989	Saccharomyces cerevisiae (strain ATCC 204508 / S288c)	Fungi	1170		0	False	5
Q9Y2R0	Homo sapiens	Metazoa	106		0	True	5
Q9Z2Z7	Cricetulus griseus	Metazoa	553		0	False	5
P14234	Mus musculus	Metazoa	517		0	False	5
P54708	Rattus norvegicus	Metazoa	1036		0	False	5
P53879	Saccharomyces cerevisiae (strain ATCC 204508 / S288c)	Fungi	331		0	False	5
Q9P775	Schizosaccharomyces pombe (strain 972 / ATCC 24843)	Fungi	516		0	False	5
P53051	Saccharomyces cerevisiae (strain ATCC 204508 / S288c)	Fungi	589		0	False	5
Q9QWV4	Mus musculus	Metazoa	267		0	False	5
Q05192	Drosophila melanogaster	Metazoa	808		0	False	5
O94992	Homo sapiens	Metazoa	359		0	False	5
Q27511	Caenorhabditis elegans	Metazoa	140		0	False	5
Q9V9N4	Drosophila melanogaster	Metazoa	561		0	False	5
Q12451	Saccharomyces cerevisiae (strain ATCC 204508 / S288c)	Fungi	1283		0	False	5
Q8N6I1	Homo sapiens	Metazoa	236		0	False	5
P08703	Penicillium chrysogenum	Fungi	331		0	False	5
Q8IYU8	Homo sapiens	Metazoa	434		0	False	5
Q9CXZ1	Mus musculus	Metazoa	175		0	False	5
Q8R5A0	Mus musculus	Metazoa	433		0	False	5
P61247	Homo sapiens	Metazoa	264		0	False	5
Q64213	Mus musculus	Metazoa	653		0	False	5
Q99JB6	Mus musculus	Metazoa	429		0	False	5
Q15723	Homo sapiens	Metazoa	593		0	False	5
Q60739	Mus musculus	Metazoa	355		0	False	5
Q9EST4	Mus musculus	Metazoa	264		0	False	5
Q7X6Y7	Arabidopsis thaliana	Plants	704		0	False	5
Q02749	Saccharomyces cerevisiae (strain ATCC 204508 / S288c)	Fungi	293		0	False	5
P01880	Homo sapiens	Metazoa	430		0	False	5
Q2TBR2	Bos taurus	Metazoa	149		0	False	5
Q92797	Homo sapiens	Metazoa	1274		0	False	5
P25368	Saccharomyces cerevisiae (strain ATCC 204508 / S288c)	Fungi	297		0	False	5
Q94A28	Arabidopsis thaliana	Plants	995		0	False	5
Q9D808	Mus musculus	Metazoa	123		0	True	5
Q9C565	Arabidopsis thaliana	Plants	373		0	False	5
F4ITM1	Arabidopsis thaliana	Plants	398		0	False	5
O55003	Mus musculus	Metazoa	187		0	False	5
Q18250	Caenorhabditis elegans	Metazoa	461		0	False	5
Q9WTI7	Mus musculus	Metazoa	1063		0	False	5
Q24849	Entamoeba histolytica (strain ATCC 30459 / HM-1:IMSS / ABRM)	Other	601		0	False	5
Q52K88	Arabidopsis thaliana	Plants	202		0	False	5
Q9SP35	Arabidopsis thaliana	Plants	243		0	True	5
P35222	Homo sapiens	Metazoa	781		0	False	5
P40975	Saccharomyces cerevisiae (strain ATCC 204508 / S288c)	Fungi	43		0	True	5
Q9WU42	Mus musculus	Metazoa	2472		0	False	5
P82925	Bos taurus	Metazoa	386		0	False	5
Q2NL27	Bos taurus	Metazoa	190		0	False	5
O35094	Rattus norvegicus	Metazoa	453		0	False	5
F4IY62	Arabidopsis thaliana	Plants	883		0	False	5
P09559	Spinacia oleracea	Plants	402		0	False	5
O43497	Homo sapiens	Metazoa	2377		0	True	5
Q9UJX5	Homo sapiens	Metazoa	808		0	False	5
P63319	Rattus norvegicus	Metazoa	697		0	False	5
O15498	Homo sapiens	Metazoa	198		0	False	5
Q9LYA9	Arabidopsis thaliana	Plants	406		0	False	5
Q8N2A8	Homo sapiens	Metazoa	252		0	True	5
O95153	Homo sapiens	Metazoa	1857		0	False	5
Q9XTB5	Caenorhabditis elegans	Metazoa	500		0	False	5
Q9ER31	Rattus norvegicus	Metazoa	455		0	True	5
P37238	Mus musculus	Metazoa	505		0	False	5
Q8WZJ8	Schizosaccharomyces pombe (strain 972 / ATCC 24843)	Fungi	210		0	False	5
P22512	Trypanosoma brucei brucei	Other	359		0	False	5
A0A0E3T552	Malus domestica	Plants	503		0	False	5
O94906	Homo sapiens	Metazoa	941		0	False	5
Q39140	Arabidopsis thaliana	Plants	330		0	False	5
Q9H0U6	Homo sapiens	Metazoa	180		0	False	5
Q8LAA6	Arabidopsis thaliana	Plants	287		0	True	5
Q00839	Homo sapiens	Metazoa	825		0	False	5
Q9ASV5	Arabidopsis thaliana	Plants	650		0	True	5
O88491	Mus musculus	Metazoa	2588		0	False	5
P69139	Psammechinus miliaris	Metazoa	126		0	False	5
O80871	Arabidopsis thaliana	Plants	396		0	False	5
Q9CPX8	Mus musculus	Metazoa	56		0	True	5
Q9UBE0	Homo sapiens	Metazoa	346		0	False	5
Q02642	Saccharomyces cerevisiae (strain ATCC 204508 / S288c)	Fungi	157		0	False	5
O95900	Homo sapiens	Metazoa	331		0	False	5
Q9GZZ1	Homo sapiens	Metazoa	169		0	False	5
Q9VT41	Drosophila melanogaster	Metazoa	1001		0	False	5
Q9SSA5	Arabidopsis thaliana	Plants	437		0	False	5
Q22717	Caenorhabditis elegans	Metazoa	170		0	False	5
Q9SX99	Arabidopsis thaliana	Plants	261		0	False	5
Q9CQ79	Mus musculus	Metazoa	226		0	False	5
Q9VEX5	Drosophila melanogaster	Metazoa	689		0	False	5
G2TRN4	Schizosaccharomyces pombe (strain 972 / ATCC 24843)	Fungi	104		0	False	5
O74465	Schizosaccharomyces pombe (strain 972 / ATCC 24843)	Fungi	999		0	False	5
Q56P03	Homo sapiens	Metazoa	285		0	False	5
Q8MMZ7	Toxoplasma gondii	Other	994		0	False	5
Q6K1S6	Oryza sativa subsp. japonica	Plants	258		0	False	5
Q9C519	Arabidopsis thaliana	Plants	553		0	False	5
P27476	Saccharomyces cerevisiae (strain ATCC 204508 / S288c)	Fungi	414		0	False	5
Q60700	Mus musculus	Metazoa	888		0	False	5
Q13185	Homo sapiens	Metazoa	183		0	False	5
Q2VWA4	Homo sapiens	Metazoa	1015		0	False	5
Q9H147	Homo sapiens	Metazoa	329		0	False	5
A4PES0	Sus scrofa	Metazoa	565		0	False	5
Q8BZ89	Mus musculus	Metazoa	410		0	False	5
Q02962	Homo sapiens	Metazoa	417		0	False	5
Q9Y2W2	Homo sapiens	Metazoa	641		0	False	5
P32863	Saccharomyces cerevisiae (strain ATCC 204508 / S288c)	Fungi	898		0	False	5
Q1PEX8	Arabidopsis thaliana	Plants	75		0	True	5
Q9FY99	Arabidopsis thaliana	Plants	596		0	False	5
Q8IYX4	Homo sapiens	Metazoa	353		0	False	5
O75122	Homo sapiens	Metazoa	1294		0	False	5
Q60EW9	Oryza sativa subsp. japonica	Plants	774		0	False	5
P11155	Zea mays	Plants	947		0	False	5
Q7KNF2	Drosophila melanogaster	Metazoa	224		0	False	5
O43365	Homo sapiens	Metazoa	443		0	False	5
Q6IP18	Xenopus laevis	Metazoa	276		0	False	5
Q9NS69	Homo sapiens	Metazoa	142		0	True	5
Q9LQK7	Arabidopsis thaliana	Plants	475		0	False	5
P82248	Spinacia oleracea	Plants	168		0	False	5
O02751	Bos taurus	Metazoa	592		0	False	5
Q3B8Q2	Rattus norvegicus	Metazoa	411		0	False	5
P30181	Arabidopsis thaliana	Plants	916		0	False	5
Q10740	Saccharomyces cerevisiae (strain ATCC 204508 / S288c)	Fungi	671		0	False	5
Q43127	Arabidopsis thaliana	Plants	430		0	False	5
Q9LKW9	Arabidopsis thaliana	Plants	1146		0	True	5
Q62696	Rattus norvegicus	Metazoa	911		0	False	5
P00288	Vicia faba	Plants	99		0	False	5
Q9WVH4	Mus musculus	Metazoa	672		0	False	5
Q9UT76	Schizosaccharomyces pombe (strain 972 / ATCC 24843)	Fungi	393		0	False	5
P41047	Mus musculus	Metazoa	279		0	True	5
Q6UXN9	Homo sapiens	Metazoa	313		0	False	5
P35658	Homo sapiens	Metazoa	2090		0	False	5
Q6R6M4	Homo sapiens	Metazoa	530		0	False	5
P21729	Mus musculus	Metazoa	384		0	True	5
G1X9H9	Arthrobotrys oligospora (strain ATCC 24927 / CBS 115.81 / DSM 1491)	Fungi	411		0	False	5
P09139	Rattus norvegicus	Metazoa	414		0	False	5
Q24564	Drosophila melanogaster	Metazoa	635		0	False	5
P17679	Mus musculus	Metazoa	413		0	False	5
Q9FIB6	Arabidopsis thaliana	Plants	442		0	False	5
Q9C5Z3	Arabidopsis thaliana	Plants	441		0	False	5
Q7ZT82	Danio rerio	Metazoa	382		0	False	5
P40160	Saccharomyces cerevisiae (strain ATCC 204508 / S288c)	Fungi	425		0	False	5
P34223	Saccharomyces cerevisiae (strain ATCC 204508 / S288c)	Fungi	423		0	False	5
Q9WUM4	Mus musculus	Metazoa	474		0	False	5
P17545	Trypanosoma brucei brucei	Other	1766		0	False	5
Q9VWF4	Drosophila melanogaster	Metazoa	387		0	False	5
O82503	Arabidopsis thaliana	Plants	287		0	False	5
F4IDJ0	Arabidopsis thaliana	Plants	830		0	False	5
Q9NYB5	Homo sapiens	Metazoa	712		0	True	5
Q16281	Homo sapiens	Metazoa	694		0	False	5
Q9LLC1	Arabidopsis thaliana	Plants	255		0	False	5
Q336R9	Oryza sativa subsp. japonica	Plants	263		0	False	5
Q67Y93	Arabidopsis thaliana	Plants	191		0	False	5
Q86XF0	Homo sapiens	Metazoa	187		0	False	5
P97836	Rattus norvegicus	Metazoa	992		0	False	5
Q17391	Caenorhabditis elegans	Metazoa	777		0	False	5
Q96EV2	Homo sapiens	Metazoa	1170		0	False	5
P19838	Homo sapiens	Metazoa	968		0	False	5
A2VEY9	Drosophila melanogaster	Metazoa	693		0	True	5
Q12084	Saccharomyces cerevisiae (strain ATCC 204508 / S288c)	Fungi	232		0	False	5
P00235	Equisetum arvense	Plants	95		0	False	5
P24867	Saccharomyces cerevisiae (strain ATCC 204508 / S288c)	Fungi	279		0	False	5
Q9M2Q6	Arabidopsis thaliana	Plants	354		0	False	5
Q13009	Homo sapiens	Metazoa	1591		0	False	5
Q9UU96	Schizosaccharomyces pombe (strain 972 / ATCC 24843)	Fungi	736		0	False	5
Q03172	Mus musculus	Metazoa	2688		0	False	5
Q9NP58	Homo sapiens	Metazoa	842		0	True	5
F2Z699	Yarrowia lipolytica (strain CLIB 122 / E 150)	Fungi	582		0	False	5
P20618	Homo sapiens	Metazoa	241		0	False	5
A2AIV2	Mus musculus	Metazoa	1811		0	False	5
Q9BUJ2	Homo sapiens	Metazoa	856		0	False	5
Q9JHI9	Mus musculus	Metazoa	570		0	True	5
Q91V24	Mus musculus	Metazoa	2159		0	True	5
Q9R1A0	Rattus norvegicus	Metazoa	323		0	False	5
Q8NC56	Homo sapiens	Metazoa	503		0	False	5
Q9Y6M7	Homo sapiens	Metazoa	1214		0	False	5
Q95QW4	Caenorhabditis elegans	Metazoa	561		0	False	5
Q3U284	Mus musculus	Metazoa	315		0	True	5
Q9H1C0	Homo sapiens	Metazoa	372		0	True	5
O60341	Homo sapiens	Metazoa	852		0	False	5
P19484	Homo sapiens	Metazoa	476		0	False	5
P38858	Saccharomyces cerevisiae (strain ATCC 204508 / S288c)	Fungi	249		0	False	5
P28033	Mus musculus	Metazoa	296		0	False	5
P24993	Zea mays	Plants	73		0	True	5
Q80VC6	Mus musculus	Metazoa	287		0	False	5
F4JEI8	Arabidopsis thaliana	Plants	317		0	False	5
Q6Z965	Oryza sativa subsp. japonica	Plants	394		0	False	5
P53569	Mus musculus	Metazoa	1052		0	False	5
Q9SW27	Arabidopsis thaliana	Plants	118		0	False	5
Q9Y5U8	Homo sapiens	Metazoa	109		0	True	5
O88700	Mus musculus	Metazoa	1416		0	False	5
P70473	Rattus norvegicus	Metazoa	382		0	False	5
Q9Y5P1	Homo sapiens	Metazoa	312		0	True	5
P32597	Saccharomyces cerevisiae (strain ATCC 204508 / S288c)	Fungi	1359		0	False	5
Q8C0V1	Mus musculus	Metazoa	768		0	False	5
Q9H4B0	Homo sapiens	Metazoa	414		0	False	5
Q96SN7	Homo sapiens	Metazoa	254		0	True	5
Q09081	Oryctolagus cuniculus	Metazoa	499		0	False	5
A0A2P1GIW2	Catharanthus roseus	Plants	330		0	False	5
P43692	Gallus gallus	Metazoa	391		0	False	5
Q8NG11	Homo sapiens	Metazoa	270		0	True	5
Q9R0W5	Rattus norvegicus	Metazoa	495		0	True	5
O43837	Homo sapiens	Metazoa	385		0	False	5
Q9P6I9	Schizosaccharomyces pombe (strain 972 / ATCC 24843)	Fungi	618		0	False	5
G5EGE9	Caenorhabditis elegans	Metazoa	1263		0	False	5
Q02793	Saccharomyces cerevisiae (strain ATCC 204508 / S288c)	Fungi	397		0	False	5
P86937	Trypanosoma brucei brucei	Other	839		0	False	5
A0A095C325	Cryptococcus deuterogattii (strain R265)	Fungi	1408		0	False	5
O00213	Homo sapiens	Metazoa	710		0	False	5
P28656	Mus musculus	Metazoa	391		0	False	5
P97452	Mus musculus	Metazoa	732		0	False	5
Q8VYD8	Arabidopsis thaliana	Plants	315		0	False	5
P33301	Saccharomyces cerevisiae (strain ATCC 204508 / S288c)	Fungi	854		0	False	5
Q7XR83	Oryza sativa subsp. japonica	Plants	333		0	False	5
G5ECY0	Caenorhabditis elegans	Metazoa	967		0	False	5
Q9UUA8	Schizosaccharomyces pombe (strain 972 / ATCC 24843)	Fungi	120		0	False	5
Q95V55	Drosophila melanogaster	Metazoa	613		0	False	5
Q0JJ05	Oryza sativa subsp. japonica	Plants	987		0	False	5
Q12772	Homo sapiens	Metazoa	1141		0	False	5
P40305	Homo sapiens	Metazoa	122		0	True	5
Q00977	Mus musculus	Metazoa	226		0	True	5
Q8GXU8	Arabidopsis thaliana	Plants	356		0	False	5
Q9H171	Homo sapiens	Metazoa	429		0	False	5
Q01454	Saccharomyces cerevisiae (strain ATCC 204508 / S288c)	Fungi	927		0	False	5
O01670	Lymnaea stagnalis	Metazoa	578		0	True	5
P32807	Saccharomyces cerevisiae (strain ATCC 204508 / S288c)	Fungi	602		0	False	5
Q9UNG2	Homo sapiens	Metazoa	177		0	True	5
Q96LL9	Homo sapiens	Metazoa	226		0	False	5
O95704	Homo sapiens	Metazoa	486		0	False	5
Q8CGP1	Mus musculus	Metazoa	126		0	False	5
Q9C682	Arabidopsis thaliana	Plants	226		0	False	5
Q156A1	Homo sapiens	Metazoa	80		0	False	5
Q9NP80	Homo sapiens	Metazoa	782		0	False	5
Q5SSJ5	Homo sapiens	Metazoa	553		0	False	5
Q9Y618	Homo sapiens	Metazoa	2514		0	False	5
Q9SIJ0	Arabidopsis thaliana	Plants	270		0	False	5
Q6NS38	Homo sapiens	Metazoa	261		0	False	5
Q708S3	Danio rerio	Metazoa	558		0	True	5
Q8CGT6	Mus musculus	Metazoa	848		0	False	5
Q14739	Homo sapiens	Metazoa	615		0	False	5
P42225	Mus musculus	Metazoa	749		0	False	5
Q791V5	Mus musculus	Metazoa	303		0	True	5
Q76MV0	Nicotiana tabacum	Plants	136		0	False	5
Q9BZM3	Homo sapiens	Metazoa	304		0	False	5
Q80US8	Mus musculus	Metazoa	206		0	False	5
O16000	Caenorhabditis elegans	Metazoa	291		0	False	5
Q6PIZ9	Homo sapiens	Metazoa	186		0	True	5
Q9ZU28	Arabidopsis thaliana	Plants	351		0	False	5
Q9SZ42	Arabidopsis thaliana	Plants	323		0	False	5
P33893	Saccharomyces cerevisiae (strain ATCC 204508 / S288c)	Fungi	541		0	False	5
P22626	Homo sapiens	Metazoa	353		0	False	5
Q9VCH5	Drosophila melanogaster	Metazoa	1960		0	False	5
Q9NWD9	Homo sapiens	Metazoa	120		0	False	5
P08985	Drosophila melanogaster	Metazoa	141		0	False	5
P10823	Saccharomyces cerevisiae (strain ATCC 204508 / S288c)	Fungi	449		0	False	5
Q8K3Q3	Mus musculus	Metazoa	521		0	False	5
Q96G03	Homo sapiens	Metazoa	612		0	False	5
O02326	Caenorhabditis elegans	Metazoa	467		0	False	5
P53276	Saccharomyces cerevisiae (strain ATCC 204508 / S288c)	Fungi	713		0	False	5
Q06213	Saccharomyces cerevisiae (strain ATCC 204508 / S288c)	Fungi	157		0	False	5
P53763	Phaseolus vulgaris	Plants	308		0	False	5
Q5TB30	Homo sapiens	Metazoa	811		0	False	5
Q00578	Saccharomyces cerevisiae (strain ATCC 204508 / S288c)	Fungi	843		0	False	5
Q9D495	Mus musculus	Metazoa	329		0	False	5
Q6PR54	Mus musculus	Metazoa	2419		0	False	5
P04053	Homo sapiens	Metazoa	509		0	False	5
P39964	Schizosaccharomyces pombe (strain 972 / ATCC 24843)	Fungi	757		0	False	5
Q6PB70	Mus musculus	Metazoa	1060		0	False	5
Q9NS73	Homo sapiens	Metazoa	344		0	False	5
O94953	Homo sapiens	Metazoa	1096		0	False	5
Q9JMJ4	Rattus norvegicus	Metazoa	504		0	False	5
P70451	Mus musculus	Metazoa	823		0	False	5
Q12029	Saccharomyces cerevisiae (strain ATCC 204508 / S288c)	Fungi	327		0	False	5
Q9LXI8	Arabidopsis thaliana	Plants	67		0	False	5
Q14781	Homo sapiens	Metazoa	532		0	False	5
Q9M0V3	Arabidopsis thaliana	Plants	1088		0	False	5
Q61967	Mus musculus	Metazoa	636		0	False	5
P10826	Homo sapiens	Metazoa	455		0	False	5
Q9S7E4	Arabidopsis thaliana	Plants	384		0	False	5
A0A7U2QXY7	Aspergillus flavus (strain ATCC 200026 / FGSC A1120 / IAM 13836 / NRRL 3357 / JCM 12722 / SRRC 167)	Fungi	438		0	False	5
Q12309	Saccharomyces cerevisiae (strain ATCC 204508 / S288c)	Fungi	687		0	False	5
P05982	Rattus norvegicus	Metazoa	274		0	False	5
Q9SU91	Arabidopsis thaliana	Plants	336		0	False	5
Q9P267	Homo sapiens	Metazoa	1494		0	False	5
Q9P5M9	Schizosaccharomyces pombe (strain 972 / ATCC 24843)	Fungi	257		0	False	5
Q15397	Homo sapiens	Metazoa	648		0	False	5
Q9SW31	Arabidopsis thaliana	Plants	157		0	False	5
P07378	Trypanosoma brucei brucei	Other	440		0	False	5
P04636	Rattus norvegicus	Metazoa	338		0	False	5
Q03330	Saccharomyces cerevisiae (strain ATCC 204508 / S288c)	Fungi	439		0	False	5
P48234	Saccharomyces cerevisiae (strain ATCC 204508 / S288c)	Fungi	707		0	False	5
P49791	Rattus norvegicus	Metazoa	1468		0	False	5
Q5M729	Arabidopsis thaliana	Plants	539		0	False	5
A0A0N7KIY3	Oryza sativa subsp. japonica	Plants	352		0	False	5
Q95TS5	Drosophila melanogaster	Metazoa	654		0	False	5
Q0E4K1	Oryza sativa subsp. japonica	Plants	492		0	False	5
Q5W7F1	Danio rerio	Metazoa	743		0	True	5
P46818	Sinapis alba	Plants	1078		0	False	5
Q9SGS2	Arabidopsis thaliana	Plants	338		0	False	5
P11831	Homo sapiens	Metazoa	508		0	False	5
Q20481	Caenorhabditis elegans	Metazoa	287		0	False	5
O74400	Schizosaccharomyces pombe (strain 972 / ATCC 24843)	Fungi	674		0	False	5
P19397	Homo sapiens	Metazoa	219		0	True	5
P38850	Saccharomyces cerevisiae (strain ATCC 204508 / S288c)	Fungi	1070		0	False	5
P17947	Homo sapiens	Metazoa	270		0	False	5
Q9V9M8	Drosophila melanogaster	Metazoa	293		0	False	5
Q9P7C9	Schizosaccharomyces pombe (strain 972 / ATCC 24843)	Fungi	304		0	False	5
O43524	Homo sapiens	Metazoa	673		0	False	5
O14713	Homo sapiens	Metazoa	200		0	False	5
Q6ICL3	Homo sapiens	Metazoa	276		0	False	5
P47131	Saccharomyces cerevisiae (strain ATCC 204508 / S288c)	Fungi	105		0	True	5
Q9H444	Homo sapiens	Metazoa	224		0	False	5
O60828	Homo sapiens	Metazoa	265		0	False	5
Q9UBL6	Homo sapiens	Metazoa	633		0	False	5
Q9YHT1	Gallus gallus	Metazoa	665		0	False	5
Q2EMV9	Mus musculus	Metazoa	1817		0	False	5
Q99J95	Mus musculus	Metazoa	372		0	False	5
Q9LW68	Arabidopsis thaliana	Plants	195		0	False	5
Q08004	Saccharomyces cerevisiae (strain ATCC 204508 / S288c)	Fungi	166		0	False	5
P70284	Mus musculus	Metazoa	272		0	False	5
Q9BWT1	Homo sapiens	Metazoa	371		0	False	5
P35200	Saccharomyces cerevisiae (strain ATCC 204508 / S288c)	Fungi	230		0	False	5
Q06338	Saccharomyces cerevisiae (strain ATCC 204508 / S288c)	Fungi	283		0	False	5
Q6Z784	Oryza sativa subsp. japonica	Plants	280		0	False	5
Q80U72	Mus musculus	Metazoa	1665		0	False	5
O75381	Homo sapiens	Metazoa	377		0	False	5
Q96SB3	Homo sapiens	Metazoa	817		0	False	5
P40646	Mus musculus	Metazoa	380		0	False	5
Q62985	Rattus norvegicus	Metazoa	756		0	False	5
P28661	Mus musculus	Metazoa	478		0	False	5
E1BF86	Bos taurus	Metazoa	512		0	True	5
A1ZAK1	Drosophila melanogaster	Metazoa	1007		0	False	5
Q8NEY3	Homo sapiens	Metazoa	305		0	False	5
P27112	Oryctolagus cuniculus	Metazoa	1035		0	False	5
Q93ZG9	Arabidopsis thaliana	Plants	477		0	False	5
P31228	Bos taurus	Metazoa	341		0	False	5
Q09779	Schizosaccharomyces pombe (strain 972 / ATCC 24843)	Fungi	1628		0	False	5
Q13148	Homo sapiens	Metazoa	414		0	False	5
Q12167	Saccharomyces cerevisiae (strain ATCC 204508 / S288c)	Fungi	365		0	False	5
B6HQN4	Penicillium rubens (strain ATCC 28089 / DSM 1075 / NRRL 1951 / Wisconsin 54-1255)	Fungi	268		0	False	5
Q9VU86	Drosophila melanogaster	Metazoa	1873		0	False	5
P06838	Saccharomyces cerevisiae (strain ATCC 204508 / S288c)	Fungi	210		0	False	5
P02290	Parechinus angulosus	Metazoa	145		0	False	5
P04051	Saccharomyces cerevisiae (strain ATCC 204508 / S288c)	Fungi	1460		0	False	5
P79832	Oncorhynchus mykiss	Metazoa	723		0	False	5
Q10262	Schizosaccharomyces pombe (strain 972 / ATCC 24843)	Fungi	131		0	False	5
Q24134	Drosophila melanogaster	Metazoa	578		0	False	5
P10900	Hordeum vulgare	Plants	508		0	True	5
P12297	Drosophila melanogaster	Metazoa	963		0	False	5
Q7L0X2	Homo sapiens	Metazoa	663		0	False	5
Q8NBI5	Homo sapiens	Metazoa	491		0	True	5
Q9LFW1	Arabidopsis thaliana	Plants	360		0	False	5
Q9SRK5	Arabidopsis thaliana	Plants	282		0	False	5
P0C1H3	Gallus gallus	Metazoa	126		0	False	5
P29353	Homo sapiens	Metazoa	583		0	False	5
Q9D7X3	Mus musculus	Metazoa	185		0	False	5
Q6T264	Mus musculus	Metazoa	1020		0	False	5
Q9S736	Arabidopsis thaliana	Plants	566		0	False	5
Q14249	Homo sapiens	Metazoa	297		0	False	5
Q9M5A9	Arabidopsis thaliana	Plants	388		0	False	5
Q93VR9	Arabidopsis thaliana	Plants	326		0	False	5
O15218	Homo sapiens	Metazoa	404		0	True	5
Q61548	Mus musculus	Metazoa	901		0	False	5
P62804	Rattus norvegicus	Metazoa	103		0	False	5
P28515	Caenorhabditis elegans	Metazoa	416		0	False	5
Q7FZF1	Arabidopsis thaliana	Plants	203		0	False	5
Q969F9	Homo sapiens	Metazoa	1004		0	False	5
P22954	Arabidopsis thaliana	Plants	653		0	False	5
P48813	Saccharomyces cerevisiae (strain ATCC 204508 / S288c)	Fungi	663		0	False	5
Q8H0V5	Arabidopsis thaliana	Plants	354		0	False	5
Q08287	Saccharomyces cerevisiae (strain ATCC 204508 / S288c)	Fungi	484		0	False	5
Q12320	Saccharomyces cerevisiae (strain ATCC 204508 / S288c)	Fungi	285		0	False	5
P60203	Rattus norvegicus	Metazoa	277		0	True	5
Q94AH9	Arabidopsis thaliana	Plants	320		0	False	5
Q9GZY0	Homo sapiens	Metazoa	626		0	False	5
Q8BMC0	Mus musculus	Metazoa	344		0	True	5
Q9R1U7	Rattus norvegicus	Metazoa	536		0	True	5
A3BV95	Oryza sativa subsp. japonica	Plants	291		0	False	5
Q67WJ8	Oryza sativa subsp. japonica	Plants	298		0	True	5
Q7G8V2	Arabidopsis thaliana	Plants	206		0	False	5
Q9D8F1	Mus musculus	Metazoa	300		0	False	5
Q7L0Q8	Homo sapiens	Metazoa	258		0	False	5
P70174	Mus musculus	Metazoa	488		0	True	5
Q9WTR8	Rattus norvegicus	Metazoa	1696		0	False	5
A0A061ACU2	Caenorhabditis elegans	Metazoa	2442		0	True	5
Q9LS24	Arabidopsis thaliana	Plants	292		0	False	5
P31596	Rattus norvegicus	Metazoa	573		0	True	5
Q920B6	Rattus norvegicus	Metazoa	426		0	True	5
Q84VV6	Arabidopsis thaliana	Plants	146		0	False	5
Q9LV58	Arabidopsis thaliana	Plants	148		0	False	5
Q64289	Rattus norvegicus	Metazoa	357		0	False	5
P22798	Spinacia oleracea	Plants	271		0	False	5
Q26635	Sarcophaga peregrina	Metazoa	354		0	False	5
Q9BQG0	Homo sapiens	Metazoa	1328		0	False	5
P70032	Xenopus laevis	Metazoa	598		0	False	5
Q9NQG5	Homo sapiens	Metazoa	326		0	False	5
Q9P7H1	Schizosaccharomyces pombe (strain 972 / ATCC 24843)	Fungi	537		0	False	5
P46935	Mus musculus	Metazoa	887		0	False	5
P52815	Homo sapiens	Metazoa	198		0	False	5
P21439	Homo sapiens	Metazoa	1286		0	True	5
Q9HD67	Homo sapiens	Metazoa	2058		0	False	5
Q641K1	Mus musculus	Metazoa	1218		0	False	5
O43299	Homo sapiens	Metazoa	807		0	False	5
Q91YI4	Mus musculus	Metazoa	410		0	False	5
Q6NNL9	Arabidopsis thaliana	Plants	93		0	False	5
O00358	Homo sapiens	Metazoa	373		0	False	5
Q9GZM5	Homo sapiens	Metazoa	350		0	False	5
Q66GP9	Arabidopsis thaliana	Plants	561		0	False	5
P48023	Homo sapiens	Metazoa	281		0	True	5
Q93V47	Arabidopsis thaliana	Plants	100		0	False	5
P32800	Saccharomyces cerevisiae (strain ATCC 204508 / S288c)	Fungi	271		0	True	5
Q3T9X0	Mus musculus	Metazoa	538		0	True	5
F4HZG9	Arabidopsis thaliana	Plants	493		0	False	5
Q8N693	Homo sapiens	Metazoa	406		0	False	5
P06451	Spinacia oleracea	Plants	247		0	True	5
O96533	Drosophila melanogaster	Metazoa	456		0	False	5
Q3SYS0	Bos taurus	Metazoa	216		0	False	5
O75044	Homo sapiens	Metazoa	1071		0	False	5
O14929	Homo sapiens	Metazoa	419		0	False	5
Q80ZQ9	Mus musculus	Metazoa	193		0	False	5
Q7JXF5	Drosophila melanogaster	Metazoa	394		0	False	5
P36887	Sus scrofa	Metazoa	351		0	False	5
Q10099	Schizosaccharomyces pombe (strain 972 / ATCC 24843)	Fungi	339		0	False	5
O70237	Mus musculus	Metazoa	330		0	False	5
Q96B77	Homo sapiens	Metazoa	213		0	True	5
P13405	Mus musculus	Metazoa	921		0	False	5
Q9SUT5	Arabidopsis thaliana	Plants	358		0	False	5
Q9Z140	Mus musculus	Metazoa	557		0	False	5
Q6ZSB9	Homo sapiens	Metazoa	765		0	False	5
Q10589	Homo sapiens	Metazoa	180		0	True	5
O42898	Schizosaccharomyces pombe (strain 972 / ATCC 24843)	Fungi	266		0	False	5
P25054	Homo sapiens	Metazoa	2843		0	False	5
Q9Y697	Homo sapiens	Metazoa	457		0	False	5
P15104	Homo sapiens	Metazoa	373		0	False	5
Q96EP1	Homo sapiens	Metazoa	664		0	False	5
Q02386	Homo sapiens	Metazoa	682		0	False	5
O95359	Homo sapiens	Metazoa	2948		0	False	5
Q12297	Saccharomyces cerevisiae (strain ATCC 204508 / S288c)	Fungi	353		0	False	5
Q9BT49	Homo sapiens	Metazoa	309		0	False	5
P19367	Homo sapiens	Metazoa	917		0	False	5
Q10L01	Oryza sativa subsp. japonica	Plants	382		0	True	5
Q9S816	Arabidopsis thaliana	Plants	521		0	False	5
P11402	Spinacia oleracea	Plants	257		0	False	5
O94580	Schizosaccharomyces pombe (strain 972 / ATCC 24843)	Fungi	282		0	False	5
Q15760	Homo sapiens	Metazoa	415		0	True	5
Q05825	Drosophila melanogaster	Metazoa	505		0	False	5
F4HT77	Arabidopsis thaliana	Plants	363		0	False	5
Q9XZE5	Dictyostelium discoideum	Other	306		0	False	5
A0A0B4J2F0	Homo sapiens	Metazoa	54		0	True	5
P30952	Saccharomyces cerevisiae (strain ATCC 204508 / S288c)	Fungi	554		0	False	5
Q96JB5	Homo sapiens	Metazoa	506		0	False	5
O59702	Schizosaccharomyces pombe (strain 972 / ATCC 24843)	Fungi	405		0	False	5
P26284	Rattus norvegicus	Metazoa	390		0	False	5
Q9P7B7	Schizosaccharomyces pombe (strain 972 / ATCC 24843)	Fungi	295		0	False	5
Q9Z2A0	Mus musculus	Metazoa	559		0	False	5
Q13315	Homo sapiens	Metazoa	3056		0	False	5
O88735	Mus musculus	Metazoa	730		0	False	5
Q2Y0W8	Homo sapiens	Metazoa	1093		0	False	5
K4PW38	Oryza sativa subsp. japonica	Plants	458		0	False	5
P32786	Saccharomyces cerevisiae (strain ATCC 204508 / S288c)	Fungi	894		0	False	5
G8GJ94	Salvia sclarea	Plants	575		0	False	5
Q9M6N7	Arabidopsis thaliana	Plants	475		0	True	5
Q9H596	Homo sapiens	Metazoa	190		0	False	5
P14094	Mus musculus	Metazoa	304		0	True	5
S8GBB9	Toxoplasma gondii (strain ATCC 50611 / Me49)	Other	500		0	True	5
Q6INH0	Xenopus laevis	Metazoa	425		0	False	5
Q9FNP4	Arabidopsis thaliana	Plants	174		0	False	5
Q8TBM8	Homo sapiens	Metazoa	379		0	False	5
Q9VPU8	Drosophila melanogaster	Metazoa	345		0	False	5
P12959	Zea mays	Plants	453		0	False	5
Q9UKP6	Homo sapiens	Metazoa	389		0	True	5
P14681	Saccharomyces cerevisiae (strain ATCC 204508 / S288c)	Fungi	368		0	False	5
Q9FN03	Arabidopsis thaliana	Plants	440		0	False	5
Q9FVJ3	Arabidopsis thaliana	Plants	337		0	False	5
P08074	Mus musculus	Metazoa	244		0	False	5
Q9URZ4	Schizosaccharomyces pombe (strain 972 / ATCC 24843)	Fungi	587		0	False	5
Q5E915	Arabidopsis thaliana	Plants	547		0	False	5
P05632	Bos taurus	Metazoa	51		0	False	5
Q08931	Saccharomyces cerevisiae (strain ATCC 204508 / S288c)	Fungi	133		0	False	5
Q15743	Homo sapiens	Metazoa	365		0	True	5
P49573	Saccharomyces cerevisiae (strain ATCC 204508 / S288c)	Fungi	406		0	False	5
P32345	Saccharomyces cerevisiae (strain ATCC 204508 / S288c)	Fungi	308		0	False	5
Q9ET78	Mus musculus	Metazoa	696		0	False	5
B1AYL1	Mus musculus	Metazoa	1681		0	False	5
Q62796	Rattus norvegicus	Metazoa	647		0	False	5
P17535	Homo sapiens	Metazoa	347		0	False	5
Q9C9W5	Arabidopsis thaliana	Plants	386		0	False	5
O23310	Arabidopsis thaliana	Plants	161		0	False	5
P25711	Neurospora crassa (strain ATCC 24698 / 74-OR23-1A / CBS 708.71 / DSM 1257 / FGSC 987)	Fungi	218		0	False	5
Q80SU7	Mus musculus	Metazoa	2427		0	False	5
G5EGA3	Caenorhabditis elegans	Metazoa	704		0	False	5
Q6B860	Bos taurus	Metazoa	128		0	False	5
P06240	Mus musculus	Metazoa	509		0	False	5
Q9UU91	Schizosaccharomyces pombe (strain 972 / ATCC 24843)	Fungi	182		0	True	5
Q7SBA0	Neurospora crassa (strain ATCC 24698 / 74-OR23-1A / CBS 708.71 / DSM 1257 / FGSC 987)	Fungi	257		0	False	5
Q00723	Saccharomyces cerevisiae (strain ATCC 204508 / S288c)	Fungi	242		0	False	5
A0A0D2Y5A7	Fusarium oxysporum f. sp. lycopersici (strain 4287 / CBS 123668 / FGSC 9935 / NRRL 34936)	Fungi	457		0	False	5
J3QMK6	Mus musculus	Metazoa	479		0	False	5
P34706	Caenorhabditis elegans	Metazoa	2150		0	False	5
P00107	Diacronema lutheri	Other	83		0	False	5
Q03824	Saccharomyces cerevisiae (strain ATCC 204508 / S288c)	Fungi	705		0	False	5
Q14146	Homo sapiens	Metazoa	1524		0	False	5
P00028	Entosphenus tridentatus	Metazoa	105		0	False	5
O14279	Schizosaccharomyces pombe (strain 972 / ATCC 24843)	Fungi	154		0	False	5
Q8TDB6	Homo sapiens	Metazoa	740		0	False	5
Q99490	Homo sapiens	Metazoa	1192		0	False	5
P84817	Rattus norvegicus	Metazoa	152		0	False	5
Q96P67	Homo sapiens	Metazoa	336		0	True	5
Q3E7B7	Saccharomyces cerevisiae (strain ATCC 204508 / S288c)	Fungi	68		0	False	5
P49739	Xenopus laevis	Metazoa	807		0	False	5
P53914	Saccharomyces cerevisiae (strain ATCC 204508 / S288c)	Fungi	1056		0	False	5
Q0JEB7	Oryza sativa subsp. japonica	Plants	310		0	False	5
Q00471	Chlamydomonas reinhardtii	Plants	215		0	True	5
Q9ZVW2	Arabidopsis thaliana	Plants	995		0	False	5
Q10B79	Oryza sativa subsp. japonica	Plants	320		0	False	5
O95239	Homo sapiens	Metazoa	1232		0	False	5
Q9UKL4	Homo sapiens	Metazoa	321		0	True	5
O60934	Homo sapiens	Metazoa	754		0	False	5
P46721	Homo sapiens	Metazoa	670		0	True	5
Q9Y2B4	Homo sapiens	Metazoa	290		0	False	5
C6TA59	Glycine max	Plants	214		0	False	5
Q9FNN6	Arabidopsis thaliana	Plants	298		0	False	5
Q5Y4Y6	Mus musculus	Metazoa	464		0	True	5
Q08775	Mus musculus	Metazoa	607		0	False	5
P0DMU9	Homo sapiens	Metazoa	189		0	False	5
A0A509APT1	Plasmodium berghei (strain Anka)	Other	258		0	True	5
Q9BRS2	Homo sapiens	Metazoa	568		0	False	5
P36519	Saccharomyces cerevisiae (strain ATCC 204508 / S288c)	Fungi	292		0	False	5
P81183	Mus musculus	Metazoa	526		0	False	5
P06105	Saccharomyces cerevisiae (strain ATCC 204508 / S288c)	Fungi	1222		0	False	5
Q8H443	Oryza sativa subsp. japonica	Plants	436		0	False	5
P42568	Homo sapiens	Metazoa	568		0	False	5
Q7S5M7	Neurospora crassa (strain ATCC 24698 / 74-OR23-1A / CBS 708.71 / DSM 1257 / FGSC 987)	Fungi	64		0	True	5
Q9D3A9	Mus musculus	Metazoa	450		0	True	5
P14406	Homo sapiens	Metazoa	83		0	True	5
P54939	Gallus gallus	Metazoa	2541		0	False	5
Q05932	Homo sapiens	Metazoa	587		0	False	5
P54071	Mus musculus	Metazoa	452		0	False	5
Q69T99	Oryza sativa subsp. japonica	Plants	500		0	False	5
Q9LJ97	Arabidopsis thaliana	Plants	262		0	False	5
Q7Z417	Homo sapiens	Metazoa	695		0	False	5
Q0JD85	Oryza sativa subsp. japonica	Plants	278		0	False	5
P97868	Mus musculus	Metazoa	1790		0	False	5
Q8WXI9	Homo sapiens	Metazoa	593		0	False	5
Q9M3B8	Arabidopsis thaliana	Plants	597		0	False	5
O60315	Homo sapiens	Metazoa	1214		0	False	5
Q9MZT1	Canis lupus familiaris	Metazoa	976		0	False	5
Q99959	Homo sapiens	Metazoa	881		0	False	5
Q99571	Homo sapiens	Metazoa	388		0	True	5
P30186	Arabidopsis thaliana	Plants	250		0	False	5
Q9H2F5	Homo sapiens	Metazoa	836		0	False	5
Q6NZM9	Mus musculus	Metazoa	1076		0	False	5
Q9WUH2	Mus musculus	Metazoa	397		0	False	5
Q10B19	Oryza sativa subsp. japonica	Plants	250		0	False	5
Q9JIW5	Mus musculus	Metazoa	430		0	False	5
Q96BP2	Homo sapiens	Metazoa	118		0	False	5
Q9VNS0	Drosophila melanogaster	Metazoa	459		0	False	5
P53107	Saccharomyces cerevisiae (strain ATCC 204508 / S288c)	Fungi	440		0	False	5
P30666	Schizosaccharomyces pombe (strain 972 / ATCC 24843)	Fungi	879		0	False	5
Q6K5X1	Oryza sativa subsp. japonica	Plants	248		0	False	5
P93735	Arabidopsis thaliana	Plants	195		0	False	5
Q8IS16	Dictyostelium discoideum	Other	604		0	False	5
Q9NRA8	Homo sapiens	Metazoa	985		0	False	5
P15383	Rattus norvegicus	Metazoa	130		0	True	5
Q96WV9	Schizosaccharomyces pombe (strain 972 / ATCC 24843)	Fungi	591		0	False	5
Q16666	Homo sapiens	Metazoa	785		0	False	5
Q7XU27	Oryza sativa subsp. japonica	Plants	884		0	False	5
Q7L523	Homo sapiens	Metazoa	313		0	False	5
Q9UTQ7	Schizosaccharomyces pombe (strain 972 / ATCC 24843)	Fungi	523		0	False	5
P14651	Homo sapiens	Metazoa	431		0	False	5
Q7L5Y1	Homo sapiens	Metazoa	443		0	False	5
Q00341	Homo sapiens	Metazoa	1268		0	False	5
Q9LVM5	Arabidopsis thaliana	Plants	324		0	False	5
Q9FLP6	Arabidopsis thaliana	Plants	103		0	False	5
P36159	Saccharomyces cerevisiae (strain ATCC 204508 / S288c)	Fungi	838		0	False	5
P11352	Mus musculus	Metazoa	201		0	False	5
P31115	Saccharomyces cerevisiae (strain ATCC 204508 / S288c)	Fungi	442		0	False	5
Q22663	Caenorhabditis elegans	Metazoa	183		0	False	5
P07030	Silene latifolia subsp. alba	Plants	165		0	False	5
P28748	Schizosaccharomyces pombe (strain 972 / ATCC 24843)	Fungi	216		0	False	5
Q9C8J7	Arabidopsis thaliana	Plants	509		0	False	5
O14981	Homo sapiens	Metazoa	1849		0	False	5
Q12132	Saccharomyces cerevisiae (strain ATCC 204508 / S288c)	Fungi	391		0	False	5
Q9BDK6	Sus scrofa	Metazoa	355		0	False	5
O95278	Homo sapiens	Metazoa	331		0	False	5
Q8LDL0	Arabidopsis thaliana	Plants	231		0	False	5
P50161	Aspergillus parasiticus (strain ATCC 56775 / NRRL 5862 / SRRC 143 / SU-1)	Fungi	262		0	False	5
Q9DB96	Mus musculus	Metazoa	315		0	False	5
P06777	Saccharomyces cerevisiae (strain ATCC 204508 / S288c)	Fungi	1100		0	False	5
Q6GLP4	Xenopus laevis	Metazoa	391		0	False	5
O14215	Schizosaccharomyces pombe (strain 972 / ATCC 24843)	Fungi	454		0	False	5
P18858	Homo sapiens	Metazoa	919		0	False	5
O00421	Homo sapiens	Metazoa	344		0	True	5
Q8VEB1	Mus musculus	Metazoa	590		0	False	5
D3ZX63	Rattus norvegicus	Metazoa	334		0	False	5
Q8VY06	Arabidopsis thaliana	Plants	1080		0	False	5
P38719	Saccharomyces cerevisiae (strain ATCC 204508 / S288c)	Fungi	431		0	False	5
Q9ST62	Solanum tuberosum	Plants	577		0	False	5
Q24206	Drosophila melanogaster	Metazoa	880		0	False	5
Q4FZU9	Rattus norvegicus	Metazoa	463		0	True	5
Q08062	Zea mays	Plants	332		0	False	5
P42775	Arabidopsis thaliana	Plants	360		0	False	5
Q9XIP7	Arabidopsis thaliana	Plants	468		0	True	5
Q90ZA1	Xenopus laevis	Metazoa	631		0	False	5
P49769	Mus musculus	Metazoa	467		0	True	5
Q14494	Homo sapiens	Metazoa	772		0	True	5
P32580	Saccharomyces cerevisiae (strain ATCC 204508 / S288c)	Fungi	737		0	False	5
Q8CGP0	Mus musculus	Metazoa	126		0	False	5
O08560	Rattus norvegicus	Metazoa	929		0	False	5
P43116	Homo sapiens	Metazoa	358		0	True	5
Q01543	Homo sapiens	Metazoa	452		0	False	5
P69744	Mus musculus	Metazoa	723		0	False	5
Q8BX57	Mus musculus	Metazoa	582		0	False	5
Q0WQ41	Arabidopsis thaliana	Plants	594		0	False	5
Q92021	Xenopus laevis	Metazoa	609		0	False	5
P32037	Mus musculus	Metazoa	493		0	True	5
Q96F44	Homo sapiens	Metazoa	468		0	False	5
Q99M04	Mus musculus	Metazoa	373		0	False	5
Q9BWU1	Homo sapiens	Metazoa	502		0	False	5
O13563	Saccharomyces cerevisiae (strain ATCC 204508 / S288c)	Fungi	156		0	False	5
P56780	Arabidopsis thaliana	Plants	73		0	True	5
P00428	Bos taurus	Metazoa	129		0	False	5
Q20992	Caenorhabditis elegans	Metazoa	667		0	False	5
P49282	Mus musculus	Metazoa	568		0	True	5
Q9M5P3	Arabidopsis thaliana	Plants	354		0	False	5
P00238	Scenedesmus quadricauda	Plants	96		0	False	5
Q64700	Mus musculus	Metazoa	1135		0	False	5
Q8TE54	Homo sapiens	Metazoa	656		0	True	5
P36177	Euglena gracilis	Other	538		0	False	5
Q96EB1	Homo sapiens	Metazoa	424		0	False	5
P25122	Rattus norvegicus	Metazoa	585		0	False	5
Q75RY2	Oryza sativa subsp. japonica	Plants	492		0	False	5
P30100	Rattus norvegicus	Metazoa	500		0	False	5
O42661	Schizosaccharomyces pombe (strain 972 / ATCC 24843)	Fungi	117		0	False	5
P27140	Arabidopsis thaliana	Plants	347		0	False	5
O94561	Schizosaccharomyces pombe (strain 972 / ATCC 24843)	Fungi	195		0	False	5
P97931	Mus musculus	Metazoa	306		0	False	5
O00488	Homo sapiens	Metazoa	134		0	False	5
Q9NV88	Homo sapiens	Metazoa	658		0	False	5
Q96WV2	Schizosaccharomyces pombe (strain 972 / ATCC 24843)	Fungi	339		0	False	5
P05202	Mus musculus	Metazoa	430		0	False	5
Q6DE18	Xenopus laevis	Metazoa	152		0	False	5
Q9JL26	Mus musculus	Metazoa	1094		0	False	5
Q9H0W9	Homo sapiens	Metazoa	315		0	False	5
Q70Z19	Nicotiana tabacum	Plants	374		0	False	5
P53941	Saccharomyces cerevisiae (strain ATCC 204508 / S288c)	Fungi	290		0	False	5
P52824	Homo sapiens	Metazoa	942		0	False	5
P15864	Mus musculus	Metazoa	212		0	False	5
P78929	Schizosaccharomyces pombe (strain 972 / ATCC 24843)	Fungi	137		0	False	5
P03902	Bos taurus	Metazoa	98		0	True	5
P87074	Schizosaccharomyces pombe (strain 972 / ATCC 24843)	Fungi	778		0	False	5
P49238	Homo sapiens	Metazoa	355		0	True	5
Q9P2G3	Homo sapiens	Metazoa	628		0	False	5
Q9VCE9	Drosophila melanogaster	Metazoa	751		0	False	5
A1Z1Q3	Homo sapiens	Metazoa	425		0	False	5
Q9DBG9	Mus musculus	Metazoa	124		0	False	5
Q54BW5	Dictyostelium discoideum	Other	179		0	False	5
Q06218	Saccharomyces cerevisiae (strain ATCC 204508 / S288c)	Fungi	594		0	False	5
B2RZD2	Rattus norvegicus	Metazoa	229		0	True	5
P84040	Drosophila melanogaster	Metazoa	103		0	False	5
Q6IR34	Mus musculus	Metazoa	673		0	False	5
Q683C9	Arabidopsis thaliana	Plants	282		0	False	5
Q9Z1T5	Mus musculus	Metazoa	566		0	False	5
O74113	Schizosaccharomyces pombe (strain 972 / ATCC 24843)	Fungi	638		0	False	5
Q14973	Homo sapiens	Metazoa	349		0	True	5
Q96AG3	Homo sapiens	Metazoa	418		0	False	5
P38237	Saccharomyces cerevisiae (strain ATCC 204508 / S288c)	Fungi	781		0	False	5
Q8SYK5	Drosophila melanogaster	Metazoa	376		0	False	5
Q03973	Saccharomyces cerevisiae (strain ATCC 204508 / S288c)	Fungi	246		0	False	5
P60484	Homo sapiens	Metazoa	403		0	False	5
Q91YT8	Mus musculus	Metazoa	804		0	True	5
F4JCX9	Arabidopsis thaliana	Plants	663		0	False	5
A0A7J6K338	Toxoplasma gondii	Other	504		0	True	5
Q96BK5	Homo sapiens	Metazoa	328		0	False	5
Q9AUE0	Arabidopsis thaliana	Plants	1950		0	False	5
Q24168	Drosophila melanogaster	Metazoa	618		0	False	5
O01422	Caenorhabditis elegans	Metazoa	495		0	False	5
P93407	Oryza sativa subsp. japonica	Plants	211		0	False	5
Q9UGI6	Homo sapiens	Metazoa	731		0	False	5
Q9LXN4	Arabidopsis thaliana	Plants	1024		0	False	5
Q10422	Schizosaccharomyces pombe (strain 972 / ATCC 24843)	Fungi	297		0	False	5
P35381	Drosophila melanogaster	Metazoa	552		0	False	5
Q8N140	Homo sapiens	Metazoa	333		0	False	5
Q99LC3	Mus musculus	Metazoa	355		0	False	5
Q8WV28	Homo sapiens	Metazoa	456		0	False	5
A0A2H1VE33	Spodoptera frugiperda	Metazoa	332		0	False	5
J9VTB0	Cryptococcus neoformans var. grubii serotype A (strain H99 / ATCC 208821 / CBS 10515 / FGSC 9487)	Fungi	2106		0	False	5
Q91Z31	Mus musculus	Metazoa	531		0	False	5
Q00202	Emericella nidulans (strain FGSC A4 / ATCC 38163 / CBS 112.46 / NRRL 194 / M139)	Fungi	678		0	False	5
Q96LB2	Homo sapiens	Metazoa	322		0	True	5
O43865	Homo sapiens	Metazoa	530		0	False	5
Q8NEZ5	Homo sapiens	Metazoa	403		0	False	5
O43091	Schizosaccharomyces pombe (strain 972 / ATCC 24843)	Fungi	378		0	False	5
Q84JL7	Arabidopsis thaliana	Plants	330		0	False	5
Q13530	Homo sapiens	Metazoa	473		0	False	5
Q9NQX3	Homo sapiens	Metazoa	736		0	False	5
Q06667	Saccharomyces cerevisiae (strain ATCC 204508 / S288c)	Fungi	281		0	False	5
Q9M8S2	Arabidopsis thaliana	Plants	558		0	False	5
Q8S3U9	Arabidopsis thaliana	Plants	1090		0	False	5
P83111	Homo sapiens	Metazoa	547		0	False	5
Q924S8	Mus musculus	Metazoa	444		0	False	5
Q92546	Homo sapiens	Metazoa	391		0	False	5
Q8NI35	Homo sapiens	Metazoa	1801		0	False	5
Q8RXE9	Arabidopsis thaliana	Plants	408		0	False	5
Q9HGQ2	Schizosaccharomyces pombe (strain 972 / ATCC 24843)	Fungi	688		0	False	5
O65719	Arabidopsis thaliana	Plants	649		0	False	5
O74359	Schizosaccharomyces pombe (strain 972 / ATCC 24843)	Fungi	663		0	False	5
Q9UMS0	Homo sapiens	Metazoa	254		0	False	5
Q03460	Medicago sativa	Plants	2194		0	False	5
Q53H82	Homo sapiens	Metazoa	288		0	False	5
Q4ADV7	Homo sapiens	Metazoa	1423		0	False	5
A6BLW4	Oryza sativa subsp. japonica	Plants	246		0	False	5
Q10655	Caenorhabditis elegans	Metazoa	433		0	False	5
Q6VV64	Mus musculus	Metazoa	394		0	True	5
P42846	Saccharomyces cerevisiae (strain ATCC 204508 / S288c)	Fungi	591		0	False	5
Q7S300	Neurospora crassa (strain ATCC 24698 / 74-OR23-1A / CBS 708.71 / DSM 1257 / FGSC 987)	Fungi	138		0	False	5
Q93V66	Arabidopsis thaliana	Plants	226		0	False	5
P08646	Drosophila melanogaster	Metazoa	189		0	False	5
P04840	Saccharomyces cerevisiae (strain ATCC 204508 / S288c)	Fungi	283		0	False	5
C4LVG4	Entamoeba histolytica (strain ATCC 30459 / HM-1:IMSS / ABRM)	Other	138		0	False	5
Q8W4B1	Arabidopsis thaliana	Plants	652		0	False	5
Q95N27	Bos taurus	Metazoa	568		0	False	5
Q9JJG9	Mus musculus	Metazoa	693		0	False	5
O95760	Homo sapiens	Metazoa	270		0	False	5
P22516	Saccharomyces cerevisiae (strain ATCC 204508 / S288c)	Fungi	861		0	False	5
P41758	Chlamydomonas reinhardtii	Plants	461		0	False	5
Q12950	Homo sapiens	Metazoa	439		0	False	5
Q66K89	Homo sapiens	Metazoa	784		0	False	5
Q9Y6F1	Homo sapiens	Metazoa	533		0	False	5
O04017	Arabidopsis thaliana	Plants	375		0	False	5
P39525	Saccharomyces cerevisiae (strain ATCC 204508 / S288c)	Fungi	442		0	False	5
Q9FGT8	Arabidopsis thaliana	Plants	186		0	False	5
Q9HGN5	Schizosaccharomyces pombe (strain 972 / ATCC 24843)	Fungi	279		0	False	5
Q23357	Caenorhabditis elegans	Metazoa	668		0	False	5
Q96JB3	Homo sapiens	Metazoa	615		0	False	5
Q8K4D7	Mus musculus	Metazoa	647		0	False	5
P53172	Saccharomyces cerevisiae (strain ATCC 204508 / S288c)	Fungi	527		0	False	5
Q80TT2	Mus musculus	Metazoa	1150		0	False	5
Q6NXH3	Mus musculus	Metazoa	473		0	False	5
Q6NRW3	Xenopus laevis	Metazoa	199		0	False	5
P29083	Homo sapiens	Metazoa	439		0	False	5
Q8NI36	Homo sapiens	Metazoa	895		0	False	5
O49196	Arabidopsis thaliana	Plants	293		0	False	5
Q9H161	Homo sapiens	Metazoa	411		0	False	5
Q9GZQ8	Homo sapiens	Metazoa	125		0	False	5
Q6IZB5	Cricetulus griseus	Metazoa	316		0	True	5
Q01448	Saccharomyces cerevisiae (strain ATCC 204508 / S288c)	Fungi	625		0	False	5
Q90ZE2	Danio rerio	Metazoa	589		0	False	5
O42662	Schizosaccharomyces pombe (strain 972 / ATCC 24843)	Fungi	385		0	False	5
W8JWV8	Catharanthus roseus	Plants	378		0	False	5
P31001	Mus musculus	Metazoa	469		0	False	5
Q9JK83	Mus musculus	Metazoa	371		0	False	5
B5DFK7	Rattus norvegicus	Metazoa	320		0	False	5
O88898	Mus musculus	Metazoa	680		0	False	5
P53148	Saccharomyces cerevisiae (strain ATCC 204508 / S288c)	Fungi	917		0	False	5
P00047	Thermomyces lanuginosus	Fungi	111		0	False	5
Q9NXL9	Homo sapiens	Metazoa	1143		0	False	5
X5JA13	Arabidopsis thaliana	Plants	825		0	False	5
P38326	Saccharomyces cerevisiae (strain ATCC 204508 / S288c)	Fungi	303		0	False	5
Q2YDF6	Bos taurus	Metazoa	325		0	False	5
Q9UUB5	Schizosaccharomyces pombe (strain 972 / ATCC 24843)	Fungi	329		0	False	5
Q9LSW8	Arabidopsis thaliana	Plants	251		0	False	5
J9VI03	Cryptococcus neoformans var. grubii serotype A (strain H99 / ATCC 208821 / CBS 10515 / FGSC 9487)	Fungi	2377		0	False	5
P34164	Saccharomyces cerevisiae (strain ATCC 204508 / S288c)	Fungi	415		0	False	5
Q9BX68	Homo sapiens	Metazoa	163		0	False	5
Q6PIW4	Homo sapiens	Metazoa	674		0	False	5
P84076	Rattus norvegicus	Metazoa	193		0	False	5
Q9Y230	Homo sapiens	Metazoa	463		0	False	5
Q02870	Drosophila melanogaster	Metazoa	798		0	False	5
O15229	Homo sapiens	Metazoa	486		0	False	5
P20649	Arabidopsis thaliana	Plants	949		0	True	5
Q13585	Homo sapiens	Metazoa	617		0	True	5
P67809	Homo sapiens	Metazoa	324		0	False	5
F4IF36	Arabidopsis thaliana	Plants	1295		0	False	5
O35615	Mus musculus	Metazoa	995		0	False	5
Q9JM54	Mus musculus	Metazoa	103		0	False	5
Q6ZRY4	Homo sapiens	Metazoa	209		0	False	5
Q9R1K8	Rattus norvegicus	Metazoa	795		0	False	5
P40015	Saccharomyces cerevisiae (strain ATCC 204508 / S288c)	Fungi	477		0	False	5
O88813	Rattus norvegicus	Metazoa	683		0	True	5
Q8W4B2	Arabidopsis thaliana	Plants	333		0	False	5
Q9SXJ7	Arabidopsis thaliana	Plants	952		0	False	5
P63244	Homo sapiens	Metazoa	317		0	False	5
O95810	Homo sapiens	Metazoa	425		0	False	5
P20000	Bos taurus	Metazoa	520		0	False	5
Q9R059	Mus musculus	Metazoa	289		0	False	5
Q2VPU4	Mus musculus	Metazoa	917		0	False	5
Q652K4	Oryza sativa subsp. japonica	Plants	315		0	False	5
Q9SMM5	Arabidopsis thaliana	Plants	289		0	True	5
Q99MD6	Mus musculus	Metazoa	652		0	False	5
P48482	Arabidopsis thaliana	Plants	312		0	False	5
Q8WQX5	Trypanosoma brucei brucei	Other	976		0	False	5
Q8BWY7	Mus musculus	Metazoa	342		0	True	5
Q7SH52	Neurospora crassa (strain ATCC 24698 / 74-OR23-1A / CBS 708.71 / DSM 1257 / FGSC 987)	Fungi	1168		0	False	5
Q8LBB2	Arabidopsis thaliana	Plants	424		0	False	5
O01811	Caenorhabditis elegans	Metazoa	377		0	True	5
P45953	Rattus norvegicus	Metazoa	655		0	False	5
O43194	Homo sapiens	Metazoa	453		0	True	5
O75947	Homo sapiens	Metazoa	161		0	False	5
Q14CB8	Homo sapiens	Metazoa	494		0	False	5
P23293	Saccharomyces cerevisiae (strain ATCC 204508 / S288c)	Fungi	657		0	False	5
Q9H2G9	Homo sapiens	Metazoa	400		0	False	5
P09215	Rattus norvegicus	Metazoa	673		0	False	5
Q8K382	Mus musculus	Metazoa	1016		0	False	5
Q9P2K9	Homo sapiens	Metazoa	1392		0	True	5
P32776	Saccharomyces cerevisiae (strain ATCC 204508 / S288c)	Fungi	642		0	False	5
Q4WIN1	Aspergillus fumigatus (strain ATCC MYA-4609 / CBS 101355 / FGSC A1100 / Af293)	Fungi	988		0	False	5
Q8LJT8	Arabidopsis thaliana	Plants	743		0	False	5
Q02908	Saccharomyces cerevisiae (strain ATCC 204508 / S288c)	Fungi	557		0	False	5
Q9Y4W2	Homo sapiens	Metazoa	734		0	False	5
B0F9W3	Micropogonias undulatus	Metazoa	354		0	True	5
Q0JCC3	Oryza sativa subsp. japonica	Plants	560		0	False	5
Q9LL85	Solanum tuberosum	Plants	274		0	False	5
Q9SXZ2	Arabidopsis thaliana	Plants	175		0	False	5
G5EEG1	Caenorhabditis elegans	Metazoa	482		0	False	5
P21651	Saccharomyces cerevisiae (strain ATCC 204508 / S288c)	Fungi	314		0	False	5
P70396	Mus musculus	Metazoa	289		0	False	5
Q9D4J1	Mus musculus	Metazoa	240		0	False	5
Q21434	Caenorhabditis elegans	Metazoa	562		0	True	5
Q8GUK1	Arabidopsis thaliana	Plants	602		0	False	5
Q3E756	Saccharomyces cerevisiae (strain ATCC 204508 / S288c)	Fungi	94		0	False	5
P78508	Homo sapiens	Metazoa	379		0	True	5
P50258	Physarum polycephalum	Other	450		0	False	5
Q8L3X9	Arabidopsis thaliana	Plants	461		0	False	5
Q41009	Pisum sativum	Plants	310		0	False	5
Q05329	Homo sapiens	Metazoa	585		0	False	5
Q5TCQ9	Homo sapiens	Metazoa	1481		0	False	5
P46153	Rattus norvegicus	Metazoa	587		0	False	5
P53833	Saccharomyces cerevisiae (strain ATCC 204508 / S288c)	Fungi	195		0	False	5
P24522	Homo sapiens	Metazoa	165		0	False	5
P82094	Homo sapiens	Metazoa	1093		0	False	5
O44616	Caenorhabditis elegans	Metazoa	516		0	True	5
P0CT60	Schizosaccharomyces pombe (strain 972 / ATCC 24843)	Fungi	139		0	False	5
P52739	Homo sapiens	Metazoa	623		0	False	5
O70325	Mus musculus	Metazoa	197		0	False	5
Q5AJU7	Candida albicans (strain SC5314 / ATCC MYA-2876)	Fungi	499		0	False	5
Q9NQL2	Homo sapiens	Metazoa	400		0	False	5
Q8L8T7	Arabidopsis thaliana	Plants	246		0	False	5
Q9SIU0	Arabidopsis thaliana	Plants	623		0	False	5
P70581	Rattus norvegicus	Metazoa	585		0	False	5
Q9MZ03	Oryctolagus cuniculus	Metazoa	298		0	True	5
Q9NH52	Caenorhabditis elegans	Metazoa	898		0	False	5
Q8NCN2	Homo sapiens	Metazoa	500		0	False	5
Q0J7P4	Oryza sativa subsp. japonica	Plants	297		0	False	5
O94538	Schizosaccharomyces pombe (strain 972 / ATCC 24843)	Fungi	649		0	False	5
Q16853	Homo sapiens	Metazoa	763		0	True	5
P81558	Sus scrofa	Metazoa	171		0	False	5
P51649	Homo sapiens	Metazoa	535		0	False	5
G5EDN3	Caenorhabditis elegans	Metazoa	1353		0	False	5
Q16650	Homo sapiens	Metazoa	682		0	False	5
Q8BVR0	Mus musculus	Metazoa	90		0	False	5
O08590	Rattus norvegicus	Metazoa	763		0	True	5
P60602	Homo sapiens	Metazoa	79		0	True	5
Q93YU5	Arabidopsis thaliana	Plants	1053		0	False	5
Q9NX46	Homo sapiens	Metazoa	363		0	False	5
O35854	Rattus norvegicus	Metazoa	393		0	False	5
Q8JHI3	Danio rerio	Metazoa	407		0	False	5
Q9Z2E2	Mus musculus	Metazoa	636		0	False	5
Q8WUX2	Homo sapiens	Metazoa	184		0	False	5
P49796	Homo sapiens	Metazoa	1198		0	False	5
Q7PIR5	Anopheles gambiae	Metazoa	793		0	False	5
Q0J0G7	Oryza sativa subsp. japonica	Plants	282		0	False	5
Q9JIQ3	Mus musculus	Metazoa	237		0	False	5
Q9NSA0	Homo sapiens	Metazoa	550		0	True	5
Q96PU4	Homo sapiens	Metazoa	802		0	False	5
Q8GZR2	Euglena gracilis	Other	496		0	False	5
Q9ZNV8	Arabidopsis thaliana	Plants	156		0	False	5
P34314	Caenorhabditis elegans	Metazoa	965		0	False	5
O15182	Homo sapiens	Metazoa	167		0	False	5
Q13823	Homo sapiens	Metazoa	731		0	False	5
Q14872	Homo sapiens	Metazoa	753		0	False	5
P28804	Spinacia oleracea	Plants	57		0	False	5
P13621	Bos taurus	Metazoa	213		0	False	5
P85121	Panax ginseng	Plants	96		0	False	5
Q08746	Saccharomyces cerevisiae (strain ATCC 204508 / S288c)	Fungi	203		0	False	5
P07257	Saccharomyces cerevisiae (strain ATCC 204508 / S288c)	Fungi	368		0	False	5
Q7T0L4	Gallus gallus	Metazoa	329		0	False	5
Q9C5C8	Arabidopsis thaliana	Plants	202		0	False	5
Q9Y4X5	Homo sapiens	Metazoa	557		0	False	5
P12624	Bos taurus	Metazoa	333		0	False	5
Q9H7Z6	Homo sapiens	Metazoa	458		0	False	5
F5HIJ5	Neurospora crassa (strain ATCC 24698 / 74-OR23-1A / CBS 708.71 / DSM 1257 / FGSC 987)	Fungi	249		0	False	5
Q8VY88	Arabidopsis thaliana	Plants	175		0	False	5
Q03940	Saccharomyces cerevisiae (strain ATCC 204508 / S288c)	Fungi	463		0	False	5
Q9UT48	Schizosaccharomyces pombe (strain 972 / ATCC 24843)	Fungi	357		0	False	5
Q9NZC9	Homo sapiens	Metazoa	954		0	False	5
Q96I59	Homo sapiens	Metazoa	477		0	False	5
Q3TH73	Mus musculus	Metazoa	532		0	True	5
H2L0N8	Caenorhabditis elegans	Metazoa	370		0	False	5
Q9Y5S2	Homo sapiens	Metazoa	1711		0	False	5
Q8W2F3	Arabidopsis thaliana	Plants	430		0	False	5
Q6PHW0	Homo sapiens	Metazoa	289		0	True	5
P21243	Saccharomyces cerevisiae (strain ATCC 204508 / S288c)	Fungi	252		0	False	5
Q9USP9	Schizosaccharomyces pombe (strain 972 / ATCC 24843)	Fungi	589		0	False	5
P13393	Saccharomyces cerevisiae (strain ATCC 204508 / S288c)	Fungi	240		0	False	5
Q8BYF6	Mus musculus	Metazoa	611		0	True	5
O94751	Schizosaccharomyces pombe (strain 972 / ATCC 24843)	Fungi	1044		0	False	5
Q8IYD8	Homo sapiens	Metazoa	2048		0	False	5
P38870	Saccharomyces cerevisiae (strain ATCC 204508 / S288c)	Fungi	785		0	False	5
Q6P2H3	Homo sapiens	Metazoa	762		0	False	5
Q9D2V8	Mus musculus	Metazoa	456		0	True	5
P61982	Mus musculus	Metazoa	247		0	False	5
O17514	Caenorhabditis elegans	Metazoa	773		0	False	5
Q3UPW2	Mus musculus	Metazoa	391		0	False	5
O60171	Schizosaccharomyces pombe (strain 972 / ATCC 24843)	Fungi	215		0	False	5
P62280	Homo sapiens	Metazoa	158		0	False	5
P01583	Homo sapiens	Metazoa	271		0	False	5
Q8WWQ0	Homo sapiens	Metazoa	1821		0	False	5
Q91YM2	Mus musculus	Metazoa	1499		0	False	5
Q9VT57	Drosophila melanogaster	Metazoa	454		0	False	5
Q05343	Rattus norvegicus	Metazoa	467		0	False	5
Q9SND6	Arabidopsis thaliana	Plants	342		0	False	5
Q49A26	Homo sapiens	Metazoa	553		0	False	5
Q9GSF8	Euplotes aediculatus	Other	437		0	False	5
O74555	Schizosaccharomyces pombe (strain 972 / ATCC 24843)	Fungi	587		0	False	5
Q96AQ6	Homo sapiens	Metazoa	731		0	False	5
P22736	Homo sapiens	Metazoa	598		0	False	5
P17256	Rattus norvegicus	Metazoa	395		0	False	5
P48381	Mus musculus	Metazoa	749		0	False	5
G5EFF1	Caenorhabditis elegans	Metazoa	445		0	False	5
P69555	Triticum aestivum	Plants	73		0	True	5
Q9C9M7	Arabidopsis thaliana	Plants	348		0	False	5
Q9V6B9	Drosophila melanogaster	Metazoa	610		0	False	5
P47116	Saccharomyces cerevisiae (strain ATCC 204508 / S288c)	Fungi	818		0	False	5
P53076	Saccharomyces cerevisiae (strain ATCC 204508 / S288c)	Fungi	958		0	False	5
P07245	Saccharomyces cerevisiae (strain ATCC 204508 / S288c)	Fungi	946		0	False	5
Q8TD08	Homo sapiens	Metazoa	544		0	False	5
O70302	Mus musculus	Metazoa	217		0	False	5
P61965	Mus musculus	Metazoa	334		0	False	5
A0A140LI88	Mus musculus	Metazoa	1857		0	False	5
Q8R4C2	Mus musculus	Metazoa	606		0	False	5
Q9H0R6	Homo sapiens	Metazoa	528		0	False	5
Q8QFR4	Xenopus laevis	Metazoa	211		0	False	5
Q8WWM7	Homo sapiens	Metazoa	1075		0	False	5
Q54XG7	Dictyostelium discoideum	Other	1230		0	False	5
O23647	Arabidopsis thaliana	Plants	858		0	False	5
O95551	Homo sapiens	Metazoa	362		0	False	5
Q9CPV9	Mus musculus	Metazoa	347		0	True	5
Q9M9U5	Arabidopsis thaliana	Plants	382		0	False	5
O15541	Homo sapiens	Metazoa	343		0	False	5
P07275	Saccharomyces cerevisiae (strain ATCC 204508 / S288c)	Fungi	575		0	False	5
Q8RVC7	Chlamydomonas reinhardtii	Plants	411		0	False	5
Q9SNX8	Apium graveolens	Plants	496		0	False	5
Q9U7D5	Caenorhabditis elegans	Metazoa	611		0	True	5
P00411	Neurospora crassa (strain ATCC 24698 / 74-OR23-1A / CBS 708.71 / DSM 1257 / FGSC 987)	Fungi	250		0	True	5
O62140	Caenorhabditis elegans	Metazoa	674		0	False	5
P29549	Sterkiella nova	Other	495		0	False	5
P68036	Homo sapiens	Metazoa	154		0	False	5
P53140	Saccharomyces cerevisiae (strain ATCC 204508 / S288c)	Fungi	646		0	False	5
Q8TC71	Homo sapiens	Metazoa	538		0	False	5
Q6NQ72	Arabidopsis thaliana	Plants	288		0	False	5
P53333	Saccharomyces cerevisiae (strain ATCC 204508 / S288c)	Fungi	577		0	False	5
P41969	Mus musculus	Metazoa	429		0	False	5
Q949T8	Arabidopsis thaliana	Plants	497		0	False	5
Q08985	Saccharomyces cerevisiae (strain ATCC 204508 / S288c)	Fungi	325		0	False	5
Q7L5N1	Homo sapiens	Metazoa	327		0	False	5
P35192	Saccharomyces cerevisiae (strain ATCC 204508 / S288c)	Fungi	417		0	False	5
Q9WVG6	Mus musculus	Metazoa	608		0	False	5
Q9EPI8	Rattus norvegicus	Metazoa	374		0	False	5
P20659	Drosophila melanogaster	Metazoa	3726		0	False	5
Q08965	Saccharomyces cerevisiae (strain ATCC 204508 / S288c)	Fungi	1183		0	False	5
Q9LZR5	Arabidopsis thaliana	Plants	294		0	False	5
Q9UPN9	Homo sapiens	Metazoa	1127		0	False	5
Q13761	Homo sapiens	Metazoa	415		0	False	5
Q9QXK9	Mus musculus	Metazoa	374		0	False	5
Q9VLJ0	Drosophila melanogaster	Metazoa	151		0	False	5
P25293	Saccharomyces cerevisiae (strain ATCC 204508 / S288c)	Fungi	417		0	False	5
Q91X84	Mus musculus	Metazoa	619		0	False	5
Q8IPA1	Drosophila melanogaster	Metazoa	308		0	False	5
Q5T890	Homo sapiens	Metazoa	1550		0	False	5
Q8R0W1	Mus musculus	Metazoa	432		0	False	5
Q9C882	Arabidopsis thaliana	Plants	587		0	False	5
Q12018	Saccharomyces cerevisiae (strain ATCC 204508 / S288c)	Fungi	815		0	False	5
P25443	Saccharomyces cerevisiae (strain ATCC 204508 / S288c)	Fungi	254		0	False	5
Q9STF2	Arabidopsis thaliana	Plants	510		0	False	5
Q9P6M0	Schizosaccharomyces pombe (strain 972 / ATCC 24843)	Fungi	419		0	False	5
Q92785	Homo sapiens	Metazoa	391		0	False	5
P43657	Homo sapiens	Metazoa	344		0	True	5
P62772	Brassica napus	Plants	111		0	False	5
Q9H0F5	Homo sapiens	Metazoa	515		0	False	5
Q08562	Saccharomyces cerevisiae (strain ATCC 204508 / S288c)	Fungi	1619		0	False	5
P51943	Mus musculus	Metazoa	422		0	False	5
B3G515	Danio rerio	Metazoa	353		0	True	5
Q64J17	Arabidopsis thaliana	Plants	309		0	False	5
Q84JG2	Arabidopsis thaliana	Plants	469		0	False	5
A0A7J6KC99	Toxoplasma gondii	Other	7603		0	False	5
P13051	Homo sapiens	Metazoa	313		0	False	5
A0A087X1C5	Homo sapiens	Metazoa	515		0	True	5
Q3UZ18	Mus musculus	Metazoa	988		0	False	5
Q8BT35	Mus musculus	Metazoa	56		0	True	5
P14921	Homo sapiens	Metazoa	441		0	False	5
P56747	Homo sapiens	Metazoa	220		0	True	5
Q9VQ91	Drosophila melanogaster	Metazoa	576		0	False	5
Q99P99	Rattus norvegicus	Metazoa	1077		0	False	5
P50464	Caenorhabditis elegans	Metazoa	348		0	False	5
Q03760	Saccharomyces cerevisiae (strain ATCC 204508 / S288c)	Fungi	334		0	False	5
P43287	Arabidopsis thaliana	Plants	285		0	True	5
P70426	Mus musculus	Metazoa	219		0	False	5
Q9GZN7	Homo sapiens	Metazoa	287		0	False	5
P63166	Mus musculus	Metazoa	101		0	False	5
O88696	Mus musculus	Metazoa	272		0	False	5
Q84JU6	Arabidopsis thaliana	Plants	927		0	False	5
O76090	Homo sapiens	Metazoa	585		0	True	5
Q9P7H0	Schizosaccharomyces pombe (strain 972 / ATCC 24843)	Fungi	154		0	False	5
O15297	Homo sapiens	Metazoa	605		0	False	5
P50318	Arabidopsis thaliana	Plants	478		0	False	5
P40341	Saccharomyces cerevisiae (strain ATCC 204508 / S288c)	Fungi	825		0	False	5
Q6NQ54	Arabidopsis thaliana	Plants	115		0	False	5
Q8BIQ5	Mus musculus	Metazoa	580		0	False	5
Q9LZ60	Arabidopsis thaliana	Plants	115		0	False	5
P11913	Neurospora crassa (strain ATCC 24698 / 74-OR23-1A / CBS 708.71 / DSM 1257 / FGSC 987)	Fungi	476		0	False	5
Q6NZQ4	Mus musculus	Metazoa	1056		0	False	5
O48814	Arabidopsis thaliana	Plants	395		0	False	5
D3ZXW3	Rattus norvegicus	Metazoa	298		0	False	5
P02309	Saccharomyces cerevisiae (strain ATCC 204508 / S288c)	Fungi	103		0	False	5
Q12062	Aspergillus parasiticus (strain ATCC 56775 / NRRL 5862 / SRRC 143 / SU-1)	Fungi	643		0	False	5
Q9Y3B4	Homo sapiens	Metazoa	125		0	False	5
Q5Z8S0	Oryza sativa subsp. japonica	Plants	207		0	False	5
Q9HCK8	Homo sapiens	Metazoa	2581		0	False	5
P33322	Saccharomyces cerevisiae (strain ATCC 204508 / S288c)	Fungi	483		0	False	5
Q9CQJ2	Mus musculus	Metazoa	290		0	False	5
Q18807	Caenorhabditis elegans	Metazoa	339		0	True	5
P18289	Drosophila melanogaster	Metazoa	289		0	False	5
P03966	Mus musculus	Metazoa	462		0	False	5
P61088	Homo sapiens	Metazoa	152		0	False	5
Q02981	Saccharomyces cerevisiae (strain ATCC 204508 / S288c)	Fungi	657		0	False	5
Q13153	Homo sapiens	Metazoa	545		0	False	5
Q9FVX0	Arabidopsis thaliana	Plants	442		0	False	5
Q8GYX2	Arabidopsis thaliana	Plants	248		0	False	5
Q6TAS3	Solanum lycopersicum	Plants	902		0	False	5
Q9CA19	Arabidopsis thaliana	Plants	154		0	False	5
Q75NZ0	Pisum sativum	Plants	685		0	False	5
P39724	Saccharomyces cerevisiae (strain ATCC 204508 / S288c)	Fungi	118		0	False	5
P0DN34	Mus musculus	Metazoa	57		0	True	5
Q9UQ80	Homo sapiens	Metazoa	394		0	False	5
Q9Y4E8	Homo sapiens	Metazoa	981		0	False	5
Q13263	Homo sapiens	Metazoa	835		0	False	5
A2AA28	Mus musculus	Metazoa	253		0	False	5
Q01295	Drosophila melanogaster	Metazoa	727		0	False	5
Q02086	Homo sapiens	Metazoa	613		0	False	5
Q8C886	Mus musculus	Metazoa	610		0	False	5
Q7SEK9	Neurospora crassa (strain ATCC 24698 / 74-OR23-1A / CBS 708.71 / DSM 1257 / FGSC 987)	Fungi	163		0	False	5
P02251	Oryctolagus cuniculus	Metazoa	213		0	False	5
Q9BVJ6	Homo sapiens	Metazoa	771		0	False	5
Q9UUE4	Schizosaccharomyces pombe (strain 972 / ATCC 24843)	Fungi	432		0	False	5
P01854	Homo sapiens	Metazoa	546		0	False	5
P62797	Oncorhynchus mykiss	Metazoa	103		0	False	5
P0DJD4	Homo sapiens	Metazoa	496		0	False	5
P41143	Homo sapiens	Metazoa	372		0	True	5
P38922	Saccharomyces cerevisiae (strain ATCC 204508 / S288c)	Fungi	454		0	False	5
Q9C469	Schizosaccharomyces pombe (strain 972 / ATCC 24843)	Fungi	648		0	False	5
Q9H875	Homo sapiens	Metazoa	184		0	False	5
Q5A8K2	Candida albicans (strain SC5314 / ATCC MYA-2876)	Fungi	969		0	False	5
P07465	Ulva prolifera	Plants	98		0	False	5
P21620	Leishmania donovani	Other	514		0	False	5
P00158	Mus musculus	Metazoa	381		0	True	5
O43543	Homo sapiens	Metazoa	280		0	False	5
Q16513	Homo sapiens	Metazoa	984		0	False	5
Q01664	Homo sapiens	Metazoa	338		0	False	5
P53724	Saccharomyces cerevisiae (strain ATCC 204508 / S288c)	Fungi	139		0	False	5
Q9LD47	Arabidopsis thaliana	Plants	320		0	False	5
Q8IDM6	Plasmodium falciparum (isolate 3D7)	Other	422		0	True	5
Q10570	Homo sapiens	Metazoa	1443		0	False	5
Q9R002	Mus musculus	Metazoa	445		0	False	5
P62191	Homo sapiens	Metazoa	440		0	False	5
Q9H244	Homo sapiens	Metazoa	342		0	True	5
A8CVF3	Avicennia marina	Plants	195		0	False	5
O08575	Mus musculus	Metazoa	532		0	False	5
P41848	Caenorhabditis elegans	Metazoa	697		0	False	5
O23614	Arabidopsis thaliana	Plants	515		0	False	5
Q04637	Homo sapiens	Metazoa	1599		0	False	5
Q9UK80	Homo sapiens	Metazoa	565		0	False	5
Q9DBY8	Mus musculus	Metazoa	855		0	False	5
Q86YA3	Homo sapiens	Metazoa	2104		0	False	5
F4IN23	Arabidopsis thaliana	Plants	321		0	False	5
Q9YHE8	Danio rerio	Metazoa	560		0	False	5
Q6DBN4	Arabidopsis thaliana	Plants	253		0	True	5
Q6RET7	Medicago truncatula	Plants	523		0	False	5
Q8VDW4	Mus musculus	Metazoa	151		0	False	5
Q9H1R2	Homo sapiens	Metazoa	295		0	False	5
Q9NR00	Homo sapiens	Metazoa	106		0	False	5
Q9NPD3	Homo sapiens	Metazoa	245		0	False	5
Q8BUV3	Mus musculus	Metazoa	769		0	False	5
Q7K5K3	Drosophila melanogaster	Metazoa	365		0	False	5
O08574	Mus musculus	Metazoa	370		0	False	5
Q9NUL7	Homo sapiens	Metazoa	540		0	False	5
P27144	Homo sapiens	Metazoa	223		0	False	5
P91853	Caenorhabditis elegans	Metazoa	356		0	False	5
P23586	Arabidopsis thaliana	Plants	522		0	True	5
Q62440	Mus musculus	Metazoa	770		0	False	5
Q6JP77	Rattus norvegicus	Metazoa	353		0	False	5
O18757	Oryctolagus cuniculus	Metazoa	475		0	False	5
Q9BXY8	Homo sapiens	Metazoa	128		0	False	5
Q9Z1X9	Mus musculus	Metazoa	566		0	False	5
Q15436	Homo sapiens	Metazoa	765		0	False	5
Q944H2	Arabidopsis thaliana	Plants	391		0	False	5
Q9V535	Drosophila melanogaster	Metazoa	165		0	False	5
Q9Y3Q4	Homo sapiens	Metazoa	1203		0	False	5
O35433	Rattus norvegicus	Metazoa	838		0	False	5
Q501D2	Arabidopsis thaliana	Plants	572		0	False	5
Q15050	Homo sapiens	Metazoa	365		0	False	5
P06506	Spinacia oleracea	Plants	138		0	False	5
Q9HAV4	Homo sapiens	Metazoa	1204		0	False	5
P08181	Drosophila melanogaster	Metazoa	336		0	False	5
Q9BZY9	Homo sapiens	Metazoa	425		0	False	5
Q80VL1	Mus musculus	Metazoa	560		0	False	5
Q7SA88	Neurospora crassa (strain ATCC 24698 / 74-OR23-1A / CBS 708.71 / DSM 1257 / FGSC 987)	Fungi	439		0	False	5
B1AXD8	Mus musculus	Metazoa	201		0	False	5
Q99KP6	Mus musculus	Metazoa	504		0	False	5
Q8NBA8	Homo sapiens	Metazoa	298		0	False	5
P38634	Saccharomyces cerevisiae (strain ATCC 204508 / S288c)	Fungi	284		0	False	5
O95478	Homo sapiens	Metazoa	260		0	False	5
Q91ZD4	Mus musculus	Metazoa	521		0	False	5
P62784	Caenorhabditis elegans	Metazoa	103		0	False	5
A3BF39	Oryza sativa subsp. japonica	Plants	1067		0	False	5
P00311	Galdieria sulphuraria	Other	172		0	False	5
P31643	Rattus norvegicus	Metazoa	621		0	True	5
Q9SE43	Arabidopsis thaliana	Plants	842		0	False	5
Q810D1	Rattus norvegicus	Metazoa	196		0	False	5
Q9WU82	Rattus norvegicus	Metazoa	781		0	False	5
P51170	Homo sapiens	Metazoa	649		0	True	5
P14732	Gallus gallus	Metazoa	600		0	False	5
Q9FKB5	Arabidopsis thaliana	Plants	222		0	False	5
O49937	Spinacia oleracea	Plants	293		0	False	5
Q00711	Saccharomyces cerevisiae (strain ATCC 204508 / S288c)	Fungi	640		0	False	5
Q7TSD4	Mus musculus	Metazoa	393		0	False	5
Q9I9A7	Xenopus laevis	Metazoa	617		0	False	5
P38291	Saccharomyces cerevisiae (strain ATCC 204508 / S288c)	Fungi	140		0	False	5
Q7Z2W7	Homo sapiens	Metazoa	1104		0	False	5
P93740	Arabidopsis thaliana	Plants	280		0	False	5
Q7Z6K1	Homo sapiens	Metazoa	395		0	False	5
Q6H1V1	Mus musculus	Metazoa	669		0	True	5
G5EG86	Caenorhabditis elegans	Metazoa	394		0	False	5
Q9XIE2	Arabidopsis thaliana	Plants	1469		0	False	5
Q38HM4	Mus musculus	Metazoa	350		0	False	5
P32479	Saccharomyces cerevisiae (strain ATCC 204508 / S288c)	Fungi	840		0	False	5
Q9FXD6	Arabidopsis thaliana	Plants	521		0	False	5
P38127	Saccharomyces cerevisiae (strain ATCC 204508 / S288c)	Fungi	377		0	True	5
Q8L773	Arabidopsis thaliana	Plants	244		0	False	5
P97443	Mus musculus	Metazoa	490		0	False	5
Q06801	Solanum tuberosum	Plants	576		0	False	5
P50110	Saccharomyces cerevisiae (strain ATCC 204508 / S288c)	Fungi	327		0	True	5
K7QKH1	Humulus lupulus	Plants	393		0	False	5
Q13569	Homo sapiens	Metazoa	410		0	False	5
Q5VZI3	Homo sapiens	Metazoa	342		0	False	5
Q8W489	Arabidopsis thaliana	Plants	865		0	False	5
P05205	Drosophila melanogaster	Metazoa	206		0	False	5
Q8MSU4	Drosophila melanogaster	Metazoa	1165		0	False	5
O13959	Schizosaccharomyces pombe (strain 972 / ATCC 24843)	Fungi	107		0	False	5
Q9Y2G2	Homo sapiens	Metazoa	537		0	False	5
O74500	Schizosaccharomyces pombe (strain 972 / ATCC 24843)	Fungi	736		0	False	5
P47924	Arabidopsis thaliana	Plants	543		0	False	5
P00011	Canis lupus familiaris	Metazoa	105		0	False	5
Q60902	Mus musculus	Metazoa	907		0	False	5
Q15853	Homo sapiens	Metazoa	346		0	False	5
Q8NGH7	Homo sapiens	Metazoa	329		0	True	5
P32336	Saccharomyces cerevisiae (strain ATCC 204508 / S288c)	Fungi	851		0	False	5
O43427	Homo sapiens	Metazoa	364		0	False	5
P24864	Homo sapiens	Metazoa	410		0	False	5
Q9H5V7	Homo sapiens	Metazoa	419		0	False	5
Q9SAB4	Arabidopsis thaliana	Plants	405		0	False	5
P25613	Saccharomyces cerevisiae (strain ATCC 204508 / S288c)	Fungi	283		0	True	5
O74971	Schizosaccharomyces pombe (strain 972 / ATCC 24843)	Fungi	261		0	False	5
P35195	Saccharomyces cerevisiae (strain ATCC 204508 / S288c)	Fungi	104		0	False	5
P38271	Saccharomyces cerevisiae (strain ATCC 204508 / S288c)	Fungi	328		0	False	5
Q5VRM0	Oryza sativa subsp. japonica	Plants	91		0	False	5
Q8W493	Arabidopsis thaliana	Plants	369		0	False	5
Q8IWL8	Homo sapiens	Metazoa	128		0	False	5
Q9UBU7	Homo sapiens	Metazoa	674		0	False	5
P70062	Xenopus laevis	Metazoa	554		0	False	5
Q6ISB3	Homo sapiens	Metazoa	625		0	False	5
Q8CF60	Mus musculus	Metazoa	680		0	False	5
Q6NPP4	Arabidopsis thaliana	Plants	1050		0	False	5
O94489	Schizosaccharomyces pombe (strain 972 / ATCC 24843)	Fungi	1047		0	False	5
Q8N7B1	Homo sapiens	Metazoa	307		0	False	5
Q9LEB4	Nicotiana plumbaginifolia	Plants	409		0	False	5
Q9D1N4	Mus musculus	Metazoa	221		0	True	5
Q66WT7	Bos taurus	Metazoa	162		0	False	5
P39008	Saccharomyces cerevisiae (strain ATCC 204508 / S288c)	Fungi	433		0	False	5
Q7SC44	Neurospora crassa (strain ATCC 24698 / 74-OR23-1A / CBS 708.71 / DSM 1257 / FGSC 987)	Fungi	274		0	False	5
P55014	Mus musculus	Metazoa	1095		0	False	5
Q9SKY1	Arabidopsis thaliana	Plants	71		0	True	5
Q9W0I5	Drosophila melanogaster	Metazoa	251		0	False	5
P32559	Saccharomyces cerevisiae (strain ATCC 204508 / S288c)	Fungi	526		0	False	5
Q9UHK0	Homo sapiens	Metazoa	495		0	False	5
Q02959	Saccharomyces cerevisiae (strain ATCC 204508 / S288c)	Fungi	697		0	False	5
Q96DU9	Homo sapiens	Metazoa	382		0	False	5
Q01962	Komagataella pastoris	Fungi	713		0	False	5
Q9ER60	Mus musculus	Metazoa	1841		0	False	5
Q8RWN9	Arabidopsis thaliana	Plants	539		0	False	5
Q9UFF9	Homo sapiens	Metazoa	292		0	False	5
P17225	Mus musculus	Metazoa	555		0	False	5
Q9SKT0	Arabidopsis thaliana	Plants	300		0	False	5
E5KBU4	Physcomitrium patens	Plants	394		0	False	5
P46063	Homo sapiens	Metazoa	649		0	False	5
Q12082	Saccharomyces cerevisiae (strain ATCC 204508 / S288c)	Fungi	118		0	False	5
P10103	Bos taurus	Metazoa	215		0	False	5
Q9WTS4	Mus musculus	Metazoa	2731		0	False	5
Q19360	Caenorhabditis elegans	Metazoa	430		0	False	5
Q62233	Mus musculus	Metazoa	333		0	False	5
P35813	Homo sapiens	Metazoa	382		0	False	5
Q9NVX2	Homo sapiens	Metazoa	485		0	False	5
P68543	Homo sapiens	Metazoa	259		0	False	5
P05549	Homo sapiens	Metazoa	437		0	False	5
Q13351	Homo sapiens	Metazoa	362		0	False	5
Q03164	Homo sapiens	Metazoa	3969		0	False	5
P03910	Bos taurus	Metazoa	459		0	True	5
Q99MR6	Mus musculus	Metazoa	875		0	False	5
Q9SX85	Arabidopsis thaliana	Plants	887		0	False	5
Q9WUK6	Mus musculus	Metazoa	522		0	False	5
Q9WV30	Mus musculus	Metazoa	1534		0	False	5
O70200	Mus musculus	Metazoa	147		0	False	5
Q9FLQ4	Arabidopsis thaliana	Plants	464		0	False	5
Q1MTN9	Schizosaccharomyces pombe (strain 972 / ATCC 24843)	Fungi	544		0	False	5
Q07969	Rattus norvegicus	Metazoa	472		0	True	5
Q9FMM3	Arabidopsis thaliana	Plants	1714		0	False	5
A0A075TXZ1	Penicillium expansum	Fungi	324		0	False	5
P00420	Saccharomyces cerevisiae (strain ATCC 204508 / S288c)	Fungi	269		0	True	5
Q9FHD7	Arabidopsis thaliana	Plants	487		0	False	5
Q63210	Rattus norvegicus	Metazoa	379		0	False	5
O14818	Homo sapiens	Metazoa	248		0	False	5
Q03262	Saccharomyces cerevisiae (strain ATCC 204508 / S288c)	Fungi	622		0	False	5
Q9NY59	Homo sapiens	Metazoa	655		0	False	5
P53154	Saccharomyces cerevisiae (strain ATCC 204508 / S288c)	Fungi	560		0	True	5
Q9VR38	Drosophila melanogaster	Metazoa	528		0	False	5
Q8WU08	Homo sapiens	Metazoa	396		0	False	5
P26569	Arabidopsis thaliana	Plants	273		0	False	5
Q9LH52	Arabidopsis thaliana	Plants	325		0	False	5
Q01534	Homo sapiens	Metazoa	308		0	False	5
P47140	Saccharomyces cerevisiae (strain ATCC 204508 / S288c)	Fungi	327		0	False	5
P13073	Homo sapiens	Metazoa	169		0	False	5
Q96FV9	Homo sapiens	Metazoa	657		0	False	5
Q99714	Homo sapiens	Metazoa	261		0	False	5
Q94A84	Arabidopsis thaliana	Plants	487		0	False	5
P49802	Homo sapiens	Metazoa	495		0	False	5
Q9UP83	Homo sapiens	Metazoa	860		0	False	5
Q14916	Homo sapiens	Metazoa	467		0	True	5
P60710	Mus musculus	Metazoa	375		0	False	5
Q12172	Saccharomyces cerevisiae (strain ATCC 204508 / S288c)	Fungi	810		0	False	5
P39985	Saccharomyces cerevisiae (strain ATCC 204508 / S288c)	Fungi	1022		0	False	5
P27736	Triticum aestivum	Plants	615		0	False	5
Q9JLP1	Rattus norvegicus	Metazoa	346		0	False	5
A2CEI6	Danio rerio	Metazoa	1046		0	False	5
Q05917	Gallus gallus	Metazoa	289		0	False	5
Q9JLN9	Mus musculus	Metazoa	2549		0	False	5
O95568	Homo sapiens	Metazoa	372		0	False	5
Q04867	Saccharomyces cerevisiae (strain ATCC 204508 / S288c)	Fungi	317		0	False	5
A0AVK6	Homo sapiens	Metazoa	867		0	False	5
Q8GSA7	Arabidopsis thaliana	Plants	1032		0	False	5
Q9CR95	Mus musculus	Metazoa	275		0	False	5
P19145	Saccharomyces cerevisiae (strain ATCC 204508 / S288c)	Fungi	602		0	False	5
P30189	Drosophila melanogaster	Metazoa	972		0	False	5
O45717	Caenorhabditis elegans	Metazoa	293		0	False	5
Q9Y314	Homo sapiens	Metazoa	301		0	False	5
O44548	Caenorhabditis elegans	Metazoa	877		0	False	5
Q06188	Saccharomyces cerevisiae (strain ATCC 204508 / S288c)	Fungi	304		0	False	5
Q12063	Saccharomyces cerevisiae (strain ATCC 204508 / S288c)	Fungi	375		0	False	5
Q8GUU3	Arabidopsis thaliana	Plants	613		0	False	5
P0C6T3	Rattus norvegicus	Metazoa	269		0	True	5
Q9BSH4	Homo sapiens	Metazoa	297		0	False	5
Q12242	Saccharomyces cerevisiae (strain ATCC 204508 / S288c)	Fungi	671		0	False	5
Q14318	Homo sapiens	Metazoa	412		0	False	5
Q8BKC5	Mus musculus	Metazoa	1097		0	False	5
P23347	Rattus norvegicus	Metazoa	1234		0	False	5
Q8N196	Homo sapiens	Metazoa	739		0	False	5
P0C0S5	Homo sapiens	Metazoa	128		0	False	5
P25046	Saccharomyces cerevisiae (strain ATCC 204508 / S288c)	Fungi	220		0	False	5
O49931	Pisum sativum	Plants	553		0	False	5
Q9HGP4	Schizosaccharomyces pombe (strain 972 / ATCC 24843)	Fungi	727		0	False	5
Q80TS7	Mus musculus	Metazoa	710		0	False	5
B8B2R4	Oryza sativa subsp. indica	Plants	377		0	False	5
Q92522	Homo sapiens	Metazoa	213		0	False	5
Q9Z0P7	Mus musculus	Metazoa	484		0	False	5
P00077	Strigomonas oncopelti	Other	113		0	False	5
Q01663	Schizosaccharomyces pombe (strain 972 / ATCC 24843)	Fungi	552		0	False	5
O35987	Rattus norvegicus	Metazoa	370		0	False	5
P30556	Homo sapiens	Metazoa	359		0	True	5
P09547	Saccharomyces cerevisiae (strain ATCC 204508 / S288c)	Fungi	1314		0	False	5
Q3UZP0	Mus musculus	Metazoa	555		0	False	5
Q9UKK3	Homo sapiens	Metazoa	1724		0	False	5
Q17635	Caenorhabditis elegans	Metazoa	590		0	False	5
O64530	Arabidopsis thaliana	Plants	379		0	False	5
B8ZXI1	Mus musculus	Metazoa	415		0	False	5
Q9USQ7	Schizosaccharomyces pombe (strain 972 / ATCC 24843)	Fungi	606		0	False	5
Q93654	Caenorhabditis elegans	Metazoa	245		0	False	5
P15108	Saccharomyces cerevisiae (strain ATCC 204508 / S288c)	Fungi	705		0	False	5
Q96GQ7	Homo sapiens	Metazoa	765		0	False	5
Q9ZP06	Arabidopsis thaliana	Plants	341		0	False	5
P78348	Homo sapiens	Metazoa	528		0	True	5
Q0PNE2	Homo sapiens	Metazoa	266		0	False	5
Q9NYW8	Homo sapiens	Metazoa	714		0	False	5
P14832	Saccharomyces cerevisiae (strain ATCC 204508 / S288c)	Fungi	162		0	False	5
Q66JW3	Mus musculus	Metazoa	526		0	False	5
O14558	Homo sapiens	Metazoa	160		0	False	5
O00623	Homo sapiens	Metazoa	359		0	True	5
Q5T197	Homo sapiens	Metazoa	706		0	True	5
P38769	Saccharomyces cerevisiae (strain ATCC 204508 / S288c)	Fungi	630		0	False	5
Q61985	Mus musculus	Metazoa	741		0	True	5
A2WQE4	Oryza sativa subsp. indica	Plants	333		0	False	5
P68104	Homo sapiens	Metazoa	462		0	False	5
P43605	Saccharomyces cerevisiae (strain ATCC 204508 / S288c)	Fungi	281		0	False	5
Q68FX6	Rattus norvegicus	Metazoa	390		0	False	5
O42709	Schizosaccharomyces pombe (strain 972 / ATCC 24843)	Fungi	593		0	False	5
P43363	Homo sapiens	Metazoa	369		0	False	5
O94609	Schizosaccharomyces pombe (strain 972 / ATCC 24843)	Fungi	1012		0	False	5
Q8VEK0	Mus musculus	Metazoa	364		0	True	5
P53985	Homo sapiens	Metazoa	500		0	True	5
P32897	Saccharomyces cerevisiae (strain ATCC 204508 / S288c)	Fungi	222		0	True	5
P08994	Tetrahymena thermophila (strain SB210)	Other	122		0	False	5
D4AE48	Rattus norvegicus	Metazoa	505		0	False	5
P11234	Homo sapiens	Metazoa	206		0	False	5
Q9ZPV5	Arabidopsis thaliana	Plants	764		0	False	5
P06780	Saccharomyces cerevisiae (strain ATCC 204508 / S288c)	Fungi	209		0	False	5
A2RVJ8	Arabidopsis thaliana	Plants	434		0	False	5
Q42522	Arabidopsis thaliana	Plants	472		0	False	5
P40185	Saccharomyces cerevisiae (strain ATCC 204508 / S288c)	Fungi	145		0	False	5
O88910	Mus musculus	Metazoa	568		0	False	5
Q17381	Caenorhabditis elegans	Metazoa	506		0	False	5
Q9M2N5	Arabidopsis thaliana	Plants	696		0	False	5
Q84VG7	Arabidopsis thaliana	Plants	587		0	False	5
Q9VA37	Drosophila melanogaster	Metazoa	187		0	False	5
Q8VY80	Arabidopsis thaliana	Plants	147		0	False	5
Q9LV10	Arabidopsis thaliana	Plants	616		0	True	5
Q5VWP2	Homo sapiens	Metazoa	391		0	False	5
Q6UB98	Homo sapiens	Metazoa	2062		0	False	5
Q04347	Saccharomyces cerevisiae (strain ATCC 204508 / S288c)	Fungi	519		0	False	5
Q13112	Homo sapiens	Metazoa	559		0	False	5
Q00947	Saccharomyces cerevisiae (strain ATCC 204508 / S288c)	Fungi	519		0	False	5
P82650	Homo sapiens	Metazoa	360		0	False	5
Q06164	Saccharomyces cerevisiae (strain ATCC 204508 / S288c)	Fungi	1454		0	False	5
Q9UI43	Homo sapiens	Metazoa	246		0	False	5
Q10148	Schizosaccharomyces pombe (strain 972 / ATCC 24843)	Fungi	254		0	False	5
Q3KRA9	Homo sapiens	Metazoa	238		0	False	5
P62879	Homo sapiens	Metazoa	340		0	False	5
Q9SZU7	Arabidopsis thaliana	Plants	270		0	False	5
Q9H0E9	Homo sapiens	Metazoa	1235		0	False	5
P70536	Rattus norvegicus	Metazoa	388		0	True	5
Q5VVY1	Homo sapiens	Metazoa	283		0	False	5
Q9NYT0	Homo sapiens	Metazoa	353		0	False	5
P34897	Homo sapiens	Metazoa	504		0	False	5
Q4Z1L3	Plasmodium berghei (strain Anka)	Other	376		0	False	5
Q8K585	Rattus norvegicus	Metazoa	107		0	False	5
Q9FJX3	Arabidopsis thaliana	Plants	276		0	False	5
Q9I7I0	Drosophila melanogaster	Metazoa	575		0	False	5
P35498	Homo sapiens	Metazoa	2009		0	False	5
Q14254	Homo sapiens	Metazoa	428		0	False	5
Q9NX14	Homo sapiens	Metazoa	153		0	True	5
O88532	Mus musculus	Metazoa	1074		0	False	5
Q9JM01	Rattus norvegicus	Metazoa	593		0	False	5
P36144	Saccharomyces cerevisiae (strain ATCC 204508 / S288c)	Fungi	274		0	False	5
O74876	Schizosaccharomyces pombe (strain 972 / ATCC 24843)	Fungi	357		0	False	5
Q9ASW3	Arabidopsis thaliana	Plants	471		0	False	5
Q6Q0C1	Homo sapiens	Metazoa	308		0	True	5
F4IV16	Arabidopsis thaliana	Plants	267		0	False	5
A3BK75	Oryza sativa subsp. japonica	Plants	482		0	False	5
P41846	Caenorhabditis elegans	Metazoa	1009		0	False	5
P40477	Saccharomyces cerevisiae (strain ATCC 204508 / S288c)	Fungi	1460		0	False	5
P23512	Rattus norvegicus	Metazoa	466		0	False	5
Q86VI4	Homo sapiens	Metazoa	317		0	False	5
Q9H422	Homo sapiens	Metazoa	1215		0	False	5
Q96QZ7	Homo sapiens	Metazoa	1491		0	False	5
Q03468	Homo sapiens	Metazoa	1493		0	False	5
Q32MQ0	Homo sapiens	Metazoa	723		0	False	5
P46939	Homo sapiens	Metazoa	3433		0	False	5
Q80ZD3	Mus musculus	Metazoa	593		0	True	5
Q9EQN3	Mus musculus	Metazoa	387		0	False	5
P82264	Chaenocephalus aceratus	Metazoa	504		0	False	5
P31161	Caenorhabditis elegans	Metazoa	221		0	False	5
Q8RWD5	Arabidopsis thaliana	Plants	577		0	False	5
P53123	Saccharomyces cerevisiae (strain ATCC 204508 / S288c)	Fungi	320		0	False	5
Q9Z2C4	Mus musculus	Metazoa	669		0	False	5
Q92620	Homo sapiens	Metazoa	1227		0	False	5
P29465	Saccharomyces cerevisiae (strain ATCC 204508 / S288c)	Fungi	1165		0	False	5
Q7TPF1	Rattus norvegicus	Metazoa	97		0	True	5
O94687	Schizosaccharomyces pombe (strain 972 / ATCC 24843)	Fungi	549		0	False	5
Q96TC7	Homo sapiens	Metazoa	470		0	True	5
Q9URX7	Schizosaccharomyces pombe (strain 972 / ATCC 24843)	Fungi	340		0	False	5
O15145	Homo sapiens	Metazoa	178		0	False	5
Q9BZZ5	Homo sapiens	Metazoa	524		0	False	5
P34080	Rattus norvegicus	Metazoa	271		0	True	5
O04249	Arabidopsis thaliana	Plants	513		0	True	5
P39551	Saccharomyces cerevisiae (strain ATCC 204508 / S288c)	Fungi	298		0	False	5
Q9XZT7	Drosophila melanogaster	Metazoa	146		0	False	5
Q09555	Caenorhabditis elegans	Metazoa	805		0	False	5
Q4FX73	Leishmania major	Other	264		0	False	5
Q6FN94	Candida glabrata (strain ATCC 2001 / BCRC 20586 / JCM 3761 / NBRC 0622 / NRRL Y-65 / CBS 138)	Fungi	499		0	False	5
Q8N884	Homo sapiens	Metazoa	522		0	False	5
Q96PZ0	Homo sapiens	Metazoa	661		0	False	5
O88477	Mus musculus	Metazoa	577		0	False	5
O13807	Schizosaccharomyces pombe (strain 972 / ATCC 24843)	Fungi	1072		0	False	5
O02115	Caenorhabditis elegans	Metazoa	263		0	False	5
P14893	Bos taurus	Metazoa	373		0	False	5
P91278	Caenorhabditis elegans	Metazoa	362		0	False	5
Q8VY27	Arabidopsis thaliana	Plants	636		0	False	5
Q330K2	Homo sapiens	Metazoa	333		0	False	5
Q08462	Homo sapiens	Metazoa	1091		0	True	5
Q9UDR5	Homo sapiens	Metazoa	926		0	False	5
Q8VYJ1	Arabidopsis thaliana	Plants	560		0	True	5
Q8VWK4	Arabidopsis thaliana	Plants	300		0	False	5
Q91898	Xenopus laevis	Metazoa	187		0	False	5
O95665	Homo sapiens	Metazoa	410		0	True	5
P91027	Caenorhabditis elegans	Metazoa	338		0	False	5
P49906	Drosophila melanogaster	Metazoa	196		0	False	5
Q07896	Saccharomyces cerevisiae (strain ATCC 204508 / S288c)	Fungi	663		0	False	5
Q9FK88	Arabidopsis thaliana	Plants	617		0	False	5
Q01992	Rattus norvegicus	Metazoa	710		0	False	5
Q923D5	Mus musculus	Metazoa	641		0	False	5
Q08285	Saccharomyces cerevisiae (strain ATCC 204508 / S288c)	Fungi	240		0	False	5
Q9LXR9	Arabidopsis thaliana	Plants	348		0	False	5
P56693	Homo sapiens	Metazoa	466		0	False	5
O94301	Schizosaccharomyces pombe (strain 972 / ATCC 24843)	Fungi	339		0	False	5
Q8WVT3	Homo sapiens	Metazoa	735		0	False	5
O75940	Homo sapiens	Metazoa	238		0	False	5
A4IFH6	Bos taurus	Metazoa	52		0	True	5
P54098	Homo sapiens	Metazoa	1239		0	False	5
Q9SAZ5	Arabidopsis thaliana	Plants	155		0	False	5
Q8TAC2	Homo sapiens	Metazoa	188		0	False	5
Q91YT7	Mus musculus	Metazoa	579		0	False	5
P45896	Caenorhabditis elegans	Metazoa	393		0	False	5
O14979	Homo sapiens	Metazoa	420		0	False	5
P25992	Drosophila melanogaster	Metazoa	1002		0	False	5
P32526	Saccharomyces cerevisiae (strain ATCC 204508 / S288c)	Fungi	644		0	False	5
Q09739	Schizosaccharomyces pombe (strain 972 / ATCC 24843)	Fungi	210		0	False	5
P41139	Mus musculus	Metazoa	161		0	False	5
Q9ZV02	Arabidopsis thaliana	Plants	258		0	True	5
Q94JM3	Arabidopsis thaliana	Plants	859		0	False	5
P13275	Scyliorhinus canicula	Metazoa	87		0	False	5
O57342	Coturnix japonica	Metazoa	286		0	False	5
P25008	Drosophila melanogaster	Metazoa	267		0	False	5
P02991	Euglena gracilis	Other	409		0	False	5
Q9NWW0	Homo sapiens	Metazoa	138		0	False	5
Q94EH2	Arabidopsis thaliana	Plants	210		0	True	5
Q9CA67	Arabidopsis thaliana	Plants	467		0	False	5
Q91WK7	Mus musculus	Metazoa	299		0	False	5
P36014	Saccharomyces cerevisiae (strain ATCC 204508 / S288c)	Fungi	167		0	False	5
P49880	Aedes aegypti	Metazoa	776		0	False	5
Q9MAM1	Arabidopsis thaliana	Plants	447		0	False	5
Q91ZX6	Mus musculus	Metazoa	588		0	False	5
Q58F21	Homo sapiens	Metazoa	947		0	False	5
Q9NZM5	Homo sapiens	Metazoa	478		0	False	5
P27882	Saccharomyces cerevisiae (strain ATCC 204508 / S288c)	Fungi	189		0	False	5
O89050	Mus musculus	Metazoa	735		0	False	5
Q9CA59	Arabidopsis thaliana	Plants	256		0	False	5
Q0E7J7	Schizosaccharomyces pombe (strain 972 / ATCC 24843)	Fungi	325		0	False	5
Q12873	Homo sapiens	Metazoa	2000		0	False	5
Q5THR3	Homo sapiens	Metazoa	1501		0	False	5
P40154	Saccharomyces cerevisiae (strain ATCC 204508 / S288c)	Fungi	320		0	False	5
Q3UHH1	Mus musculus	Metazoa	1832		0	False	5
O14122	Schizosaccharomyces pombe (strain 972 / ATCC 24843)	Fungi	734		0	False	5
P22803	Saccharomyces cerevisiae (strain ATCC 204508 / S288c)	Fungi	104		0	False	5
P53096	Saccharomyces cerevisiae (strain ATCC 204508 / S288c)	Fungi	452		0	False	5
P51791	Mus musculus	Metazoa	818		0	False	5
Q8MUF9	Dictyostelium discoideum	Other	649		0	False	5
P49375	Kluyveromyces lactis (strain ATCC 8585 / CBS 2359 / DSM 70799 / NBRC 1267 / NRRL Y-1140 / WM37)	Fungi	548		0	False	5
Q8NHV9	Homo sapiens	Metazoa	184		0	False	5
Q93Z53	Arabidopsis thaliana	Plants	571		0	False	5
Q9FKW4	Arabidopsis thaliana	Plants	523		0	False	5
Q8VYS2	Arabidopsis thaliana	Plants	890		0	False	5
Q8H1E7	Arabidopsis thaliana	Plants	754		0	False	5
O95104	Homo sapiens	Metazoa	1147		0	False	5
Q8W420	Arabidopsis thaliana	Plants	611		0	False	5
Q3UNX5	Mus musculus	Metazoa	580		0	False	5
P83372	Fragaria ananassa	Plants	469		0	False	5
Q64525	Mus musculus	Metazoa	126		0	False	5
Q63934	Mus musculus	Metazoa	411		0	False	5
Q8BGW1	Mus musculus	Metazoa	502		0	False	5
Q9NR20	Homo sapiens	Metazoa	520		0	False	5
Q12164	Saccharomyces cerevisiae (strain ATCC 204508 / S288c)	Fungi	279		0	True	5
P29344	Spinacia oleracea	Plants	411		0	False	5
Q9NY61	Homo sapiens	Metazoa	560		0	False	5
P22138	Saccharomyces cerevisiae (strain ATCC 204508 / S288c)	Fungi	1203		0	False	5
P04179	Homo sapiens	Metazoa	222		0	False	5
P47999	Arabidopsis thaliana	Plants	392		0	False	5
P43138	Rattus norvegicus	Metazoa	317		0	False	5
Q03343	Rattus norvegicus	Metazoa	1166		0	False	5
Q24246	Drosophila melanogaster	Metazoa	663		0	False	5
Q9JKD3	Mus musculus	Metazoa	235		0	True	5
Q08282	Saccharomyces cerevisiae (strain ATCC 204508 / S288c)	Fungi	695		0	False	5
Q39081	Arabidopsis thaliana	Plants	255		0	False	5
Q92482	Homo sapiens	Metazoa	292		0	True	5
Q9Y6D0	Homo sapiens	Metazoa	94		0	True	5
Q9VKJ3	Drosophila melanogaster	Metazoa	1411		0	False	5
P40968	Saccharomyces cerevisiae (strain ATCC 204508 / S288c)	Fungi	455		0	False	5
P32260	Spinacia oleracea	Plants	383		0	False	5
Q9S841	Arabidopsis thaliana	Plants	331		0	False	5
Q9UMX1	Homo sapiens	Metazoa	484		0	False	5
Q8N4T4	Homo sapiens	Metazoa	335		0	False	5
P34241	Saccharomyces cerevisiae (strain ATCC 204508 / S288c)	Fungi	1764		0	False	5
Q9ZU52	Arabidopsis thaliana	Plants	391		0	False	5
P82162	Spinacia oleracea	Plants	195		0	False	5
O55028	Mus musculus	Metazoa	412		0	False	5
Q9SGA2	Arabidopsis thaliana	Plants	361		0	False	5
P61604	Homo sapiens	Metazoa	102		0	False	5
P52792	Mus musculus	Metazoa	465		0	False	5
P14866	Homo sapiens	Metazoa	589		0	False	5
O13826	Schizosaccharomyces pombe (strain 972 / ATCC 24843)	Fungi	254		0	False	5
Q9XF59	Zea mays	Plants	289		0	True	5
O88382	Rattus norvegicus	Metazoa	1277		0	False	5
Q9ZVP5	Arabidopsis thaliana	Plants	339		0	False	5
O60182	Schizosaccharomyces pombe (strain 972 / ATCC 24843)	Fungi	934		0	False	5
Q8IZL9	Homo sapiens	Metazoa	346		0	False	5
Q867Z4	Drosophila melanogaster	Metazoa	970		0	False	5
Q9NUQ6	Homo sapiens	Metazoa	558		0	False	5
Q9VLL3	Drosophila melanogaster	Metazoa	753		0	False	5
P0CV94	Fragaria ananassa	Plants	519		0	False	5
Q07343	Homo sapiens	Metazoa	736		0	False	5
Q96327	Arabidopsis thaliana	Plants	392		0	False	5
Q9XH32	Spinacia oleracea	Plants	222		0	False	5
Q9VVR6	Drosophila melanogaster	Metazoa	196		0	False	5
P24100	Arabidopsis thaliana	Plants	294		0	False	5
P03871	Saccharomyces cerevisiae (strain ATCC 204508 / S288c)	Fungi	373		0	False	5
Q9NTU4	Homo sapiens	Metazoa	200		0	False	5
P08466	Saccharomyces cerevisiae (strain ATCC 204508 / S288c)	Fungi	329		0	False	5
Q9XPJ9	Dictyostelium discoideum	Other	519		0	False	5
Q5BJX1	Rattus norvegicus	Metazoa	134		0	False	5
Q10101	Schizosaccharomyces pombe (strain 972 / ATCC 24843)	Fungi	195		0	False	5
Q64028	Mus musculus	Metazoa	1010		0	False	5
Q8MUJ1	Drosophila melanogaster	Metazoa	415		0	True	5
O95777	Homo sapiens	Metazoa	96		0	False	5
P10795	Arabidopsis thaliana	Plants	180		0	False	5
Q9JJ09	Rattus norvegicus	Metazoa	695		0	False	5
Q9JKL7	Rattus norvegicus	Metazoa	494		0	False	5
P0CX37	Saccharomyces cerevisiae (strain ATCC 204508 / S288c)	Fungi	236		0	False	5
P28239	Saccharomyces cerevisiae (strain ATCC 204508 / S288c)	Fungi	310		0	False	5
P83525	Scopolia japonica	Plants	97		0	False	5
Q337M4	Oryza sativa subsp. japonica	Plants	364		0	False	5
Q8CIW6	Mus musculus	Metazoa	758		0	False	5
Q9BYD1	Homo sapiens	Metazoa	178		0	False	5
F4KAV2	Arabidopsis thaliana	Plants	442		0	False	5
Q16555	Homo sapiens	Metazoa	572		0	False	5
Q09728	Schizosaccharomyces pombe (strain 972 / ATCC 24843)	Fungi	411		0	False	5
Q76PC4	Schizosaccharomyces pombe (strain 972 / ATCC 24843)	Fungi	562		0	False	5
Q8JZQ2	Mus musculus	Metazoa	802		0	False	5
Q9Y6H1	Homo sapiens	Metazoa	151		0	False	5
Q14680	Homo sapiens	Metazoa	651		0	False	5
Q9UPW5	Homo sapiens	Metazoa	1226		0	False	5
B9EJG8	Homo sapiens	Metazoa	249		0	True	5
P43896	Bos taurus	Metazoa	338		0	False	5
Q9P7S6	Schizosaccharomyces pombe (strain 972 / ATCC 24843)	Fungi	274		0	False	5
O75185	Homo sapiens	Metazoa	946		0	False	5
P46938	Mus musculus	Metazoa	488		0	False	5
C4R3D4	Komagataella phaffii (strain GS115 / ATCC 20864)	Fungi	461		0	True	5
P53327	Saccharomyces cerevisiae (strain ATCC 204508 / S288c)	Fungi	1967		0	False	5
P48837	Saccharomyces cerevisiae (strain ATCC 204508 / S288c)	Fungi	541		0	False	5
P13864	Mus musculus	Metazoa	1620		0	False	5
Q8WUM9	Homo sapiens	Metazoa	679		0	True	5
Q53GL7	Homo sapiens	Metazoa	1025		0	False	5
Q19087	Caenorhabditis elegans	Metazoa	470		0	False	5
Q66JZ4	Mus musculus	Metazoa	499		0	False	5
G5ECU7	Caenorhabditis elegans	Metazoa	319		0	False	5
P57743	Saccharomyces cerevisiae (strain ATCC 204508 / S288c)	Fungi	89		0	False	5
Q9NX20	Homo sapiens	Metazoa	251		0	False	5
P38324	Saccharomyces cerevisiae (strain ATCC 204508 / S288c)	Fungi	304		0	False	5
Q96RQ1	Homo sapiens	Metazoa	377		0	True	5
Q8TDR4	Homo sapiens	Metazoa	215		0	False	5
P68428	Triticum aestivum	Plants	136		0	False	5
Q9LXX5	Arabidopsis thaliana	Plants	262		0	False	5
Q9LIR6	Arabidopsis thaliana	Plants	575		0	False	5
Q9VL25	Drosophila melanogaster	Metazoa	694		0	False	5
Q6DBR6	Danio rerio	Metazoa	334		0	False	5
P10852	Mus musculus	Metazoa	526		0	True	5
P33759	Saccharomyces cerevisiae (strain ATCC 204508 / S288c)	Fungi	307		0	False	5
O88895	Mus musculus	Metazoa	428		0	False	5
P56485	Mus musculus	Metazoa	362		0	True	5
Q8WYP5	Homo sapiens	Metazoa	2266		0	False	5
Q92731	Homo sapiens	Metazoa	530		0	False	5
P31111	Saccharomyces cerevisiae (strain ATCC 204508 / S288c)	Fungi	875		0	False	5
P00431	Saccharomyces cerevisiae (strain ATCC 204508 / S288c)	Fungi	361		0	False	5
Q8NI27	Homo sapiens	Metazoa	1593		0	False	5
Q9HGL6	Schizosaccharomyces pombe (strain 972 / ATCC 24843)	Fungi	295		0	False	5
Q9PW38	Gallus gallus	Metazoa	736		0	False	5
Q9XI73	Arabidopsis thaliana	Plants	190		0	False	5
Q6GQQ9	Homo sapiens	Metazoa	843		0	False	5
Q61624	Mus musculus	Metazoa	794		0	False	5
Q94AX2	Arabidopsis thaliana	Plants	277		0	False	5
Q9JIX9	Mus musculus	Metazoa	511		0	False	5
P08046	Mus musculus	Metazoa	533		0	False	5
P82412	Spinacia oleracea	Plants	179		0	False	5
P13796	Homo sapiens	Metazoa	627		0	False	5
O13777	Schizosaccharomyces pombe (strain 972 / ATCC 24843)	Fungi	217		0	False	5
Q9BVL4	Homo sapiens	Metazoa	669		0	False	5
P14712	Arabidopsis thaliana	Plants	1122		0	False	5
Q14CW9	Homo sapiens	Metazoa	347		0	False	5
O60502	Homo sapiens	Metazoa	916		0	False	5
P25294	Saccharomyces cerevisiae (strain ATCC 204508 / S288c)	Fungi	352		0	False	5
Q9H0D6	Homo sapiens	Metazoa	950		0	False	5
Q9LIK9	Arabidopsis thaliana	Plants	463		0	False	5
Q695T7	Homo sapiens	Metazoa	634		0	True	5
P68163	Datura inoxia	Plants	97		0	False	5
O01367	Drosophila melanogaster	Metazoa	405		0	False	5
P32591	Saccharomyces cerevisiae (strain ATCC 204508 / S288c)	Fungi	825		0	False	5
Q13829	Homo sapiens	Metazoa	316		0	False	5
Q9Y421	Homo sapiens	Metazoa	112		0	False	5
Q96B01	Homo sapiens	Metazoa	352		0	False	5
Q9GZN0	Homo sapiens	Metazoa	384		0	True	5
C8KI33	Arabidopsis thaliana	Plants	646		0	False	5
Q9EQ61	Mus musculus	Metazoa	584		0	False	5
P83876	Homo sapiens	Metazoa	142		0	False	5
Q96P20	Homo sapiens	Metazoa	1036		0	False	5
P36161	Saccharomyces cerevisiae (strain ATCC 204508 / S288c)	Fungi	1157		0	False	5
Q63844	Mus musculus	Metazoa	380		0	False	5
Q9ATB4	Arabidopsis thaliana	Plants	487		0	False	5
P0DJH6	Gallus gallus	Metazoa	76		0	False	5
Q5ZEF1	Oryza sativa subsp. japonica	Plants	127		0	False	5
Q9D5P4	Mus musculus	Metazoa	561		0	False	5
P17612	Homo sapiens	Metazoa	351		0	False	5
P52190	Rattus norvegicus	Metazoa	446		0	True	5
Q99383	Saccharomyces cerevisiae (strain ATCC 204508 / S288c)	Fungi	534		0	False	5
Q03718	Saccharomyces cerevisiae (strain ATCC 204508 / S288c)	Fungi	556		0	False	5
Q8L627	Arabidopsis thaliana	Plants	375		0	False	5
Q9LFC0	Arabidopsis thaliana	Plants	360		0	False	5
Q5TCS8	Homo sapiens	Metazoa	1911		0	False	5
P38149	Saccharomyces cerevisiae (strain ATCC 204508 / S288c)	Fungi	878		0	False	5
P23724	Saccharomyces cerevisiae (strain ATCC 204508 / S288c)	Fungi	241		0	False	5
Q12072	Saccharomyces cerevisiae (strain ATCC 204508 / S288c)	Fungi	812		0	False	5
P53136	Saccharomyces cerevisiae (strain ATCC 204508 / S288c)	Fungi	463		0	False	5
Q9VQQ0	Drosophila melanogaster	Metazoa	398		0	False	5
Q8R000	Mus musculus	Metazoa	340		0	True	5
Q5S248	Mus musculus	Metazoa	423		0	True	5
F4J7T3	Arabidopsis thaliana	Plants	1957		0	False	5
Q9SUE3	Arabidopsis thaliana	Plants	335		0	False	5
A8JUV0	Drosophila melanogaster	Metazoa	1653		0	False	5
P09234	Homo sapiens	Metazoa	159		0	False	5
Q5TGU0	Homo sapiens	Metazoa	170		0	True	5
Q93077	Homo sapiens	Metazoa	130		0	False	5
P63158	Mus musculus	Metazoa	215		0	False	5
Q13342	Homo sapiens	Metazoa	867		0	False	5
P05109	Homo sapiens	Metazoa	93		0	False	5
O82628	Arabidopsis thaliana	Plants	110		0	False	5
Q7EXZ2	Oryza sativa subsp. japonica	Plants	417		0	False	5
P21218	Arabidopsis thaliana	Plants	401		0	False	5
Q92341	Schizosaccharomyces pombe (strain 972 / ATCC 24843)	Fungi	630		0	True	5
Q8WVJ9	Homo sapiens	Metazoa	160		0	False	5
P87310	Schizosaccharomyces pombe (strain 972 / ATCC 24843)	Fungi	144		0	False	5
Q8N4T8	Homo sapiens	Metazoa	237		0	False	5
O94886	Homo sapiens	Metazoa	807		0	True	5
Q02732	Saccharomyces cerevisiae (strain ATCC 204508 / S288c)	Fungi	369		0	False	5
Q01519	Saccharomyces cerevisiae (strain ATCC 204508 / S288c)	Fungi	83		0	False	5
Q9BQL6	Homo sapiens	Metazoa	677		0	False	5
O04479	Arabidopsis thaliana	Plants	199		0	False	5
Q9BXS1	Homo sapiens	Metazoa	227		0	False	5
P54654	Dictyostelium discoideum	Other	464		0	False	5
O54689	Mus musculus	Metazoa	367		0	True	5
Q95RV2	Drosophila melanogaster	Metazoa	345		0	False	5
P45880	Homo sapiens	Metazoa	294		0	True	5
Q15544	Homo sapiens	Metazoa	211		0	False	5
P53335	Saccharomyces cerevisiae (strain ATCC 204508 / S288c)	Fungi	271		0	False	5
Q15696	Homo sapiens	Metazoa	482		0	False	5
Q9FMF5	Arabidopsis thaliana	Plants	746		0	False	5
B5X582	Arabidopsis thaliana	Plants	709		0	False	5
Q68E01	Homo sapiens	Metazoa	1043		0	False	5
Q6PID8	Homo sapiens	Metazoa	442		0	False	5
P34981	Homo sapiens	Metazoa	398		0	True	5
Q86UK7	Homo sapiens	Metazoa	904		0	False	5
Q24459	Drosophila melanogaster	Metazoa	1043		0	False	5
Q12748	Saccharomyces cerevisiae (strain ATCC 204508 / S288c)	Fungi	733		0	False	5
Q8TAP9	Homo sapiens	Metazoa	179		0	False	5
Q66WT5	Arabidopsis thaliana	Plants	271		0	False	5
Q940M2	Arabidopsis thaliana	Plants	476		0	False	5
Q8CCH7	Mus musculus	Metazoa	1151		0	False	5
P41933	Caenorhabditis elegans	Metazoa	457		0	False	5
Q9HCH5	Homo sapiens	Metazoa	934		0	False	5
Q8VIM4	Mus musculus	Metazoa	307		0	True	5
O23627	Arabidopsis thaliana	Plants	729		0	False	5
P25799	Mus musculus	Metazoa	971		0	False	5
P53049	Saccharomyces cerevisiae (strain ATCC 204508 / S288c)	Fungi	1477		0	False	5
P11498	Homo sapiens	Metazoa	1178		0	False	5
O24629	Arabidopsis thaliana	Plants	502		0	False	5
P08754	Homo sapiens	Metazoa	354		0	False	5
P61023	Rattus norvegicus	Metazoa	195		0	False	5
P06876	Mus musculus	Metazoa	636		0	False	5
Q9H8T0	Homo sapiens	Metazoa	292		0	False	5
Q28623	Oryctolagus cuniculus	Metazoa	771		0	False	5
P40362	Saccharomyces cerevisiae (strain ATCC 204508 / S288c)	Fungi	594		0	False	5
Q9Y3D3	Homo sapiens	Metazoa	137		0	False	5
Q93XM7	Arabidopsis thaliana	Plants	300		0	True	5
P00036	Lucilia cuprina	Metazoa	108		0	False	5
Q5HZV9	Rattus norvegicus	Metazoa	360		0	False	5
P23246	Homo sapiens	Metazoa	707		0	False	5
Q9YGC1	Gallus gallus	Metazoa	552		0	False	5
P39001	Saccharomyces cerevisiae (strain ATCC 204508 / S288c)	Fungi	836		0	False	5
O43236	Homo sapiens	Metazoa	478		0	False	5
P32829	Saccharomyces cerevisiae (strain ATCC 204508 / S288c)	Fungi	692		0	False	5
Q96WW3	Schizosaccharomyces pombe (strain 972 / ATCC 24843)	Fungi	117		0	False	5
Q9UQX0	Schizosaccharomyces pombe (strain 972 / ATCC 24843)	Fungi	218		0	False	5
P05981	Homo sapiens	Metazoa	417		0	True	5
Q9UII2	Homo sapiens	Metazoa	106		0	False	5
Q10187	Schizosaccharomyces pombe (strain 972 / ATCC 24843)	Fungi	612		0	False	5
Q92947	Homo sapiens	Metazoa	438		0	False	5
P97784	Mus musculus	Metazoa	606		0	False	5
Q24472	Drosophila melanogaster	Metazoa	845		0	False	5
Q9VHI4	Drosophila melanogaster	Metazoa	85		0	False	5
Q12176	Saccharomyces cerevisiae (strain ATCC 204508 / S288c)	Fungi	1025		0	False	5
P19263	Saccharomyces cerevisiae (strain ATCC 204508 / S288c)	Fungi	1082		0	False	5
Q9LE95	Spinacia oleracea	Plants	352		0	False	5
P15884	Homo sapiens	Metazoa	667		0	False	5
P49711	Homo sapiens	Metazoa	727		0	False	5
F4K1B4	Arabidopsis thaliana	Plants	335		0	False	5
P48512	Arabidopsis thaliana	Plants	312		0	False	5
P32331	Saccharomyces cerevisiae (strain ATCC 204508 / S288c)	Fungi	307		0	True	5
O59800	Schizosaccharomyces pombe (strain 972 / ATCC 24843)	Fungi	354		0	False	5
Q94AM1	Arabidopsis thaliana	Plants	791		0	False	5
Q57UZ7	Trypanosoma brucei brucei (strain 927/4 GUTat10.1)	Other	550		0	False	5
Q9XUB9	Caenorhabditis elegans	Metazoa	634		0	False	5
Q9NS91	Homo sapiens	Metazoa	495		0	False	5
Q99257	Saccharomyces cerevisiae (strain ATCC 204508 / S288c)	Fungi	599		0	False	5
Q9FEB5	Arabidopsis thaliana	Plants	379		0	False	5
Q9SA14	Arabidopsis thaliana	Plants	404		0	False	5
Q9UPW6	Homo sapiens	Metazoa	733		0	False	5
P28235	Mus musculus	Metazoa	333		0	True	5
Q4KLN5	Rattus norvegicus	Metazoa	287		0	False	5
Q96D31	Homo sapiens	Metazoa	301		0	True	5
P83267	Hydrolagus colliei	Metazoa	48		0	False	5
Q9FFA7	Arabidopsis thaliana	Plants	368		0	False	5
O43684	Homo sapiens	Metazoa	328		0	False	5
Q9R1Q2	Rattus norvegicus	Metazoa	527		0	False	5
Q9SIE1	Arabidopsis thaliana	Plants	475		0	False	5
O95800	Homo sapiens	Metazoa	540		0	True	5
Q9WTX7	Mus musculus	Metazoa	284		0	False	5
Q9LVD0	Arabidopsis thaliana	Plants	289		0	False	5
Q9VMJ7	Drosophila melanogaster	Metazoa	1838		0	False	5
A0A096LP01	Homo sapiens	Metazoa	95		0	True	5
Q9ESZ8	Mus musculus	Metazoa	998		0	False	5
P13377	Trypanosoma brucei brucei	Other	607		0	False	5
Q02776	Saccharomyces cerevisiae (strain ATCC 204508 / S288c)	Fungi	476		0	False	5
P06241	Homo sapiens	Metazoa	537		0	False	5
Q00417	Mus musculus	Metazoa	419		0	False	5
Q8TBR7	Homo sapiens	Metazoa	257		0	True	5
P35240	Homo sapiens	Metazoa	595		0	False	5
G5DGA8	Ips pini	Metazoa	253		0	False	5
P82193	Spinacia oleracea	Plants	220		0	False	5
Q99JE4	Rattus norvegicus	Metazoa	1190		0	False	5
Q26622	Strongylocentrotus purpuratus	Metazoa	583		0	False	5
Q15750	Homo sapiens	Metazoa	504		0	False	5
Q6EPW7	Oryza sativa subsp. japonica	Plants	233		0	False	5
Q9NX04	Homo sapiens	Metazoa	203		0	False	5
P47123	Saccharomyces cerevisiae (strain ATCC 204508 / S288c)	Fungi	218		0	False	5
Q9P797	Schizosaccharomyces pombe (strain 972 / ATCC 24843)	Fungi	1142		0	False	5
O88450	Rattus norvegicus	Metazoa	565		0	False	5
P41958	Caenorhabditis elegans	Metazoa	280		0	False	5
Q96252	Arabidopsis thaliana	Plants	203		0	False	5
Q03010	Saccharomyces cerevisiae (strain ATCC 204508 / S288c)	Fungi	460		0	False	5
P33292	Komagataella pastoris	Fungi	576		0	False	5
P18409	Saccharomyces cerevisiae (strain ATCC 204508 / S288c)	Fungi	493		0	False	5
Q8GXR9	Arabidopsis thaliana	Plants	519		0	False	5
Q9LTQ0	Arabidopsis thaliana	Plants	391		0	False	5
Q9FLT9	Arabidopsis thaliana	Plants	259		0	True	5
Q96BW1	Homo sapiens	Metazoa	309		0	False	5
P28040	Schizosaccharomyces pombe (strain 972 / ATCC 24843)	Fungi	1405		0	False	5
Q8K2F0	Mus musculus	Metazoa	726		0	False	5
P81449	Saccharomyces cerevisiae (strain ATCC 204508 / S288c)	Fungi	96		0	False	5
Q03151	Saccharomyces cerevisiae (strain ATCC 204508 / S288c)	Fungi	367		0	False	5
P31323	Homo sapiens	Metazoa	418		0	False	5
Q8N5M1	Homo sapiens	Metazoa	289		0	False	5
Q9UNQ2	Homo sapiens	Metazoa	313		0	False	5
Q9DAA6	Mus musculus	Metazoa	195		0	False	5
Q96305	Arabidopsis thaliana	Plants	136		0	False	5
Q9BY49	Homo sapiens	Metazoa	303		0	False	5
P00163	Saccharomyces cerevisiae (strain ATCC 204508 / S288c)	Fungi	385		0	True	5
Q6PFR5	Mus musculus	Metazoa	281		0	False	5
P25808	Saccharomyces cerevisiae (strain ATCC 204508 / S288c)	Fungi	606		0	False	5
Q9UST7	Schizosaccharomyces pombe (strain 972 / ATCC 24843)	Fungi	1339		0	False	5
Q15326	Homo sapiens	Metazoa	602		0	False	5
Q3B7D0	Rattus norvegicus	Metazoa	443		0	False	5
Q9SX77	Arabidopsis thaliana	Plants	257		0	False	5
Q9NS86	Homo sapiens	Metazoa	450		0	False	5
P51858	Homo sapiens	Metazoa	240		0	False	5
Q9UBB5	Homo sapiens	Metazoa	411		0	False	5
Q9R0A0	Mus musculus	Metazoa	376		0	False	5
Q14511	Homo sapiens	Metazoa	834		0	False	5
Q9FGR0	Arabidopsis thaliana	Plants	1442		0	False	5
P30606	Saccharomyces cerevisiae (strain ATCC 204508 / S288c)	Fungi	609		0	False	5
Q9Y6W5	Homo sapiens	Metazoa	498		0	False	5
Q8RWV8	Arabidopsis thaliana	Plants	442		0	False	5
P02688	Rattus norvegicus	Metazoa	195		0	False	5
P17509	Homo sapiens	Metazoa	224		0	False	5
Q60698	Mus musculus	Metazoa	725		0	False	5
Q03497	Saccharomyces cerevisiae (strain ATCC 204508 / S288c)	Fungi	939		0	False	5
Q8IU68	Homo sapiens	Metazoa	726		0	False	5
Q9D0Z3	Mus musculus	Metazoa	276		0	False	5
Q8TDX9	Homo sapiens	Metazoa	2849		0	False	5
Q96QE5	Homo sapiens	Metazoa	360		0	False	5
P70460	Mus musculus	Metazoa	375		0	False	5
Q9N4U5	Caenorhabditis elegans	Metazoa	547		0	False	5
Q8IEG9	Plasmodium falciparum (isolate 3D7)	Other	408		0	False	5
P08196	Solanum lycopersicum	Plants	412		0	False	5
Q9P1T7	Homo sapiens	Metazoa	246		0	False	5
Q9UTH9	Schizosaccharomyces pombe (strain 972 / ATCC 24843)	Fungi	617		0	False	5
O08679	Rattus norvegicus	Metazoa	722		0	False	5
P15202	Saccharomyces cerevisiae (strain ATCC 204508 / S288c)	Fungi	515		0	False	5
P19440	Homo sapiens	Metazoa	569		0	True	5
P48146	Homo sapiens	Metazoa	333		0	True	5
Q92847	Homo sapiens	Metazoa	366		0	True	5
Q08231	Saccharomyces cerevisiae (strain ATCC 204508 / S288c)	Fungi	455		0	False	5
Q9VFP2	Drosophila melanogaster	Metazoa	829		0	False	5
P33334	Saccharomyces cerevisiae (strain ATCC 204508 / S288c)	Fungi	2413		0	False	5
B6TTV8	Zea mays	Plants	498		0	False	5
Q8VHT6	Rattus norvegicus	Metazoa	369		0	False	5
Q96A44	Homo sapiens	Metazoa	273		0	False	5
O43071	Schizosaccharomyces pombe (strain 972 / ATCC 24843)	Fungi	558		0	False	5
P10804	Secale cereale	Plants	473		0	True	5
Q504J1	Danio rerio	Metazoa	404		0	False	5
P38789	Saccharomyces cerevisiae (strain ATCC 204508 / S288c)	Fungi	453		0	False	5
Q9CQJ4	Mus musculus	Metazoa	336		0	False	5
P34232	Saccharomyces cerevisiae (strain ATCC 204508 / S288c)	Fungi	184		0	False	5
Q63665	Rattus norvegicus	Metazoa	346		0	False	5
Q9QZM0	Mus musculus	Metazoa	638		0	False	5
Q06505	Saccharomyces cerevisiae (strain ATCC 204508 / S288c)	Fungi	410		0	False	5
Q8C5W4	Mus musculus	Metazoa	1022		0	False	5
Q9QZ59	Mus musculus	Metazoa	374		0	False	5
Q12952	Homo sapiens	Metazoa	345		0	False	5
Q01853	Mus musculus	Metazoa	806		0	False	5
G4MZY8	Pyricularia oryzae (strain 70-15 / ATCC MYA-4617 / FGSC 8958)	Fungi	214		0	False	5
Q9NRR3	Homo sapiens	Metazoa	84		0	False	5
Q06177	Saccharomyces cerevisiae (strain ATCC 204508 / S288c)	Fungi	86		0	False	5
Q64707	Mus musculus	Metazoa	428		0	False	5
P18597	Oryctolagus cuniculus	Metazoa	291		0	True	5
O01501	Caenorhabditis elegans	Metazoa	524		0	False	5
Q940H2	Arabidopsis thaliana	Plants	237		0	False	5
P02319	Mus musculus	Metazoa	51		0	False	5
P45591	Mus musculus	Metazoa	166		0	False	5
P17020	Homo sapiens	Metazoa	682		0	False	5
P42818	Arabidopsis thaliana	Plants	465		0	False	5
Q0VAQ4	Homo sapiens	Metazoa	97		0	True	5
Q9Y266	Homo sapiens	Metazoa	331		0	False	5
Q08742	Saccharomyces cerevisiae (strain ATCC 204508 / S288c)	Fungi	149		0	False	5
Q8RYC8	Arabidopsis thaliana	Plants	1086		0	False	5
Q9BUB7	Homo sapiens	Metazoa	260		0	False	5
Q20591	Caenorhabditis elegans	Metazoa	86		0	True	5
P21918	Homo sapiens	Metazoa	477		0	True	5
P40356	Saccharomyces cerevisiae (strain ATCC 204508 / S288c)	Fungi	397		0	False	5
Q96S37	Homo sapiens	Metazoa	553		0	True	5
D3U717	Petunia hybrida	Plants	434		0	False	5
Q2HXU8	Homo sapiens	Metazoa	276		0	True	5
Q02521	Saccharomyces cerevisiae (strain ATCC 204508 / S288c)	Fungi	185		0	False	5
P13638	Rattus norvegicus	Metazoa	290		0	True	5
Q948R1	Arabidopsis thaliana	Plants	447		0	False	5
Q8CIV7	Mus musculus	Metazoa	274		0	False	5
P08659	Photinus pyralis	Metazoa	550		0	False	5
Q05158	Coturnix japonica	Metazoa	194		0	False	5
P28229	Mus musculus	Metazoa	396		0	True	5
O03042	Arabidopsis thaliana	Plants	479		0	False	5
P32085	Caenorhabditis elegans	Metazoa	340		0	False	5
Q8K4H1	Mus musculus	Metazoa	305		0	False	5
O61661	Drosophila melanogaster	Metazoa	512		0	False	5
Q9NY74	Homo sapiens	Metazoa	926		0	False	5
Q6PCP7	Mus musculus	Metazoa	798		0	True	5
Q01341	Mus musculus	Metazoa	1165		0	False	5
P25502	Saccharomyces cerevisiae (strain ATCC 204508 / S288c)	Fungi	979		0	False	5
O94547	Schizosaccharomyces pombe (strain 972 / ATCC 24843)	Fungi	580		0	False	5
Q13794	Homo sapiens	Metazoa	54		0	False	5
Q95PA1	Doryteuthis pealeii	Metazoa	152		0	False	5
O04714	Arabidopsis thaliana	Plants	326		0	True	5
S4TF94	Humulus lupulus	Plants	527		0	False	5
Q65XX7	Caenorhabditis elegans	Metazoa	262		0	False	5
Q9NSI6	Homo sapiens	Metazoa	2320		0	False	5
O75475	Homo sapiens	Metazoa	530		0	False	5
Q0WNP3	Arabidopsis thaliana	Plants	617		0	False	5
Q9FWS3	Arabidopsis thaliana	Plants	435		0	False	5
Q9UTH3	Schizosaccharomyces pombe (strain 972 / ATCC 24843)	Fungi	775		0	False	5
Q9UGU0	Homo sapiens	Metazoa	1960		0	False	5
Q12341	Saccharomyces cerevisiae (strain ATCC 204508 / S288c)	Fungi	374		0	False	5
Q7L2J0	Homo sapiens	Metazoa	689		0	False	5
P14680	Saccharomyces cerevisiae (strain ATCC 204508 / S288c)	Fungi	807		0	False	5
Q8IEF6	Plasmodium falciparum (isolate 3D7)	Other	414		0	False	5
P05621	Triticum aestivum	Plants	150		0	False	5
Q23979	Drosophila melanogaster	Metazoa	1035		0	False	5
Q61572	Mus musculus	Metazoa	553		0	False	5
Q9CAY1	Arabidopsis thaliana	Plants	623		0	False	5
F4HVG8	Arabidopsis thaliana	Plants	611		0	False	5
Q91X85	Mus musculus	Metazoa	551		0	False	5
P78417	Homo sapiens	Metazoa	241		0	False	5
D3W0D1	Homo sapiens	Metazoa	207		0	True	5
P32561	Saccharomyces cerevisiae (strain ATCC 204508 / S288c)	Fungi	433		0	False	5
Q8BZB3	Mus musculus	Metazoa	538		0	False	5
Q14142	Homo sapiens	Metazoa	442		0	False	5
Q9NSD7	Homo sapiens	Metazoa	469		0	True	5
Q12497	Saccharomyces cerevisiae (strain ATCC 204508 / S288c)	Fungi	93		0	False	5
Q80VJ8	Mus musculus	Metazoa	648		0	False	5
Q9SYQ0	Arabidopsis thaliana	Plants	463		0	False	5
P48148	Drosophila melanogaster	Metazoa	192		0	False	5
O81242	Arabidopsis thaliana	Plants	355		0	False	5
Q8CGA3	Mus musculus	Metazoa	568		0	True	5
O82132	Arabidopsis thaliana	Plants	335		0	False	5
P49677	Arabidopsis thaliana	Plants	168		0	False	5
Q9Y287	Homo sapiens	Metazoa	266		0	True	5
P56347	Chlorella vulgaris	Plants	161		0	False	5
Q9FN89	Arabidopsis thaliana	Plants	509		0	False	5
Q60876	Mus musculus	Metazoa	117		0	False	5
P11930	Mus musculus	Metazoa	357		0	False	5
Q7Z4N2	Homo sapiens	Metazoa	1603		0	False	5
P10828	Homo sapiens	Metazoa	461		0	False	5
Q8IY22	Homo sapiens	Metazoa	773		0	False	5
O77460	Drosophila melanogaster	Metazoa	338		0	False	5
Q9LU64	Arabidopsis thaliana	Plants	305		0	False	5
P38727	Saccharomyces cerevisiae (strain ATCC 204508 / S288c)	Fungi	235		0	True	5
P23949	Mus musculus	Metazoa	484		0	False	5
P34158	Rattus norvegicus	Metazoa	1476		0	True	5
Q8TAC9	Homo sapiens	Metazoa	235		0	True	5
A0A7J6KE60	Toxoplasma gondii	Other	652		0	True	5
P27705	Saccharomyces cerevisiae (strain ATCC 204508 / S288c)	Fungi	504		0	False	5
Q64520	Mus musculus	Metazoa	198		0	False	5
Q9UGK8	Homo sapiens	Metazoa	458		0	False	5
P33748	Saccharomyces cerevisiae (strain ATCC 204508 / S288c)	Fungi	704		0	False	5
Q8R4D5	Mus musculus	Metazoa	1104		0	False	5
Q15018	Homo sapiens	Metazoa	415		0	False	5
Q9XFT3	Arabidopsis thaliana	Plants	224		0	False	5
Q99MY0	Mus musculus	Metazoa	378		0	False	5
C0HKE7	Mus musculus	Metazoa	130		0	False	5
P70423	Mus musculus	Metazoa	618		0	True	5
P83369	Homo sapiens	Metazoa	360		0	False	5
G5EBV0	Caenorhabditis elegans	Metazoa	723		0	False	5
Q05636	Saccharomyces cerevisiae (strain ATCC 204508 / S288c)	Fungi	305		0	False	5
P22696	Saccharomyces cerevisiae (strain ATCC 204508 / S288c)	Fungi	170		0	False	5
P87137	Schizosaccharomyces pombe (strain 972 / ATCC 24843)	Fungi	929		0	False	5
P34247	Saccharomyces cerevisiae (strain ATCC 204508 / S288c)	Fungi	250		0	False	5
Q61458	Mus musculus	Metazoa	323		0	False	5
P70670	Mus musculus	Metazoa	2187		0	False	5
Q19253	Caenorhabditis elegans	Metazoa	592		0	False	5
G5EDE1	Caenorhabditis elegans	Metazoa	336		0	False	5
Q7TSE9	Rattus norvegicus	Metazoa	278		0	False	5
Q9H008	Homo sapiens	Metazoa	270		0	False	5
Q9M2D8	Arabidopsis thaliana	Plants	212		0	False	5
P97414	Mus musculus	Metazoa	668		0	False	5
P55072	Homo sapiens	Metazoa	806		0	False	5
Q18237	Caenorhabditis elegans	Metazoa	1076		0	False	5
D3YXK1	Mus musculus	Metazoa	519		0	False	5
Q9Y2Z4	Homo sapiens	Metazoa	477		0	False	5
Q7T1H5	Danio rerio	Metazoa	411		0	False	5
A1L188	Homo sapiens	Metazoa	74		0	False	5
P00030	Eisenia fetida	Metazoa	108		0	False	5
O00422	Homo sapiens	Metazoa	153		0	False	5
Q9CAC5	Arabidopsis thaliana	Plants	191		0	True	5
O23141	Arabidopsis thaliana	Plants	711		0	False	5
Q9Y7M6	Schizosaccharomyces pombe (strain 972 / ATCC 24843)	Fungi	217		0	False	5
Q9CAL8	Arabidopsis thaliana	Plants	710		0	False	5
P38624	Saccharomyces cerevisiae (strain ATCC 204508 / S288c)	Fungi	215		0	False	5
O88446	Rattus norvegicus	Metazoa	551		0	True	5
Q0WVF8	Arabidopsis thaliana	Plants	1134		0	False	5
P53881	Saccharomyces cerevisiae (strain ATCC 204508 / S288c)	Fungi	309		0	False	5
Q4WN10	Aspergillus fumigatus (strain ATCC MYA-4609 / CBS 101355 / FGSC A1100 / Af293)	Fungi	575		0	False	5
Q7TQI8	Mus musculus	Metazoa	677		0	False	5
A2A884	Mus musculus	Metazoa	2348		0	False	5
Q9ZVP8	Arabidopsis thaliana	Plants	414		0	False	5
P28186	Arabidopsis thaliana	Plants	216		0	False	5
Q24119	Drosophila melanogaster	Metazoa	1022		0	False	5
P46940	Homo sapiens	Metazoa	1657		0	False	5
Q12124	Saccharomyces cerevisiae (strain ATCC 204508 / S288c)	Fungi	431		0	False	5
O22059	Arabidopsis thaliana	Plants	94		0	False	5
Q9U281	Caenorhabditis elegans	Metazoa	136		0	False	5
O35618	Mus musculus	Metazoa	489		0	False	5
P61960	Homo sapiens	Metazoa	85		0	False	5
Q00558	Mus musculus	Metazoa	381		0	False	5
Q8WYK0	Homo sapiens	Metazoa	555		0	False	5
Q8N1I0	Homo sapiens	Metazoa	1966		0	False	5
P25089	Homo sapiens	Metazoa	353		0	True	5
P29295	Saccharomyces cerevisiae (strain ATCC 204508 / S288c)	Fungi	494		0	False	5
D3KZG3	Caenorhabditis elegans	Metazoa	1285		0	False	5
G5EEC5	Caenorhabditis elegans	Metazoa	414		0	False	5
Q9UI17	Homo sapiens	Metazoa	866		0	False	5
P06269	Nicotiana tabacum	Plants	337		0	False	5
Q04656	Homo sapiens	Metazoa	1500		0	False	5
Q45EK2	Caenorhabditis elegans	Metazoa	360		0	False	5
Q9SCR0	Arabidopsis thaliana	Plants	542		0	False	5
Q9SCK6	Arabidopsis thaliana	Plants	469		0	False	5
Q9H6Q3	Homo sapiens	Metazoa	261		0	False	5
Q8NHU3	Homo sapiens	Metazoa	365		0	True	5
O82390	Arabidopsis thaliana	Plants	512		0	False	5
P97459	Mus musculus	Metazoa	594		0	False	5
Q02156	Homo sapiens	Metazoa	737		0	False	5
P08067	Saccharomyces cerevisiae (strain ATCC 204508 / S288c)	Fungi	215		0	True	5
P43403	Homo sapiens	Metazoa	619		0	False	5
P82658	Arabidopsis thaliana	Plants	229		0	False	5
P43292	Arabidopsis thaliana	Plants	353		0	False	5
Q9Z0Y9	Mus musculus	Metazoa	445		0	False	5
Q6IEL0	Oryza sativa subsp. indica	Plants	348		0	False	5
P40748	Rattus norvegicus	Metazoa	588		0	True	5
Q9SD40	Arabidopsis thaliana	Plants	370		0	False	5
Q9JKL5	Mus musculus	Metazoa	214		0	False	5
O88552	Mus musculus	Metazoa	230		0	True	5
Q9XED8	Arabidopsis thaliana	Plants	638		0	False	5
P28370	Homo sapiens	Metazoa	1042		0	False	5
Q9ULX6	Homo sapiens	Metazoa	646		0	False	5
Q3S4A7	Arabidopsis thaliana	Plants	922		0	False	5
Q06819	Saccharomyces cerevisiae (strain ATCC 204508 / S288c)	Fungi	143		0	False	5
P07340	Rattus norvegicus	Metazoa	304		0	True	5
Q8TCQ1	Homo sapiens	Metazoa	289		0	False	5
P36064	Saccharomyces cerevisiae (strain ATCC 204508 / S288c)	Fungi	111		0	False	5
P68433	Mus musculus	Metazoa	136		0	False	5
P35251	Homo sapiens	Metazoa	1148		0	False	5
Q9Y6K0	Homo sapiens	Metazoa	416		0	True	5
P51175	Mus musculus	Metazoa	477		0	False	5
Q86YR5	Homo sapiens	Metazoa	675		0	False	5
Q3TBT3	Mus musculus	Metazoa	378		0	True	5
Q93Y07	Arabidopsis thaliana	Plants	622		0	True	5
P16443	Rattus norvegicus	Metazoa	325		0	False	5
Q5TKA1	Homo sapiens	Metazoa	542		0	False	5
Q5FWI3	Mus musculus	Metazoa	1383		0	True	5
P17007	Cyanophora paradoxa	Other	99		0	False	5
Q13601	Homo sapiens	Metazoa	381		0	False	5
O75781	Homo sapiens	Metazoa	387		0	False	5
P70354	Mus musculus	Metazoa	204		0	False	5
G5EGS7	Caenorhabditis elegans	Metazoa	324		0	False	5
P14226	Pisum sativum	Plants	329		0	False	5
P81373	Alocasia macrorrhizos	Plants	98		0	False	5
B4FZ81	Zea mays	Plants	555		0	False	5
Q8TE04	Homo sapiens	Metazoa	598		0	False	5
Q8VHK9	Mus musculus	Metazoa	1001		0	False	5
Q8VY26	Arabidopsis thaliana	Plants	570		0	False	5
P39207	Arabidopsis thaliana	Plants	149		0	False	5
P04037	Saccharomyces cerevisiae (strain ATCC 204508 / S288c)	Fungi	155		0	False	5
Q96P48	Homo sapiens	Metazoa	1450		0	False	5
Q8N4F4	Homo sapiens	Metazoa	552		0	True	5
Q9JL04	Mus musculus	Metazoa	1578		0	False	5
P26447	Homo sapiens	Metazoa	101		0	False	5
Q6STE5	Homo sapiens	Metazoa	483		0	False	5
Q8R4B8	Mus musculus	Metazoa	1033		0	False	5
P31209	Schizosaccharomyces pombe (strain 972 / ATCC 24843)	Fungi	653		0	False	5
O43823	Homo sapiens	Metazoa	692		0	False	5
P19659	Saccharomyces cerevisiae (strain ATCC 204508 / S288c)	Fungi	1081		0	False	5
P22343	Euglena viridis	Other	87		0	False	5
Q7SIF9	Agarophyton chilense	Other	177		0	False	5
Q8L9A0	Arabidopsis thaliana	Plants	270		0	False	5
Q6ATR0	Oryza sativa subsp. japonica	Plants	197		0	False	5
Q16637	Homo sapiens	Metazoa	294		0	False	5
Q09826	Schizosaccharomyces pombe (strain 972 / ATCC 24843)	Fungi	408		0	False	5
P17429	Emericella nidulans (strain FGSC A4 / ATCC 38163 / CBS 112.46 / NRRL 194 / M139)	Fungi	876		0	False	5
O24174	Oryza sativa subsp. japonica	Plants	505		0	False	5
Q8IYL3	Homo sapiens	Metazoa	243		0	False	5
Q9ZVD0	Arabidopsis thaliana	Plants	720		0	False	5
P97714	Mus musculus	Metazoa	562		0	False	5
A0A0D1CRC9	Mycosarcoma maydis	Fungi	534		0	False	5
O09100	Mus musculus	Metazoa	480		0	False	5
F4JXF1	Arabidopsis thaliana	Plants	581		0	False	5
Q14995	Homo sapiens	Metazoa	579		0	False	5
P17568	Homo sapiens	Metazoa	137		0	False	5
Q9LDY5	Arabidopsis thaliana	Plants	247		0	False	5
Q9EST8	Mus musculus	Metazoa	728		0	False	5
P46783	Homo sapiens	Metazoa	165		0	False	5
P52597	Homo sapiens	Metazoa	415		0	False	5
P14733	Mus musculus	Metazoa	588		0	False	5
Q03081	Saccharomyces cerevisiae (strain ATCC 204508 / S288c)	Fungi	177		0	False	5
Q23045	Caenorhabditis elegans	Metazoa	470		0	False	5
Q8R331	Mus musculus	Metazoa	154		0	False	5
Q6W0C5	Homo sapiens	Metazoa	159		0	False	5
Q8VI67	Mus musculus	Metazoa	428		0	False	5
P09629	Homo sapiens	Metazoa	217		0	False	5
Q0WPF2	Arabidopsis thaliana	Plants	808		0	False	5
Q9BXI2	Homo sapiens	Metazoa	301		0	True	5
P0CU17	Schizosaccharomyces pombe (strain 972 / ATCC 24843)	Fungi	443		0	False	5
Q12955	Homo sapiens	Metazoa	4377		0	False	5
K7QHS5	Humulus lupulus	Plants	408		0	False	5
Q94BU8	Arabidopsis thaliana	Plants	185		0	False	5
Q9LQT8	Arabidopsis thaliana	Plants	533		0	False	5
Q8S4Y1	Arabidopsis thaliana	Plants	403		0	False	5
Q8QFX1	Gallus gallus	Metazoa	1325		0	False	5
Q8N1F7	Homo sapiens	Metazoa	819		0	False	5
Q9VSA3	Drosophila melanogaster	Metazoa	419		0	False	5
Q3MKQ2	Rattus norvegicus	Metazoa	128		0	False	5
P97756	Rattus norvegicus	Metazoa	505		0	False	5
P42003	Drosophila melanogaster	Metazoa	455		0	False	5
Q9JJK4	Rattus norvegicus	Metazoa	372		0	True	5
P41353	Tetrahymena thermophila (strain SB210)	Other	136		0	False	5
Q91VE6	Mus musculus	Metazoa	317		0	False	5
Q9HAW0	Homo sapiens	Metazoa	419		0	False	5
O13788	Schizosaccharomyces pombe (strain 972 / ATCC 24843)	Fungi	527		0	False	5
Q9UKT7	Homo sapiens	Metazoa	428		0	False	5
P08011	Rattus norvegicus	Metazoa	155		0	True	5
P30366	Arabidopsis thaliana	Plants	318		0	False	5
Q6NUF4	Xenopus laevis	Metazoa	716		0	False	5
O14064	Schizosaccharomyces pombe (strain 972 / ATCC 24843)	Fungi	997		0	False	5
P30536	Homo sapiens	Metazoa	169		0	True	5
P11310	Homo sapiens	Metazoa	421		0	False	5
Q9R0N6	Mus musculus	Metazoa	395		0	True	5
P05480	Mus musculus	Metazoa	535		0	False	5
Q7RZF0	Neurospora crassa (strain ATCC 24698 / 74-OR23-1A / CBS 708.71 / DSM 1257 / FGSC 987)	Fungi	255		0	False	5
Q9UTN3	Schizosaccharomyces pombe (strain 972 / ATCC 24843)	Fungi	684		0	False	5
P50416	Homo sapiens	Metazoa	773		0	True	5
P17208	Mus musculus	Metazoa	421		0	False	5
F4IRB4	Arabidopsis thaliana	Plants	484		0	False	5
Q9NX55	Homo sapiens	Metazoa	121		0	False	5
Q9U1H0	Drosophila melanogaster	Metazoa	1832		0	False	5
Q9NUB1	Homo sapiens	Metazoa	689		0	False	5
P23179	Saccharomyces cerevisiae (strain ATCC 204508 / S288c)	Fungi	398		0	False	5
Q75VN4	Zhangixalus schlegelii	Metazoa	126		0	False	5
P37207	Porphyridium purpureum	Other	162		0	False	5
Q9W261	Drosophila melanogaster	Metazoa	775		0	False	5
Q3URK3	Mus musculus	Metazoa	2039		0	False	5
P97879	Rattus norvegicus	Metazoa	1112		0	False	5
Q9Y6Q9	Homo sapiens	Metazoa	1424		0	False	5
P20067	Mus musculus	Metazoa	168		0	False	5
O00571	Homo sapiens	Metazoa	662		0	False	5
P38077	Saccharomyces cerevisiae (strain ATCC 204508 / S288c)	Fungi	311		0	False	5
O43933	Homo sapiens	Metazoa	1283		0	False	5
P06774	Saccharomyces cerevisiae (strain ATCC 204508 / S288c)	Fungi	265		0	False	5
O60763	Homo sapiens	Metazoa	962		0	False	5
Q96B02	Homo sapiens	Metazoa	151		0	False	5
P24918	Neurospora crassa (strain ATCC 24698 / 74-OR23-1A / CBS 708.71 / DSM 1257 / FGSC 987)	Fungi	744		0	False	5
P56565	Mus musculus	Metazoa	94		0	False	5
Q96T49	Homo sapiens	Metazoa	567		0	False	5
Q91Z67	Mus musculus	Metazoa	1071		0	False	5
P53734	Saccharomyces cerevisiae (strain ATCC 204508 / S288c)	Fungi	629		0	False	5
C6EUD4	Fasciola hepatica	Metazoa	478		0	False	5
Q9SV55	Arabidopsis thaliana	Plants	425		0	False	5
Q01718	Homo sapiens	Metazoa	297		0	True	5
P10824	Rattus norvegicus	Metazoa	354		0	False	5
Q13064	Homo sapiens	Metazoa	507		0	False	5
Q1K5R0	Neurospora crassa (strain ATCC 24698 / 74-OR23-1A / CBS 708.71 / DSM 1257 / FGSC 987)	Fungi	108		0	False	5
P07901	Mus musculus	Metazoa	733		0	False	5
Q99732	Homo sapiens	Metazoa	161		0	False	5
O35820	Rattus norvegicus	Metazoa	163		0	False	5
Q8TCY9	Homo sapiens	Metazoa	931		0	False	5
Q9VUF8	Drosophila melanogaster	Metazoa	540		0	False	5
Q12098	Saccharomyces cerevisiae (strain ATCC 204508 / S288c)	Fungi	748		0	False	5
Q8BP40	Mus musculus	Metazoa	418		0	False	5
Q04178	Saccharomyces cerevisiae (strain ATCC 204508 / S288c)	Fungi	221		0	False	5
Q02427	Drosophila melanogaster	Metazoa	144		0	False	5
Q6XUX3	Homo sapiens	Metazoa	929		0	False	5
Q9N359	Caenorhabditis elegans	Metazoa	412		0	False	5
P25787	Homo sapiens	Metazoa	234		0	False	5
Q8IZT9	Homo sapiens	Metazoa	166		0	False	5
G1UH28	Punica granatum	Plants	299		0	False	5
Q556Y4	Dictyostelium discoideum	Other	426		0	False	5
Q9VSB9	Drosophila melanogaster	Metazoa	376		0	True	5
Q8LG05	Arabidopsis thaliana	Plants	345		0	False	5
Q9UTI4	Schizosaccharomyces pombe (strain 972 / ATCC 24843)	Fungi	172		0	False	5
P41695	Saccharomyces cerevisiae (strain ATCC 204508 / S288c)	Fungi	1021		0	False	5
P21775	Rattus norvegicus	Metazoa	434		0	False	5
P67778	Mus musculus	Metazoa	272		0	False	5
Q9Y5X1	Homo sapiens	Metazoa	595		0	False	5
E1BUG7	Gallus gallus	Metazoa	690		0	False	5
Q92819	Homo sapiens	Metazoa	552		0	True	5
Q9Z0H4	Mus musculus	Metazoa	508		0	False	5
P40155	Saccharomyces cerevisiae (strain ATCC 204508 / S288c)	Fungi	199		0	False	5
Q09275	Caenorhabditis elegans	Metazoa	382		0	False	5
P25637	Saccharomyces cerevisiae (strain ATCC 204508 / S288c)	Fungi	258		0	False	5
P13183	Bos taurus	Metazoa	80		0	True	5
Q9FMX0	Arabidopsis thaliana	Plants	263		0	False	5
P32342	Saccharomyces cerevisiae (strain ATCC 204508 / S288c)	Fungi	167		0	False	5
Q9Y6N1	Homo sapiens	Metazoa	276		0	False	5
P63242	Mus musculus	Metazoa	154		0	False	5
Q38832	Arabidopsis thaliana	Plants	228		0	False	5
P39689	Mus musculus	Metazoa	159		0	False	5
P40063	Saccharomyces cerevisiae (strain ATCC 204508 / S288c)	Fungi	208		0	False	5
P87240	Schizosaccharomyces pombe (strain 972 / ATCC 24843)	Fungi	306		0	False	5
Q1PDV2	Arabidopsis thaliana	Plants	236		0	False	5
Q3KQ35	Xenopus laevis	Metazoa	380		0	False	5
Q5RHB5	Danio rerio	Metazoa	1447		0	False	5
Q9FXH5	Arabidopsis thaliana	Plants	393		0	True	5
Q8BGY9	Mus musculus	Metazoa	580		0	True	5
O00463	Homo sapiens	Metazoa	557		0	False	5
P70331	Mus musculus	Metazoa	251		0	False	5
P08166	Bos taurus	Metazoa	241		0	False	5
Q5VZK9	Homo sapiens	Metazoa	1371		0	False	5
Q9SIU2	Arabidopsis thaliana	Plants	848		0	False	5
P42765	Homo sapiens	Metazoa	397		0	False	5
P07142	Neurospora crassa (strain ATCC 24698 / 74-OR23-1A / CBS 708.71 / DSM 1257 / FGSC 987)	Fungi	332		0	False	5
Q9BZC1	Homo sapiens	Metazoa	486		0	False	5
Q9NQ94	Homo sapiens	Metazoa	594		0	False	5
P19974	Caenorhabditis elegans	Metazoa	111		0	False	5
P38429	Saccharomyces cerevisiae (strain ATCC 204508 / S288c)	Fungi	201		0	False	5
P23899	Rattus norvegicus	Metazoa	557		0	False	5
Q1K730	Neurospora crassa (strain ATCC 24698 / 74-OR23-1A / CBS 708.71 / DSM 1257 / FGSC 987)	Fungi	447		0	False	5
O95503	Homo sapiens	Metazoa	412		0	False	5
O00555	Homo sapiens	Metazoa	2506		0	False	5
Q99250	Homo sapiens	Metazoa	2005		0	False	5
P0DM40	Mus musculus	Metazoa	2038		0	False	5
Q9DAD6	Mus musculus	Metazoa	137		0	False	5
P37727	Rattus norvegicus	Metazoa	650		0	False	5
Q9ES53	Rattus norvegicus	Metazoa	307		0	False	5
Q8L770	Arabidopsis thaliana	Plants	330		0	False	5
Q04712	Saccharomyces cerevisiae (strain ATCC 204508 / S288c)	Fungi	507		0	False	5
P11171	Homo sapiens	Metazoa	864		0	False	5
Q99LY9	Mus musculus	Metazoa	106		0	False	5
Q3UZ39	Mus musculus	Metazoa	729		0	False	5
Q06215	Vicia faba	Plants	606		0	False	5
Q15365	Homo sapiens	Metazoa	356		0	False	5
Q9LX34	Arabidopsis thaliana	Plants	95		0	False	5
O80931	Arabidopsis thaliana	Plants	367		0	False	5
O95466	Homo sapiens	Metazoa	1100		0	False	5
P51638	Rattus norvegicus	Metazoa	151		0	False	5
Q9C9G6	Arabidopsis thaliana	Plants	157		0	False	5
Q9SKZ5	Arabidopsis thaliana	Plants	560		0	False	5
Q08415	Rattus norvegicus	Metazoa	423		0	False	5
Q9LF37	Arabidopsis thaliana	Plants	968		0	False	5
Q9HBX9	Homo sapiens	Metazoa	757		0	False	5
P12268	Homo sapiens	Metazoa	514		0	False	5
Q14154	Homo sapiens	Metazoa	515		0	False	5
P55258	Mus musculus	Metazoa	207		0	False	5
Q1M168	Rattus norvegicus	Metazoa	372		0	False	5
P35233	Rattus norvegicus	Metazoa	416		0	False	5
Q96IZ0	Homo sapiens	Metazoa	340		0	False	5
P41930	Saccharomyces cerevisiae (strain ATCC 204508 / S288c)	Fungi	458		0	True	5
P06844	Saccharomyces cerevisiae (strain ATCC 204508 / S288c)	Fungi	337		0	False	5
Q16515	Homo sapiens	Metazoa	512		0	True	5
P38749	Saccharomyces cerevisiae (strain ATCC 204508 / S288c)	Fungi	330		0	False	5
Q14116	Homo sapiens	Metazoa	193		0	False	5
E9PYI1	Mus musculus	Metazoa	671		0	False	5
A6NDU8	Homo sapiens	Metazoa	294		0	False	5
Q9I9L7	Danio rerio	Metazoa	383		0	False	5
Q3ZCI1	Bos taurus	Metazoa	114		0	True	5
O15068	Homo sapiens	Metazoa	1137		0	False	5
Q10990	Schizosaccharomyces pombe (strain 972 / ATCC 24843)	Fungi	490		0	False	5
Q9BSK0	Homo sapiens	Metazoa	173		0	True	5
Q86WR0	Homo sapiens	Metazoa	208		0	True	5
A6NF83	Homo sapiens	Metazoa	97		0	False	5
Q5T3F8	Homo sapiens	Metazoa	832		0	True	5
O75508	Homo sapiens	Metazoa	207		0	True	5
Q9Y3B8	Homo sapiens	Metazoa	237		0	False	5
Q80ZA5	Rattus norvegicus	Metazoa	1117		0	False	5
P18064	Arabidopsis thaliana	Plants	383		0	False	5
Q12905	Homo sapiens	Metazoa	390		0	False	5
Q8N5H7	Homo sapiens	Metazoa	860		0	False	5
Q15599	Homo sapiens	Metazoa	337		0	False	5
Q8VIH1	Mus musculus	Metazoa	527		0	False	5
Q9S7D1	Arabidopsis thaliana	Plants	808		0	False	5
Q42344	Arabidopsis thaliana	Plants	138		0	False	5
Q12749	Saccharomyces cerevisiae (strain ATCC 204508 / S288c)	Fungi	1114		0	False	5
P02277	Triticum aestivum	Plants	151		0	False	5
Q99LT0	Mus musculus	Metazoa	99		0	False	5
Q8H7F6	Arabidopsis thaliana	Plants	293		0	False	5
Q8W191	Arabidopsis thaliana	Plants	149		0	False	5
P56750	Homo sapiens	Metazoa	224		0	True	5
P53598	Saccharomyces cerevisiae (strain ATCC 204508 / S288c)	Fungi	329		0	False	5
P05771	Homo sapiens	Metazoa	671		0	False	5
Q3TXX3	Mus musculus	Metazoa	415		0	True	5
B7XDF1	Xenopus laevis	Metazoa	170		0	False	5
Q8N8R3	Homo sapiens	Metazoa	303		0	True	5
Q9H1P3	Homo sapiens	Metazoa	480		0	False	5
F4HXY7	Arabidopsis thaliana	Plants	425		0	True	5
A6NKF2	Homo sapiens	Metazoa	412		0	False	5
Q96GM5	Homo sapiens	Metazoa	515		0	False	5
Q92560	Homo sapiens	Metazoa	729		0	False	5
A0A8C0NGY6	Canis lupus familiaris	Metazoa	506		0	False	5
Q07362	Saccharomyces cerevisiae (strain ATCC 204508 / S288c)	Fungi	185		0	False	5
Q9VCN9	Drosophila melanogaster	Metazoa	743		0	False	5
Q9LMK5	Arabidopsis thaliana	Plants	160		0	False	5
Q8JFQ4	Gallus gallus	Metazoa	277		0	False	5
P06894	Platynereis dumerilii	Metazoa	121		0	False	5
P59267	Mus musculus	Metazoa	366		0	True	5
P93655	Arabidopsis thaliana	Plants	940		0	False	5
Q9NUT2	Homo sapiens	Metazoa	735		0	False	5
Q9XII1	Arabidopsis thaliana	Plants	307		0	False	5
Q9XWL9	Caenorhabditis elegans	Metazoa	895		0	False	5
O88339	Rattus norvegicus	Metazoa	575		0	False	5
Q9TZ64	Caenorhabditis elegans	Metazoa	497		0	False	5
P03924	Bos taurus	Metazoa	175		0	True	5
Q9SKX5	Arabidopsis thaliana	Plants	490		0	False	5
Q95QZ9	Caenorhabditis elegans	Metazoa	529		0	False	5
Q3SZ47	Bos taurus	Metazoa	65		0	False	5
H2L006	Caenorhabditis elegans	Metazoa	451		0	True	5
Q94AQ6	Arabidopsis thaliana	Plants	373		0	False	5
Q9LFE0	Arabidopsis thaliana	Plants	820		0	False	5
Q940Y5	Arabidopsis thaliana	Plants	619		0	True	5
O96624	Dictyostelium discoideum	Other	174		0	False	5
Q9JLJ3	Rattus norvegicus	Metazoa	494		0	False	5
P02902	Hordeum vulgare	Plants	149		0	False	5
Q96A09	Homo sapiens	Metazoa	425		0	False	5
Q6PJW8	Homo sapiens	Metazoa	725		0	False	5
Q9DAT5	Mus musculus	Metazoa	417		0	False	5
Q9UK99	Homo sapiens	Metazoa	471		0	False	5
Q9GZY4	Homo sapiens	Metazoa	146		0	True	5
P14416	Homo sapiens	Metazoa	443		0	True	5
Q6C7L6	Yarrowia lipolytica (strain CLIB 122 / E 150)	Fungi	237		0	False	5
Q03640	Saccharomyces cerevisiae (strain ATCC 204508 / S288c)	Fungi	1545		0	False	5
P40513	Saccharomyces cerevisiae (strain ATCC 204508 / S288c)	Fungi	266		0	False	5
Q94JG1	Oryza sativa subsp. japonica	Plants	516		0	True	5
Q96T88	Homo sapiens	Metazoa	793		0	False	5
Q9TZ70	Caenorhabditis elegans	Metazoa	205		0	False	5
P25655	Saccharomyces cerevisiae (strain ATCC 204508 / S288c)	Fungi	2108		0	False	5
P38081	Saccharomyces cerevisiae (strain ATCC 204508 / S288c)	Fungi	501		0	False	5
Q8NAU1	Homo sapiens	Metazoa	260		0	False	5
P40057	Saccharomyces cerevisiae (strain ATCC 204508 / S288c)	Fungi	128		0	False	5
O60393	Homo sapiens	Metazoa	691		0	False	5
Q9HB90	Homo sapiens	Metazoa	399		0	False	5
P06005	Spinacia oleracea	Plants	353		0	True	5
P49679	Pisum sativum	Plants	189		0	False	5
Q9HAV7	Homo sapiens	Metazoa	217		0	False	5
P49419	Homo sapiens	Metazoa	539		0	False	5
P61201	Homo sapiens	Metazoa	443		0	False	5
Q8WXH0	Homo sapiens	Metazoa	6885		0	False	5
Q967U1	Dictyostelium discoideum	Other	225		0	False	5
Q9BXC1	Homo sapiens	Metazoa	333		0	True	5
J9VME1	Cryptococcus neoformans var. grubii serotype A (strain H99 / ATCC 208821 / CBS 10515 / FGSC 9487)	Fungi	1543		0	False	5
Q80ZG2	Rattus norvegicus	Metazoa	678		0	False	5
Q7XA66	Arabidopsis thaliana	Plants	242		0	False	5
Q9HCG8	Homo sapiens	Metazoa	908		0	False	5
Q12186	Saccharomyces cerevisiae (strain ATCC 204508 / S288c)	Fungi	476		0	False	5
Q63262	Rattus norvegicus	Metazoa	497		0	False	5
Q39009	Arabidopsis thaliana	Plants	344		0	False	5
H6CAN5	Exophiala dermatitidis (strain ATCC 34100 / CBS 525.76 / NIH/UT8656)	Fungi	1885		0	False	5
Q0WVH0	Arabidopsis thaliana	Plants	594		0	False	5
Q92966	Homo sapiens	Metazoa	411		0	False	5
A0A7G5KLV0	Cananga odorata	Plants	590		0	False	5
Q9C7S0	Arabidopsis thaliana	Plants	295		0	False	5
Q9P258	Homo sapiens	Metazoa	522		0	False	5
P22185	Sauromatum venosum	Plants	349		0	False	5
P87377	Xenopus laevis	Metazoa	455		0	False	5
Q02932	Saccharomyces cerevisiae (strain ATCC 204508 / S288c)	Fungi	1032		0	False	5
Q07651	Saccharomyces cerevisiae (strain ATCC 204508 / S288c)	Fungi	309		0	True	5
Q9SVQ3	Arabidopsis thaliana	Plants	517		0	False	5
Q5VWZ2	Homo sapiens	Metazoa	237		0	False	5
O88728	Mus musculus	Metazoa	134		0	True	5
P00314	Galdieria sulphuraria	Other	161		0	False	5
Q3U827	Mus musculus	Metazoa	592		0	False	5
P25274	Oryctolagus cuniculus	Metazoa	168		0	False	5
Q9P305	Saccharomyces cerevisiae (strain ATCC 204508 / S288c)	Fungi	131		0	False	5
O88939	Mus musculus	Metazoa	569		0	False	5
Q9BZF2	Homo sapiens	Metazoa	842		0	False	5
S8EXD2	Toxoplasma gondii (strain ATCC 50611 / Me49)	Other	463		0	False	5
Q810Y4	Rattus norvegicus	Metazoa	532		0	True	5
O75971	Homo sapiens	Metazoa	98		0	False	5
Q9VHJ6	Drosophila melanogaster	Metazoa	592		0	False	5
Q9BWK5	Homo sapiens	Metazoa	157		0	False	5
P43583	Saccharomyces cerevisiae (strain ATCC 204508 / S288c)	Fungi	2143		0	False	5
Q9MAQ0	Arabidopsis thaliana	Plants	610		0	False	5
P83006	Rattus norvegicus	Metazoa	390		0	False	5
Q64568	Rattus norvegicus	Metazoa	1258		0	False	5
O94355	Schizosaccharomyces pombe (strain 972 / ATCC 24843)	Fungi	240		0	False	5
Q9Y8C0	Neurospora crassa (strain ATCC 24698 / 74-OR23-1A / CBS 708.71 / DSM 1257 / FGSC 987)	Fungi	92		0	False	5
Q9UJZ1	Homo sapiens	Metazoa	356		0	False	5
P47712	Homo sapiens	Metazoa	749		0	False	5
Q10452	Schizosaccharomyces pombe (strain 972 / ATCC 24843)	Fungi	387		0	False	5
Q9C108	Schizosaccharomyces pombe (strain 972 / ATCC 24843)	Fungi	163		0	False	5
Q9Y4C8	Homo sapiens	Metazoa	960		0	False	5
Q6RUV5	Rattus norvegicus	Metazoa	192		0	False	5
P80093	Capsicum annuum	Plants	582		0	False	5
P17955	Rattus norvegicus	Metazoa	525		0	False	5
Q9H1E3	Homo sapiens	Metazoa	243		0	False	5
Q8VZS8	Arabidopsis thaliana	Plants	221		0	False	5
Q57V41	Trypanosoma brucei brucei (strain 927/4 GUTat10.1)	Other	351		0	False	5
Q96GJ1	Homo sapiens	Metazoa	504		0	False	5
I6VSD2	Capra hircus	Metazoa	224		0	True	5
E2QYC9	Canis lupus familiaris	Metazoa	1828		0	False	5
P91829	Caenorhabditis elegans	Metazoa	373		0	False	5
Q921E6	Mus musculus	Metazoa	441		0	False	5
Q9FR53	Arabidopsis thaliana	Plants	2481		0	False	5
Q8R3S2	Mus musculus	Metazoa	283		0	True	5
O49596	Arabidopsis thaliana	Plants	144		0	False	5
Q08733	Arabidopsis thaliana	Plants	286		0	True	5
Q03798	Saccharomyces cerevisiae (strain ATCC 204508 / S288c)	Fungi	255		0	True	5
Q9SII9	Arabidopsis thaliana	Plants	538		0	False	5
D3ZER2	Rattus norvegicus	Metazoa	416		0	False	5
Q9SAC6	Arabidopsis thaliana	Plants	1399		0	False	5
Q63768	Rattus norvegicus	Metazoa	304		0	False	5
Q19969	Caenorhabditis elegans	Metazoa	514		0	False	5
V5IM94	Neurospora crassa (strain ATCC 24698 / 74-OR23-1A / CBS 708.71 / DSM 1257 / FGSC 987)	Fungi	141		0	False	5
O14230	Schizosaccharomyces pombe (strain 972 / ATCC 24843)	Fungi	347		0	False	5
P08238	Homo sapiens	Metazoa	724		0	False	5
P98149	Drosophila melanogaster	Metazoa	667		0	False	5
Q9JHL0	Mus musculus	Metazoa	203		0	True	5
O82169	Arabidopsis thaliana	Plants	232		0	False	5
Q6AYJ4	Rattus norvegicus	Metazoa	593		0	False	5
Q99JY8	Mus musculus	Metazoa	312		0	True	5
Q9BXS9	Homo sapiens	Metazoa	759		0	False	5
Q69J40	Oryza sativa subsp. japonica	Plants	224		0	False	5
Q8NFV4	Homo sapiens	Metazoa	306		0	False	5
P50874	Saccharomyces cerevisiae (strain ATCC 204508 / S288c)	Fungi	479		0	False	5
P22059	Homo sapiens	Metazoa	807		0	False	5
O97758	Canis lupus familiaris	Metazoa	1769		0	False	5
P48509	Homo sapiens	Metazoa	253		0	True	5
Q02455	Saccharomyces cerevisiae (strain ATCC 204508 / S288c)	Fungi	1875		0	False	5
O43030	Schizosaccharomyces pombe (strain 972 / ATCC 24843)	Fungi	287		0	False	5
Q9UK33	Homo sapiens	Metazoa	172		0	False	5
Q9UJL9	Homo sapiens	Metazoa	534		0	False	5
Q9Z158	Rattus norvegicus	Metazoa	301		0	False	5
Q86TG7	Homo sapiens	Metazoa	708		0	False	5
Q8RWS0	Arabidopsis thaliana	Plants	124		0	False	5
Q96N96	Homo sapiens	Metazoa	652		0	False	5
P15873	Saccharomyces cerevisiae (strain ATCC 204508 / S288c)	Fungi	258		0	False	5
Q8ND23	Homo sapiens	Metazoa	1372		0	False	5
Q500V5	Arabidopsis thaliana	Plants	517		0	False	5
P39933	Saccharomyces cerevisiae (strain ATCC 204508 / S288c)	Fungi	429		0	False	5
Q96BF6	Homo sapiens	Metazoa	587		0	False	5
Q9Y3E2	Homo sapiens	Metazoa	137		0	False	5
Q32L48	Bos taurus	Metazoa	126		0	False	5
A1Z830	Drosophila melanogaster	Metazoa	485		0	False	5
P16143	Xenopus laevis	Metazoa	758		0	False	5
C0HM83	Homo sapiens	Metazoa	58		0	False	5
Q0WPU1	Arabidopsis thaliana	Plants	1522		0	False	5
P10735	Drosophila melanogaster	Metazoa	140		0	False	5
Q15398	Homo sapiens	Metazoa	846		0	False	5
Q8N3I7	Homo sapiens	Metazoa	341		0	False	5
Q13461	Homo sapiens	Metazoa	319		0	False	5
Q5JVF3	Homo sapiens	Metazoa	399		0	False	5
Q9H061	Homo sapiens	Metazoa	195		0	True	5
Q15843	Homo sapiens	Metazoa	81		0	False	5
Q9P0L9	Homo sapiens	Metazoa	805		0	False	5
F4IH25	Arabidopsis thaliana	Plants	753		0	False	5
Q6LED0	Rattus norvegicus	Metazoa	136		0	False	5
P42026	Bos taurus	Metazoa	216		0	False	5
O95409	Homo sapiens	Metazoa	532		0	False	5
P70434	Mus musculus	Metazoa	457		0	False	5
Q923K9	Rattus norvegicus	Metazoa	594		0	False	5
Q9C952	Arabidopsis thaliana	Plants	693		0	False	5
Q6DWJ6	Homo sapiens	Metazoa	353		0	True	5
P51959	Homo sapiens	Metazoa	295		0	False	5
Q9VDV3	Drosophila melanogaster	Metazoa	546		0	False	5
Q9BV86	Homo sapiens	Metazoa	223		0	False	5
Q91W39	Mus musculus	Metazoa	579		0	False	5
Q38834	Arabidopsis thaliana	Plants	852		0	False	5
B2RXF5	Homo sapiens	Metazoa	422		0	False	5
B6KG46	Toxoplasma gondii (strain ATCC 50861 / VEG)	Other	688		0	False	5
P36528	Saccharomyces cerevisiae (strain ATCC 204508 / S288c)	Fungi	281		0	False	5
Q5XKP0	Homo sapiens	Metazoa	118		0	True	5
Q9FEC4	Chlamydomonas reinhardtii	Plants	1783		0	False	5
Q7Z5L9	Homo sapiens	Metazoa	587		0	False	5
P51965	Homo sapiens	Metazoa	193		0	False	5
D3KY98	Carapichea ipecacuanha	Plants	350		0	False	5
Q9Y812	Schizosaccharomyces pombe (strain 972 / ATCC 24843)	Fungi	120		0	False	5
Q7Z7A4	Homo sapiens	Metazoa	578		0	False	5
P48809	Drosophila melanogaster	Metazoa	421		0	False	5
Q84SC3	Oryza sativa subsp. japonica	Plants	91		0	False	5
Q9UBP6	Homo sapiens	Metazoa	276		0	False	5
Q14940	Homo sapiens	Metazoa	896		0	True	5
O00255	Homo sapiens	Metazoa	610		0	False	5
P53973	Saccharomyces cerevisiae (strain ATCC 204508 / S288c)	Fungi	706		0	False	5
Q06645	Rattus norvegicus	Metazoa	136		0	True	5
Q7S4E0	Neurospora crassa (strain ATCC 24698 / 74-OR23-1A / CBS 708.71 / DSM 1257 / FGSC 987)	Fungi	165		0	False	5
Q7RYW7	Neurospora crassa (strain ATCC 24698 / 74-OR23-1A / CBS 708.71 / DSM 1257 / FGSC 987)	Fungi	396		0	False	5
P48994	Drosophila melanogaster	Metazoa	1124		0	False	5
Q96EB6	Homo sapiens	Metazoa	747		0	False	5
O43137	Saccharomyces cerevisiae (strain ATCC 204508 / S288c)	Fungi	85		0	False	5
Q9Y7Q7	Schizosaccharomyces pombe (strain 972 / ATCC 24843)	Fungi	973		0	False	5
P81280	Alligator mississippiensis	Metazoa	105		0	False	5
Q14500	Homo sapiens	Metazoa	433		0	True	5
Q01814	Homo sapiens	Metazoa	1243		0	False	5
Q9BRU2	Homo sapiens	Metazoa	100		0	False	5
P12356	Chlamydomonas reinhardtii	Plants	227		0	False	5
O80775	Arabidopsis thaliana	Plants	353		0	False	5
P48240	Saccharomyces cerevisiae (strain ATCC 204508 / S288c)	Fungi	250		0	False	5
Q9LSE1	Arabidopsis thaliana	Plants	432		0	False	5
Q9C0C7	Homo sapiens	Metazoa	1298		0	False	5
P82192	Spinacia oleracea	Plants	258		0	False	5
Q9ZSZ8	Arabidopsis thaliana	Plants	330		0	False	5
Q01292	Spinacia oleracea	Plants	595		0	False	5
Q8GS60	Arabidopsis thaliana	Plants	462		0	False	5
P83523	Lycium chinense	Plants	97		0	False	5
O24371	Solanum tuberosum	Plants	914		0	False	5
P40422	Saccharomyces cerevisiae (strain ATCC 204508 / S288c)	Fungi	70		0	False	5
Q8WZM3	Candida tropicalis	Fungi	386		0	False	5
P26718	Homo sapiens	Metazoa	216		0	True	5
Q69YH5	Homo sapiens	Metazoa	1023		0	False	5
P49017	Saccharomyces cerevisiae (strain ATCC 204508 / S288c)	Fungi	307		0	False	5
P70056	Xenopus laevis	Metazoa	518		0	False	5
Q7X8B5	Oryza sativa subsp. japonica	Plants	1088		0	False	5
P51610	Homo sapiens	Metazoa	2035		0	False	5
Q14D04	Homo sapiens	Metazoa	833		0	False	5
Q9H1U9	Homo sapiens	Metazoa	297		0	True	5
P59942	Homo sapiens	Metazoa	119		0	False	5
Q8WUG5	Homo sapiens	Metazoa	649		0	False	5
P40848	Schizosaccharomyces pombe (strain 972 / ATCC 24843)	Fungi	991		0	False	5
Q8H1S6	Arabidopsis thaliana	Plants	229		0	False	5
P59169	Arabidopsis thaliana	Plants	136		0	False	5
Q86YP4	Homo sapiens	Metazoa	633		0	False	5
Q9Y5Z7	Homo sapiens	Metazoa	792		0	False	5
Q9BZD2	Homo sapiens	Metazoa	475		0	True	5
P93664	Chlamydomonas reinhardtii	Plants	253		0	True	5
Q54JW0	Dictyostelium discoideum	Other	436		0	False	5
Q15047	Homo sapiens	Metazoa	1291		0	False	5
Q9NZ45	Homo sapiens	Metazoa	108		0	True	5
Q9GS00	Caenorhabditis elegans	Metazoa	601		0	False	5
Q01726	Homo sapiens	Metazoa	317		0	True	5
P51509	Gallus gallus	Metazoa	549		0	False	5
Q75W17	Viburnum furcatum	Plants	538		0	False	5
Q9H9P5	Homo sapiens	Metazoa	680		0	False	5
Q4G0J3	Homo sapiens	Metazoa	582		0	False	5
O04616	Arabidopsis thaliana	Plants	164		0	False	5
P26267	Ascaris suum	Metazoa	396		0	False	5
Q9V492	Drosophila melanogaster	Metazoa	168		0	True	5
Q63472	Rattus norvegicus	Metazoa	962		0	False	5
Q8N1Q8	Homo sapiens	Metazoa	247		0	False	5
P53988	Mesocricetus auratus	Metazoa	484		0	True	5
Q9M3C6	Arabidopsis thaliana	Plants	277		0	False	5
Q02983	Saccharomyces cerevisiae (strain ATCC 204508 / S288c)	Fungi	363		0	False	5
P13133	Ulva arasakii	Plants	98		0	False	5
P15257	Rattus norvegicus	Metazoa	628		0	False	5
Q63016	Rattus norvegicus	Metazoa	512		0	True	5
P78780	Schizosaccharomyces pombe (strain 972 / ATCC 24843)	Fungi	357		0	False	5
Q8IZY2	Homo sapiens	Metazoa	2146		0	True	5
O94308	Schizosaccharomyces pombe (strain 972 / ATCC 24843)	Fungi	422		0	False	5
Q9VJY9	Drosophila melanogaster	Metazoa	465		0	False	5
A1A5H8	Danio rerio	Metazoa	546		0	False	5
Q9VC45	Drosophila melanogaster	Metazoa	1954		0	False	5
Q9FIE3	Arabidopsis thaliana	Plants	620		0	False	5
F4K2A1	Arabidopsis thaliana	Plants	571		0	False	5
Q12024	Saccharomyces cerevisiae (strain ATCC 204508 / S288c)	Fungi	460		0	False	5
Q9FN42	Arabidopsis thaliana	Plants	241		0	False	5
P00291	Sambucus nigra	Plants	99		0	False	5
O13329	Saccharomyces cerevisiae (strain ATCC 204508 / S288c)	Fungi	566		0	False	5
Q9CWE6	Mus musculus	Metazoa	164		0	False	5
Q5GH62	Mus musculus	Metazoa	373		0	True	5
P41563	Bos taurus	Metazoa	366		0	False	5
P13437	Rattus norvegicus	Metazoa	397		0	False	5
O70622	Mus musculus	Metazoa	471		0	False	5
Q9ERV1	Mus musculus	Metazoa	416		0	False	5
Q7JVL3	Drosophila melanogaster	Metazoa	330		0	False	5
Q99679	Homo sapiens	Metazoa	349		0	True	5
A2ASQ1	Mus musculus	Metazoa	1950		0	True	5
Q6IPU0	Homo sapiens	Metazoa	288		0	False	5
Q9ZU25	Arabidopsis thaliana	Plants	503		0	False	5
P00022	Chelydra serpentina	Metazoa	105		0	False	5
Q04264	Saccharomyces cerevisiae (strain ATCC 204508 / S288c)	Fungi	1277		0	False	5
P17918	Mus musculus	Metazoa	261		0	False	5
Q557E7	Dictyostelium discoideum	Other	665		0	False	5
P37261	Saccharomyces cerevisiae (strain ATCC 204508 / S288c)	Fungi	193		0	False	5
Q27GK7	Arabidopsis thaliana	Plants	1135		0	False	5
Q8IYJ3	Homo sapiens	Metazoa	562		0	False	5
F4JTN2	Arabidopsis thaliana	Plants	485		0	True	5
P84090	Homo sapiens	Metazoa	104		0	False	5
Q03989	Homo sapiens	Metazoa	594		0	False	5
P10663	Saccharomyces cerevisiae (strain ATCC 204508 / S288c)	Fungi	115		0	False	5
Q92466	Homo sapiens	Metazoa	427		0	False	5
P54252	Homo sapiens	Metazoa	361		0	False	5
Q9NYY8	Homo sapiens	Metazoa	710		0	False	5
Q8BUE4	Mus musculus	Metazoa	373		0	True	5
Q8H0M1	Spinacia oleracea	Plants	329		0	False	5
P91928	Drosophila melanogaster	Metazoa	739		0	True	5
Q9UNI6	Homo sapiens	Metazoa	340		0	False	5
Q8RZ35	Oryza sativa subsp. japonica	Plants	388		0	False	5
Q42599	Arabidopsis thaliana	Plants	222		0	False	5
Q1K8Y7	Neurospora crassa (strain ATCC 24698 / 74-OR23-1A / CBS 708.71 / DSM 1257 / FGSC 987)	Fungi	161		0	False	5
Q80SU6	Mus musculus	Metazoa	601		0	True	5
Q9Z110	Mus musculus	Metazoa	795		0	False	5
Q9SJQ6	Arabidopsis thaliana	Plants	1393		0	False	5
Q91Y63	Mus musculus	Metazoa	600		0	True	5
P84229	Gallus gallus	Metazoa	136		0	False	5
Q9LTJ6	Arabidopsis thaliana	Plants	385		0	False	5
Q9B6C8	Yarrowia lipolytica (strain CLIB 122 / E 150)	Fungi	469		0	True	5
P38860	Saccharomyces cerevisiae (strain ATCC 204508 / S288c)	Fungi	518		0	False	5
P70191	Mus musculus	Metazoa	558		0	False	5
P42580	Mus musculus	Metazoa	305		0	False	5
P00558	Homo sapiens	Metazoa	417		0	False	5
Q9QX60	Mus musculus	Metazoa	277		0	False	5
P09067	Homo sapiens	Metazoa	269		0	False	5
B6HLT9	Penicillium rubens (strain ATCC 28089 / DSM 1075 / NRRL 1951 / Wisconsin 54-1255)	Fungi	357		0	False	5
Q9BYH8	Homo sapiens	Metazoa	718		0	False	5
Q42523	Arabidopsis thaliana	Plants	734		0	False	5
O96020	Homo sapiens	Metazoa	404		0	False	5
P00051	Cucurbita maxima	Plants	111		0	False	5
Q9P3A7	Schizosaccharomyces pombe (strain 972 / ATCC 24843)	Fungi	815		0	False	5
Q5H9F3	Homo sapiens	Metazoa	1785		0	False	5
P38874	Saccharomyces cerevisiae (strain ATCC 204508 / S288c)	Fungi	309		0	False	5
Q8N6F7	Homo sapiens	Metazoa	178		0	False	5
Q60809	Mus musculus	Metazoa	285		0	False	5
Q9C8L2	Arabidopsis thaliana	Plants	287		0	False	5
D3YXJ0	Mus musculus	Metazoa	1211		0	False	5
Q9U9Y8	Caenorhabditis elegans	Metazoa	634		0	False	5
P51450	Mus musculus	Metazoa	516		0	False	5
Q12040	Saccharomyces cerevisiae (strain ATCC 204508 / S288c)	Fungi	230		0	False	5
Q8I1T1	Plasmodium falciparum (isolate 3D7)	Other	229		0	False	5
P15938	Saccharomyces cerevisiae (strain ATCC 204508 / S288c)	Fungi	1071		0	False	5
Q22495	Caenorhabditis elegans	Metazoa	308		0	True	5
P13231	Dictyostelium discoideum	Other	118		0	False	5
Q86X51	Homo sapiens	Metazoa	503		0	False	5
Q06116	Saccharomyces cerevisiae (strain ATCC 204508 / S288c)	Fungi	2489		0	True	5
P09938	Saccharomyces cerevisiae (strain ATCC 204508 / S288c)	Fungi	399		0	False	5
Q9VLP3	Drosophila melanogaster	Metazoa	122		0	False	5
C5H429	Artemisia annua	Plants	388		0	False	5
O54784	Mus musculus	Metazoa	448		0	False	5
Q9WUB9	Mesocricetus auratus	Metazoa	483		0	True	5
Q8H110	Arabidopsis thaliana	Plants	337		0	False	5
O14097	Schizosaccharomyces pombe (strain 972 / ATCC 24843)	Fungi	331		0	False	5
P23249	Mus musculus	Metazoa	1004		0	False	5
P38985	Saccharomyces cerevisiae (strain ATCC 204508 / S288c)	Fungi	146		0	False	5
Q9SWI1	Arabidopsis thaliana	Plants	439		0	False	5
P97275	Cavia porcellus	Metazoa	658		0	False	5
O43526	Homo sapiens	Metazoa	872		0	False	5
Q14397	Homo sapiens	Metazoa	625		0	False	5
Q24573	Drosophila melanogaster	Metazoa	911		0	False	5
Q09761	Schizosaccharomyces pombe (strain 972 / ATCC 24843)	Fungi	699		0	False	5
Q06124	Homo sapiens	Metazoa	593		0	False	5
Q93VT9	Arabidopsis thaliana	Plants	220		0	False	5
P19619	Sus scrofa	Metazoa	346		0	False	5
O60356	Homo sapiens	Metazoa	82		0	False	5
Q9UGQ2	Homo sapiens	Metazoa	172		0	True	5
Q03771	Saccharomyces cerevisiae (strain ATCC 204508 / S288c)	Fungi	387		0	False	5
P0DMV8	Homo sapiens	Metazoa	641		0	False	5
P04789	Trypanosoma brucei brucei	Other	250		0	False	5
O95069	Homo sapiens	Metazoa	426		0	True	5
P15336	Homo sapiens	Metazoa	505		0	False	5
P53139	Saccharomyces cerevisiae (strain ATCC 204508 / S288c)	Fungi	140		0	False	5
D3KY99	Carapichea ipecacuanha	Plants	350		0	False	5
Q05930	Saccharomyces cerevisiae (strain ATCC 204508 / S288c)	Fungi	598		0	False	5
Q9NW08	Homo sapiens	Metazoa	1133		0	False	5
Q86W54	Homo sapiens	Metazoa	205		0	False	5
P39988	Saccharomyces cerevisiae (strain ATCC 204508 / S288c)	Fungi	312		0	False	5
Q2VLK6	Trypanosoma cruzi (strain CL Brener)	Other	358		0	False	5
Q60864	Mus musculus	Metazoa	543		0	False	5
Q9UBN7	Homo sapiens	Metazoa	1215		0	False	5
Q9FJL0	Arabidopsis thaliana	Plants	1241		0	False	5
Q9VBX2	Drosophila melanogaster	Metazoa	367		0	False	5
P40380	Schizosaccharomyces pombe (strain 972 / ATCC 24843)	Fungi	230		0	False	5
O55197	Rattus norvegicus	Metazoa	473		0	True	5
O15514	Homo sapiens	Metazoa	142		0	False	5
P51787	Homo sapiens	Metazoa	676		0	False	5
P40317	Saccharomyces cerevisiae (strain ATCC 204508 / S288c)	Fungi	901		0	False	5
P41145	Homo sapiens	Metazoa	380		0	True	5
Q42694	Chlamydomonas reinhardtii	Plants	580		0	False	5
P39707	Saccharomyces cerevisiae (strain ATCC 204508 / S288c)	Fungi	275		0	False	5
Q8NCT1	Homo sapiens	Metazoa	418		0	False	5
Q9UT24	Schizosaccharomyces pombe (strain 972 / ATCC 24843)	Fungi	2176		0	False	5
Q9XXH8	Caenorhabditis elegans	Metazoa	826		0	False	5
Q8IXI2	Homo sapiens	Metazoa	618		0	False	5
P23786	Homo sapiens	Metazoa	658		0	False	5
P46668	Arabidopsis thaliana	Plants	311		0	False	5
P48382	Homo sapiens	Metazoa	616		0	False	5
Q02297	Homo sapiens	Metazoa	640		0	False	5
Q9DB60	Mus musculus	Metazoa	201		0	False	5
P29461	Saccharomyces cerevisiae (strain ATCC 204508 / S288c)	Fungi	750		0	False	5
P11233	Homo sapiens	Metazoa	206		0	False	5
P52910	Saccharomyces cerevisiae (strain ATCC 204508 / S288c)	Fungi	683		0	False	5
P26232	Homo sapiens	Metazoa	953		0	False	5
Q2RAK2	Oryza sativa subsp. japonica	Plants	527		0	False	5
Q9NRX1	Homo sapiens	Metazoa	252		0	False	5
O14561	Homo sapiens	Metazoa	156		0	False	5
Q09849	Schizosaccharomyces pombe (strain 972 / ATCC 24843)	Fungi	424		0	False	5
Q9XFH9	Arabidopsis thaliana	Plants	185		0	False	5
P36382	Homo sapiens	Metazoa	358		0	True	5
Q925K9	Mus musculus	Metazoa	273		0	False	5
Q9H334	Homo sapiens	Metazoa	677		0	False	5
O43463	Homo sapiens	Metazoa	412		0	False	5
P19327	Rattus norvegicus	Metazoa	422		0	True	5
Q9HCC9	Homo sapiens	Metazoa	887		0	False	5
Q10PC5	Oryza sativa subsp. japonica	Plants	727		0	False	5
P09798	Saccharomyces cerevisiae (strain ATCC 204508 / S288c)	Fungi	840		0	False	5
Q0WV90	Arabidopsis thaliana	Plants	1120		0	False	5
Q9H228	Homo sapiens	Metazoa	398		0	True	5
Q5TB80	Homo sapiens	Metazoa	1403		0	False	5
Q86MV5	Trypanosoma brucei brucei	Other	487		0	False	5
F7BWT7	Mus musculus	Metazoa	294		0	True	5
Q8R5A3	Mus musculus	Metazoa	670		0	False	5
Q92985	Homo sapiens	Metazoa	503		0	False	5
Q01852	Saccharomyces cerevisiae (strain ATCC 204508 / S288c)	Fungi	431		0	False	5
Q14BN4	Homo sapiens	Metazoa	828		0	False	5
Q9JM47	Rattus norvegicus	Metazoa	256		0	False	5
P28070	Homo sapiens	Metazoa	264		0	False	5
O94925	Homo sapiens	Metazoa	669		0	False	5
P63072	Mus musculus	Metazoa	162		0	False	5
P20285	Neurospora crassa (strain ATCC 24698 / 74-OR23-1A / CBS 708.71 / DSM 1257 / FGSC 987)	Fungi	458		0	False	5
Q9M022	Arabidopsis thaliana	Plants	242		0	False	5
Q91XE4	Mus musculus	Metazoa	318		0	False	5
P14922	Saccharomyces cerevisiae (strain ATCC 204508 / S288c)	Fungi	966		0	False	5
O76932	Drosophila melanogaster	Metazoa	307		0	False	5
Q0WPT7	Arabidopsis thaliana	Plants	352		0	False	5
Q13285	Homo sapiens	Metazoa	461		0	False	5
O96621	Dictyostelium discoideum	Other	392		0	False	5
Q9BTF0	Homo sapiens	Metazoa	503		0	False	5
O74518	Schizosaccharomyces pombe (strain 972 / ATCC 24843)	Fungi	336		0	False	5
Q7K3D8	Drosophila melanogaster	Metazoa	433		0	False	5
O94418	Schizosaccharomyces pombe (strain 972 / ATCC 24843)	Fungi	851		0	False	5
P84634	Arabidopsis thaliana	Plants	1702		0	False	5
O74783	Schizosaccharomyces pombe (strain 972 / ATCC 24843)	Fungi	463		0	False	5
Q8BKT7	Mus musculus	Metazoa	683		0	False	5
Q9UL54	Homo sapiens	Metazoa	1235		0	False	5
O74975	Schizosaccharomyces pombe (strain 972 / ATCC 24843)	Fungi	362		0	False	5
P54253	Homo sapiens	Metazoa	815		0	False	5
P90916	Caenorhabditis elegans	Metazoa	417		0	False	5
O81851	Arabidopsis thaliana	Plants	304		0	False	5
O80845	Arabidopsis thaliana	Plants	236		0	False	5
P40818	Homo sapiens	Metazoa	1118		0	False	5
Q60EX7	Oryza sativa subsp. japonica	Plants	1128		0	False	5
O08674	Mus musculus	Metazoa	515		0	False	5
Q9M0G9	Arabidopsis thaliana	Plants	680		0	False	5
Q12291	Saccharomyces cerevisiae (strain ATCC 204508 / S288c)	Fungi	365		0	False	5
Q99612	Homo sapiens	Metazoa	283		0	False	5
Q9NRM7	Homo sapiens	Metazoa	1088		0	False	5
Q8IVJ1	Homo sapiens	Metazoa	513		0	False	5
O88495	Mus musculus	Metazoa	591		0	True	5
D3ZJP6	Rattus norvegicus	Metazoa	2060		0	False	5
Q9LFN6	Arabidopsis thaliana	Plants	427		0	False	5
Q09838	Schizosaccharomyces pombe (strain 972 / ATCC 24843)	Fungi	681		0	False	5
Q9H307	Homo sapiens	Metazoa	717		0	False	5
O43255	Homo sapiens	Metazoa	324		0	False	5
Q8N7A1	Homo sapiens	Metazoa	406		0	False	5
P07255	Saccharomyces cerevisiae (strain ATCC 204508 / S288c)	Fungi	59		0	True	5
P51587	Homo sapiens	Metazoa	3418		0	False	5
Q9SIW2	Arabidopsis thaliana	Plants	888		0	False	5
Q63425	Rattus norvegicus	Metazoa	1383		0	False	5
Q9WVB3	Mus musculus	Metazoa	581		0	False	5
P33755	Saccharomyces cerevisiae (strain ATCC 204508 / S288c)	Fungi	580		0	False	5
P87052	Schizosaccharomyces pombe (strain 972 / ATCC 24843)	Fungi	344		0	False	5
Q9FEC1	Arabidopsis thaliana	Plants	172		0	False	5
Q16881	Homo sapiens	Metazoa	649		0	False	5
A0A125YQS6	Toxoplasma gondii (strain ATCC 50611 / Me49)	Other	566		0	True	5
Q14738	Homo sapiens	Metazoa	602		0	False	5
Q07471	Saccharomyces cerevisiae (strain ATCC 204508 / S288c)	Fungi	609		0	False	5
P40467	Saccharomyces cerevisiae (strain ATCC 204508 / S288c)	Fungi	964		0	False	5
Q07688	Saccharomyces cerevisiae (strain ATCC 204508 / S288c)	Fungi	167		0	False	5
P0CT58	Schizosaccharomyces pombe (strain 972 / ATCC 24843)	Fungi	130		0	False	5
Q9WVP6	Mus musculus	Metazoa	642		0	False	5
F4IIM1	Arabidopsis thaliana	Plants	2150		0	False	5
Q94C32	Arabidopsis thaliana	Plants	320		0	False	5
O95425	Homo sapiens	Metazoa	2214		0	False	5
Q8SSG3	Encephalitozoon cuniculi (strain GB-M1)	Fungi	128		0	False	5
P38691	Saccharomyces cerevisiae (strain ATCC 204508 / S288c)	Fungi	1029		0	False	5
O95847	Homo sapiens	Metazoa	323		0	True	5
P38856	Saccharomyces cerevisiae (strain ATCC 204508 / S288c)	Fungi	637		0	False	5
Q9ES74	Mus musculus	Metazoa	302		0	False	5
Q9URU2	Schizosaccharomyces pombe (strain 972 / ATCC 24843)	Fungi	1397		0	False	5
P13280	Oryctolagus cuniculus	Metazoa	333		0	False	5
D4A2Y9	Rattus norvegicus	Metazoa	403		0	False	5
O74942	Schizosaccharomyces pombe (strain 972 / ATCC 24843)	Fungi	610		0	False	5
Q384Y1	Trypanosoma brucei brucei (strain 927/4 GUTat10.1)	Other	929		0	False	5
P09632	Mus musculus	Metazoa	243		0	False	5
O75030	Homo sapiens	Metazoa	526		0	False	5
P25621	Saccharomyces cerevisiae (strain ATCC 204508 / S288c)	Fungi	512		0	True	5
Q8S4F6	Arabidopsis thaliana	Plants	510		0	False	5
Q8N6L0	Homo sapiens	Metazoa	562		0	False	5
Q63943	Mus musculus	Metazoa	514		0	False	5
P46681	Saccharomyces cerevisiae (strain ATCC 204508 / S288c)	Fungi	530		0	False	5
O80528	Arabidopsis thaliana	Plants	599		0	False	5
O00294	Homo sapiens	Metazoa	542		0	False	5
Q9UTR8	Schizosaccharomyces pombe (strain 972 / ATCC 24843)	Fungi	712		0	False	5
A0A0R0IHP4	Glycine max	Plants	248		0	False	5
Q6Z156	Oryza sativa subsp. japonica	Plants	426		0	False	5
Q9SFV2	Arabidopsis thaliana	Plants	320		0	False	5
P06786	Saccharomyces cerevisiae (strain ATCC 204508 / S288c)	Fungi	1428		0	False	5
P31334	Saccharomyces cerevisiae (strain ATCC 204508 / S288c)	Fungi	269		0	False	5
Q5KQI6	Oryza sativa subsp. japonica	Plants	254		0	False	5
Q9NZI7	Homo sapiens	Metazoa	540		0	False	5
Q9UQD0	Homo sapiens	Metazoa	1980		0	False	5
Q8LEA8	Arabidopsis thaliana	Plants	336		0	False	5
Q8LFC0	Arabidopsis thaliana	Plants	367		0	False	5
Q91VJ1	Mus musculus	Metazoa	354		0	False	5
P97473	Mus musculus	Metazoa	365		0	False	5
A0A509AQJ1	Plasmodium berghei (strain Anka)	Other	1340		0	False	5
P05725	Chlamydomonas reinhardtii	Plants	163		0	False	5
Q6DFW0	Mus musculus	Metazoa	481		0	False	5
Q8WVC0	Homo sapiens	Metazoa	666		0	False	5
P42055	Solanum tuberosum	Plants	276		0	False	5
Q67XX3	Arabidopsis thaliana	Plants	502		0	False	5
P54841	Mus musculus	Metazoa	323		0	False	5
Q03220	Saccharomyces cerevisiae (strain ATCC 204508 / S288c)	Fungi	320		0	False	5
Q8K330	Mus musculus	Metazoa	649		0	False	5
Q91VN1	Mus musculus	Metazoa	368		0	False	5
Q9HBH1	Homo sapiens	Metazoa	243		0	False	5
Q9Y6E7	Homo sapiens	Metazoa	314		0	False	5
Q5QD04	Mus musculus	Metazoa	348		0	True	5
Q96RG2	Homo sapiens	Metazoa	1323		0	False	5
P40079	Saccharomyces cerevisiae (strain ATCC 204508 / S288c)	Fungi	357		0	False	5
Q9NVU0	Homo sapiens	Metazoa	708		0	False	5
Q9QZL0	Mus musculus	Metazoa	486		0	False	5
Q9BQ52	Homo sapiens	Metazoa	826		0	False	5
P36525	Saccharomyces cerevisiae (strain ATCC 204508 / S288c)	Fungi	258		0	False	5
O54697	Rattus norvegicus	Metazoa	745		0	True	5
P00856	Saccharomyces cerevisiae (strain ATCC 204508 / S288c)	Fungi	48		0	True	5
Q5XVF0	Arabidopsis thaliana	Plants	666		0	False	5
F4INA9	Arabidopsis thaliana	Plants	973		0	False	5
Q9I8A3	Xenopus laevis	Metazoa	294		0	False	5
Q9LHJ3	Arabidopsis thaliana	Plants	72		0	True	5
Q94ID3	Arabidopsis thaliana	Plants	357		0	False	5
O88667	Mus musculus	Metazoa	308		0	False	5
Q15847	Homo sapiens	Metazoa	76		0	False	5
Q9HDW8	Schizosaccharomyces pombe (strain 972 / ATCC 24843)	Fungi	146		0	False	5
Q9SUP6	Arabidopsis thaliana	Plants	324		0	False	5
Q9JM15	Rattus norvegicus	Metazoa	485		0	True	5
Q0VG06	Homo sapiens	Metazoa	881		0	False	5
P00367	Homo sapiens	Metazoa	558		0	False	5
P09595	Spinacia oleracea	Plants	218		0	False	5
P47825	Drosophila melanogaster	Metazoa	921		0	False	5
I1RC73	Gibberella zeae (strain ATCC MYA-4620 / CBS 123657 / FGSC 9075 / NRRL 31084 / PH-1)	Fungi	492		0	False	5
P30757	Sipunculus nudus	Metazoa	123		0	False	5
Q91V14	Mus musculus	Metazoa	1138		0	False	5
Q60775	Mus musculus	Metazoa	612		0	False	5
P49207	Homo sapiens	Metazoa	117		0	False	5
P46943	Saccharomyces cerevisiae (strain ATCC 204508 / S288c)	Fungi	645		0	False	5
O94956	Homo sapiens	Metazoa	709		0	True	5
P38919	Homo sapiens	Metazoa	411		0	False	5
P57744	Saccharomyces cerevisiae (strain ATCC 204508 / S288c)	Fungi	87		0	False	5
Q14699	Homo sapiens	Metazoa	578		0	False	5
Q9STY4	Arabidopsis thaliana	Plants	599		0	False	5
Q9SF86	Arabidopsis thaliana	Plants	418		0	False	5
Q9Y6K1	Homo sapiens	Metazoa	912		0	False	5
Q6IPR1	Homo sapiens	Metazoa	90		0	False	5
Q09591	Caenorhabditis elegans	Metazoa	1244		0	False	5
Q9NP98	Homo sapiens	Metazoa	299		0	False	5
Q9Z0J5	Rattus norvegicus	Metazoa	526		0	False	5
Q9T6H8	Arabidopsis thaliana	Plants	382		0	True	5
Q9XVS8	Caenorhabditis elegans	Metazoa	405		0	False	5
Q9D074	Mus musculus	Metazoa	532		0	False	5
Q15477	Homo sapiens	Metazoa	1246		0	False	5
Q9ZQS5	Cyanidium caldarium	Other	154		0	False	5
P28159	Drosophila melanogaster	Metazoa	594		0	False	5
Q8BJS4	Mus musculus	Metazoa	731		0	False	5
Q944G9	Arabidopsis thaliana	Plants	398		0	False	5
Q1K6P0	Neurospora crassa (strain ATCC 24698 / 74-OR23-1A / CBS 708.71 / DSM 1257 / FGSC 987)	Fungi	352		0	False	5
Q7SG49	Neurospora crassa (strain ATCC 24698 / 74-OR23-1A / CBS 708.71 / DSM 1257 / FGSC 987)	Fungi	414		0	False	5
O94621	Schizosaccharomyces pombe (strain 972 / ATCC 24843)	Fungi	365		0	False	5
Q6ATB4	Oryza sativa subsp. japonica	Plants	583		0	False	5
Q93V85	Arabidopsis thaliana	Plants	417		0	False	5
Q7Z403	Homo sapiens	Metazoa	805		0	False	5
P78811	Schizosaccharomyces pombe (strain 972 / ATCC 24843)	Fungi	506		0	False	5
Q13490	Homo sapiens	Metazoa	618		0	False	5
Q8W117	Arabidopsis thaliana	Plants	511		0	False	5
Q98867	Danio rerio	Metazoa	427		0	False	5
P40028	Saccharomyces cerevisiae (strain ATCC 204508 / S288c)	Fungi	759		0	False	5
B3EWF7	Homo sapiens	Metazoa	344		0	False	5
Q61502	Mus musculus	Metazoa	335		0	False	5
P82129	Spinacia oleracea	Plants	155		0	False	5
Q9FLY0	Arabidopsis thaliana	Plants	325		0	False	5
O94316	Schizosaccharomyces pombe (strain 972 / ATCC 24843)	Fungi	984		0	False	5
P42777	Arabidopsis thaliana	Plants	270		0	False	5
Q03020	Saccharomyces cerevisiae (strain ATCC 204508 / S288c)	Fungi	165		0	False	5
Q5XJY4	Mus musculus	Metazoa	377		0	False	5
Q9Y5B8	Homo sapiens	Metazoa	376		0	False	5
P70281	Mus musculus	Metazoa	254		0	False	5
Q3E764	Saccharomyces cerevisiae (strain ATCC 204508 / S288c)	Fungi	64		0	False	5
O43822	Homo sapiens	Metazoa	256		0	False	5
P17275	Homo sapiens	Metazoa	347		0	False	5
P32480	Saccharomyces cerevisiae (strain ATCC 204508 / S288c)	Fungi	875		0	False	5
P97438	Mus musculus	Metazoa	426		0	True	5
Q94131	Caenorhabditis elegans	Metazoa	335		0	False	5
Q06510	Saccharomyces cerevisiae (strain ATCC 204508 / S288c)	Fungi	381		0	False	5
Q62520	Mus musculus	Metazoa	530		0	False	5
Q03413	Xenopus laevis	Metazoa	498		0	False	5
P47041	Saccharomyces cerevisiae (strain ATCC 204508 / S288c)	Fungi	543		0	False	5
Q7S2C2	Neurospora crassa (strain ATCC 24698 / 74-OR23-1A / CBS 708.71 / DSM 1257 / FGSC 987)	Fungi	119		0	False	5
P38859	Saccharomyces cerevisiae (strain ATCC 204508 / S288c)	Fungi	1522		0	False	5
Q80XL6	Mus musculus	Metazoa	779		0	False	5
Q63276	Rattus norvegicus	Metazoa	420		0	False	5
P40693	Saccharomyces cerevisiae (strain ATCC 204508 / S288c)	Fungi	322		0	False	5
P00390	Homo sapiens	Metazoa	522		0	False	5
P17067	Pisum sativum	Plants	328		0	False	5
Q38874	Arabidopsis thaliana	Plants	382		0	False	5
Q6P7B7	Rattus norvegicus	Metazoa	404		0	True	5
Q9VPY0	Drosophila melanogaster	Metazoa	587		0	False	5
P38983	Rattus norvegicus	Metazoa	295		0	False	5
Q8WXI4	Homo sapiens	Metazoa	607		0	False	5
Q09013	Homo sapiens	Metazoa	629		0	False	5
Q6NVF4	Mus musculus	Metazoa	1074		0	False	5
Q09228	Caenorhabditis elegans	Metazoa	1129		0	False	5
Q8L866	Arabidopsis thaliana	Plants	776		0	False	5
Q641G7	Xenopus laevis	Metazoa	168		0	False	5
O76360	Caenorhabditis elegans	Metazoa	780		0	False	5
Q62868	Rattus norvegicus	Metazoa	1388		0	False	5
Q13535	Homo sapiens	Metazoa	2644		0	False	5
Q9Y2S7	Homo sapiens	Metazoa	368		0	False	5
P51681	Homo sapiens	Metazoa	352		0	True	5
Q9C598	Arabidopsis thaliana	Plants	283		0	False	5
Q9VIW3	Drosophila melanogaster	Metazoa	596		0	False	5
Q8H157	Arabidopsis thaliana	Plants	585		0	True	5
Q2HJJ1	Bos taurus	Metazoa	256		0	False	5
P38935	Homo sapiens	Metazoa	993		0	False	5
L7N1X6	Mus musculus	Metazoa	466		0	False	5
P47817	Xenopus laevis	Metazoa	555		0	False	5
Q9Y6M1	Homo sapiens	Metazoa	599		0	False	5
P32892	Saccharomyces cerevisiae (strain ATCC 204508 / S288c)	Fungi	752		0	False	5
Q9Y3D6	Homo sapiens	Metazoa	152		0	False	5
Q8GZU0	Catharanthus roseus	Plants	443		0	False	5
Q9SR77	Arabidopsis thaliana	Plants	309		0	False	5
O17850	Caenorhabditis elegans	Metazoa	317		0	False	5
O95721	Homo sapiens	Metazoa	258		0	False	5
O60381	Homo sapiens	Metazoa	514		0	False	5
P04670	Glycine max	Plants	309		0	False	5
P52174	Bos taurus	Metazoa	152		0	False	5
O43364	Homo sapiens	Metazoa	376		0	False	5
P46310	Arabidopsis thaliana	Plants	446		0	False	5
Q13242	Homo sapiens	Metazoa	221		0	False	5
O15091	Homo sapiens	Metazoa	583		0	False	5
O82775	Arabidopsis thaliana	Plants	256		0	False	5
Q14244	Homo sapiens	Metazoa	749		0	False	5
Q9SVY1	Arabidopsis thaliana	Plants	383		0	False	5
P53563	Rattus norvegicus	Metazoa	233		0	False	5
O23300	Arabidopsis thaliana	Plants	238		0	False	5
Q12405	Saccharomyces cerevisiae (strain ATCC 204508 / S288c)	Fungi	387		0	False	5
Q91YD4	Mus musculus	Metazoa	1506		0	False	5
P53067	Saccharomyces cerevisiae (strain ATCC 204508 / S288c)	Fungi	1004		0	False	5
Q14764	Homo sapiens	Metazoa	893		0	False	5
Q9FX43	Arabidopsis thaliana	Plants	310		0	False	5
P29509	Saccharomyces cerevisiae (strain ATCC 204508 / S288c)	Fungi	319		0	False	5
A5LGM7	Polypedilum vanderplanki	Metazoa	504		0	True	5
O59746	Schizosaccharomyces pombe (strain 972 / ATCC 24843)	Fungi	819		0	False	5
Q12080	Saccharomyces cerevisiae (strain ATCC 204508 / S288c)	Fungi	455		0	False	5
Q0JM17	Oryza sativa subsp. japonica	Plants	432		0	False	5
Q0KHV6	Drosophila melanogaster	Metazoa	721		0	False	5
Q16658	Homo sapiens	Metazoa	493		0	False	5
Q969Q5	Homo sapiens	Metazoa	203		0	False	5
O60508	Homo sapiens	Metazoa	579		0	False	5
O74887	Schizosaccharomyces pombe (strain 972 / ATCC 24843)	Fungi	192		0	False	5
Q9NZJ0	Homo sapiens	Metazoa	730		0	False	5
Q9NZI5	Homo sapiens	Metazoa	618		0	False	5
P21228	Emericella nidulans (strain FGSC A4 / ATCC 38163 / CBS 112.46 / NRRL 194 / M139)	Fungi	821		0	False	5
Q84W92	Arabidopsis thaliana	Plants	535		0	False	5
Q8R2N1	Mus musculus	Metazoa	292		0	True	5
O13834	Schizosaccharomyces pombe (strain 972 / ATCC 24843)	Fungi	3227		0	False	5
F1M386	Rattus norvegicus	Metazoa	1496		0	False	5
Q05979	Saccharomyces cerevisiae (strain ATCC 204508 / S288c)	Fungi	453		0	False	5
P43554	Saccharomyces cerevisiae (strain ATCC 204508 / S288c)	Fungi	623		0	False	5
Q9SIF2	Arabidopsis thaliana	Plants	780		0	False	5
P53159	Saccharomyces cerevisiae (strain ATCC 204508 / S288c)	Fungi	387		0	False	5
Q50L41	Mus musculus	Metazoa	855		0	False	5
O43006	Schizosaccharomyces pombe (strain 972 / ATCC 24843)	Fungi	225		0	False	5
P38236	Saccharomyces cerevisiae (strain ATCC 204508 / S288c)	Fungi	366		0	False	5
Q9UTC6	Schizosaccharomyces pombe (strain 972 / ATCC 24843)	Fungi	192		0	False	5
Q54T86	Dictyostelium discoideum	Other	568		0	False	5
Q19325	Caenorhabditis elegans	Metazoa	645		0	False	5
A2ARP9	Mus musculus	Metazoa	588		0	False	5
O14141	Schizosaccharomyces pombe (strain 972 / ATCC 24843)	Fungi	241		0	False	5
P17677	Homo sapiens	Metazoa	238		0	False	5
Q6ZWS8	Mus musculus	Metazoa	374		0	False	5
D4A3U0	Rattus norvegicus	Metazoa	432		0	True	5
Q9HBL8	Homo sapiens	Metazoa	299		0	False	5
Q06148	Saccharomyces cerevisiae (strain ATCC 204508 / S288c)	Fungi	342		0	True	5
Q6PCN7	Mus musculus	Metazoa	1003		0	False	5
F4IAX1	Arabidopsis thaliana	Plants	681		0	False	5
O61715	Caenorhabditis elegans	Metazoa	454		0	True	5
Q9Y2C4	Homo sapiens	Metazoa	368		0	False	5
Q8IVU3	Homo sapiens	Metazoa	1022		0	False	5
Q20709	Caenorhabditis elegans	Metazoa	543		0	False	5
Q9UT31	Schizosaccharomyces pombe (strain 972 / ATCC 24843)	Fungi	241		0	False	5
Q9UPR3	Homo sapiens	Metazoa	1016		0	False	5
Q9VRJ0	Drosophila melanogaster	Metazoa	726		0	False	5
Q9HD47	Homo sapiens	Metazoa	186		0	False	5
Q94JU3	Arabidopsis thaliana	Plants	260		0	False	5
Q10L91	Oryza sativa subsp. japonica	Plants	301		0	False	5
Q02606	Saccharomyces cerevisiae (strain ATCC 204508 / S288c)	Fungi	381		0	False	5
Q08966	Saccharomyces cerevisiae (strain ATCC 204508 / S288c)	Fungi	492		0	False	5
O01798	Caenorhabditis elegans	Metazoa	512		0	False	5
P36527	Saccharomyces cerevisiae (strain ATCC 204508 / S288c)	Fungi	147		0	False	5
Q8K415	Rattus norvegicus	Metazoa	481		0	True	5
O82533	Arabidopsis thaliana	Plants	478		0	False	5
Q94BS2	Arabidopsis thaliana	Plants	335		0	False	5
Q63881	Rattus norvegicus	Metazoa	630		0	False	5
Q02591	Mus musculus	Metazoa	256		0	False	5
B4FNK8	Zea mays	Plants	312		0	False	5
J9VPA2	Cryptococcus neoformans var. grubii serotype A (strain H99 / ATCC 208821 / CBS 10515 / FGSC 9487)	Fungi	1529		0	False	5
Q3ZBF3	Bos taurus	Metazoa	380		0	False	5
Q3TWL2	Mus musculus	Metazoa	284		0	False	5
P87017	Aspergillus parasiticus (strain ATCC 56775 / NRRL 5862 / SRRC 143 / SU-1)	Fungi	278		0	False	5
O14493	Homo sapiens	Metazoa	209		0	True	5
Q9D658	Mus musculus	Metazoa	173		0	False	5
P63281	Rattus norvegicus	Metazoa	158		0	False	5
P08286	Gallus gallus	Metazoa	220		0	False	5
Q9JMK2	Mus musculus	Metazoa	416		0	False	5
A2A432	Mus musculus	Metazoa	970		0	False	5
Q8WW38	Homo sapiens	Metazoa	1151		0	False	5
P55735	Homo sapiens	Metazoa	322		0	False	5
Q8SX83	Drosophila melanogaster	Metazoa	5560		0	False	5
Q13507	Homo sapiens	Metazoa	921		0	False	5
Q02446	Homo sapiens	Metazoa	784		0	False	5
Q9SJU5	Arabidopsis thaliana	Plants	172		0	False	5
P62273	Homo sapiens	Metazoa	56		0	False	5
Q91W40	Mus musculus	Metazoa	508		0	False	5
E9QAG8	Mus musculus	Metazoa	526		0	False	5
Q99N89	Mus musculus	Metazoa	183		0	False	5
Q9NQG6	Homo sapiens	Metazoa	463		0	True	5
O88942	Mus musculus	Metazoa	717		0	False	5
Q8IXP5	Homo sapiens	Metazoa	288		0	False	5
C4LY96	Entamoeba histolytica (strain ATCC 30459 / HM-1:IMSS / ABRM)	Other	1151		0	False	5
Q96RE7	Homo sapiens	Metazoa	527		0	False	5
Q9BTE7	Homo sapiens	Metazoa	237		0	False	5
Q92945	Homo sapiens	Metazoa	711		0	False	5
Q8IV53	Homo sapiens	Metazoa	801		0	False	5
Q12033	Saccharomyces cerevisiae (strain ATCC 204508 / S288c)	Fungi	661		0	False	5
Q9Y2V0	Homo sapiens	Metazoa	281		0	False	5
A4GSN8	Arabidopsis thaliana	Plants	2093		0	False	5
Q9UBW5	Homo sapiens	Metazoa	565		0	False	5
Q9HAJ7	Homo sapiens	Metazoa	183		0	False	5
Q4FZC9	Mus musculus	Metazoa	975		0	False	5
P35435	Rattus norvegicus	Metazoa	273		0	False	5
Q96IZ2	Homo sapiens	Metazoa	230		0	True	5
P35372	Homo sapiens	Metazoa	400		0	True	5
P07665	Drosophila melanogaster	Metazoa	356		0	False	5
Q5FBB7	Homo sapiens	Metazoa	561		0	False	5
O15439	Homo sapiens	Metazoa	1325		0	False	5
Q09184	Schizosaccharomyces pombe (strain 972 / ATCC 24843)	Fungi	381		0	False	5
B6HU70	Penicillium rubens (strain ATCC 28089 / DSM 1075 / NRRL 1951 / Wisconsin 54-1255)	Fungi	361		0	False	5
O14196	Schizosaccharomyces pombe (strain 972 / ATCC 24843)	Fungi	300		0	False	5
O17072	Caenorhabditis elegans	Metazoa	232		0	False	5
Q9I8K8	Danio rerio	Metazoa	370		0	True	5
Q9QXX8	Mus musculus	Metazoa	484		0	False	5
P63041	Rattus norvegicus	Metazoa	134		0	False	5
O75923	Homo sapiens	Metazoa	2080		0	False	5
Q9BXC9	Homo sapiens	Metazoa	721		0	False	5
P21731	Homo sapiens	Metazoa	343		0	True	5
Q6AVA8	Oryza sativa subsp. japonica	Plants	947		0	False	5
Q14197	Homo sapiens	Metazoa	206		0	False	5
Q6IUP1	Mus musculus	Metazoa	357		0	False	5
P41225	Homo sapiens	Metazoa	446		0	False	5
Q9PT60	Xenopus laevis	Metazoa	655		0	False	5
Q9M658	Arabidopsis thaliana	Plants	2001		0	False	5
P23758	Drosophila melanogaster	Metazoa	425		0	False	5
O13768	Schizosaccharomyces pombe (strain 972 / ATCC 24843)	Fungi	804		0	False	5
Q9LFP7	Arabidopsis thaliana	Plants	493		0	False	5
Q9H3Z4	Homo sapiens	Metazoa	198		0	False	5
P32240	Mus musculus	Metazoa	513		0	True	5
Q9NVU7	Homo sapiens	Metazoa	687		0	False	5
S8EZA7	Toxoplasma gondii (strain ATCC 50611 / Me49)	Other	534		0	True	5
Q62187	Mus musculus	Metazoa	859		0	False	5
Q9D3P8	Mus musculus	Metazoa	147		0	True	5
Q91V10	Mus musculus	Metazoa	363		0	False	5
P56282	Homo sapiens	Metazoa	527		0	False	5
P00002	Macaca mulatta	Metazoa	105		0	False	5
Q21921	Caenorhabditis elegans	Metazoa	607		0	False	5
Q9NRA0	Homo sapiens	Metazoa	654		0	False	5
Q9SQR3	Arabidopsis thaliana	Plants	267		0	False	5
Q9NQT4	Homo sapiens	Metazoa	235		0	False	5
Q8RY71	Arabidopsis thaliana	Plants	341		0	False	5
Q96LI5	Homo sapiens	Metazoa	555		0	False	5
Q12598	Candida tropicalis	Fungi	403		0	False	5
P82887	Olisthodiscus luteus	Other	114		0	False	5
Q62747	Rattus norvegicus	Metazoa	403		0	True	5
Q9Y3I1	Homo sapiens	Metazoa	522		0	False	5
Q7JXA8	Drosophila melanogaster	Metazoa	418		0	False	5
Q9H3J6	Homo sapiens	Metazoa	166		0	False	5
P39720	Saccharomyces cerevisiae (strain ATCC 204508 / S288c)	Fungi	1047		0	False	5
O35253	Mus musculus	Metazoa	426		0	False	5
O23813	Zea mays	Plants	635		0	False	5
Q99704	Homo sapiens	Metazoa	481		0	False	5
P83487	Equus caballus	Metazoa	172		0	False	5
P40571	Saccharomyces cerevisiae (strain ATCC 204508 / S288c)	Fungi	144		0	False	5
Q8VDB9	Mus musculus	Metazoa	592		0	True	5
Q570R7	Arabidopsis thaliana	Plants	366		0	False	5
Q8IW03	Homo sapiens	Metazoa	269		0	False	5
O00410	Homo sapiens	Metazoa	1097		0	False	5
Q9VGE3	Drosophila melanogaster	Metazoa	459		0	False	5
Q9XIK0	Arabidopsis thaliana	Plants	179		0	False	5
Q84P24	Arabidopsis thaliana	Plants	566		0	False	5
P0DOW4	Ramazzottius varieornatus	Metazoa	445		0	False	5
Q9S720	Arabidopsis thaliana	Plants	247		0	False	5
P12753	Saccharomyces cerevisiae (strain ATCC 204508 / S288c)	Fungi	1312		0	False	5
P70377	Mus musculus	Metazoa	245		0	False	5
Q9NLA3	Patiria pectinifera	Metazoa	346		0	False	5
P10505	Schizosaccharomyces pombe (strain 972 / ATCC 24843)	Fungi	665		0	False	5
P82927	Bos taurus	Metazoa	142		0	False	5
B6TVL4	Zea mays	Plants	395		0	False	5
O60016	Schizosaccharomyces pombe (strain 972 / ATCC 24843)	Fungi	490		0	False	5
G2XKQ0	Homo sapiens	Metazoa	101		0	False	5
Q9H845	Homo sapiens	Metazoa	621		0	False	5
P57741	Arabidopsis thaliana	Plants	195		0	False	5
Q27894	Caenorhabditis elegans	Metazoa	123		0	False	5
Q9FPF0	Arabidopsis thaliana	Plants	392		0	False	5
Q9ER74	Mus musculus	Metazoa	1322		0	False	5
O94921	Homo sapiens	Metazoa	469		0	False	5
P87314	Schizosaccharomyces pombe (strain 972 / ATCC 24843)	Fungi	932		0	False	5
P42285	Homo sapiens	Metazoa	1042		0	False	5
Q96PN6	Homo sapiens	Metazoa	1610		0	False	5
Q9LU63	Arabidopsis thaliana	Plants	220		0	False	5
Q9Y3T9	Homo sapiens	Metazoa	749		0	False	5
P08539	Saccharomyces cerevisiae (strain ATCC 204508 / S288c)	Fungi	472		0	False	5
Q1G3I2	Arabidopsis thaliana	Plants	117		0	False	5
O48737	Arabidopsis thaliana	Plants	179		0	False	5
O42913	Schizosaccharomyces pombe (strain 972 / ATCC 24843)	Fungi	342		0	False	5
Q9BS16	Homo sapiens	Metazoa	269		0	False	5
Q8IWV1	Homo sapiens	Metazoa	398		0	True	5
P26717	Homo sapiens	Metazoa	231		0	True	5
P19447	Homo sapiens	Metazoa	782		0	False	5
O01737	Caenorhabditis elegans	Metazoa	1866		0	False	5
P47977	Saccharomyces cerevisiae (strain ATCC 204508 / S288c)	Fungi	285		0	False	5
P13192	Hordeum vulgare	Plants	235		0	False	5
Q9M9L3	Arabidopsis thaliana	Plants	336		0	False	5
Q96A35	Homo sapiens	Metazoa	216		0	False	5
Q9R0L4	Rattus norvegicus	Metazoa	1273		0	False	5
O43665	Homo sapiens	Metazoa	181		0	False	5
P00375	Mus musculus	Metazoa	187		0	False	5
Q9R085	Rattus norvegicus	Metazoa	952		0	False	5
Q91Y80	Rattus norvegicus	Metazoa	457		0	False	5
P53350	Homo sapiens	Metazoa	603		0	False	5
Q8GYF7	Arabidopsis thaliana	Plants	377		0	False	5
P08103	Mus musculus	Metazoa	524		0	False	5
P29033	Homo sapiens	Metazoa	226		0	True	5
Q9VK33	Drosophila melanogaster	Metazoa	1220		0	False	5
P08503	Rattus norvegicus	Metazoa	421		0	False	5
F4ISV6	Arabidopsis thaliana	Plants	537		0	False	5
Q8R2K4	Mus musculus	Metazoa	616		0	False	5
P84103	Homo sapiens	Metazoa	164		0	False	5
Q9LK88	Arabidopsis thaliana	Plants	196		0	False	5
Q5DW34	Mus musculus	Metazoa	1296		0	False	5
P38855	Saccharomyces cerevisiae (strain ATCC 204508 / S288c)	Fungi	283		0	False	5
P55917	Ovis aries	Metazoa	440		0	True	5
Q96TL7	Schizosaccharomyces pombe (strain 972 / ATCC 24843)	Fungi	693		0	False	5
Q38847	Arabidopsis thaliana	Plants	268		0	False	5
Q64337	Mus musculus	Metazoa	442		0	False	5
P0CG12	Homo sapiens	Metazoa	524		0	False	5
A0A0R4IY06	Danio rerio	Metazoa	179		0	False	5
Q0PF16	Macaca mulatta	Metazoa	497		0	False	5
P53968	Saccharomyces cerevisiae (strain ATCC 204508 / S288c)	Fungi	678		0	False	5
P62491	Homo sapiens	Metazoa	216		0	False	5
Q9NYA1	Homo sapiens	Metazoa	384		0	False	5
Q9VH36	Drosophila melanogaster	Metazoa	585		0	False	5
P68306	Gallus gallus	Metazoa	369		0	False	5
P00017	Aptenodytes patagonicus	Metazoa	105		0	False	5
P40359	Saccharomyces cerevisiae (strain ATCC 204508 / S288c)	Fungi	213		0	False	5
P51843	Homo sapiens	Metazoa	470		0	False	5
Q3UIU2	Mus musculus	Metazoa	128		0	True	5
O74935	Yarrowia lipolytica (strain CLIB 122 / E 150)	Fungi	700		0	False	5
P08679	Saccharomyces cerevisiae (strain ATCC 204508 / S288c)	Fungi	460		0	False	5
